ric,data_load,capitalization,current_price,ticker
A.N,2026-03-24,31.657112,112.02,A.N
AA.N,2026-03-24,14.797414,56.08,AA.N
AACAY.PK,2026-03-24,5.177819,4.22,AACAY.PK
AAGIY.PK,2026-03-24,114.160059,41.75,AAGIY.PK
AAIGF.PK,2026-03-24,114.160059,10.22,AAIGF.PK
AAKAY.PK,2026-03-24,6.179584,0.0,AAKAY.PK
AAL.O,2026-03-24,7.137892,10.81,AAL.O
AAMI.K,2026-03-24,1.862217,52.13,AAMI.K
AAMI.N,2026-03-24,1.862217,52.13,AAMI.N
AAOI.O,2026-03-24,7.201039,95.76,AAOI.O
AAON.O,2026-03-24,6.543623,80.29,AAON.O
AAP.N,2026-03-24,3.045529,50.74,AAP.N
AAPG.O,2026-03-24,2.108406,22.32,AAPG.O
AAPL.O,2026-03-24,3697.582777,251.49,AAPL.O
AARTY.PK,2026-03-24,17.353465,48.8,AARTY.PK
AAT.N,2026-03-24,1.149852,18.73,AAT.N
AAUC.K,2026-03-24,3.893456,31.05,AAUC.K
AAVMY.PK,2026-03-24,19.15547,31.53,AAVMY.PK
AAVVF.PK,2026-03-24,1.403551,8.41,AAVVF.PK
AB.N,2026-03-24,3.450512,37.39,AB.N
ABBNY.PK,2026-03-24,151.93054,83.51,ABBNY.PK
ABBRF.PK,2026-03-24,1.277427,7.99,ABBRF.PK
ABBV.K,2026-03-24,362.350876,204.93,ABBV.K
ABBV.N,2026-03-24,362.350876,204.93,ABBV.N
ABCB.N,2026-03-24,5.142611,75.76,ABCB.N
ABCB.O,2026-03-24,5.142611,75.76,ABCB.O
ABCL.O,2026-03-24,1.021651,3.37,ABCL.O
ABDBY.PK,2026-03-24,3.519369,5.0,ABDBY.PK
ABEV.K,2026-03-24,44.154636,2.8,ABEV.K
ABEV.N,2026-03-24,44.154636,2.8,ABEV.N
ABG.N,2026-03-24,3.691743,191.7,ABG.N
ABLZF.PK,2026-03-24,151.93054,84.0,ABLZF.PK
ABM.N,2026-03-24,2.23771,38.23,ABM.N
ABNB.O,2026-03-24,80.709384,132.59,ABNB.O
ABR.N,2026-03-24,1.463814,7.58,ABR.N
ABR_pd.N,2026-03-24,1.463814,17.31,ABR_pd.N
ABR_pe.N,2026-03-24,1.463814,16.95,ABR_pe.N
ABR_pf.N,2026-03-24,1.463814,22.1,ABR_pf.N
ABT.N,2026-03-24,182.19521,104.85,ABT.N
ABTC.O,2026-03-24,0.895139,0.96,ABTC.O
ABTZY.PK,2026-03-24,2.716011,5.07,ABTZY.PK
ABVX.O,2026-03-24,9.269633,115.42,ABVX.O
ABX.N,2026-03-24,0.875637,9.07,ABX.N
ABXL.N,2026-03-24,0.875637,25.01,ABXL.N
ABXXF.PK,2026-03-24,0.996064,27.19,ABXXF.PK
ABZPY.PK,2026-03-24,5.202631,12.95,ABZPY.PK
ACA.N,2026-03-24,5.11333,104.26,ACA.N
ACAD.O,2026-03-24,3.578682,20.99,ACAD.O
ACCYY.PK,2026-03-24,10.935628,9.33,ACCYY.PK
ACGBF.PK,2026-03-24,322.378698,0.67,ACGBF.PK
ACGBY.PK,2026-03-24,322.378698,16.79,ACGBY.PK
ACGL.O,2026-03-24,33.324539,93.66,ACGL.O
ACGLO.O,2026-03-24,33.324539,19.71,ACGLO.O
ACHC.O,2026-03-24,2.137469,23.18,ACHC.O
ACHR.K,2026-03-24,4.385334,5.89,ACHR.K
ACHR.N,2026-03-24,4.385334,5.89,ACHR.N
ACI.N,2026-03-24,8.803332,17.13,ACI.N
ACIW.O,2026-03-24,4.15933,40.89,ACIW.O
ACKAY.PK,2026-03-24,1.771158,13.5,ACKAY.PK
ACLLF.PK,2026-03-24,4.789644,47.43,ACLLF.PK
ACLLY.PK,2026-03-24,9.050941,96.5,ACLLY.PK
ACLS.O,2026-03-24,2.634753,85.77,ACLS.O
ACLX.O,2026-03-24,6.701786,114.6,ACLX.O
ACM.N,2026-03-24,11.643733,90.06,ACM.N
ACMMY.PK,2026-03-24,4.683131,0.0,ACMMY.PK
ACMR.O,2026-03-24,2.946568,44.83,ACMR.O
ACN.N,2026-03-24,122.800132,200.02,ACN.N
ACOPY.PK,2026-03-24,4.631212,6.62,ACOPY.PK
ACSAY.PK,2026-03-24,33.09763,24.79,ACSAY.PK
ACT.O,2026-03-24,5.710084,40.35,ACT.O
ACVA.K,2026-03-24,0.837284,4.81,ACVA.K
AD.N,2026-03-24,4.040064,46.76,AD.N
ADBE.O,2026-03-24,100.947206,247.64,ADBE.O
ADC.N,2026-03-24,9.088543,75.72,ADC.N
ADDDF.PK,2026-03-24,27.85132,149.5,ADDDF.PK
ADDHY.PK,2026-03-24,8.292014,16.48,ADDHY.PK
ADDLY.PK,2026-03-24,1.712374,0.0,ADDLY.PK
ADDYY.PK,2026-03-24,27.85132,77.61,ADDYY.PK
ADEA.O,2026-03-24,2.670696,24.49,ADEA.O
ADI.O,2026-03-24,152.412456,312.19,ADI.O
ADM.N,2026-03-24,32.716913,67.99,ADM.N
ADMA.O,2026-03-24,3.236583,13.59,ADMA.O
ADNT.K,2026-03-24,1.605993,20.5,ADNT.K
ADNT.N,2026-03-24,1.605993,20.5,ADNT.N
ADOOY.PK,2026-03-24,4.241811,7.13,ADOOY.PK
ADP.O,2026-03-24,84.43855,209.71,ADP.O
ADPT.O,2026-03-24,2.103388,13.66,ADPT.O
ADRNY.PK,2026-03-24,41.306272,46.72,ADRNY.PK
ADRZY.PK,2026-03-24,7.334028,14.7,ADRZY.PK
ADSK.O,2026-03-24,52.20984,247.44,ADSK.O
ADT.N,2026-03-24,5.3882,6.57,ADT.N
ADUS.O,2026-03-24,1.86026,99.78,ADUS.O
ADX.N,2026-03-24,2.705327,22.08,ADX.N
ADYEY.PK,2026-03-24,32.032931,10.24,ADYEY.PK
AEBI.O,2026-03-24,0.76893,9.93,AEBI.O
AEBMY.PK,2026-03-24,2.335312,0.0,AEBMY.PK
AEBZY.PK,2026-03-24,2.335312,0.31,AEBZY.PK
AEE.N,2026-03-24,29.549781,106.9,AEE.N
AEG.N,2026-03-24,10.953414,6.96,AEG.N
AEIS.O,2026-03-24,12.449521,329.78,AEIS.O
AELIY.PK,2026-03-24,1.184354,8.22,AELIY.PK
AELKY.PK,2026-03-24,36.366387,0.0,AELKY.PK
AEM.N,2026-03-24,92.022048,184.04,AEM.N
AEMMY.PK,2026-03-24,8.355139,14.1,AEMMY.PK
AEO.N,2026-03-24,2.859668,16.87,AEO.N
AEP.O,2026-03-24,69.53264,127.92,AEP.O
AER.N,2026-03-24,22.563378,135.21,AER.N
AERO.K,2026-03-24,0.00881,13.4,AERO.K
AES.N,2026-03-24,10.040048,14.08,AES.N
AESI.K,2026-03-24,1.573124,12.67,AESI.K
AESI.N,2026-03-24,1.573124,12.67,AESI.N
AETUF.PK,2026-03-24,12.071597,21.18,AETUF.PK
AEVA.O,2026-03-24,0.968135,15.38,AEVA.O
AEXAY.PK,2026-03-24,0.86914,9.08,AEXAY.PK
AFG.N,2026-03-24,10.605607,127.32,AFG.N
AFGB.N,2026-03-24,10.605607,21.25,AFGB.N
AFGC.N,2026-03-24,10.605607,18.23,AFGC.N
AFGD.N,2026-03-24,10.605607,20.22,AFGD.N
AFGE.N,2026-03-24,10.605607,16.7,AFGE.N
AFL.N,2026-03-24,54.944339,106.65,AFL.N
AFLYY.PK,2026-03-24,2.817715,1.11,AFLYY.PK
AFNDY.PK,2026-03-24,5.86724,0.0,AFNDY.PK
AFRM.O,2026-03-24,15.376388,46.16,AFRM.O
AFYA.O,2026-03-24,1.420838,15.16,AFYA.O
AG.N,2026-03-24,9.45293,19.2,AG.N
AGBK.N,2026-03-24,1.468158,9.18,AGBK.N
AGCO.K,2026-03-24,8.261999,114.11,AGCO.K
AGCO.N,2026-03-24,8.261999,114.11,AGCO.N
AGESY.PK,2026-03-24,13.649243,69.03,AGESY.PK
AGGNY.PK,2026-03-24,1.251886,0.0,AGGNY.PK
AGI.N,2026-03-24,16.853915,40.15,AGI.N
AGIO.O,2026-03-24,1.647026,28.11,AGIO.O
AGLXY.PK,2026-03-24,4.46474,6.62,AGLXY.PK
AGM.N,2026-03-24,1.510501,142.75,AGM.N
AGM_pd.N,2026-03-24,1.510501,21.15,AGM_pd.N
AGM_pe.N,2026-03-24,1.510501,21.73,AGM_pe.N
AGM_pf.N,2026-03-24,1.510501,19.25,AGM_pf.N
AGM_pg.N,2026-03-24,1.510501,17.9,AGM_pg.N
AGM_ph.N,2026-03-24,1.510501,24.26,AGM_ph.N
AGMa.N,2026-03-24,1.510501,117.06,AGMa.N
AGNC.O,2026-03-24,11.243626,10.01,AGNC.O
AGNCL.O,2026-03-24,11.243626,25.05,AGNCL.O
AGNCM.O,2026-03-24,11.243626,24.63,AGNCM.O
AGNCN.O,2026-03-24,11.243626,25.4,AGNCN.O
AGNCZ.O,2026-03-24,11.243626,25.12,AGNCZ.O
AGO.N,2026-03-24,3.653982,81.45,AGO.N
AGRO.K,2026-03-24,1.880588,13.19,AGRO.K
AGRO.N,2026-03-24,1.880588,13.19,AGRO.N
AGRPY.PK,2026-03-24,12.335725,29.23,AGRPY.PK
AGX.N,2026-03-24,6.42547,463.15,AGX.N
AGYS.O,2026-03-24,2.037567,72.49,AGYS.O
AHCHY.PK,2026-03-24,17.046363,13.53,AHCHY.PK
AHCO.O,2026-03-24,1.409437,10.37,AHCO.O
AHEXY.PK,2026-03-24,3.90753,11.68,AHEXY.PK
AHKSY.PK,2026-03-24,13.189424,19.11,AHKSY.PK
AHL.N,2026-03-24,0.2063,37.5,AHL.N
AHL_pd.N,2026-03-24,0.2063,20.52,AHL_pd.N
AHODF.PK,2026-03-24,41.306272,49.02,AHODF.PK
AHR.N,2026-03-24,9.038532,48.07,AHR.N
AI.N,2026-03-24,1.266939,8.72,AI.N
AIAGY.PK,2026-03-24,7.872308,93.7,AIAGY.PK
AIBGY.PK,2026-03-24,22.463324,21.23,AIBGY.PK
AIBRF.PK,2026-03-24,22.463324,10.34,AIBRF.PK
AICLY.PK,2026-03-24,5.496564,18.7,AICLY.PK
AIFLY.PK,2026-03-24,1.391796,1.4,AIFLY.PK
AIG.N,2026-03-24,40.290265,75.09,AIG.N
AIIXY.PK,2026-03-24,4.472741,80.41,AIIXY.PK
AIN.N,2026-03-24,1.440187,50.89,AIN.N
AIPUY.PK,2026-03-24,20.809706,12.22,AIPUY.PK
AIQUY.PK,2026-03-24,110.966036,38.49,AIQUY.PK
AIR.N,2026-03-24,4.095359,103.49,AIR.N
AIRYY.PK,2026-03-24,15.509319,12.29,AIRYY.PK
AIT.N,2026-03-24,9.781819,262.23,AIT.N
AITUY.PK,2026-03-24,2.430028,13.71,AITUY.PK
AIZ.N,2026-03-24,10.806221,217.43,AIZ.N
AIZN.N,2026-03-24,10.806221,20.1,AIZN.N
AJG.N,2026-03-24,55.723854,216.74,AJG.N
AJINY.PK,2026-03-24,0.0,0.0,AJINY.PK
AJMPF.PK,2026-03-24,1.939482,2.7,AJMPF.PK
AKAM.O,2026-03-24,16.579547,114.43,AKAM.O
AKBDY.PK,2026-03-24,8.58171,0.0,AKBDY.PK
AKBTY.PK,2026-03-24,8.58171,3.28,AKBTY.PK
AKCLY.PK,2026-03-24,1.549939,11.83,AKCLY.PK
AKOa.N,2026-03-24,3.885656,22.15,AKOa.N
AKOb.N,2026-03-24,3.885656,26.66,AKOb.N
AKR.N,2026-03-24,2.544785,19.42,AKR.N
AKRBY.PK,2026-03-24,21.776777,16.65,AKRBY.PK
AKRYY.PK,2026-03-24,2.226409,9.18,AKRYY.PK
AKTS.O,2026-03-24,0.920807,18.18,AKTS.O
AKZOY.PK,2026-03-24,9.55898,18.76,AKZOY.PK
AL.N,2026-03-24,7.249811,64.71,AL.N
ALAB.O,2026-03-24,21.08447,123.87,ALAB.O
ALB.N,2026-03-24,19.74648,167.56,ALB.N
ALBBY.PK,2026-03-24,9.849768,15.5,ALBBY.PK
ALBKY.PK,2026-03-24,8.719398,0.94,ALBKY.PK
ALC.N,2026-03-24,37.067545,74.14,ALC.N
ALCTY.PK,2026-03-24,52.82198,0.0,ALCTY.PK
ALEDY.PK,2026-03-24,1.255961,5.0,ALEDY.PK
ALEUY.PK,2026-03-24,7.559752,7.4,ALEUY.PK
ALEX.K,2026-03-24,1.518725,20.84,ALEX.K
ALEX.N,2026-03-24,1.518725,20.84,ALEX.N
ALFRY.PK,2026-03-24,2.940198,16.23,ALFRY.PK
ALFVY.PK,2026-03-24,22.512731,54.98,ALFVY.PK
ALG.N,2026-03-24,2.035329,167.26,ALG.N
ALGGY.PK,2026-03-24,1.204908,6.7,ALGGY.PK
ALGM.O,2026-03-24,5.881132,31.74,ALGM.O
ALGN.O,2026-03-24,12.892086,180.86,ALGN.O
ALGT.O,2026-03-24,1.519362,82.34,ALGT.O
ALH.N,2026-03-24,3.921285,19.81,ALH.N
ALHC.O,2026-03-24,3.577232,17.51,ALHC.O
ALIZY.PK,2026-03-24,154.476983,40.63,ALIZY.PK
ALK.N,2026-03-24,4.428599,38.63,ALK.N
ALKRY.PK,2026-03-24,1.302114,0.0,ALKRY.PK
ALKS.O,2026-03-24,4.61787,27.71,ALKS.O
ALKT.O,2026-03-24,1.800273,16.96,ALKT.O
ALL.N,2026-03-24,53.921167,207.76,ALL.N
ALLE.K,2026-03-24,12.373076,143.63,ALLE.K
ALLE.N,2026-03-24,12.373076,143.63,ALLE.N
ALLY.K,2026-03-24,12.076554,39.22,ALLY.K
ALLY.N,2026-03-24,12.076554,39.22,ALLY.N
ALM.O,2026-03-24,4.740978,16.93,ALM.O
ALMRY.PK,2026-03-24,2.828018,14.28,ALMRY.PK
ALMS.O,2026-03-24,2.971376,23.36,ALMS.O
ALNPY.PK,2026-03-24,10.22407,3.6,ALNPY.PK
ALNT.O,2026-03-24,1.072644,63.32,ALNT.O
ALNY.O,2026-03-24,40.670213,306.66,ALNY.O
ALORY.PK,2026-03-24,3.867913,14.74,ALORY.PK
ALPMY.PK,2026-03-24,28.390567,15.21,ALPMY.PK
ALRM.O,2026-03-24,2.234977,45.0,ALRM.O
ALSMY.PK,2026-03-24,12.808328,2.74,ALSMY.PK
ALSN.K,2026-03-24,9.494489,114.66,ALSN.K
ALSN.N,2026-03-24,9.494489,114.66,ALSN.N
ALSSF.PK,2026-03-24,2.563021,3.3,ALSSF.PK
ALSYY.PK,2026-03-24,6.935877,0.0,ALSYY.PK
ALTB.PK,2026-03-24,5.37894,5.4,ALTB.PK
ALV.N,2026-03-24,7.812581,104.36,ALV.N
ALVO.O,2026-03-24,1.038026,3.33,ALVO.O
ALX.N,2026-03-24,1.239795,242.75,ALX.N
AM.N,2026-03-24,10.86194,22.96,AM.N
AMADY.PK,2026-03-24,25.816529,57.94,AMADY.PK
AMAL.O,2026-03-24,1.138587,38.17,AMAL.O
AMAT.O,2026-03-24,287.120114,361.79,AMAT.O
AMBA.O,2026-03-24,2.34948,54.58,AMBA.O
AMBBY.PK,2026-03-24,2.461789,10.65,AMBBY.PK
AMBP.K,2026-03-24,2.450568,4.1,AMBP.K
AMBP.N,2026-03-24,2.450568,4.1,AMBP.N
AMBUY.PK,2026-03-24,10.432524,0.0,AMBUY.PK
AMCR.K,2026-03-24,18.186118,39.36,AMCR.K
AMCR.N,2026-03-24,18.186118,39.36,AMCR.N
AMD.O,2026-03-24,330.45167,202.68,AMD.O
AMDLY.PK,2026-03-24,4.657559,47.15,AMDLY.PK
AME.N,2026-03-24,48.747414,212.81,AME.N
AMFPY.PK,2026-03-24,2.200237,36.67,AMFPY.PK
AMG.N,2026-03-24,7.345772,275.28,AMG.N
AMGN.O,2026-03-24,188.549701,349.77,AMGN.O
AMH.N,2026-03-24,10.018399,27.54,AMH.N
AMH_pg.N,2026-03-24,10.018399,22.51,AMH_pg.N
AMH_ph.N,2026-03-24,10.018399,23.66,AMH_ph.N
AMIGY.PK,2026-03-24,12.674169,42.35,AMIGY.PK
AMKAF.PK,2026-03-24,40.758056,2555.95,AMKAF.PK
AMKBY.PK,2026-03-24,40.758056,13.37,AMKBY.PK
AMKR.O,2026-03-24,11.405894,46.12,AMKR.O
AMLTF.PK,2026-03-24,2.226676,0.86,AMLTF.PK
AMLX.O,2026-03-24,1.495565,13.53,AMLX.O
AMP.N,2026-03-24,40.167361,442.91,AMP.N
AMPH.O,2026-03-24,0.872468,19.23,AMPH.O
AMPL.O,2026-03-24,0.964169,7.21,AMPL.O
AMPX.K,2026-03-24,2.559515,18.68,AMPX.K
AMPX.N,2026-03-24,2.559515,18.68,AMPX.N
AMR.N,2026-03-24,2.566596,200.63,AMR.N
AMRC.K,2026-03-24,1.465836,27.72,AMRC.K
AMRC.N,2026-03-24,1.465836,27.72,AMRC.N
AMRX.O,2026-03-24,3.750379,11.92,AMRX.O
AMRZ.K,2026-03-24,30.583654,55.26,AMRZ.K
AMRZ.N,2026-03-24,30.583654,55.26,AMRZ.N
AMSC.O,2026-03-24,1.466458,30.8,AMSC.O
AMSSY.PK,2026-03-24,1.021049,5.4,AMSSY.PK
AMT.N,2026-03-24,82.263971,176.5,AMT.N
AMTM.K,2026-03-24,6.522827,26.74,AMTM.K
AMTM.N,2026-03-24,6.522827,26.74,AMTM.N
AMVOY.PK,2026-03-24,4.089499,8.01,AMVOY.PK
AMX.N,2026-03-24,71.403799,23.69,AMX.N
AMZN.O,2026-03-24,2255.836272,210.14,AMZN.O
AN.N,2026-03-24,6.500904,189.39,AN.N
ANAB.O,2026-03-24,1.803091,62.72,ANAB.O
ANCTF.PK,2026-03-24,52.82198,57.67,ANCTF.PK
ANDE.O,2026-03-24,2.303376,67.64,ANDE.O
ANDG.K,2026-03-24,3.082783,27.57,ANDG.K
ANDG.N,2026-03-24,3.082783,27.57,ANDG.N
ANET.K,2026-03-24,170.738371,135.88,ANET.K
ANET.N,2026-03-24,170.738371,135.88,ANET.N
ANF.N,2026-03-24,4.012995,87.51,ANF.N
ANFGF.PK,2026-03-24,44.652209,45.3,ANFGF.PK
ANGPY.PK,2026-03-24,20.673832,13.04,ANGPY.PK
ANIOY.PK,2026-03-24,3.493522,7.02,ANIOY.PK
ANIP.O,2026-03-24,1.657654,73.92,ANIP.O
ANJFY.PK,2026-03-24,3.905372,0.0,ANJFY.PK
ANPA.O,2026-03-24,0.106875,8.55,ANPA.O
ANPDF.PK,2026-03-24,27.329964,9.57,ANPDF.PK
ANPDY.PK,2026-03-24,27.329964,245.48,ANPDY.PK
ANSLY.PK,2026-03-24,2.816668,84.18,ANSLY.PK
ANYYY.PK,2026-03-24,43.49265,14.65,ANYYY.PK
ANZGY.PK,2026-03-24,76.995212,26.04,ANZGY.PK
ANZLY.PK,2026-03-24,0.814375,1.03,ANZLY.PK
AOD.N,2026-03-24,1.017409,9.65,AOD.N
AOMFF.PK,2026-03-24,12.808328,28.1,AOMFF.PK
AON.N,2026-03-24,69.840538,325.97,AON.N
AONNY.PK,2026-03-24,33.759711,12.1,AONNY.PK
AOREF.PK,2026-03-24,5.759625,1226.0,AOREF.PK
AORT.K,2026-03-24,1.710413,35.72,AORT.K
AORT.N,2026-03-24,1.710413,35.72,AORT.N
AOS.N,2026-03-24,8.995265,65.07,AOS.N
AOZOY.PK,2026-03-24,2.258354,3.92,AOZOY.PK
APA.O,2026-03-24,13.787405,39.03,APA.O
APAJF.PK,2026-03-24,8.850119,6.4,APAJF.PK
APAM.K,2026-03-24,2.895461,35.93,APAM.K
APAM.N,2026-03-24,2.895461,35.93,APAM.N
APD.N,2026-03-24,62.045323,278.66,APD.N
APELY.PK,2026-03-24,2.818195,27.35,APELY.PK
APEMY.PK,2026-03-24,2.897577,40.01,APEMY.PK
APG.N,2026-03-24,17.888169,41.46,APG.N
APGE.O,2026-03-24,5.506011,79.24,APGE.O
APH.N,2026-03-24,160.621515,130.67,APH.N
APLD.O,2026-03-24,7.62151,27.26,APLD.O
APLE.K,2026-03-24,2.801983,11.89,APLE.K
APLE.N,2026-03-24,2.801983,11.89,APLE.N
APLS.O,2026-03-24,2.245972,17.57,APLS.O
APMSF.PK,2026-03-24,2.897577,44.7,APMSF.PK
APNHY.PK,2026-03-24,3.370106,7.5,APNHY.PK
APO.N,2026-03-24,63.867418,110.45,APO.N
APOS.N,2026-03-24,63.867418,25.52,APOS.N
APP.O,2026-03-24,154.793738,458.95,APP.O
APPF.O,2026-03-24,6.009238,166.97,APPF.O
APPN.O,2026-03-24,1.921474,25.98,APPN.O
APTV.K,2026-03-24,15.128771,70.98,APTV.K
APTV.N,2026-03-24,15.128771,70.98,APTV.N
AQN.N,2026-03-24,4.814092,6.26,AQN.N
AQNB.N,2026-03-24,4.814092,25.61,AQNB.N
AR.N,2026-03-24,13.130824,42.56,AR.N
ARCAY.PK,2026-03-24,2.762549,42.0,ARCAY.PK
ARCB.O,2026-03-24,2.051883,92.03,ARCB.O
ARCC.O,2026-03-24,13.125458,18.28,ARCC.O
ARCO.K,2026-03-24,1.689518,8.02,ARCO.K
ARCO.N,2026-03-24,1.689518,8.02,ARCO.N
ARDT.K,2026-03-24,1.234676,8.64,ARDT.K
ARDT.N,2026-03-24,1.234676,8.64,ARDT.N
ARDX.O,2026-03-24,1.302264,5.31,ARDX.O
ARE.N,2026-03-24,8.344412,48.15,ARE.N
ARES.K,2026-03-24,35.29311,107.12,ARES.K
ARES.N,2026-03-24,35.29311,107.12,ARES.N
ARGTF.PK,2026-03-24,5.726966,24.63,ARGTF.PK
ARGX.O,2026-03-24,42.114797,681.85,ARGX.O
ARHS.O,2026-03-24,0.965277,6.84,ARHS.O
ARI.N,2026-03-24,1.450433,10.39,ARI.N
ARKAY.PK,2026-03-24,4.659749,61.54,ARKAY.PK
ARLO.K,2026-03-24,1.570775,14.7,ARLO.K
ARLO.N,2026-03-24,1.570775,14.7,ARLO.N
ARLP.O,2026-03-24,3.596013,27.95,ARLP.O
ARLUF.PK,2026-03-24,19.390755,33.9,ARLUF.PK
ARM.O,2026-03-24,145.37718,136.89,ARM.O
ARMK.K,2026-03-24,10.589662,40.29,ARMK.K
ARMK.N,2026-03-24,10.589662,40.29,ARMK.N
ARMN.K,2026-03-24,3.386209,16.77,ARMN.K
ARNNY.PK,2026-03-24,14.018327,33.82,ARNNY.PK
AROC.K,2026-03-24,6.449119,36.8,AROC.K
AROC.N,2026-03-24,6.449119,36.8,AROC.N
ARQT.O,2026-03-24,2.764704,22.29,ARQT.O
ARR.N,2026-03-24,1.945864,15.85,ARR.N
ARR_pc.N,2026-03-24,1.945864,20.26,ARR_pc.N
ARRPY.PK,2026-03-24,11.87344,12.44,ARRPY.PK
ARRY.O,2026-03-24,1.031731,6.75,ARRY.O
ARW.N,2026-03-24,7.146954,139.9,ARW.N
ARWR.O,2026-03-24,7.935624,56.67,ARWR.O
ARX.N,2026-03-24,2.843648,12.8,ARX.N
ARXCY.PK,2026-03-24,12.071597,21.0,ARXCY.PK
ARZGY.PK,2026-03-24,59.782285,19.42,ARZGY.PK
ARZTY.PK,2026-03-24,1.867915,7.48,ARZTY.PK
AS.N,2026-03-24,19.016365,32.71,AS.N
ASA.N,2026-03-24,1.088762,57.95,ASA.N
ASAIY.PK,2026-03-24,2.074358,7.54,ASAIY.PK
ASAN.K,2026-03-24,1.573762,6.61,ASAN.K
ASAN.N,2026-03-24,1.573762,6.61,ASAN.N
ASAZY.PK,2026-03-24,37.101938,17.64,ASAZY.PK
ASB.N,2026-03-24,4.093659,24.76,ASB.N
ASBA.N,2026-03-24,4.093659,24.71,ASBA.N
ASBFY.PK,2026-03-24,16.849286,24.16,ASBFY.PK
ASBHY.PK,2026-03-24,15.01521,10.6,ASBHY.PK
ASCCY.PK,2026-03-24,20.027541,27.61,ASCCY.PK
ASEKY.PK,2026-03-24,10.767571,14.06,ASEKY.PK
ASGLY.PK,2026-03-24,7.545641,6.94,ASGLY.PK
ASGN.K,2026-03-24,1.573117,38.09,ASGN.K
ASGN.N,2026-03-24,1.573117,38.09,ASGN.N
ASGSY.PK,2026-03-24,1.108371,0.0,ASGSY.PK
ASH.N,2026-03-24,2.284459,49.92,ASH.N
ASHGY.PK,2026-03-24,29.729143,72.75,ASHGY.PK
ASKRY.PK,2026-03-24,2.577513,0.0,ASKRY.PK
ASLTY.PK,2026-03-24,4.891839,5.0,ASLTY.PK
ASM.N,2026-03-24,0.965376,5.77,ASM.N
ASMIY.PK,2026-03-24,38.067964,784.45,ASMIY.PK
ASML.O,2026-03-24,527.85928,1369.62,ASML.O
ASMLF.PK,2026-03-24,527.85928,1395.61,ASMLF.PK
ASMVY.PK,2026-03-24,5.563479,40.44,ASMVY.PK
ASND.O,2026-03-24,13.514794,218.06,ASND.O
ASO.O,2026-03-24,3.390433,52.66,ASO.O
ASOZY.PK,2026-03-24,3.732978,46.28,ASOZY.PK
ASR.N,2026-03-24,8.835623,319.76,ASR.N
ASTE.O,2026-03-24,1.204201,52.54,ASTE.O
ASTH.O,2026-03-24,1.1779,23.81,ASTH.O
ASTS.O,2026-03-24,33.777786,88.42,ASTS.O
ASUTZ.PK,2026-03-24,13.171575,2.74,ASUTZ.PK
ASX.N,2026-03-24,46.409008,21.68,ASX.N
ASXFY.PK,2026-03-24,6.800603,34.66,ASXFY.PK
ATAI.O,2026-03-24,1.236489,3.39,ATAI.O
ATAT.O,2026-03-24,4.966403,35.94,ATAT.O
ATDRY.PK,2026-03-24,5.074487,1.58,ATDRY.PK
ATEAY.PK,2026-03-24,1.614721,7.2,ATEAY.PK
ATEC.O,2026-03-24,1.838983,12.15,ATEC.O
ATEN.K,2026-03-24,1.608051,22.42,ATEN.K
ATEN.N,2026-03-24,1.608051,22.42,ATEN.N
ATEYY.PK,2026-03-24,103.241432,150.96,ATEYY.PK
ATGSY.PK,2026-03-24,10.7723,0.0,ATGSY.PK
ATHM.K,2026-03-24,2.262991,17.93,ATHM.K
ATHM.N,2026-03-24,2.262991,17.93,ATHM.N
ATHNY.PK,2026-03-24,3.882284,0.0,ATHNY.PK
ATHOF.PK,2026-03-24,3.336732,6.96,ATHOF.PK
ATHS.N,2026-03-24,4.801656,23.99,ATHS.N
ATI.N,2026-03-24,20.044735,146.38,ATI.N
ATKR.K,2026-03-24,1.961587,58.12,ATKR.K
ATKR.N,2026-03-24,1.961587,58.12,ATKR.N
ATLCY.PK,2026-03-24,82.173978,15.5,ATLCY.PK
ATLKY.PK,2026-03-24,82.173978,17.46,ATLKY.PK
ATMU.K,2026-03-24,4.732389,58.06,ATMU.K
ATMU.N,2026-03-24,4.732389,58.06,ATMU.N
ATO.N,2026-03-24,29.949412,181.03,ATO.N
ATOGY.PK,2026-03-24,4.167031,5.37,ATOGY.PK
ATR.N,2026-03-24,7.9921,124.14,ATR.N
ATRC.O,2026-03-24,1.483339,29.78,ATRC.O
ATRO.O,2026-03-24,2.352751,66.03,ATRO.O
ATROB.PK,2026-03-24,2.352751,65.0,ATROB.PK
ATS.N,2026-03-24,2.990518,30.46,ATS.N
ATUSF.PK,2026-03-24,1.751288,31.24,ATUSF.PK
ATVDY.PK,2026-03-24,1.235354,5.38,ATVDY.PK
ATWNY.PK,2026-03-24,4.0836,0.0,ATWNY.PK
ATZAF.PK,2026-03-24,9.483169,81.98,ATZAF.PK
AU.N,2026-03-24,43.229267,85.6,AU.N
AUB.N,2026-03-24,4.944548,34.69,AUB.N
AUGO.O,2026-03-24,5.466498,65.44,AUGO.O
AUKNY.PK,2026-03-24,7.873195,24.44,AUKNY.PK
AUOTY.PK,2026-03-24,3.47023,4.68,AUOTY.PK
AUPH.O,2026-03-24,1.936057,14.56,AUPH.O
AUR.O,2026-03-24,8.535802,4.38,AUR.O
AVA.N,2026-03-24,3.190526,38.79,AVA.N
AVAH.O,2026-03-24,1.459492,6.71,AVAH.O
AVAL.K,2026-03-24,4.857329,4.24,AVAL.K
AVAL.N,2026-03-24,4.857329,4.24,AVAL.N
AVAV.O,2026-03-24,10.438308,206.27,AVAV.O
AVB.N,2026-03-24,22.871429,163.27,AVB.N
AVDL.O,2026-03-24,2.124041,21.64,AVDL.O
AVGO.O,2026-03-24,1526.977836,322.51,AVGO.O
AVHNY.PK,2026-03-24,10.012927,26.3,AVHNY.PK
AVIFY.PK,2026-03-24,33.208077,11.35,AVIFY.PK
AVNT.K,2026-03-24,3.065763,33.46,AVNT.K
AVNT.N,2026-03-24,3.065763,33.46,AVNT.N
AVPT.O,2026-03-24,2.211417,10.24,AVPT.O
AVSFY.PK,2026-03-24,2.058231,25.0,AVSFY.PK
AVT.O,2026-03-24,4.889675,59.73,AVT.O
AVTR.K,2026-03-24,5.176805,7.59,AVTR.K
AVTR.N,2026-03-24,5.176805,7.59,AVTR.N
AVVIY.PK,2026-03-24,24.951833,16.71,AVVIY.PK
AVVSY.PK,2026-03-24,1.883925,9.91,AVVSY.PK
AVY.N,2026-03-24,12.679003,164.84,AVY.N
AWATY.PK,2026-03-24,3.042518,13.74,AWATY.PK
AWI.N,2026-03-24,7.102314,165.81,AWI.N
AWK.N,2026-03-24,26.495672,135.73,AWK.N
AWR.N,2026-03-24,2.875297,73.57,AWR.N
AX.N,2026-03-24,4.748504,83.78,AX.N
AXAHF.PK,2026-03-24,91.60228,43.85,AXAHF.PK
AXAHY.PK,2026-03-24,91.60228,44.44,AXAHY.PK
AXBKY.PK,2026-03-24,38.836558,5.3,AXBKY.PK
AXFOY.PK,2026-03-24,7.049831,27.24,AXFOY.PK
AXGN.O,2026-03-24,1.647751,31.75,AXGN.O
AXIA.N,2026-03-24,32.538768,11.15,AXIA.N
AXIA_p.N,2026-03-24,32.538768,12.35,AXIA_p.N
AXON.O,2026-03-24,40.784133,507.28,AXON.O
AXP.N,2026-03-24,207.295634,301.91,AXP.N
AXS.N,2026-03-24,7.424701,100.38,AXS.N
AXS_pe.N,2026-03-24,7.424701,20.22,AXS_pe.N
AXSM.O,2026-03-24,8.022882,156.84,AXSM.O
AXTA.K,2026-03-24,5.63734,26.42,AXTA.K
AXTA.N,2026-03-24,5.63734,26.42,AXTA.N
AXTI.O,2026-03-24,3.581163,64.44,AXTI.O
AYAAY.PK,2026-03-24,4.179677,8.25,AYAAY.PK
AYALY.PK,2026-03-24,5.29071,9.9,AYALY.PK
AYI.N,2026-03-24,8.561924,279.23,AYI.N
AZBLY.PK,2026-03-24,4.691692,17.5,AZBLY.PK
AZLGY.PK,2026-03-24,2.10253,4.95,AZLGY.PK
AZLUD.PK,2026-03-24,1.77796,6.5,AZLUD.PK
AZLUY.PK,2026-03-24,1.77796,6.5,AZLUY.PK
AZN.N,2026-03-24,286.197104,184.07,AZN.N
AZNCF.PK,2026-03-24,286.197104,184.07,AZNCF.PK
AZO.N,2026-03-24,55.250732,3353.24,AZO.N
AZSAY.PK,2026-03-24,1.77796,0.0,AZSAY.PK
AZTA.O,2026-03-24,0.941958,20.45,AZTA.O
AZUXY.PK,2026-03-24,1.77796,0.0,AZUXY.PK
AZZ.N,2026-03-24,3.671948,122.99,AZZ.N
AZZRY.PK,2026-03-24,16.847204,0.0,AZZRY.PK
B.N,2026-03-24,65.027341,37.69,B.N
BA.N,2026-03-24,155.919336,198.41,BA.N
BABA.K,2026-03-24,300.957259,126.06,BABA.K
BABA.N,2026-03-24,300.957259,126.06,BABA.N
BABAF.PK,2026-03-24,300.957259,14.0,BABAF.PK
BABWF.PK,2026-03-24,22.007093,4.7,BABWF.PK
BAC.N,2026-03-24,341.035937,47.52,BAC.N
BAC_pe.N,2026-03-24,341.035937,18.94,BAC_pe.N
BAC_pl.N,2026-03-24,341.035937,1201.0,BAC_pl.N
BAC_pm.N,2026-03-24,341.035937,21.75,BAC_pm.N
BACHF.PK,2026-03-24,239.84731,0.6,BACHF.PK
BACHY.PK,2026-03-24,239.84731,14.78,BACHY.PK
BACRP.PK,2026-03-24,341.035937,302.0,BACRP.PK
BAESF.PK,2026-03-24,85.574183,28.82,BAESF.PK
BAESY.PK,2026-03-24,85.574183,115.58,BAESY.PK
BAH.N,2026-03-24,9.635492,79.9,BAH.N
BAK.N,2026-03-24,1.494134,4.05,BAK.N
BALL.K,2026-03-24,15.506077,58.26,BALL.K
BALL.N,2026-03-24,15.506077,58.26,BALL.N
BAM.N,2026-03-24,70.989008,43.34,BAM.N
BANC.K,2026-03-24,2.673876,17.2,BANC.K
BANC.N,2026-03-24,2.673876,17.2,BANC.N
BANF.O,2026-03-24,3.593351,107.12,BANF.O
BANR.O,2026-03-24,2.011433,58.99,BANR.O
BAP.N,2026-03-24,26.177482,329.83,BAP.N
BASFY.PK,2026-03-24,48.596535,13.73,BASFY.PK
BATRA.O,2026-03-24,2.743739,46.48,BATRA.O
BATRB.PK,2026-03-24,2.743739,57.0,BATRB.PK
BATRK.O,2026-03-24,2.743739,41.97,BATRK.O
BAWAY.PK,2026-03-24,11.394539,39.59,BAWAY.PK
BAX.N,2026-03-24,8.54568,16.61,BAX.N
BAYRY.PK,2026-03-24,43.880423,11.05,BAYRY.PK
BB.N,2026-03-24,1.964865,3.32,BB.N
BBAAY.PK,2026-03-24,300.957259,0.0,BBAAY.PK
BBAI.K,2026-03-24,1.751888,3.68,BBAI.K
BBAI.N,2026-03-24,1.751888,3.68,BBAI.N
BBAR.K,2026-03-24,3.082278,14.25,BBAR.K
BBAR.N,2026-03-24,3.082278,14.25,BBAR.N
BBD.N,2026-03-24,35.86217,3.59,BBD.N
BBDO.K,2026-03-24,35.86217,3.19,BBDO.K
BBDO.N,2026-03-24,35.86217,3.19,BBDO.N
BBIO.O,2026-03-24,13.492856,69.6,BBIO.O
BBMPY.PK,2026-03-24,2.369062,1.52,BBMPY.PK
BBN.N,2026-03-24,0.981265,15.88,BBN.N
BBSEY.PK,2026-03-24,13.242629,6.54,BBSEY.PK
BBT.N,2026-03-24,2.477604,29.56,BBT.N
BBU.N,2026-03-24,4.311743,30.84,BBU.N
BBUC.K,2026-03-24,2.134912,30.91,BBUC.K
BBVA.K,2026-03-24,122.243181,21.44,BBVA.K
BBVA.N,2026-03-24,122.243181,21.44,BBVA.N
BBWI.K,2026-03-24,3.735063,18.57,BBWI.K
BBWI.N,2026-03-24,3.735063,18.57,BBWI.N
BBY.N,2026-03-24,13.385296,64.01,BBY.N
BC.N,2026-03-24,4.821612,74.05,BC.N
BCAT.K,2026-03-24,1.511907,14.43,BCAT.K
BCAT.N,2026-03-24,1.511907,14.43,BCAT.N
BCC.N,2026-03-24,2.577351,71.88,BCC.N
BCCLF.PK,2026-03-24,2.970768,0.83,BCCLF.PK
BCCMY.PK,2026-03-24,1.473464,1.75,BCCMY.PK
BCE.N,2026-03-24,23.995929,25.76,BCE.N
BCH.N,2026-03-24,17.855481,38.47,BCH.N
BCHEY.PK,2026-03-24,2.110362,18.6,BCHEY.PK
BCHMY.PK,2026-03-24,5.847749,8.05,BCHMY.PK
BCKIY.PK,2026-03-24,8.442315,17.29,BCKIY.PK
BCLYF.PK,2026-03-24,70.258593,5.14,BCLYF.PK
BCMXY.PK,2026-03-24,83.453453,20.71,BCMXY.PK
BCNAY.PK,2026-03-24,1.025061,6.45,BCNAY.PK
BCO.N,2026-03-24,4.173518,101.39,BCO.N
BCOMF.PK,2026-03-24,0.97651,4.3,BCOMF.PK
BCPC.O,2026-03-24,5.261452,164.29,BCPC.O
BCRX.O,2026-03-24,2.457846,9.8,BCRX.O
BCS.N,2026-03-24,70.258593,20.68,BCS.N
BCUCY.PK,2026-03-24,5.807891,8.55,BCUCY.PK
BDC.N,2026-03-24,4.559594,117.67,BDC.N
BDJ.N,2026-03-24,1.532341,8.66,BDJ.N
BDMXY.PK,2026-03-24,4.453189,0.0,BDMXY.PK
BDNNY.PK,2026-03-24,17.063142,121.95,BDNNY.PK
BDORY.PK,2026-03-24,26.238899,4.69,BDORY.PK
BDOUY.PK,2026-03-24,10.428129,19.84,BDOUY.PK
BDRAF.PK,2026-03-24,17.515984,176.89,BDRAF.PK
BDRBF.PK,2026-03-24,17.515984,173.97,BDRBF.PK
BDRFY.PK,2026-03-24,20.479969,16.88,BDRFY.PK
BDUUY.PK,2026-03-24,8.871984,25.24,BDUUY.PK
BDVSF.PK,2026-03-24,4.532549,13.1,BDVSF.PK
BDVSY.PK,2026-03-24,4.532549,27.17,BDVSY.PK
BDWBY.PK,2026-03-24,12.037454,3.56,BDWBY.PK
BDX.N,2026-03-24,44.485213,156.23,BDX.N
BE.N,2026-03-24,39.649879,141.33,BE.N
BEAM.O,2026-03-24,2.563722,25.17,BEAM.O
BECTY.PK,2026-03-24,3.86846,6.18,BECTY.PK
BEKAY.PK,2026-03-24,2.348192,4.55,BEKAY.PK
BEKE.K,2026-03-24,18.131798,15.42,BEKE.K
BEKE.N,2026-03-24,18.131798,15.42,BEKE.N
BELFA.O,2026-03-24,2.685889,198.45,BELFA.O
BELFB.O,2026-03-24,2.685889,214.98,BELFB.O
BEN.N,2026-03-24,12.446246,23.9,BEN.N
BEP.N,2026-03-24,9.356196,30.63,BEP.N
BEP_pa.N,2026-03-24,9.356196,17.92,BEP_pa.N
BEPC.K,2026-03-24,6.928427,38.44,BEPC.K
BEPC.N,2026-03-24,6.928427,38.44,BEPC.N
BEPTF.PK,2026-03-24,2.110362,0.92,BEPTF.PK
BESIY.PK,2026-03-24,17.139115,216.05,BESIY.PK
BETA.K,2026-03-24,3.535864,15.39,BETA.K
BETA.N,2026-03-24,3.535864,15.39,BETA.N
Bfa.N,2026-03-24,10.592188,23.37,Bfa.N
BFAM.K,2026-03-24,4.30658,78.14,BFAM.K
BFAM.N,2026-03-24,4.30658,78.14,BFAM.N
BFb.N,2026-03-24,10.592188,22.93,BFb.N
BFC.O,2026-03-24,1.486239,132.68,BFC.O
BFFAF.PK,2026-03-24,48.596535,54.34,BFFAF.PK
BFH.N,2026-03-24,3.221993,74.73,BFH.N
BFLBY.PK,2026-03-24,4.410511,23.12,BFLBY.PK
BFLY.K,2026-03-24,1.066912,4.19,BFLY.K
BFLY.N,2026-03-24,1.066912,4.19,BFLY.N
BFS.N,2026-03-24,0.805666,32.89,BFS.N
BG.N,2026-03-24,23.379767,120.82,BG.N
BGAOY.PK,2026-03-24,2.706391,1.61,BGAOY.PK
BGC.O,2026-03-24,4.548173,9.59,BGC.O
BGCHY.PK,2026-03-24,1.23697,17.99,BGCHY.PK
BGDVX.O,2026-03-24,1.437293,15.11,BGDVX.O
BGEEX.O,2026-03-24,2.451115,19.02,BGEEX.O
BGSI.K,2026-03-24,3.967071,142.41,BGSI.K
BH.N,2026-03-24,1.034064,321.53,BH.N
BHa.N,2026-03-24,1.034064,1724.97,BHa.N
BHC.N,2026-03-24,1.895198,5.1,BHC.N
BHE.N,2026-03-24,2.034448,57.04,BHE.N
BHF.O,2026-03-24,3.439624,60.15,BHF.O
BHFAM.O,2026-03-24,3.439624,10.95,BHFAM.O
BHFAN.O,2026-03-24,3.439624,12.26,BHFAN.O
BHFAO.O,2026-03-24,3.439624,15.67,BHFAO.O
BHFAP.O,2026-03-24,3.439624,15.17,BHFAP.O
BHKLY.PK,2026-03-24,55.608562,105.36,BHKLY.PK
BHP.N,2026-03-24,172.697428,68.21,BHP.N
BHPLF.PK,2026-03-24,172.697428,32.85,BHPLF.PK
BHVN.K,2026-03-24,1.314676,8.74,BHVN.K
BHVN.N,2026-03-24,1.314676,8.74,BHVN.N
BICEY.PK,2026-03-24,2.448937,29.9,BICEY.PK
BIDU.O,2026-03-24,39.372081,114.53,BIDU.O
BIDVX.O,2026-03-24,1.437293,15.08,BIDVX.O
BIEEX.O,2026-03-24,2.451115,19.0,BIEEX.O
BIIB.O,2026-03-24,26.950736,183.64,BIIB.O
BILI.O,2026-03-24,8.128012,24.26,BILI.O
BILL.K,2026-03-24,4.006908,40.49,BILL.K
BILL.N,2026-03-24,4.006908,40.49,BILL.N
BIO.N,2026-03-24,7.170439,265.0,BIO.N
BIOb.N,2026-03-24,7.170439,268.55,BIOb.N
BIOGY.PK,2026-03-24,1.180945,11.0,BIOGY.PK
BIP.N,2026-03-24,16.342451,35.56,BIP.N
BIP_pa.N,2026-03-24,16.342451,17.12,BIP_pa.N
BIP_pb.N,2026-03-24,16.342451,16.49,BIP_pb.N
BIPC.K,2026-03-24,5.2624,38.86,BIPC.K
BIPC.N,2026-03-24,5.2624,38.86,BIPC.N
BIREF.PK,2026-03-24,1.55193,5.64,BIREF.PK
BIREY.PK,2026-03-24,1.55193,0.0,BIREY.PK
BIRK.K,2026-03-24,6.497401,35.33,BIRK.K
BIRK.N,2026-03-24,6.497401,35.33,BIRK.N
BITF.O,2026-03-24,1.400734,2.31,BITF.O
BITW.K,2026-03-24,0.0,46.48,BITW.K
BJ.N,2026-03-24,12.45414,96.04,BJ.N
BJCHY.PK,2026-03-24,1.034704,1.1,BJCHY.PK
BJGPY.PK,2026-03-24,3.132679,13.0,BJGPY.PK
BJWTY.PK,2026-03-24,3.603969,22.0,BJWTY.PK
BK.N,2026-03-24,80.082092,116.36,BK.N
BKAYY.PK,2026-03-24,5.666046,22.75,BKAYY.PK
BKD.N,2026-03-24,3.302937,13.89,BKD.N
BKE.N,2026-03-24,2.558854,50.02,BKE.N
BKEAY.PK,2026-03-24,4.52908,1.84,BKEAY.PK
BKFKY.PK,2026-03-24,2.6997,12.03,BKFKY.PK
BKGFY.PK,2026-03-24,4.375885,9.53,BKGFY.PK
BKH.N,2026-03-24,5.189214,68.23,BKH.N
BKHPY.PK,2026-03-24,32.418329,0.0,BKHPY.PK
BKHYY.PK,2026-03-24,32.418329,123.49,BKHYY.PK
BKKLY.PK,2026-03-24,9.520922,26.03,BKKLY.PK
BKNG.O,2026-03-24,139.261051,4396.79,BKNG.O
BKNIY.PK,2026-03-24,13.78511,15.44,BKNIY.PK
BKPOY.PK,2026-03-24,15.196794,0.0,BKPOY.PK
BKQNY.PK,2026-03-24,3.133652,9.52,BKQNY.PK
BKR.O,2026-03-24,61.794429,62.53,BKR.O
BKRIF.PK,2026-03-24,17.149117,18.15,BKRIF.PK
BKRIY.PK,2026-03-24,17.149117,18.26,BKRIY.PK
BKRKY.PK,2026-03-24,30.741894,10.25,BKRKY.PK
BKSY.N,2026-03-24,1.026236,27.74,BKSY.N
BKU.N,2026-03-24,3.279864,44.54,BKU.N
BKV.N,2026-03-24,3.15903,28.88,BKV.N
BKZHY.PK,2026-03-24,15.84794,28.96,BKZHY.PK
BL.O,2026-03-24,2.382884,40.02,BL.O
BLBD.O,2026-03-24,1.746716,55.29,BLBD.O
BLCO.K,2026-03-24,5.624477,15.84,BLCO.K
BLCO.N,2026-03-24,5.624477,15.84,BLCO.N
BLD.N,2026-03-24,9.766081,346.99,BLD.N
BLDR.K,2026-03-24,9.363825,84.66,BLDR.K
BLDR.N,2026-03-24,9.363825,84.66,BLDR.N
BLFBY.PK,2026-03-24,4.986357,20.83,BLFBY.PK
BLFS.O,2026-03-24,0.925911,19.17,BLFS.O
BLJZY.PK,2026-03-24,1.626104,6.4,BLJZY.PK
BLK.N,2026-03-24,151.58767,974.58,BLK.N
BLKB.O,2026-03-24,1.999024,43.52,BLKB.O
BLLN.O,2026-03-24,3.658419,79.59,BLLN.O
BLMOY.PK,2026-03-24,10.294327,8.24,BLMOY.PK
BLRDY.PK,2026-03-24,1.894518,20.7,BLRDY.PK
BLSFY.PK,2026-03-24,8.31676,93.5,BLSFY.PK
BLSH.K,2026-03-24,5.944452,39.55,BLSH.K
BLSH.N,2026-03-24,5.944452,39.55,BLSH.N
BLTE.O,2026-03-24,5.945842,151.14,BLTE.O
BLUMY.PK,2026-03-24,1.931415,1.78,BLUMY.PK
BLWYY.PK,2026-03-24,3.330672,31.39,BLWYY.PK
BLX.N,2026-03-24,1.601015,50.39,BLX.N
BMA.N,2026-03-24,4.684792,70.33,BMA.N
BMBOY.PK,2026-03-24,13.85772,12.98,BMBOY.PK
BMI.N,2026-03-24,4.489005,153.83,BMI.N
BML_pg.N,2026-03-24,341.035937,19.05,BML_pg.N
BML_ph.N,2026-03-24,341.035937,18.99,BML_ph.N
BML_pj.N,2026-03-24,341.035937,19.54,BML_pj.N
BML_pl.N,2026-03-24,341.035937,19.44,BML_pl.N
BMNR.PK,2026-03-24,9.674924,21.27,BMNR.PK
BMO.N,2026-03-24,96.864655,137.12,BMO.N
BMRN.O,2026-03-24,10.535474,54.78,BMRN.O
BMRRY.PK,2026-03-24,2.191919,8.73,BMRRY.PK
BMUSY.PK,2026-03-24,9.301341,0.0,BMUSY.PK
BMWKY.PK,2026-03-24,55.662267,30.2,BMWKY.PK
BMXVY.PK,2026-03-24,1.151108,0.0,BMXVY.PK
BMXXY.PK,2026-03-24,12.201764,9.9,BMXXY.PK
BMY.N,2026-03-24,116.079001,57.0,BMY.N
BMYMP.PK,2026-03-24,116.079001,700.0,BMYMP.PK
BN.N,2026-03-24,96.647576,39.45,BN.N
BNCDY.PK,2026-03-24,14.445967,38.2,BNCDY.PK
BNCPY.PK,2026-03-24,1.474004,0.0,BNCPY.PK
BNCZF.PK,2026-03-24,20.440846,13.81,BNCZF.PK
BNDSY.PK,2026-03-24,17.658143,6.97,BNDSY.PK
BNL.N,2026-03-24,3.569291,18.63,BNL.N
BNMDF.PK,2026-03-24,14.445967,22.05,BNMDF.PK
BNNCY.PK,2026-03-24,20.440846,57.75,BNNCY.PK
BNPJY.PK,2026-03-24,1.96388,2.5,BNPJY.PK
BNPQF.PK,2026-03-24,106.234422,96.58,BNPQF.PK
BNPQY.PK,2026-03-24,106.234422,48.59,BNPQY.PK
BNPZY.PK,2026-03-24,106.234422,0.0,BNPZY.PK
BNS.N,2026-03-24,85.237764,69.26,BNS.N
BNT.N,2026-03-24,2.674435,40.96,BNT.N
BNTGY.PK,2026-03-24,8.597601,11.9,BNTGY.PK
BNTX.O,2026-03-24,23.287314,88.41,BNTX.O
BOBS.N,2026-03-24,1.557886,11.95,BOBS.N
BOH.N,2026-03-24,2.871758,72.29,BOH.N
BOKF.O,2026-03-24,7.657716,126.03,BOKF.O
BOLSY.PK,2026-03-24,16.644549,9.78,BOLSY.PK
BOMXF.PK,2026-03-24,1.151108,2.02,BOMXF.PK
BOND.N,2026-03-24,7.688766,92.07,BOND.N
BOOT.K,2026-03-24,4.903469,161.19,BOOT.K
BOOT.N,2026-03-24,4.903469,161.19,BOOT.N
BORAY.PK,2026-03-24,1.82285,3.25,BORAY.PK
BORR.K,2026-03-24,1.545294,5.03,BORR.K
BORR.N,2026-03-24,1.545294,5.03,BORR.N
BOSSY.PK,2026-03-24,3.018147,8.78,BOSSY.PK
BOUYY.PK,2026-03-24,22.01204,11.49,BOUYY.PK
BOX.N,2026-03-24,3.394784,24.52,BOX.N
BP.N,2026-03-24,113.58798,43.57,BP.N
BPCGY.PK,2026-03-24,13.737488,9.34,BPCGY.PK
BPHLY.PK,2026-03-24,8.820584,33.6,BPHLY.PK
BPIRY.PK,2026-03-24,10.153033,8.0,BPIRY.PK
BPOP.O,2026-03-24,8.578143,131.76,BPOP.O
BPOPO.PK,2026-03-24,8.578143,25.1,BPOPO.PK
BPRE.N,2026-03-24,2.490403,17.41,BPRE.N
BPXXY.PK,2026-03-24,24.625854,24.3,BPXXY.PK
BQMCY.PK,2026-03-24,5.150501,0.0,BQMCY.PK
BQMGY.PK,2026-03-24,5.150501,0.0,BQMGY.PK
BR.N,2026-03-24,19.94535,170.84,BR.N
BRBR.K,2026-03-24,1.947847,16.61,BRBR.K
BRBR.N,2026-03-24,1.947847,16.61,BRBR.N
BRC.N,2026-03-24,3.915204,82.9,BRC.N
BRDCY.PK,2026-03-24,27.686131,10.41,BRDCY.PK
BREJY.PK,2026-03-24,12.178551,4.42,BREJY.PK
BRELY.PK,2026-03-24,0.790552,13.67,BRELY.PK
BRGAY.PK,2026-03-24,1.731674,35.15,BRGAY.PK
BRKa.N,2026-03-24,1035.270459,720000.0,BRKa.N
BRKb.N,2026-03-24,1035.270459,479.98,BRKb.N
BRKR.O,2026-03-24,5.306363,34.86,BRKR.O
BRO.N,2026-03-24,22.712824,66.72,BRO.N
BROS.K,2026-03-24,8.627093,52.43,BROS.K
BROS.N,2026-03-24,8.627093,52.43,BROS.N
BRRAY.PK,2026-03-24,2.1e-05,15.5,BRRAY.PK
BRRLY.PK,2026-03-24,9.146936,16.73,BRRLY.PK
BRSL.K,2026-03-24,2.408098,13.05,BRSL.K
BRSL.N,2026-03-24,2.408098,13.05,BRSL.N
BRTHY.PK,2026-03-24,4.779946,37.65,BRTHY.PK
BRX.N,2026-03-24,8.849159,28.84,BRX.N
BRZE.O,2026-03-24,2.132092,18.92,BRZE.O
BSAC.K,2026-03-24,14.925036,32.1,BSAC.K
BSAC.N,2026-03-24,14.925036,32.1,BSAC.N
BSBR.K,2026-03-24,21.669359,5.78,BSBR.K
BSBR.N,2026-03-24,21.669359,5.78,BSBR.N
BSDGY.PK,2026-03-24,6.145057,26.1,BSDGY.PK
BSM.N,2026-03-24,3.18076,14.98,BSM.N
BSMLP.PK,2026-03-24,3.18076,0.0,BSMLP.PK
BST.N,2026-03-24,1.292974,37.24,BST.N
BSTZ.K,2026-03-24,1.500685,21.83,BSTZ.K
BSTZ.N,2026-03-24,1.500685,21.83,BSTZ.N
BSX.N,2026-03-24,103.348621,69.54,BSX.N
BSY.O,2026-03-24,11.579669,38.23,BSY.O
BTDPY.PK,2026-03-24,5.052827,7.2,BTDPY.PK
BTDR.O,2026-03-24,2.080306,8.63,BTDR.O
BTE.N,2026-03-24,3.078298,4.1,BTE.N
BTG.N,2026-03-24,5.465927,4.08,BTG.N
BTGO.N,2026-03-24,1.135172,9.82,BTGO.N
BTGUY.PK,2026-03-24,26.551831,0.0,BTGUY.PK
BTI.N,2026-03-24,124.182081,57.92,BTI.N
BTLCY.PK,2026-03-24,4.654833,4.66,BTLCY.PK
BTSG.O,2026-03-24,8.09875,42.1,BTSG.O
BTSGU.O,2026-03-24,8.09875,140.95,BTSGU.O
BTSGY.PK,2026-03-24,0.977019,3.08,BTSGY.PK
BTSNY.PK,2026-03-24,1.30815,10.01,BTSNY.PK
BTT.N,2026-03-24,1.449333,22.67,BTT.N
BTTAY.PK,2026-03-24,1.562309,24.23,BTTAY.PK
BTU.N,2026-03-24,4.308657,35.39,BTU.N
BTX.N,2026-03-24,0.770288,6.6,BTX.N
BUD.N,2026-03-24,123.127563,68.55,BUD.N
BUGDF.PK,2026-03-24,3.807917,4.75,BUGDF.PK
BUHPY.PK,2026-03-24,3.807917,59.68,BUHPY.PK
BULL.O,2026-03-24,2.779521,5.31,BULL.O
BUR.N,2026-03-24,1.711398,7.81,BUR.N
BURBY.PK,2026-03-24,5.077795,14.23,BURBY.PK
BURL.K,2026-03-24,19.971587,318.59,BURL.K
BURL.N,2026-03-24,19.971587,318.59,BURL.N
BUSE.O,2026-03-24,2.16086,25.06,BUSE.O
BV.N,2026-03-24,1.10685,11.75,BV.N
BVC.O,2026-03-24,0.064699,8.1,BVC.O
BVENY.PK,2026-03-24,1.553525,3.4,BVENY.PK
BVHMY.PK,2026-03-24,1.460947,5.0,BVHMY.PK
BVILY.PK,2026-03-24,2.642121,28.87,BVILY.PK
BVN.N,2026-03-24,10.450896,31.72,BVN.N
BVNRY.PK,2026-03-24,2.306383,9.65,BVNRY.PK
BVRDF.PK,2026-03-24,13.65343,33.49,BVRDF.PK
BVVBY.PK,2026-03-24,13.65343,60.78,BVVBY.PK
BW.N,2026-03-24,1.904405,14.08,BW.N
BWA.N,2026-03-24,11.149987,54.11,BWA.N
BWERY.PK,2026-03-24,1.527401,54.15,BWERY.PK
BWIN.O,2026-03-24,3.162863,22.14,BWIN.O
BWLP.K,2026-03-24,2.526492,16.06,BWLP.K
BWNB.N,2026-03-24,1.904405,25.0,BWNB.N
BWOFY.PK,2026-03-24,0.963968,12.25,BWOFY.PK
BWVTF.PK,2026-03-24,70.258593,85.0,BWVTF.PK
BWXT.K,2026-03-24,18.766702,204.85,BWXT.K
BWXT.N,2026-03-24,18.766702,204.85,BWXT.N
BX.N,2026-03-24,129.882327,109.35,BX.N
BXBLY.PK,2026-03-24,20.838006,31.3,BXBLY.PK
BXCAP.PK,2026-03-24,3.394784,0.0,BXCAP.PK
BXMT.K,2026-03-24,3.16385,18.75,BXMT.K
BXMT.N,2026-03-24,3.16385,18.75,BXMT.N
BXMX.K,2026-03-24,1.420815,13.64,BXMX.K
BXMX.N,2026-03-24,1.420815,13.64,BXMX.N
BXP.N,2026-03-24,8.413689,53.04,BXP.N
BXRLY.PK,2026-03-24,2.118449,0.0,BXRLY.PK
BXSL.K,2026-03-24,5.679241,24.45,BXSL.K
BXSL.N,2026-03-24,5.679241,24.45,BXSL.N
BY.N,2026-03-24,1.410576,30.94,BY.N
BYD.N,2026-03-24,6.170444,81.94,BYD.N
BYDDF.PK,2026-03-24,134.529185,13.46,BYDDF.PK
BYDDY.PK,2026-03-24,134.529185,13.35,BYDDY.PK
BYDIY.PK,2026-03-24,8.911222,198.46,BYDIY.PK
BYSD.PK,2026-03-24,0.016635,1.02,BYSD.PK
BZ.O,2026-03-24,6.427464,13.35,BZ.O
BZLEY.PK,2026-03-24,10.175512,34.99,BZLEY.PK
BZLFY.PK,2026-03-24,9.384521,14.67,BZLFY.PK
BZQIY.PK,2026-03-24,7.231358,13.85,BZQIY.PK
BZZUY.PK,2026-03-24,9.717112,25.59,BZZUY.PK
C.N,2026-03-24,195.293974,111.64,C.N
CAAP.K,2026-03-24,4.135435,25.03,CAAP.K
CAAP.N,2026-03-24,4.135435,25.03,CAAP.N
CABGY.PK,2026-03-24,16.550449,24.63,CABGY.PK
CACC.O,2026-03-24,4.710064,438.24,CACC.O
CACI.K,2026-03-24,13.014705,589.28,CACI.K
CACI.N,2026-03-24,13.014705,589.28,CACI.N
CAE.N,2026-03-24,8.787171,27.28,CAE.N
CAG.N,2026-03-24,7.395592,15.46,CAG.N
CAH.N,2026-03-24,48.569226,206.4,CAH.N
CAHPF.PK,2026-03-24,16.920184,8.41,CAHPF.PK
CAI.O,2026-03-24,5.442489,19.26,CAI.O
CAIXY.PK,2026-03-24,83.10277,3.94,CAIXY.PK
CAJPY.PK,2026-03-24,36.679969,27.42,CAJPY.PK
CAKE.O,2026-03-24,2.818036,56.52,CAKE.O
CALM.O,2026-03-24,3.672697,77.07,CALM.O
CALX.K,2026-03-24,3.447027,52.54,CALX.K
CALX.N,2026-03-24,3.447027,52.54,CALX.N
CALY.K,2026-03-24,2.470545,13.42,CALY.K
CALY.N,2026-03-24,2.470545,13.42,CALY.N
CALY.O,2026-03-24,0.28524,50.48,CALY.O
CAMT.O,2026-03-24,8.01986,172.29,CAMT.O
CAOVY.PK,2026-03-24,16.850535,7.93,CAOVY.PK
CAPMF.PK,2026-03-24,19.314813,117.36,CAPMF.PK
CAPR.O,2026-03-24,1.73107,30.1,CAPR.O
CAR.O,2026-03-24,3.782548,107.28,CAR.O
CARCY.PK,2026-03-24,1.372822,6.02,CARCY.PK
CARG.O,2026-03-24,3.269747,34.35,CARG.O
CARR.K,2026-03-24,48.705763,58.3,CARR.K
CARR.N,2026-03-24,48.705763,58.3,CARR.N
CART.O,2026-03-24,9.172246,38.12,CART.O
CASH.O,2026-03-24,1.986154,91.26,CASH.O
CASY.O,2026-03-24,25.022002,677.02,CASY.O
CAT.N,2026-03-24,326.492121,701.7,CAT.N
CATY.O,2026-03-24,3.261508,48.71,CATY.O
CAVA.K,2026-03-24,10.133012,87.07,CAVA.K
CAVA.N,2026-03-24,10.133012,87.07,CAVA.N
CB.N,2026-03-24,127.335394,326.37,CB.N
CBC.O,2026-03-24,5.656431,23.46,CBC.O
CBGPY.PK,2026-03-24,0.711687,9.04,CBGPY.PK
CBL.N,2026-03-24,1.161596,37.5,CBL.N
CBLUY.PK,2026-03-24,1.588985,11.19,CBLUY.PK
CBOE.K,2026-03-24,29.371849,280.62,CBOE.K
CBQRL.PK,2026-03-24,4.66295,0.0,CBQRL.PK
CBRE.K,2026-03-24,40.067774,135.75,CBRE.K
CBRE.N,2026-03-24,40.067774,135.75,CBRE.N
CBSH.O,2026-03-24,7.064893,48.1,CBSH.O
CBT.N,2026-03-24,3.575091,68.46,CBT.N
CBU.N,2026-03-24,3.018972,57.26,CBU.N
CBUMY.PK,2026-03-24,4.933869,34.84,CBUMY.PK
CBZ.N,2026-03-24,1.469905,26.69,CBZ.N
CC.N,2026-03-24,2.777058,18.5,CC.N
CCB.O,2026-03-24,1.173067,77.13,CCB.O
CCC.O,2026-03-24,3.752039,6.18,CCC.O
CCEC.O,2026-03-24,1.183314,20.15,CCEC.O
CCEP.O,2026-03-24,41.581342,92.59,CCEP.O
CCHGY.PK,2026-03-24,20.453296,56.58,CCHGY.PK
CCI.N,2026-03-24,35.465609,81.33,CCI.N
CCJ.N,2026-03-24,46.009239,105.57,CCJ.N
CCK.N,2026-03-24,11.417676,100.84,CCK.N
CCL.N,2026-03-24,35.26007,25.45,CCL.N
CCO.N,2026-03-24,1.186402,2.38,CCO.N
CCOEY.PK,2026-03-24,11.654049,11.21,CCOEY.PK
CCOI.O,2026-03-24,0.94443,18.85,CCOI.O
CCOJY.PK,2026-03-24,3.951188,11.68,CCOJY.PK
CCOZY.PK,2026-03-24,31.696496,30.82,CCOZY.PK
CCS.N,2026-03-24,1.670405,57.5,CCS.N
CCU.N,2026-03-24,2.110579,11.25,CCU.N
CCZ.N,2026-03-24,56.893307,62.27,CCZ.N
CDDRF.PK,2026-03-24,2.213762,9.32,CDDRF.PK
CDE.N,2026-03-24,18.51105,17.89,CDE.N
CDEVY.PK,2026-03-24,5.817485,6.38,CDEVY.PK
CDGLY.PK,2026-03-24,2.418234,21.26,CDGLY.PK
CDLR.K,2026-03-24,2.009533,22.76,CDLR.K
CDLR.N,2026-03-24,2.009533,22.76,CDLR.N
CDNA.O,2026-03-24,0.899359,17.56,CDNA.O
CDNS.O,2026-03-24,80.699093,292.52,CDNS.O
CDP.N,2026-03-24,3.567173,31.51,CDP.N
CDPYF.PK,2026-03-24,3.987114,26.04,CDPYF.PK
CDRE.K,2026-03-24,1.350587,31.61,CDRE.K
CDRE.N,2026-03-24,1.350587,31.61,CDRE.N
CDULY.PK,2026-03-24,7.071031,0.0,CDULY.PK
CDW.O,2026-03-24,15.49987,120.16,CDW.O
CE.N,2026-03-24,6.282224,56.13,CE.N
CECO.O,2026-03-24,2.08324,58.41,CECO.O
CEF.N,2026-03-24,8.527685,44.05,CEF.N
CEG.O,2026-03-24,104.978504,289.76,CEG.O
CELC.O,2026-03-24,4.939457,106.75,CELC.O
CELH.O,2026-03-24,10.189098,39.65,CELH.O
CELJF.PK,2026-03-24,1.990099,9.0,CELJF.PK
CENT.O,2026-03-24,2.059114,36.6,CENT.O
CENTA.O,2026-03-24,2.059114,32.29,CENTA.O
CENX.O,2026-03-24,4.600314,46.48,CENX.O
CEPU.K,2026-03-24,2.462967,15.4,CEPU.K
CEPU.N,2026-03-24,2.462967,15.4,CEPU.N
CERT.O,2026-03-24,1.010536,6.35,CERT.O
CESDF.PK,2026-03-24,2.812355,13.38,CESDF.PK
CET.N,2026-03-24,1.480418,50.16,CET.N
CEVIY.PK,2026-03-24,1.564066,5.4,CEVIY.PK
CEVMY.PK,2026-03-24,7.050791,18.2,CEVMY.PK
CEZZY.PK,2026-03-24,30.118872,23.9,CEZZY.PK
CF.N,2026-03-24,18.461623,120.18,CF.N
CFACY.PK,2026-03-24,2.522979,18.0,CFACY.PK
CFDZY.PK,2026-03-24,1.54049,0.0,CFDZY.PK
CFEIY.PK,2026-03-24,4.205209,4.99,CFEIY.PK
CFG.N,2026-03-24,24.641146,57.98,CFG.N
CFIGY.PK,2026-03-24,3.838955,43.7,CFIGY.PK
CFLT.O,2026-03-24,11.133731,30.99,CFLT.O
CFR.N,2026-03-24,8.412063,133.6,CFR.N
CFRUY.PK,2026-03-24,93.676859,17.46,CFRUY.PK
CG.O,2026-03-24,17.220636,47.68,CG.O
CGASY.PK,2026-03-24,5.677726,26.91,CGASY.PK
CGAU.K,2026-03-24,3.272364,16.37,CGAU.K
CGEMY.PK,2026-03-24,19.314813,22.96,CGEMY.PK
CGHLY.PK,2026-03-24,5.244159,25.61,CGHLY.PK
CGKEY.PK,2026-03-24,2.401175,9.69,CGKEY.PK
CGNX.O,2026-03-24,8.484304,50.8,CGNX.O
CGON.O,2026-03-24,5.484911,64.96,CGON.O
CGXYY.PK,2026-03-24,18.121027,31.98,CGXYY.PK
CHA.O,2026-03-24,1.864867,10.16,CHA.O
CHBAY.PK,2026-03-24,9.90756,62.6,CHBAY.PK
CHBBY.PK,2026-03-24,1.904699,0.0,CHBBY.PK
CHCJY.PK,2026-03-24,62.956301,18.29,CHCJY.PK
CHCLY.PK,2026-03-24,2.667601,34.23,CHCLY.PK
CHCO.O,2026-03-24,1.706983,118.95,CHCO.O
CHD.N,2026-03-24,22.420228,94.65,CHD.N
CHDAX.O,2026-03-24,13.177327,12.97,CHDAX.O
CHDBX.O,2026-03-24,13.177327,12.78,CHDBX.O
CHDDX.O,2026-03-24,13.177327,13.03,CHDDX.O
CHDN.O,2026-03-24,5.897707,84.62,CHDN.O
CHDRF.PK,2026-03-24,92.64507,568.0,CHDRF.PK
CHDRY.PK,2026-03-24,92.64507,136.25,CHDRY.PK
CHE.N,2026-03-24,5.140177,373.42,CHE.N
CHEF.O,2026-03-24,2.366777,58.16,CHEF.O
CHEOY.PK,2026-03-24,7.396274,58.28,CHEOY.PK
CHFFF.PK,2026-03-24,4.281803,0.64,CHFFF.PK
CHFFY.PK,2026-03-24,4.281803,5.79,CHFFY.PK
CHFHY.PK,2026-03-24,1.410521,11.0,CHFHY.PK
CHGCY.PK,2026-03-24,87.15881,25.62,CHGCY.PK
CHH.N,2026-03-24,4.591623,99.88,CHH.N
CHHQY.PK,2026-03-24,43.362969,52.01,CHHQY.PK
CHJTF.PK,2026-03-24,12.253076,1.02,CHJTF.PK
CHKP.O,2026-03-24,16.237402,151.25,CHKP.O
CHLLY.PK,2026-03-24,3.463471,4.1,CHLLY.PK
CHLSY.PK,2026-03-24,31.786996,13.38,CHLSY.PK
CHNEY.PK,2026-03-24,12.727503,11.52,CHNEY.PK
CHPCY.PK,2026-03-24,97.736878,0.0,CHPCY.PK
CHRD.O,2026-03-24,7.411708,130.75,CHRD.O
CHRNY.PK,2026-03-24,9.002142,0.0,CHRNY.PK
CHRW.O,2026-03-24,19.7907,166.84,CHRW.O
CHRYY.PK,2026-03-24,2.406588,27.72,CHRYY.PK
CHSFY.PK,2026-03-24,1.259087,0.0,CHSFY.PK
CHT.N,2026-03-24,32.626027,42.23,CHT.N
CHTR.O,2026-03-24,30.580647,216.61,CHTR.O
CHVKY.PK,2026-03-24,6.633722,0.17,CHVKY.PK
CHWY.K,2026-03-24,9.789816,23.59,CHWY.K
CHWY.N,2026-03-24,9.789816,23.59,CHWY.N
CHYCY.PK,2026-03-24,1.735168,7.16,CHYCY.PK
CHYM.O,2026-03-24,7.597494,19.78,CHYM.O
CHYYY.PK,2026-03-24,35.547159,14.21,CHYYY.PK
CI.N,2026-03-24,68.944652,261.49,CI.N
CIADY.PK,2026-03-24,7.81891,20.37,CIADY.PK
CIB.N,2026-03-24,19.641534,70.57,CIB.N
CIBEY.PK,2026-03-24,8.393071,2.23,CIBEY.PK
CICB.N,2026-03-24,0.348931,24.8,CICB.N
CICC.N,2026-03-24,0.348931,24.95,CICC.N
CICHF.PK,2026-03-24,273.305615,0.98,CICHF.PK
CICHY.PK,2026-03-24,273.305615,20.13,CICHY.PK
CICOY.PK,2026-03-24,33.612743,9.76,CICOY.PK
CIEN.K,2026-03-24,57.676418,407.9,CIEN.K
CIEN.N,2026-03-24,57.676418,407.9,CIEN.N
CIFR.O,2026-03-24,6.032228,14.89,CIFR.O
CIG.N,2026-03-24,7.546918,2.35,CIG.N
CIGc.N,2026-03-24,7.546918,3.15,CIGc.N
CIGI.O,2026-03-24,5.225055,102.0,CIGI.O
CIHKY.PK,2026-03-24,146.040985,30.65,CIHKY.PK
CIIHY.PK,2026-03-24,51.348387,32.9,CIIHY.PK
CILJF.PK,2026-03-24,144.459417,3.46,CILJF.PK
CIM.N,2026-03-24,1.063382,12.75,CIM.N
CIM_pa.N,2026-03-24,1.063382,20.42,CIM_pa.N
CIM_pb.N,2026-03-24,1.063382,22.2,CIM_pb.N
CIM_pc.N,2026-03-24,1.063382,20.23,CIM_pc.N
CIM_pd.N,2026-03-24,1.063382,21.93,CIM_pd.N
CIMN.N,2026-03-24,1.063382,24.61,CIMN.N
CIMO.N,2026-03-24,1.063382,24.86,CIMO.N
CIMP.N,2026-03-24,1.063382,24.49,CIMP.N
CINF.O,2026-03-24,24.939372,160.19,CINF.O
CION.N,2026-03-24,0.348931,6.91,CION.N
CISEY.PK,2026-03-24,9.528647,0.0,CISEY.PK
CITAY.PK,2026-03-24,4.355524,7.0,CITAY.PK
CIVDX.O,2026-03-24,4.736402,11.01,CIVDX.O
CIVI.K,2026-03-24,2.336026,27.38,CIVI.K
CIVJX.O,2026-03-24,4.736402,10.86,CIVJX.O
CIVMX.O,2026-03-24,4.736402,11.06,CIVMX.O
CJEWF.PK,2026-03-24,13.903334,1.9,CJEWF.PK
CJEWY.PK,2026-03-24,13.903334,13.88,CJEWY.PK
CJPRY.PK,2026-03-24,26.263284,13.13,CJPRY.PK
CKHGY.PK,2026-03-24,28.012214,120.9,CKHGY.PK
CKHUY.PK,2026-03-24,28.823245,7.5,CKHUY.PK
CKISF.PK,2026-03-24,20.183778,7.58,CKISF.PK
CKISY.PK,2026-03-24,20.183778,42.95,CKISY.PK
CKNHY.PK,2026-03-24,1.870273,23.5,CKNHY.PK
CKSNY.PK,2026-03-24,1.322161,6.36,CKSNY.PK
CL.N,2026-03-24,68.251815,85.15,CL.N
CLBEY.PK,2026-03-24,2.564811,4.74,CLBEY.PK
CLBK.O,2026-03-24,1.825195,17.53,CLBK.O
CLBT.O,2026-03-24,3.701687,14.84,CLBT.O
CLCGY.PK,2026-03-24,3.976596,34.69,CLCGY.PK
CLCHY.PK,2026-03-24,2.289098,0.0,CLCHY.PK
CLDX.O,2026-03-24,2.11681,31.8,CLDX.O
CLEGF.PK,2026-03-24,20.560884,14.96,CLEGF.PK
CLEGY.PK,2026-03-24,20.560884,0.0,CLEGY.PK
CLF.N,2026-03-24,4.580236,8.03,CLF.N
CLH.N,2026-03-24,15.137822,286.1,CLH.N
CLLNY.PK,2026-03-24,20.030969,14.75,CLLNY.PK
CLM.N,2026-03-24,2.162914,7.27,CLM.N
CLMT.O,2026-03-24,2.43495,28.06,CLMT.O
CLOEF.PK,2026-03-24,1.526255,5.79,CLOEF.PK
CLOV.O,2026-03-24,0.970634,1.85,CLOV.O
CLPBY.PK,2026-03-24,13.695179,6.58,CLPBY.PK
CLPHF.PK,2026-03-24,23.415459,9.38,CLPHF.PK
CLPHY.PK,2026-03-24,23.415459,9.3,CLPHY.PK
CLPXY.PK,2026-03-24,17.313773,9.4,CLPXY.PK
CLRLY.PK,2026-03-24,3.256519,0.0,CLRLY.PK
CLS.N,2026-03-24,32.967692,286.98,CLS.N
CLSK.O,2026-03-24,2.552414,9.98,CLSK.O
CLUS.PK,2026-03-24,8.00088,0.0,CLUS.PK
CLVT.K,2026-03-24,1.633781,2.55,CLVT.K
CLVT.N,2026-03-24,1.633781,2.55,CLVT.N
CLX.N,2026-03-24,12.802148,105.88,CLX.N
CLZNY.PK,2026-03-24,2.968031,9.18,CLZNY.PK
CM.N,2026-03-24,89.278451,96.64,CM.N
CMA.N,2026-03-24,11.348052,88.67,CMA.N
CMAKY.PK,2026-03-24,23.651186,4.5,CMAKY.PK
CMBT.K,2026-03-24,3.897167,12.41,CMBT.K
CMC.N,2026-03-24,6.862951,61.88,CMC.N
CMCLY.PK,2026-03-24,52.705951,148.88,CMCLY.PK
CMCSA.O,2026-03-24,104.373512,29.01,CMCSA.O
CME.O,2026-03-24,109.939262,306.56,CME.O
CMG.N,2026-03-24,43.448831,33.36,CMG.N
CMGJY.PK,2026-03-24,8.393071,0.0,CMGJY.PK
CMGMY.PK,2026-03-24,1.784077,6.57,CMGMY.PK
CMHHY.PK,2026-03-24,8.628285,20.5,CMHHY.PK
CMI.N,2026-03-24,75.749215,548.25,CMI.N
CMP.N,2026-03-24,0.954483,22.8,CMP.N
CMPBY.PK,2026-03-24,1.282712,0.0,CMPBY.PK
CMPCY.PK,2026-03-24,4.384876,4.0,CMPCY.PK
CMPGY.PK,2026-03-24,47.83652,28.56,CMPGY.PK
CMPO.O,2026-03-24,5.112192,17.65,CMPO.O
CMPR.O,2026-03-24,1.748291,71.99,CMPR.O
CMPRY.PK,2026-03-24,4.280129,0.0,CMPRY.PK
CMPX.O,2026-03-24,0.907643,5.04,CMPX.O
CMRE.K,2026-03-24,2.091009,17.34,CMRE.K
CMRE.N,2026-03-24,2.091009,17.34,CMRE.N
CMRF.PK,2026-03-24,1.09025,2.5,CMRF.PK
CMS.N,2026-03-24,22.865128,74.62,CMS.N
CMSA.N,2026-03-24,22.865128,21.59,CMSA.N
CMSC.N,2026-03-24,22.865128,22.88,CMSC.N
CMSD.N,2026-03-24,22.865128,22.74,CMSD.N
CMSQY.PK,2026-03-24,11.507428,20.14,CMSQY.PK
CMTOY.PK,2026-03-24,3.6382,15.99,CMTOY.PK
CMTSX.O,2026-03-24,52.009302,13.64,CMTSX.O
CMTWX.O,2026-03-24,52.009302,13.45,CMTWX.O
CMTYX.O,2026-03-24,52.009302,13.7,CMTYX.O
CMWAY.PK,2026-03-24,200.683195,124.67,CMWAY.PK
CNA.N,2026-03-24,12.275888,45.48,CNA.N
CNC.N,2026-03-24,16.135007,32.81,CNC.N
CNGKY.PK,2026-03-24,19.944354,11.72,CNGKY.PK
CNGO.PK,2026-03-24,1.661865,23.5,CNGO.PK
CNH.N,2026-03-24,12.967892,10.45,CNH.N
CNHHY.PK,2026-03-24,1.554049,25.12,CNHHY.PK
CNI.N,2026-03-24,61.621067,100.69,CNI.N
CNK.N,2026-03-24,3.212785,27.81,CNK.N
CNL.N,2026-03-24,1.339828,14.52,CNL.N
CNM.N,2026-03-24,9.464751,48.41,CNM.N
CNMD.K,2026-03-24,1.129432,36.63,CNMD.K
CNMD.N,2026-03-24,1.129432,36.63,CNMD.N
CNMMY.PK,2026-03-24,18.584416,0.0,CNMMY.PK
CNO.N,2026-03-24,3.822018,40.54,CNO.N
CNOB.O,2026-03-24,1.343305,26.72,CNOB.O
CNOBP.O,2026-03-24,1.343305,24.48,CNOBP.O
CNP.N,2026-03-24,27.317857,41.76,CNP.N
CNQ.N,2026-03-24,100.980907,48.38,CNQ.N
CNR.N,2026-03-24,5.2349,103.15,CNR.N
CNS.N,2026-03-24,3.263513,63.5,CNS.N
CNSWF.PK,2026-03-24,39.182562,1856.69,CNSWF.PK
CNSWY.PK,2026-03-24,39.182562,9.55,CNSWY.PK
CNTA.O,2026-03-24,3.788513,25.94,CNTA.O
CNVVY.PK,2026-03-24,5.711966,11.85,CNVVY.PK
CNX.N,2026-03-24,5.785842,40.64,CNX.N
CNXC.O,2026-03-24,2.027565,33.04,CNXC.O
CNXN.O,2026-03-24,1.461259,57.99,CNXN.O
COCO.O,2026-03-24,3.183473,55.77,COCO.O
CODLY.PK,2026-03-24,4.147492,0.0,CODLY.PK
CODYY.PK,2026-03-24,40.545562,16.48,CODYY.PK
COF.N,2026-03-24,114.435413,184.0,COF.N
COGNY.PK,2026-03-24,1.171557,0.57,COGNY.PK
COGT.O,2026-03-24,5.747355,35.41,COGT.O
COHR.N,2026-03-24,49.803617,255.05,COHR.N
COHU.O,2026-03-24,1.417903,30.24,COHU.O
COIHY.PK,2026-03-24,5.023434,18.25,COIHY.PK
COIN.O,2026-03-24,52.97876,200.62,COIN.O
COKE.O,2026-03-24,12.540047,188.39,COKE.O
COLB.O,2026-03-24,7.941447,26.87,COLB.O
COLD.K,2026-03-24,3.210594,11.27,COLD.K
COLD.N,2026-03-24,3.210594,11.27,COLD.N
COLL.O,2026-03-24,1.102948,34.74,COLL.O
COLM.O,2026-03-24,2.883523,55.08,COLM.O
COMP.K,2026-03-24,6.287067,8.47,COMP.K
COMP.N,2026-03-24,6.287067,8.47,COMP.N
CON.N,2026-03-24,2.874708,22.37,CON.N
COO.O,2026-03-24,13.704835,70.24,COO.O
COP.N,2026-03-24,155.469317,127.19,COP.N
COR.N,2026-03-24,62.368482,320.61,COR.N
CORT.O,2026-03-24,3.577358,33.63,CORT.O
CORZ.O,2026-03-24,5.228215,16.58,CORZ.O
CORZR.PK,2026-03-24,5.228215,0.04,CORZR.PK
COST.O,2026-03-24,428.448567,965.73,COST.O
COTY.K,2026-03-24,1.883214,2.14,COTY.K
COTY.N,2026-03-24,1.883214,2.14,COTY.N
COUR.K,2026-03-24,1.012495,5.98,COUR.K
COUR.N,2026-03-24,1.012495,5.98,COUR.N
COVTY.PK,2026-03-24,14.36407,33.62,COVTY.PK
CP.N,2026-03-24,71.412793,79.46,CP.N
CPA.N,2026-03-24,4.664289,113.38,CPA.N
CPAY.K,2026-03-24,19.959832,293.31,CPAY.K
CPAY.N,2026-03-24,19.959832,293.31,CPAY.N
CPB.N,2026-03-24,6.261076,21.0,CPB.N
CPCAY.PK,2026-03-24,9.548706,7.98,CPCAY.PK
CPFEY.PK,2026-03-24,10.381762,0.0,CPFEY.PK
CPK.N,2026-03-24,3.030588,126.61,CPK.N
CPLFY.PK,2026-03-24,10.536195,0.0,CPLFY.PK
CPNG.K,2026-03-24,35.302379,19.31,CPNG.K
CPNG.N,2026-03-24,35.302379,19.31,CPNG.N
CPPBY.PK,2026-03-24,8.385906,23.4,CPPBY.PK
CPPCY.PK,2026-03-24,11.989344,13.38,CPPCY.PK
CPRI.K,2026-03-24,2.179471,18.29,CPRI.K
CPRI.N,2026-03-24,2.179471,18.29,CPRI.N
CPRT.O,2026-03-24,32.164867,33.39,CPRT.O
CPRX.O,2026-03-24,2.847929,23.32,CPRX.O
CPT.N,2026-03-24,10.149516,98.15,CPT.N
CPWIY.PK,2026-03-24,5.100735,0.0,CPWIY.PK
CPXXY.PK,2026-03-24,7.119422,0.0,CPXXY.PK
CPYYY.PK,2026-03-24,12.079575,10.78,CPYYY.PK
CQP.N,2026-03-24,33.172229,68.53,CQP.N
CR.N,2026-03-24,10.052052,174.08,CR.N
CRAI.O,2026-03-24,1.036472,157.85,CRAI.O
CRARY.PK,2026-03-24,56.645956,9.37,CRARY.PK
CRAUY.PK,2026-03-24,20.688607,0.0,CRAUY.PK
CRBD.N,2026-03-24,11.420772,22.42,CRBD.N
CRBG.K,2026-03-24,11.420772,23.71,CRBG.K
CRBG.N,2026-03-24,11.420772,23.71,CRBG.N
CRBJY.PK,2026-03-24,26.18128,39.45,CRBJY.PK
CRC.N,2026-03-24,5.665851,63.85,CRC.N
CRCBY.PK,2026-03-24,11.053609,39.0,CRCBY.PK
CRCCY.PK,2026-03-24,24.90831,15.03,CRCCY.PK
CRCL.K,2026-03-24,31.256728,126.64,CRCL.K
CRCL.N,2026-03-24,31.256728,126.64,CRCL.N
CRDIY.PK,2026-03-24,10.078517,25.97,CRDIY.PK
CRDO.O,2026-03-24,19.385689,105.1,CRDO.O
CRF.N,2026-03-24,1.138642,7.02,CRF.N
CRGY.K,2026-03-24,4.098753,12.5,CRGY.K
CRGY.N,2026-03-24,4.098753,12.5,CRGY.N
CRH.N,2026-03-24,69.841652,104.42,CRH.N
CRHKY.PK,2026-03-24,10.767952,6.28,CRHKY.PK
CRI.N,2026-03-24,1.25423,34.47,CRI.N
CRK.N,2026-03-24,6.233261,21.2,CRK.N
CRL.N,2026-03-24,7.777992,158.0,CRL.N
CRLFF.PK,2026-03-24,1.376972,7.94,CRLFF.PK
CRM.N,2026-03-24,180.15114,195.18,CRM.N
CRML.O,2026-03-24,1.008338,8.26,CRML.O
CRMLY.PK,2026-03-24,13.240499,10.52,CRMLY.PK
CRNX.O,2026-03-24,3.634322,34.71,CRNX.O
CROX.O,2026-03-24,4.003115,79.69,CROX.O
CRPAY.PK,2026-03-24,7.702901,12.0,CRPAY.PK
CRPFY.PK,2026-03-24,1.54049,8.4,CRPFY.PK
CRPJY.PK,2026-03-24,12.491082,35.45,CRPJY.PK
CRRFY.PK,2026-03-24,12.783065,3.55,CRRFY.PK
CRS.N,2026-03-24,18.588488,373.19,CRS.N
CRSP.O,2026-03-24,4.499791,46.88,CRSP.O
CRTO.O,2026-03-24,0.868047,17.41,CRTO.O
CRUS.O,2026-03-24,6.981891,136.88,CRUS.O
CRVL.O,2026-03-24,2.772462,54.2,CRVL.O
CRWCY.PK,2026-03-24,3.678255,66.17,CRWCY.PK
CRWD.O,2026-03-24,104.82124,413.31,CRWD.O
CRWV.O,2026-03-24,43.085399,81.96,CRWV.O
CRYCY.PK,2026-03-24,7.723103,4.38,CRYCY.PK
CRZBY.PK,2026-03-24,41.345979,36.91,CRZBY.PK
CSAN.K,2026-03-24,4.055178,4.08,CSAN.K
CSAN.N,2026-03-24,4.055178,4.08,CSAN.N
CSCCY.PK,2026-03-24,5.552451,0.0,CSCCY.PK
CSCO.O,2026-03-24,311.33057,78.82,CSCO.O
CSGP.O,2026-03-24,18.013331,42.91,CSGP.O
CSGS.O,2026-03-24,2.290416,80.36,CSGS.O
CSGYY.PK,2026-03-24,4.704465,36.6,CSGYY.PK
CSIOY.PK,2026-03-24,2.148686,89.22,CSIOY.PK
CSIQ.O,2026-03-24,0.877671,13.1,CSIQ.O
CSL.N,2026-03-24,13.771074,336.88,CSL.N
CSLLY.PK,2026-03-24,47.408167,24.82,CSLLY.PK
CSNVY.PK,2026-03-24,1.217171,21.34,CSNVY.PK
CSPCY.PK,2026-03-24,12.253076,4.41,CSPCY.PK
CSPDX.O,2026-03-24,79.645976,13.18,CSPDX.O
CSPHX.O,2026-03-24,79.645976,12.99,CSPHX.O
CSPJX.O,2026-03-24,79.645976,13.24,CSPJX.O
CSPKY.PK,2026-03-24,2.704576,6.98,CSPKY.PK
CSQ.O,2026-03-24,2.814487,17.55,CSQ.O
CSR.N,2026-03-24,0.973247,58.02,CSR.N
CSTL.O,2026-03-24,0.765578,25.75,CSTL.O
CSTM.K,2026-03-24,3.218713,23.83,CSTM.K
CSTM.N,2026-03-24,3.218713,23.83,CSTM.N
CSUAY.PK,2026-03-24,146.278201,24.96,CSUAY.PK
CSW.N,2026-03-24,4.303671,261.3,CSW.N
CSWC.O,2026-03-24,1.323564,22.0,CSWC.O
CSX.O,2026-03-24,72.411142,38.94,CSX.O
CSXXY.PK,2026-03-24,6.083837,32.67,CSXXY.PK
CTAS.O,2026-03-24,72.242199,181.21,CTAS.O
CTBI.O,2026-03-24,1.086324,59.85,CTBI.O
CTGCY.PK,2026-03-24,21.164667,0.0,CTGCY.PK
CTIHY.PK,2026-03-24,9.671774,78.31,CTIHY.PK
CTOS.K,2026-03-24,1.43001,6.31,CTOS.K
CTOS.N,2026-03-24,1.43001,6.31,CTOS.N
CTOWY.PK,2026-03-24,24.581373,15.5,CTOWY.PK
CTPCY.PK,2026-03-24,43.264213,7.32,CTPCY.PK
CTRA.K,2026-03-24,25.663418,33.8,CTRA.K
CTRA.N,2026-03-24,25.663418,33.8,CTRA.N
CTRE.K,2026-03-24,8.360234,37.45,CTRE.K
CTRE.N,2026-03-24,8.360234,37.45,CTRE.N
CTRI.K,2026-03-24,3.036591,30.12,CTRI.K
CTRI.N,2026-03-24,3.036591,30.12,CTRI.N
CTRYQ.PK,2026-03-24,1.740984,0.0,CTRYQ.PK
CTS.N,2026-03-24,1.395759,48.64,CTS.N
CTSH.O,2026-03-24,29.622614,61.94,CTSH.O
CTTAY.PK,2026-03-24,13.874402,7.07,CTTAY.PK
CTTPY.PK,2026-03-24,0.927435,15.9,CTTPY.PK
CTVA.K,2026-03-24,52.204682,77.76,CTVA.K
CTVA.N,2026-03-24,52.204682,77.76,CTVA.N
CTXAY.PK,2026-03-24,5.649684,46.87,CTXAY.PK
CUBB.N,2026-03-24,2.305901,22.4,CUBB.N
CUBE.K,2026-03-24,8.436539,37.15,CUBE.K
CUBE.N,2026-03-24,8.436539,37.15,CUBE.N
CUBI.K,2026-03-24,2.305901,67.4,CUBI.K
CUBI.N,2026-03-24,2.305901,67.4,CUBI.N
CUCSY.PK,2026-03-24,3.731224,14.2,CUCSY.PK
CUK.N,2026-03-24,35.26007,25.37,CUK.N
CURB.K,2026-03-24,2.96731,25.9,CURB.K
CURB.N,2026-03-24,2.96731,25.9,CURB.N
CURLF.PK,2026-03-24,1.786854,2.29,CURLF.PK
CURYY.PK,2026-03-24,1.952495,19.8,CURYY.PK
CUYTY.PK,2026-03-24,4.626647,9.74,CUYTY.PK
CUZ.N,2026-03-24,3.703482,22.29,CUZ.N
CVBF.O,2026-03-24,2.61144,19.23,CVBF.O
CVCO.O,2026-03-24,3.678869,474.01,CVCO.O
CVE.N,2026-03-24,46.570216,24.79,CVE.N
CVGYY.PK,2026-03-24,1.511064,0.0,CVGYY.PK
CVI.N,2026-03-24,3.262218,32.45,CVI.N
CVLT.O,2026-03-24,3.552691,80.79,CVLT.O
CVNA.K,2026-03-24,65.566162,299.6,CVNA.K
CVNA.N,2026-03-24,65.566162,299.6,CVNA.N
CVS.N,2026-03-24,90.695927,71.29,CVS.N
CVSA.N,2026-03-24,3.783514,109.64,CVSA.N
CVTV.PK,2026-03-24,1.50339,5.25,CVTV.PK
CVX.N,2026-03-24,409.473066,205.21,CVX.N
CW.N,2026-03-24,25.386146,688.54,CW.N
CWAN.K,2026-03-24,6.881408,23.29,CWAN.K
CWAN.N,2026-03-24,6.881408,23.29,CWAN.N
CWEN.N,2026-03-24,7.813426,38.1,CWEN.N
CWENa.N,2026-03-24,7.813426,38.03,CWENa.N
CWH.N,2026-03-24,0.715758,6.95,CWH.N
CWK.N,2026-03-24,2.844452,12.27,CWK.N
CWQXY.PK,2026-03-24,5.428878,25.0,CWQXY.PK
CWST.O,2026-03-24,4.954787,78.01,CWST.O
CWT.N,2026-03-24,2.651124,44.45,CWT.N
CWYUF.PK,2026-03-24,2.814895,19.49,CWYUF.PK
CX.N,2026-03-24,16.116269,10.63,CX.N
CXM.N,2026-03-24,1.500652,6.03,CXM.N
CXT.N,2026-03-24,2.456287,42.76,CXT.N
CXW.N,2026-03-24,1.976658,20.23,CXW.N
CYATY.PK,2026-03-24,267.160207,21.54,CYATY.PK
CYBR.O,2026-03-24,20.637502,408.85,CYBR.O
CYD.N,2026-03-24,1.530748,40.8,CYD.N
CYFWY.PK,2026-03-24,1.960623,16.16,CYFWY.PK
CYGIY.PK,2026-03-24,4.386373,4.41,CYGIY.PK
CYJBY.PK,2026-03-24,2.686639,24.39,CYJBY.PK
CYPRY.PK,2026-03-24,2.351564,0.0,CYPRY.PK
CYRAY.PK,2026-03-24,2.351564,0.0,CYRAY.PK
CYRBY.PK,2026-03-24,2.351564,4.98,CYRBY.PK
CYTK.O,2026-03-24,7.506773,60.95,CYTK.O
CZMWY.PK,2026-03-24,2.432358,27.4,CZMWY.PK
CZR.O,2026-03-24,5.381096,26.44,CZR.O
D.N,2026-03-24,52.579669,59.82,D.N
DAC.N,2026-03-24,2.076834,114.09,DAC.N
DAKT.O,2026-03-24,1.005567,20.82,DAKT.O
DAL.N,2026-03-24,42.538403,65.13,DAL.N
DAN.N,2026-03-24,3.580307,32.68,DAN.N
DANOY.PK,2026-03-24,53.830401,15.84,DANOY.PK
DAO.N,2026-03-24,1.213628,10.15,DAO.N
DAR.N,2026-03-24,8.961852,56.46,DAR.N
DASH.O,2026-03-24,69.499528,159.98,DASH.O
DASTF.PK,2026-03-24,26.392989,20.0,DASTF.PK
DASTY.PK,2026-03-24,26.392989,19.8,DASTY.PK
DATWY.PK,2026-03-24,2.258053,84.0,DATWY.PK
DAVE.O,2026-03-24,2.920195,215.36,DAVE.O
DAWN.O,2026-03-24,2.206439,21.36,DAWN.O
DAY.N,2026-03-24,11.180043,69.86,DAY.N
DB.N,2026-03-24,55.696934,29.27,DB.N
DBD.N,2026-03-24,2.658026,75.57,DBD.N
DBOEY.PK,2026-03-24,51.984359,27.91,DBOEY.PK
DBRG.K,2026-03-24,2.814768,15.38,DBRG.K
DBRG.N,2026-03-24,2.814768,15.38,DBRG.N
DBSDY.PK,2026-03-24,125.194437,177.97,DBSDY.PK
DBVT.O,2026-03-24,1.090156,20.19,DBVT.O
DBX.O,2026-03-24,5.687399,24.42,DBX.O
DCCPY.PK,2026-03-24,5.154921,30.76,DCCPY.PK
DCH.N,2026-03-24,1.339987,5.66,DCH.N
DCI.N,2026-03-24,9.91949,85.65,DCI.N
DCIIY.PK,2026-03-24,29.328425,0.0,DCIIY.PK
DCO.N,2026-03-24,1.839348,122.73,DCO.N
DCOM.O,2026-03-24,1.443187,32.87,DCOM.O
DCOMP.O,2026-03-24,1.443187,18.7,DCOMP.O
DCYHY.PK,2026-03-24,9.999714,35.85,DCYHY.PK
DD.N,2026-03-24,18.049899,44.14,DD.N
DDOG.O,2026-03-24,45.728207,129.23,DDOG.O
DDS.N,2026-03-24,8.883153,568.96,DDS.N
DE.N,2026-03-24,153.699147,569.03,DE.N
DEA.N,2026-03-24,1.019012,22.0,DEA.N
DEC.N,2026-03-24,1.130861,15.64,DEC.N
DECK.K,2026-03-24,14.542775,102.45,DECK.K
DECK.N,2026-03-24,14.542775,102.45,DECK.N
DEI.N,2026-03-24,1.579169,9.43,DEI.N
DELHY.PK,2026-03-24,5.750556,1.89,DELHY.PK
DELKY.PK,2026-03-24,6.383008,34.92,DELKY.PK
DELL.K,2026-03-24,106.283738,164.59,DELL.K
DELL.N,2026-03-24,106.283738,164.59,DELL.N
DEO.N,2026-03-24,40.939659,74.13,DEO.N
DFH.N,2026-03-24,1.302775,14.19,DFH.N
DFIHY.PK,2026-03-24,5.685333,21.5,DFIHY.PK
DFIN.K,2026-03-24,1.203114,46.96,DFIN.K
DFIN.N,2026-03-24,1.203114,46.96,DFIN.N
DFKCY.PK,2026-03-24,13.526492,17.88,DFKCY.PK
DFTX.O,2026-03-24,1.804536,18.1,DFTX.O
DG.N,2026-03-24,27.552515,125.11,DG.N
DGGRY.PK,2026-03-24,2.989935,0.0,DGGRY.PK
DGII.O,2026-03-24,1.865514,49.6,DGII.O
DGX.N,2026-03-24,21.489852,195.6,DGX.N
DHC.O,2026-03-24,1.622211,6.7,DHC.O
DHI.N,2026-03-24,40.216625,138.82,DHI.N
DHLGY.PK,2026-03-24,59.491047,51.7,DHLGY.PK
DHR.N,2026-03-24,134.356478,190.0,DHR.N
DHRPY.PK,2026-03-24,1.739722,5.4,DHRPY.PK
DHT.N,2026-03-24,2.86171,17.77,DHT.N
DIDIY.PK,2026-03-24,19.417029,4.17,DIDIY.PK
DIFTY.PK,2026-03-24,7.601838,5.55,DIFTY.PK
DINO.K,2026-03-24,10.684792,59.27,DINO.K
DINO.N,2026-03-24,10.684792,59.27,DINO.N
DIOD.O,2026-03-24,3.122879,68.07,DIOD.O
DIS.N,2026-03-24,173.520369,97.95,DIS.N
DJT.O,2026-03-24,2.504418,9.05,DJT.O
DK.N,2026-03-24,2.535279,42.39,DK.N
DKILY.PK,2026-03-24,35.799756,12.0,DKILY.PK
DKKHY.PK,2026-03-24,4.757022,0.0,DKKHY.PK
DKL.N,2026-03-24,2.858094,53.41,DKL.N
DKNG.O,2026-03-24,11.812074,23.96,DKNG.O
DKS.N,2026-03-24,17.319914,192.51,DKS.N
DLAKY.PK,2026-03-24,10.569866,8.94,DLAKY.PK
DLB.N,2026-03-24,5.699905,59.66,DLB.N
DLELY.PK,2026-03-24,115.361219,0.0,DLELY.PK
DLICY.PK,2026-03-24,32.378034,17.67,DLICY.PK
DLMAY.PK,2026-03-24,37.099784,14.0,DLMAY.PK
DLO.O,2026-03-24,3.751534,12.72,DLO.O
DLR.N,2026-03-24,60.637817,176.47,DLR.N
DLR_pj.N,2026-03-24,60.637817,20.21,DLR_pj.N
DLR_pk.N,2026-03-24,60.637817,22.47,DLR_pk.N
DLR_pl.N,2026-03-24,60.637817,19.94,DLR_pl.N
DLTR.O,2026-03-24,21.361478,108.27,DLTR.O
DLX.N,2026-03-24,1.24607,27.27,DLX.N
DMCHY.PK,2026-03-24,2.127835,2.0,DMCHY.PK
DMLP.O,2026-03-24,1.325577,27.47,DMLP.O
DMZPY.PK,2026-03-24,1.152245,6.22,DMZPY.PK
DNBBY.PK,2026-03-24,45.426735,30.11,DNBBY.PK
DNCLY.PK,2026-03-24,1.960975,0.0,DNCLY.PK
DNERY.PK,2026-03-24,3.575705,7.68,DNERY.PK
DNFGF.PK,2026-03-24,0.0,0.0,DNFGF.PK
DNFGY.PK,2026-03-24,10.044999,58.0,DNFGY.PK
DNIFY.PK,2026-03-24,4.74086,0.0,DNIFY.PK
DNIYY.PK,2026-03-24,4.74086,37.55,DNIYY.PK
DNKAY.PK,2026-03-24,1.84121,0.0,DNKAY.PK
DNKEY.PK,2026-03-24,40.902101,24.74,DNKEY.PK
DNLI.O,2026-03-24,3.344695,21.09,DNLI.O
DNLMY.PK,2026-03-24,2.153354,11.24,DNLMY.PK
DNLZY.PK,2026-03-24,3.61815,2.02,DNLZY.PK
DNN.N,2026-03-24,3.105049,3.42,DNN.N
DNNGY.PK,2026-03-24,28.379631,7.12,DNNGY.PK
DNOPY.PK,2026-03-24,10.359425,10.85,DNOPY.PK
DNOW.K,2026-03-24,2.189567,11.75,DNOW.K
DNOW.N,2026-03-24,2.189567,11.75,DNOW.N
DNP.N,2026-03-24,3.764444,9.99,DNP.N
DNPLY.PK,2026-03-24,9.573933,9.04,DNPLY.PK
DNTH.O,2026-03-24,4.100374,79.32,DNTH.O
DNTUF.PK,2026-03-24,4.610354,18.9,DNTUF.PK
DNTUY.PK,2026-03-24,4.610354,17.29,DNTUY.PK
DNZOY.PK,2026-03-24,35.048247,11.97,DNZOY.PK
DOC.N,2026-03-24,11.937557,17.17,DOC.N
DOCN.K,2026-03-24,7.913504,86.02,DOCN.K
DOCN.N,2026-03-24,7.913504,86.02,DOCN.N
DOCS.K,2026-03-24,4.623265,25.03,DOCS.K
DOCS.N,2026-03-24,4.623265,25.03,DOCS.N
DOCU.O,2026-03-24,9.486139,48.79,DOCU.O
DOGEF.PK,2026-03-24,28.379631,22.24,DOGEF.PK
DOLE.K,2026-03-24,1.373226,14.43,DOLE.K
DOLE.N,2026-03-24,1.373226,14.43,DOLE.N
DOO.O,2026-03-24,4.765948,64.9,DOO.O
DORM.O,2026-03-24,3.134833,103.86,DORM.O
DOV.N,2026-03-24,28.630836,212.29,DOV.N
DOW.N,2026-03-24,25.935082,36.04,DOW.N
DOX.O,2026-03-24,7.002872,65.1,DOX.O
DPDSY.PK,2026-03-24,1.036811,0.0,DPDSY.PK
DPMAY.PK,2026-03-24,10.445396,19.71,DPMAY.PK
DPMLF.PK,2026-03-24,7.110465,31.94,DPMLF.PK
DPZ.N,2026-03-24,12.333907,366.83,DPZ.N
DQ.N,2026-03-24,1.424955,21.25,DQ.N
DQJCY.PK,2026-03-24,19.483329,12.35,DQJCY.PK
DRD.N,2026-03-24,2.312938,27.19,DRD.N
DRDGF.PK,2026-03-24,2.312938,2.62,DRDGF.PK
DRH.N,2026-03-24,1.935986,9.46,DRH.N
DRI.N,2026-03-24,22.563839,195.97,DRI.N
DRMKY.PK,2026-03-24,2.63068,12.5,DRMKY.PK
DRPRY.PK,2026-03-24,19.734208,4.34,DRPRY.PK
DRS.O,2026-03-24,11.802515,44.4,DRS.O
DRVN.O,2026-03-24,1.915892,11.65,DRVN.O
DRXGY.PK,2026-03-24,3.790649,23.03,DRXGY.PK
DSCSY.PK,2026-03-24,44.772949,43.04,DSCSY.PK
DSDVY.PK,2026-03-24,57.177768,119.16,DSDVY.PK
DSEEY.PK,2026-03-24,14.858727,9.54,DSEEY.PK
DSFGY.PK,2026-03-24,1.600874,14.35,DSFGY.PK
DSFIY.PK,2026-03-24,17.055187,6.85,DSFIY.PK
DSGR.O,2026-03-24,1.197611,25.93,DSGR.O
DSGX.O,2026-03-24,6.307822,73.31,DSGX.O
DSL.N,2026-03-24,1.222509,10.67,DSL.N
DSNKY.PK,2026-03-24,35.990627,18.97,DSNKY.PK
DSRNY.PK,2026-03-24,3.600419,0.0,DSRNY.PK
DSVSF.PK,2026-03-24,4.607863,5.71,DSVSF.PK
DT.N,2026-03-24,11.428983,38.32,DT.N
DTB.N,2026-03-24,29.600321,16.94,DTB.N
DTCWY.PK,2026-03-24,8.757281,11.08,DTCWY.PK
DTE.N,2026-03-24,29.600321,142.29,DTE.N
DTEGF.PK,2026-03-24,179.648505,36.73,DTEGF.PK
DTEGY.PK,2026-03-24,179.648505,36.68,DTEGY.PK
DTG.N,2026-03-24,29.600321,16.88,DTG.N
DTM.N,2026-03-24,13.93991,137.04,DTM.N
DTNOF.PK,2026-03-24,1.91035,2.06,DTNOF.PK
DTNOY.PK,2026-03-24,1.91035,18.0,DTNOY.PK
DTRUY.PK,2026-03-24,36.476212,24.23,DTRUY.PK
DTTLY.PK,2026-03-24,0.958044,9.86,DTTLY.PK
DTW.N,2026-03-24,29.600321,21.36,DTW.N
DUAVF.PK,2026-03-24,29.04225,386.5,DUAVF.PK
DUFRY.PK,2026-03-24,8.298626,5.87,DUFRY.PK
DUK.N,2026-03-24,99.085498,127.34,DUK.N
DUKB.N,2026-03-24,99.085498,23.92,DUKB.N
DUOL.O,2026-03-24,4.683292,99.75,DUOL.O
DURYY.PK,2026-03-24,1.470538,4.54,DURYY.PK
DV.N,2026-03-24,1.647418,10.17,DV.N
DVA.N,2026-03-24,10.167628,152.21,DVA.N
DVAX.O,2026-03-24,1.762103,15.5,DVAX.O
DVCMY.PK,2026-03-24,8.422139,6.83,DVCMY.PK
DVDCF.PK,2026-03-24,8.422139,7.0,DVDCF.PK
DVN.N,2026-03-24,30.0638,48.49,DVN.N
DWAHY.PK,2026-03-24,21.171811,32.24,DWAHY.PK
DWVYF.PK,2026-03-24,2.291713,22.32,DWVYF.PK
DX.N,2026-03-24,2.508632,12.42,DX.N
DX_pc.N,2026-03-24,2.508632,25.67,DX_pc.N
DXC.N,2026-03-24,2.059188,12.13,DXC.N
DXCM.O,2026-03-24,25.377988,65.94,DXCM.O
DXPE.O,2026-03-24,2.118006,136.45,DXPE.O
DXPPY.PK,2026-03-24,4.499926,0.0,DXPPY.PK
DY.N,2026-03-24,10.481731,349.74,DY.N
DYBTY.PK,2026-03-24,3.189738,0.0,DYBTY.PK
DYLLF.PK,2026-03-24,1.113848,1.18,DYLLF.PK
DYN.O,2026-03-24,2.949035,17.87,DYN.O
E.N,2026-03-24,78.8964,53.41,E.N
EA.O,2026-03-24,50.333529,201.13,EA.O
EADSF.PK,2026-03-24,152.535005,194.2,EADSF.PK
EADSY.PK,2026-03-24,152.535005,48.46,EADSY.PK
EAT.N,2026-03-24,6.400156,146.96,EAT.N
EBAY.O,2026-03-24,40.2528,89.85,EBAY.O
EBC.O,2026-03-24,4.46985,19.05,EBC.O
EBCOY.PK,2026-03-24,12.948695,14.13,EBCOY.PK
EBCRY.PK,2026-03-24,1.063905,6.05,EBCRY.PK
EBKDY.PK,2026-03-24,43.459523,53.44,EBKDY.PK
EBKOF.PK,2026-03-24,43.459523,107.3,EBKOF.PK
EBLMY.PK,2026-03-24,2.414167,65.0,EBLMY.PK
EBOSY.PK,2026-03-24,2.582046,37.69,EBOSY.PK
EC.N,2026-03-24,31.513382,14.31,EC.N
ECAT.K,2026-03-24,1.349785,13.57,ECAT.K
ECAT.N,2026-03-24,1.349785,13.57,ECAT.N
ECG.N,2026-03-24,5.981558,117.27,ECG.N
ECL.N,2026-03-24,73.749319,261.13,ECL.N
ECO.N,2026-03-24,1.735658,48.04,ECO.N
ECPG.O,2026-03-24,1.502145,70.16,ECPG.O
ECVT.K,2026-03-24,1.324821,11.98,ECVT.K
ECVT.N,2026-03-24,1.324821,11.98,ECVT.N
ED.N,2026-03-24,39.421736,109.11,ED.N
EDESY.PK,2026-03-24,1.040123,19.73,EDESY.PK
EDN.N,2026-03-24,0.685975,29.36,EDN.N
EDNMY.PK,2026-03-24,4.965417,10.46,EDNMY.PK
EDPFY.PK,2026-03-24,20.801505,50.64,EDPFY.PK
EDRVF.PK,2026-03-24,15.504654,14.56,EDRVF.PK
EDRVY.PK,2026-03-24,15.504654,26.99,EDRVY.PK
EDRWY.PK,2026-03-24,4.456404,24.95,EDRWY.PK
EDU.N,2026-03-24,9.435061,55.04,EDU.N
EDVLY.PK,2026-03-24,4.530402,0.0,EDVLY.PK
EDVMF.PK,2026-03-24,13.00195,54.01,EDVMF.PK
EE.N,2026-03-24,3.922761,34.39,EE.N
EEFT.O,2026-03-24,2.6619,67.68,EEFT.O
EFC.N,2026-03-24,1.437203,11.53,EFC.N
EFC_pa.N,2026-03-24,1.437203,25.17,EFC_pa.N
EFC_pb.N,2026-03-24,1.437203,24.35,EFC_pb.N
EFC_pc.N,2026-03-24,1.437203,25.46,EFC_pc.N
EFGSY.PK,2026-03-24,14.779938,31.01,EFGSY.PK
EFGXY.PK,2026-03-24,6.813188,25.85,EFGXY.PK
EFSC.O,2026-03-24,2.002423,54.39,EFSC.O
EFSCP.O,2026-03-24,2.002423,19.41,EFSCP.O
EFX.N,2026-03-24,21.606505,179.65,EFX.N
EFXT.K,2026-03-24,2.560979,21.05,EFXT.K
EG.N,2026-03-24,13.098526,324.3,EG.N
EGFEY.PK,2026-03-24,14.386547,2.03,EGFEY.PK
EGIEY.PK,2026-03-24,6.995983,6.25,EGIEY.PK
EGO.N,2026-03-24,6.538526,32.95,EGO.N
EGP.N,2026-03-24,9.811361,183.96,EGP.N
EGRAY.PK,2026-03-24,0.852305,0.01,EGRAY.PK
EH.O,2026-03-24,0.736405,10.23,EH.O
EHC.N,2026-03-24,9.695064,97.52,EHC.N
EIG.N,2026-03-24,0.780449,40.06,EIG.N
EIPAF.PK,2026-03-24,78.8964,29.27,EIPAF.PK
EIX.N,2026-03-24,27.201304,70.67,EIX.N
EJPRY.PK,2026-03-24,25.69845,11.33,EJPRY.PK
EKIVY.PK,2026-03-24,13.193601,7.34,EKIVY.PK
EKTAY.PK,2026-03-24,2.20567,5.96,EKTAY.PK
EL.N,2026-03-24,28.681337,79.29,EL.N
ELALF.PK,2026-03-24,2.550009,5.98,ELALF.PK
ELAN.K,2026-03-24,12.150788,24.44,ELAN.K
ELAN.N,2026-03-24,12.150788,24.44,ELAN.N
ELE.O,2026-03-24,1.135951,17.63,ELE.O
ELEZY.PK,2026-03-24,41.882141,19.8,ELEZY.PK
ELF.N,2026-03-24,4.247037,71.92,ELF.N
ELFIF.PK,2026-03-24,3.99657,11.54,ELFIF.PK
ELFTY.PK,2026-03-24,8.915595,0.0,ELFTY.PK
ELMTY.PK,2026-03-24,1.11614,8.26,ELMTY.PK
ELMUY.PK,2026-03-24,8.208963,28.42,ELMUY.PK
ELPC.K,2026-03-24,3.816731,11.74,ELPC.K
ELPC.N,2026-03-24,3.816731,11.74,ELPC.N
ELS.N,2026-03-24,12.244587,63.14,ELS.N
ELUXY.PK,2026-03-24,1.793257,13.16,ELUXY.PK
ELV.N,2026-03-24,63.836618,289.24,ELV.N
ELVN.O,2026-03-24,1.842451,30.81,ELVN.O
ELVR.O,2026-03-24,0.841578,46.72,ELVR.O
EMA.N,2026-03-24,15.380431,50.78,EMA.N
EMBJ.K,2026-03-24,10.946165,58.71,EMBJ.K
EMBJ.N,2026-03-24,10.946165,58.71,EMBJ.N
EME.N,2026-03-24,33.161621,744.66,EME.N
EMN.N,2026-03-24,7.759758,68.01,EMN.N
EMO.N,2026-03-24,1.06678,53.3,EMO.N
EMR.N,2026-03-24,72.96446,129.83,EMR.N
EMSCY.PK,2026-03-24,18.06349,0.0,EMSCY.PK
ENB.N,2026-03-24,118.182073,54.16,ENB.N
ENDTF.PK,2026-03-24,2.220999,11.82,ENDTF.PK
ENEAY.PK,2026-03-24,3.169,22.48,ENEAY.PK
ENGGY.PK,2026-03-24,4.424095,8.41,ENGGY.PK
ENGIY.PK,2026-03-24,77.481835,30.82,ENGIY.PK
ENGQF.PK,2026-03-24,77.481835,30.92,ENGQF.PK
ENIC.K,2026-03-24,5.463839,3.99,ENIC.K
ENIC.N,2026-03-24,5.463839,3.99,ENIC.N
ENLAY.PK,2026-03-24,106.654272,10.55,ENLAY.PK
ENLT.O,2026-03-24,10.326443,74.21,ENLT.O
ENOGY.PK,2026-03-24,2.083557,0.0,ENOGY.PK
ENOV.K,2026-03-24,1.288588,22.51,ENOV.K
ENOV.N,2026-03-24,1.288588,22.51,ENOV.N
ENPH.O,2026-03-24,5.343588,40.76,ENPH.O
ENR.N,2026-03-24,1.169446,17.08,ENR.N
ENS.N,2026-03-24,6.311166,171.26,ENS.N
ENSG.O,2026-03-24,11.76377,202.43,ENSG.O
ENTG.O,2026-03-24,17.48152,115.01,ENTG.O
ENVA.K,2026-03-24,3.434917,137.34,ENVA.K
ENVA.N,2026-03-24,3.434917,137.34,ENVA.N
ENVX.O,2026-03-24,1.090467,5.02,ENVX.O
EOG.N,2026-03-24,74.937132,139.68,EOG.N
EONGY.PK,2026-03-24,56.618529,21.66,EONGY.PK
EOS.N,2026-03-24,1.086047,20.37,EOS.N
EOSE.O,2026-03-24,1.812579,5.34,EOSE.O
EPAC.K,2026-03-24,1.939529,36.75,EPAC.K
EPAC.N,2026-03-24,1.939529,36.75,EPAC.N
EPAM.K,2026-03-24,7.347877,135.72,EPAM.K
EPAM.N,2026-03-24,7.347877,135.72,EPAM.N
EPD.N,2026-03-24,82.3847,38.11,EPD.N
EPDU.PK,2026-03-24,82.3847,0.0,EPDU.PK
EPOAY.PK,2026-03-24,27.866526,24.23,EPOAY.PK
EPOBY.PK,2026-03-24,27.866526,18.47,EPOBY.PK
EPR.N,2026-03-24,3.798453,49.64,EPR.N
EPR_pc.N,2026-03-24,3.798453,22.76,EPR_pc.N
EPR_pe.N,2026-03-24,3.798453,30.85,EPR_pe.N
EPR_pg.N,2026-03-24,3.798453,20.2,EPR_pg.N
EPRT.K,2026-03-24,6.569238,31.3,EPRT.K
EPRT.N,2026-03-24,6.569238,31.3,EPRT.N
EQH.N,2026-03-24,10.675646,38.08,EQH.N
EQH_pc.N,2026-03-24,10.675646,16.07,EQH_pc.N
EQIX.O,2026-03-24,95.008585,966.96,EQIX.O
EQNR.K,2026-03-24,98.431754,39.37,EQNR.K
EQNR.N,2026-03-24,98.431754,39.37,EQNR.N
EQR.N,2026-03-24,22.052527,58.41,EQR.N
EQT.N,2026-03-24,40.721393,65.23,EQT.N
EQUEY.PK,2026-03-24,9.952413,7.92,EQUEY.PK
EQX.N,2026-03-24,9.963883,12.67,EQX.N
ERAS.O,2026-03-24,4.45065,14.32,ERAS.O
ERBKY.PK,2026-03-24,14.386547,0.0,ERBKY.PK
ERELY.PK,2026-03-24,4.529261,6.41,ERELY.PK
ERGSY.PK,2026-03-24,3.589731,0.0,ERGSY.PK
ERIC.O,2026-03-24,37.928075,11.32,ERIC.O
ERIE.O,2026-03-24,12.857033,245.88,ERIE.O
ERIXF.PK,2026-03-24,37.928075,11.7,ERIXF.PK
ERMAY.PK,2026-03-24,1.616245,5.7,ERMAY.PK
ERNXY.PK,2026-03-24,15.943992,32.0,ERNXY.PK
ERO.N,2026-03-24,2.579378,24.76,ERO.N
ERPSY.PK,2026-03-24,1.55393,0.0,ERPSY.PK
ERRFY.PK,2026-03-24,12.805998,11.99,ERRFY.PK
ES.N,2026-03-24,25.402346,67.65,ES.N
ESAB.K,2026-03-24,5.813559,95.73,ESAB.K
ESAB.N,2026-03-24,5.813559,95.73,ESAB.N
ESAIY.PK,2026-03-24,8.852747,7.52,ESAIY.PK
ESBA.K,2026-03-24,0.113949,5.01,ESBA.K
ESE.N,2026-03-24,6.939287,267.97,ESE.N
ESI.N,2026-03-24,8.064881,33.11,ESI.N
ESLOY.PK,2026-03-24,103.480338,112.68,ESLOY.PK
ESLT.O,2026-03-24,42.444154,902.96,ESLT.O
ESNT.K,2026-03-24,5.452286,57.67,ESNT.K
ESNT.N,2026-03-24,5.452286,57.67,ESNT.N
ESRT.K,2026-03-24,0.88531,5.17,ESRT.K
ESS.N,2026-03-24,15.640468,242.58,ESS.N
ESTA.O,2026-03-24,1.747816,59.61,ESTA.O
ESTC.K,2026-03-24,5.474168,52.89,ESTC.K
ESTC.N,2026-03-24,5.474168,52.89,ESTC.N
ESYJY.PK,2026-03-24,3.662246,5.01,ESYJY.PK
ET.N,2026-03-24,65.572396,19.06,ET.N
ETCMY.PK,2026-03-24,2.8425,0.58,ETCMY.PK
ETG.N,2026-03-24,1.549335,20.3,ETG.N
ETN.N,2026-03-24,139.573846,359.74,ETN.N
ETOR.O,2026-03-24,2.412363,29.95,ETOR.O
ETR.N,2026-03-24,45.90599,101.34,ETR.N
ETSY.N,2026-03-24,5.052014,52.49,ETSY.N
ETSY.O,2026-03-24,5.052014,52.49,ETSY.O
ETV.N,2026-03-24,1.606543,13.76,ETV.N
ETY.N,2026-03-24,2.181649,13.7,ETY.N
EUTLF.PK,2026-03-24,2.8425,2.34,EUTLF.PK
EVCM.O,2026-03-24,1.997627,11.25,EVCM.O
EVEX.K,2026-03-24,0.867278,2.49,EVEX.K
EVEX.N,2026-03-24,0.867278,2.49,EVEX.N
EVGPY.PK,2026-03-24,1.614728,0.0,EVGPY.PK
EVKIY.PK,2026-03-24,7.732576,8.61,EVKIY.PK
EVLV.O,2026-03-24,1.050995,5.86,EVLV.O
EVMNY.PK,2026-03-24,16.920184,85.45,EVMNY.PK
EVO.O,2026-03-24,0.857188,2.38,EVO.O
EVR.N,2026-03-24,11.708653,279.12,EVR.N
EVRG.O,2026-03-24,18.286661,79.41,EVRG.O
EVT.N,2026-03-24,1.805426,24.22,EVT.N
EVTC.K,2026-03-24,1.784209,28.89,EVTC.K
EVTC.N,2026-03-24,1.784209,28.89,EVTC.N
EVTR.N,2026-03-24,4.924273,50.85,EVTR.N
EVV.N,2026-03-24,1.074882,9.25,EVV.N
EVVTY.PK,2026-03-24,12.867205,63.22,EVVTY.PK
EVVVY.PK,2026-03-24,3.190419,0.0,EVVVY.PK
EW.N,2026-03-24,47.637216,82.02,EW.N
EWBC.O,2026-03-24,14.446252,104.97,EWBC.O
EWTX.O,2026-03-24,3.196662,29.8,EWTX.O
EXAS.O,2026-03-24,20.026082,104.91,EXAS.O
EXC.O,2026-03-24,48.263169,47.17,EXC.O
EXE.O,2026-03-24,25.876469,107.64,EXE.O
EXEL.O,2026-03-24,10.754537,41.41,EXEL.O
EXETF.PK,2026-03-24,1.759645,18.61,EXETF.PK
EXG.N,2026-03-24,2.637169,8.62,EXG.N
EXK.N,2026-03-24,2.574686,8.72,EXK.N
EXLS.O,2026-03-24,4.829129,30.88,EXLS.O
EXP.N,2026-03-24,5.735108,182.46,EXP.N
EXPD.K,2026-03-24,18.762607,140.54,EXPD.K
EXPD.N,2026-03-24,18.762607,140.54,EXPD.N
EXPE.O,2026-03-24,28.997878,236.65,EXPE.O
EXPGF.PK,2026-03-24,32.060227,35.96,EXPGF.PK
EXPGY.PK,2026-03-24,32.060227,35.6,EXPGY.PK
EXPI.O,2026-03-24,0.982686,6.17,EXPI.O
EXPO.O,2026-03-24,3.26704,66.33,EXPO.O
EXR.N,2026-03-24,27.834279,131.83,EXR.N
EXSNY.PK,2026-03-24,3.718742,0.0,EXSNY.PK
EXTR.O,2026-03-24,2.036869,15.17,EXTR.O
EXXRF.PK,2026-03-24,15.554032,74.85,EXXRF.PK
EYE.O,2026-03-24,2.173401,27.36,EYE.O
EYPT.O,2026-03-24,1.070432,12.83,EYPT.O
EYUBY.PK,2026-03-24,1.72651,22.11,EYUBY.PK
EZPW.O,2026-03-24,1.599192,25.92,EZPW.O
F.N,2026-03-24,46.916229,11.76,F.N
FA.O,2026-03-24,1.964576,11.27,FA.O
FAF.N,2026-03-24,5.916314,58.06,FAF.N
FANDY.PK,2026-03-24,28.982058,54.15,FANDY.PK
FANG.O,2026-03-24,53.948463,191.78,FANG.O
FANUY.PK,2026-03-24,35.896093,18.38,FANUY.PK
FAST.O,2026-03-24,51.043202,44.45,FAST.O
FAURY.PK,2026-03-24,2.184561,3.17,FAURY.PK
FBASF.PK,2026-03-24,5.76462,1.5,FBASF.PK
FBBPF.PK,2026-03-24,7.022932,4.08,FBBPF.PK
FBGBY.PK,2026-03-24,2.632767,18.38,FBGBY.PK
FBIN.K,2026-03-24,4.725142,39.38,FBIN.K
FBIN.N,2026-03-24,4.725142,39.38,FBIN.N
FBK.N,2026-03-24,2.675866,51.7,FBK.N
FBNC.O,2026-03-24,2.244658,54.18,FBNC.O
FBOHY.PK,2026-03-24,1.351371,20.98,FBOHY.PK
FBP.N,2026-03-24,3.250291,20.76,FBP.N
FCF.N,2026-03-24,1.748747,17.11,FCF.N
FCFS.O,2026-03-24,8.516317,193.62,FCFS.O
FCN.N,2026-03-24,5.256722,171.89,FCN.N
FCNCA.O,2026-03-24,21.904368,1856.53,FCNCA.O
FCNCB.PK,2026-03-24,21.904368,1600.5,FCNCB.PK
FCNCO.O,2026-03-24,21.904368,21.42,FCNCO.O
FCNCP.O,2026-03-24,21.904368,21.19,FCNCP.O
FCPT.K,2026-03-24,2.649245,24.14,FCPT.K
FCPT.N,2026-03-24,2.649245,24.14,FCPT.N
FCX.N,2026-03-24,78.959856,54.94,FCX.N
FDBAY.PK,2026-03-24,6.691025,0.0,FDBAY.PK
FDP.N,2026-03-24,1.988687,41.97,FDP.N
FDS.N,2026-03-24,7.734083,208.47,FDS.N
FDX.N,2026-03-24,84.891512,355.78,FDX.N
FE.N,2026-03-24,28.185787,48.77,FE.N
FEGE.N,2026-03-24,1.488306,46.67,FEGE.N
FEHZY.PK,2026-03-24,4.2983,13.56,FEHZY.PK
FELE.O,2026-03-24,4.072786,92.14,FELE.O
FELTY.PK,2026-03-24,10.243377,17.25,FELTY.PK
FER.O,2026-03-24,45.868378,63.04,FER.O
FERG.K,2026-03-24,43.252431,222.5,FERG.K
FERG.N,2026-03-24,43.252431,222.5,FERG.N
FFBC.O,2026-03-24,2.831146,27.07,FFBC.O
FFHOY.PK,2026-03-24,12.885152,0.0,FFHOY.PK
FFIN.O,2026-03-24,4.230973,29.54,FFIN.O
FFIV.O,2026-03-24,16.376459,289.75,FFIV.O
FFPP.PK,2026-03-24,1.217261,40.0,FFPP.PK
FG.N,2026-03-24,3.23837,23.88,FG.N
FGHRY.PK,2026-03-24,1.625664,0.0,FGHRY.PK
FGN.N,2026-03-24,3.23837,24.87,FGN.N
FGROY.PK,2026-03-24,1.282367,2.46,FGROY.PK
FGRS.PK,2026-03-24,7.150731,0.0,FGRS.PK
FGSN.N,2026-03-24,3.23837,20.27,FGSN.N
FHB.O,2026-03-24,2.977257,24.23,FHB.O
FHFFY.PK,2026-03-24,30.887004,0.0,FHFFY.PK
FHI.N,2026-03-24,4.269015,56.29,FHI.N
FHN.N,2026-03-24,10.703598,22.41,FHN.N
FHNGY.PK,2026-03-24,1.365908,3.88,FHNGY.PK
FIBK.O,2026-03-24,3.353083,33.16,FIBK.O
FICO.K,2026-03-24,25.224457,1063.33,FICO.K
FICO.N,2026-03-24,25.224457,1063.33,FICO.N
FIG.N,2026-03-24,12.103814,23.2,FIG.N
FIGR.O,2026-03-24,7.150731,33.21,FIGR.O
FIGS.K,2026-03-24,2.490666,14.97,FIGS.K
FIGS.N,2026-03-24,2.490666,14.97,FIGS.N
FIHL.K,2026-03-24,1.648312,19.06,FIHL.K
FIHL.N,2026-03-24,1.648312,19.06,FIHL.N
FINGF.PK,2026-03-24,8.2405,62.75,FINGF.PK
FINMY.PK,2026-03-24,39.600258,34.41,FINMY.PK
FINN.PK,2026-03-24,4.391158,16810.77,FINN.PK
FINV.K,2026-03-24,1.292411,5.1,FINV.K
FINV.N,2026-03-24,1.292411,5.1,FINV.N
FIRRY.PK,2026-03-24,1.815996,9.5,FIRRY.PK
FIS.N,2026-03-24,25.601872,49.77,FIS.N
FISK.K,2026-03-24,0.113949,4.78,FISK.K
FISV.O,2026-03-24,30.86201,57.71,FISV.O
FITB.O,2026-03-24,41.085416,45.37,FITB.O
FITBO.O,2026-03-24,41.085416,19.46,FITBO.O
FITBP.O,2026-03-24,41.085416,23.63,FITBP.O
FIVE.O,2026-03-24,12.732459,230.5,FIVE.O
FIVN.O,2026-03-24,1.229286,16.07,FIVN.O
FIX.N,2026-03-24,49.535147,1408.25,FIX.N
FIZZ.O,2026-03-24,3.184428,34.01,FIZZ.O
FJIKY.PK,2026-03-24,47.807256,81.23,FJIKY.PK
FJSIY.PK,2026-03-24,0.997953,0.0,FJSIY.PK
FJTCY.PK,2026-03-24,2.841441,35.69,FJTCY.PK
FJTNY.PK,2026-03-24,4.225139,12.55,FJTNY.PK
FJTSY.PK,2026-03-24,43.702049,21.04,FJTSY.PK
FKKFY.PK,2026-03-24,7.288179,19.85,FKKFY.PK
FKURF.PK,2026-03-24,47.807256,149.33,FKURF.PK
FLDAY.PK,2026-03-24,4.334741,10.24,FLDAY.PK
FLEX.O,2026-03-24,23.913512,65.04,FLEX.O
FLG.N,2026-03-24,5.253993,12.63,FLG.N
FLGZY.PK,2026-03-24,9.505007,12.42,FLGZY.PK
FLIDY.PK,2026-03-24,4.265873,7.65,FLIDY.PK
FLMNY.PK,2026-03-24,4.223507,9.94,FLMNY.PK
FLNC.O,2026-03-24,2.825246,15.36,FLNC.O
FLNG.K,2026-03-24,1.642785,30.37,FLNG.K
FLNG.N,2026-03-24,1.642785,30.37,FLNG.N
FLO.N,2026-03-24,1.747439,8.26,FLO.N
FLOC.K,2026-03-24,1.998209,21.93,FLOC.K
FLOC.N,2026-03-24,1.998209,21.93,FLOC.N
FLR.N,2026-03-24,6.72027,46.96,FLR.N
FLRYY.PK,2026-03-24,1.627007,0.0,FLRYY.PK
FLS.N,2026-03-24,9.450352,74.26,FLS.N
FLUT.K,2026-03-24,19.165513,109.38,FLUT.K
FLUT.N,2026-03-24,19.165513,109.38,FLUT.N
FLY.O,2026-03-24,3.840457,24.01,FLY.O
FLYW.O,2026-03-24,1.516266,12.51,FLYW.O
FMBL.PK,2026-03-24,1.010932,8299.8,FMBL.PK
FMC.N,2026-03-24,1.779391,14.23,FMC.N
FMCC.PK,2026-03-24,3.321804,5.11,FMCC.PK
FMCCG.PK,2026-03-24,3.321804,13.82,FMCCG.PK
FMCCH.PK,2026-03-24,3.321804,15.25,FMCCH.PK
FMCCI.PK,2026-03-24,3.321804,13.58,FMCCI.PK
FMCCJ.PK,2026-03-24,3.321804,13.3,FMCCJ.PK
FMCCK.PK,2026-03-24,3.321804,16.21,FMCCK.PK
FMCCL.PK,2026-03-24,3.321804,14.45,FMCCL.PK
FMCCM.PK,2026-03-24,3.321804,13.4,FMCCM.PK
FMCCN.PK,2026-03-24,3.321804,13.0,FMCCN.PK
FMCCO.PK,2026-03-24,3.321804,16.17,FMCCO.PK
FMCCP.PK,2026-03-24,3.321804,16.3,FMCCP.PK
FMCCS.PK,2026-03-24,3.321804,13.74,FMCCS.PK
FMCCT.PK,2026-03-24,3.321804,17.4,FMCCT.PK
FMCKI.PK,2026-03-24,3.321804,9.15,FMCKI.PK
FMCKJ.PK,2026-03-24,3.321804,11.07,FMCKJ.PK
FMCKK.PK,2026-03-24,3.321804,14.22,FMCKK.PK
FMCKL.PK,2026-03-24,3.321804,9.25,FMCKL.PK
FMCKM.PK,2026-03-24,3.321804,9.34,FMCKM.PK
FMCKN.PK,2026-03-24,3.321804,9.36,FMCKN.PK
FMCKO.PK,2026-03-24,3.321804,9.0,FMCKO.PK
FMCKP.PK,2026-03-24,3.321804,16.33,FMCKP.PK
FMOCY.PK,2026-03-24,5.768086,2.25,FMOCY.PK
FMS.N,2026-03-24,12.766439,21.9,FMS.N
FMX.N,2026-03-24,33.417536,102.9,FMX.N
FN.N,2026-03-24,19.577898,546.47,FN.N
FNB.N,2026-03-24,5.825441,16.3,FNB.N
FNBKY.PK,2026-03-24,13.10468,51.35,FNBKY.PK
FNCDY.PK,2026-03-24,6.773864,15.11,FNCDY.PK
FND.N,2026-03-24,5.64943,52.37,FND.N
FNEVY.PK,2026-03-24,1.614021,4.53,FNEVY.PK
FNF.N,2026-03-24,12.057488,44.47,FNF.N
FNIGY.PK,2026-03-24,8.2405,0.0,FNIGY.PK
FNLPF.PK,2026-03-24,31.347489,43.11,FNLPF.PK
FNMA.PK,2026-03-24,6.438967,5.56,FNMA.PK
FNMAG.PK,2026-03-24,6.438967,16.79,FNMAG.PK
FNMAH.PK,2026-03-24,6.438967,8.65,FNMAH.PK
FNMAI.PK,2026-03-24,6.438967,9.67,FNMAI.PK
FNMAJ.PK,2026-03-24,6.438967,9.66,FNMAJ.PK
FNMAK.PK,2026-03-24,6.438967,16.5,FNMAK.PK
FNMAL.PK,2026-03-24,6.438967,15.13,FNMAL.PK
FNMAM.PK,2026-03-24,6.438967,17.1,FNMAM.PK
FNMAN.PK,2026-03-24,6.438967,16.47,FNMAN.PK
FNMAO.PK,2026-03-24,6.438967,13.93,FNMAO.PK
FNMAP.PK,2026-03-24,6.438967,14.75,FNMAP.PK
FNMAS.PK,2026-03-24,6.438967,11.89,FNMAS.PK
FNMAT.PK,2026-03-24,6.438967,9.83,FNMAT.PK
FNMFM.PK,2026-03-24,6.438967,15.0,FNMFM.PK
FNMFN.PK,2026-03-24,6.438967,19.25,FNMFN.PK
FNMFO.PK,2026-03-24,6.438967,40000.0,FNMFO.PK
FNV.N,2026-03-24,43.699258,226.85,FNV.N
FOJCF.PK,2026-03-24,21.219583,23.6,FOJCF.PK
FOJCY.PK,2026-03-24,21.219583,4.77,FOJCY.PK
FOLD.O,2026-03-24,4.52789,14.42,FOLD.O
FOR.N,2026-03-24,1.275864,25.07,FOR.N
FORM.O,2026-03-24,7.573624,97.2,FORM.O
FORTY.O,2026-03-24,1.957456,126.45,FORTY.O
FOSUF.PK,2026-03-24,3.982568,0.43,FOSUF.PK
FOSUY.PK,2026-03-24,3.982568,12.32,FOSUY.PK
FOUR.K,2026-03-24,3.576967,44.03,FOUR.K
FOUR.N,2026-03-24,3.576967,44.03,FOUR.N
FOVSY.PK,2026-03-24,8.627337,11.15,FOVSY.PK
FOX.O,2026-03-24,23.09712,51.63,FOX.O
FOXA.O,2026-03-24,23.09712,57.28,FOXA.O
FPAFY.PK,2026-03-24,3.068739,3.62,FPAFY.PK
FPF.N,2026-03-24,1.074573,17.66,FPF.N
FPRUY.PK,2026-03-24,7.977919,43.74,FPRUY.PK
FPS.N,2026-03-24,10.542372,34.63,FPS.N
FQVLF.PK,2026-03-24,18.688503,22.44,FQVLF.PK
FQVTY.PK,2026-03-24,1.160429,10.0,FQVTY.PK
FR.N,2026-03-24,7.694359,58.06,FR.N
FRBP.PK,2026-03-24,1.358936,10.03,FRBP.PK
FRCOY.PK,2026-03-24,124.251399,39.93,FRCOY.PK
FREGP.PK,2026-03-24,3.321804,15.75,FREGP.PK
FREJN.PK,2026-03-24,3.321804,16.5,FREJN.PK
FREJO.PK,2026-03-24,3.321804,16.99,FREJO.PK
FREJP.PK,2026-03-24,3.321804,15.28,FREJP.PK
FRFHF.PK,2026-03-24,40.622766,1737.14,FRFHF.PK
FRHC.O,2026-03-24,8.62603,140.97,FRHC.O
FRHLF.PK,2026-03-24,2.073693,12.66,FRHLF.PK
FRME.O,2026-03-24,2.400683,37.87,FRME.O
FRMEP.O,2026-03-24,2.400683,25.66,FRMEP.O
FRMI.O,2026-03-24,4.439403,7.23,FRMI.O
FRO.N,2026-03-24,7.531332,33.83,FRO.N
FROG.O,2026-03-24,5.100978,42.64,FROG.O
FRPT.O,2026-03-24,3.173018,64.68,FRPT.O
FRSH.O,2026-03-24,2.321385,8.17,FRSH.O
FRSHY.PK,2026-03-24,2.311504,7.5,FRSHY.PK
FRT.N,2026-03-24,8.952001,103.76,FRT.N
FRT_pc.N,2026-03-24,8.952001,19.64,FRT_pc.N
FRTAY.PK,2026-03-24,3.573176,15.79,FRTAY.PK
FRTRY.PK,2026-03-24,2.362213,0.0,FRTRY.PK
FRVWY.PK,2026-03-24,1.785922,22.0,FRVWY.PK
FSCO.K,2026-03-24,1.055848,5.22,FSCO.K
FSCO.N,2026-03-24,1.055848,5.22,FSCO.N
FSGCY.PK,2026-03-24,1.02068,6.0,FSGCY.PK
FSK.N,2026-03-24,2.90709,10.38,FSK.N
FSLR.O,2026-03-24,20.380504,189.92,FSLR.O
FSLY.O,2026-03-24,4.36425,28.75,FSLY.O
FSM.N,2026-03-24,2.771047,9.08,FSM.N
FSNUY.PK,2026-03-24,28.777306,12.89,FSNUY.PK
FSPKF.PK,2026-03-24,12.444746,22.31,FSPKF.PK
FSRCY.PK,2026-03-24,3.380151,184.15,FSRCY.PK
FSS.N,2026-03-24,6.608625,108.53,FSS.N
FSTGY.PK,2026-03-24,6.418627,0.0,FSTGY.PK
FSUGY.PK,2026-03-24,42.485892,27.26,FSUGY.PK
FSUMF.PK,2026-03-24,42.485892,14.0,FSUMF.PK
FSUN.O,2026-03-24,1.015851,36.38,FSUN.O
FSV.O,2026-03-24,6.294087,137.51,FSV.O
FTAI.O,2026-03-24,24.776064,241.54,FTAI.O
FTAIM.O,2026-03-24,24.776064,27.26,FTAIM.O
FTAIN.O,2026-03-24,24.776064,25.25,FTAIN.O
FTDR.O,2026-03-24,4.139609,58.62,FTDR.O
FTI.N,2026-03-24,27.197366,68.0,FTI.N
FTNT.O,2026-03-24,61.243475,82.77,FTNT.O
FTRE.O,2026-03-24,0.911625,9.75,FTRE.O
FTS.N,2026-03-24,27.981062,55.17,FTS.N
FTV.N,2026-03-24,17.052321,55.39,FTV.N
FTWYY.PK,2026-03-24,1.29474,0.0,FTWYY.PK
FUBO.K,2026-03-24,1.430688,1.1,FUBO.K
FUBO.N,2026-03-24,1.430688,1.1,FUBO.N
FUJHF.PK,2026-03-24,11.591102,16.53,FUJHF.PK
FUJHY.PK,2026-03-24,11.591102,8.0,FUJHY.PK
FUJIY.PK,2026-03-24,23.121999,9.3,FUJIY.PK
FUL.N,2026-03-24,2.834357,52.03,FUL.N
FULT.O,2026-03-24,3.57501,19.86,FULT.O
FULTP.O,2026-03-24,3.57501,18.92,FULTP.O
FUN.N,2026-03-24,1.70836,16.77,FUN.N
FUPBY.PK,2026-03-24,4.848725,10.04,FUPBY.PK
FUPEY.PK,2026-03-24,4.848725,0.0,FUPEY.PK
FUTU.O,2026-03-24,13.273481,140.04,FUTU.O
FUWAY.PK,2026-03-24,12.527175,91.17,FUWAY.PK
FVGPY.PK,2026-03-24,1.292411,0.0,FVGPY.PK
FWDYY.PK,2026-03-24,4.968297,0.0,FWDYY.PK
FWONA.O,2026-03-24,20.5374,75.52,FWONA.O
FWONB.PK,2026-03-24,20.5374,77.0,FWONB.PK
FWONK.O,2026-03-24,20.5374,82.74,FWONK.O
FWRG.O,2026-03-24,0.755056,12.35,FWRG.O
FXCNY.PK,2026-03-24,1.981226,27.7,FXCNY.PK
FYBR.O,2026-03-24,9.63551,38.49,FYBR.O
FYGGY.PK,2026-03-24,20.745722,1.77,FYGGY.PK
G.N,2026-03-24,6.580003,38.76,G.N
GAB.N,2026-03-24,1.742702,5.6,GAB.N
GAB_ph.N,2026-03-24,1.742702,20.55,GAB_ph.N
GAB_pk.N,2026-03-24,1.742702,20.7,GAB_pk.N
GABC.O,2026-03-24,1.560513,41.53,GABC.O
GAILY.PK,2026-03-24,9.570274,0.0,GAILY.PK
GALDY.PK,2026-03-24,43.026289,36.4,GALDY.PK
GAM.N,2026-03-24,1.625222,59.82,GAM.N
GAM_pb.N,2026-03-24,1.625222,25.04,GAM_pb.N
GAP.N,2026-03-24,9.202294,24.7,GAP.N
GARPY.PK,2026-03-24,3.021311,23.94,GARPY.PK
GASNY.PK,2026-03-24,28.562267,5.99,GASNY.PK
GATX.K,2026-03-24,6.007757,169.12,GATX.K
GATX.N,2026-03-24,6.007757,169.12,GATX.N
GBCI.K,2026-03-24,5.765064,44.31,GBCI.K
GBCI.N,2026-03-24,5.765064,44.31,GBCI.N
GBDC.O,2026-03-24,3.32194,12.62,GBDC.O
GBERY.PK,2026-03-24,23.06844,68.5,GBERY.PK
GBLBF.PK,2026-03-24,11.681777,86.82,GBLBF.PK
GBLBY.PK,2026-03-24,11.681777,8.63,GBLBY.PK
GBNXY.PK,2026-03-24,3.748294,0.0,GBNXY.PK
GBOOY.PK,2026-03-24,30.099382,52.22,GBOOY.PK
GBTG.K,2026-03-24,2.861038,5.46,GBTG.K
GBTG.N,2026-03-24,2.861038,5.46,GBTG.N
GBX.N,2026-03-24,1.596506,51.69,GBX.N
GCMG.O,2026-03-24,2.016669,9.96,GCMG.O
GCT.O,2026-03-24,1.584831,43.28,GCT.O
GD.N,2026-03-24,93.925291,347.37,GD.N
GDDY.K,2026-03-24,11.219082,84.13,GDDY.K
GDDY.N,2026-03-24,11.219082,84.13,GDDY.N
GDNGY.PK,2026-03-24,1.585942,3.35,GDNGY.PK
GDS.O,2026-03-24,8.294775,42.3,GDS.O
GDV.N,2026-03-24,2.359361,26.76,GDV.N
GDV_ph.N,2026-03-24,2.359361,22.44,GDV_ph.N
GE.N,2026-03-24,304.609622,291.54,GE.N
GEBEY.PK,2026-03-24,2.363961,0.59,GEBEY.PK
GEBHY.PK,2026-03-24,2.363961,3.37,GEBHY.PK
GEF.N,2026-03-24,3.369428,64.91,GEF.N
GEFb.N,2026-03-24,3.369428,81.86,GEFb.N
GEHC.O,2026-03-24,32.693189,71.65,GEHC.O
GEL.N,2026-03-24,2.167618,17.7,GEL.N
GELHY.PK,2026-03-24,28.780324,52.05,GELHY.PK
GELYF.PK,2026-03-24,28.780324,2.59,GELYF.PK
GEMI.O,2026-03-24,0.678862,5.77,GEMI.O
GEN.O,2026-03-24,12.731053,21.02,GEN.O
GENI.K,2026-03-24,1.209076,4.7,GENI.K
GENI.N,2026-03-24,1.209076,4.7,GENI.N
GENSY.PK,2026-03-24,2.249954,35.12,GENSY.PK
GEO.N,2026-03-24,2.256024,17.0,GEO.N
GEV.N,2026-03-24,237.897486,882.64,GEV.N
GFCHY.PK,2026-03-24,4.26677,0.0,GFCHY.PK
GFF.N,2026-03-24,3.31504,71.17,GFF.N
GFI.N,2026-03-24,36.10224,40.89,GFI.N
GFL.N,2026-03-24,14.52106,40.48,GFL.N
GFS.O,2026-03-24,24.137223,43.96,GFS.O
GGAAF.PK,2026-03-24,1.227716,5.38,GGAAF.PK
GGAL.O,2026-03-24,6.336903,45.45,GGAL.O
GGAUF.PK,2026-03-24,1.227716,8.0,GGAUF.PK
GGB.N,2026-03-24,6.635057,3.41,GGB.N
GGDVY.PK,2026-03-24,6.259643,47.36,GGDVY.PK
GGG.N,2026-03-24,14.123652,85.19,GGG.N
GGGSY.PK,2026-03-24,2.05417,7.0,GGGSY.PK
GGRPY.PK,2026-03-24,6.094665,0.0,GGRPY.PK
GGTKY.PK,2026-03-24,3.426759,0.0,GGTKY.PK
GH.O,2026-03-24,11.144241,84.96,GH.O
GHC.N,2026-03-24,4.635889,1062.83,GHC.N
GHRS.O,2026-03-24,0.819408,13.21,GHRS.O
GIB.N,2026-03-24,15.880756,73.92,GIB.N
GIC.N,2026-03-24,1.192884,31.23,GIC.N
GIGDY.PK,2026-03-24,28.271465,0.0,GIGDY.PK
GIGNY.PK,2026-03-24,6.322071,26.26,GIGNY.PK
GIII.O,2026-03-24,1.148392,27.22,GIII.O
GIKLY.PK,2026-03-24,6.354076,5.18,GIKLY.PK
GIL.N,2026-03-24,10.576815,57.12,GIL.N
GILD.O,2026-03-24,170.469431,137.34,GILD.O
GILT.O,2026-03-24,1.258101,16.67,GILT.O
GIS.N,2026-03-24,19.93833,37.36,GIS.N
GIVPY.PK,2026-03-24,3.930611,5.75,GIVPY.PK
GIVSY.PK,2026-03-24,3.930611,19.72,GIVSY.PK
GJJSY.PK,2026-03-24,41.158368,0.0,GJJSY.PK
GJNSY.PK,2026-03-24,13.69863,26.77,GJNSY.PK
GKOS.K,2026-03-24,6.20514,106.84,GKOS.K
GKOS.N,2026-03-24,6.20514,106.84,GKOS.N
GL.N,2026-03-24,10.777218,137.38,GL.N
GLAPY.PK,2026-03-24,4.676416,98.24,GLAPY.PK
GLAXF.PK,2026-03-24,104.97734,26.12,GLAXF.PK
GLBE.O,2026-03-24,5.471969,32.24,GLBE.O
GLCNF.PK,2026-03-24,81.249739,6.97,GLCNF.PK
GLGDF.PK,2026-03-24,0.742052,1.71,GLGDF.PK
GLIBA.O,2026-03-24,1.465079,36.81,GLIBA.O
GLIBB.PK,2026-03-24,1.465079,37.01,GLIBB.PK
GLIBK.O,2026-03-24,1.465079,36.8,GLIBK.O
GLLNY.PK,2026-03-24,5.72725,0.0,GLLNY.PK
GLNCY.PK,2026-03-24,81.249739,13.93,GLNCY.PK
GLNG.O,2026-03-24,5.34864,52.8,GLNG.O
GLOB.K,2026-03-24,1.936603,44.85,GLOB.K
GLOB.N,2026-03-24,1.936603,44.85,GLOB.N
GLP.N,2026-03-24,1.578074,46.42,GLP.N
GLP_pb.N,2026-03-24,1.578074,25.45,GLP_pb.N
GLPEY.PK,2026-03-24,16.341423,11.76,GLPEY.PK
GLPG.O,2026-03-24,2.09669,31.9,GLPG.O
GLPGF.PK,2026-03-24,2.09669,33.27,GLPGF.PK
GLPI.O,2026-03-24,13.093346,46.23,GLPI.O
GLTIL.PK,2026-03-24,1.302156,0.0,GLTIL.PK
GLUE.O,2026-03-24,1.202635,15.03,GLUE.O
GLVPY.PK,2026-03-24,1.159119,0.0,GLVPY.PK
GLW.N,2026-03-24,112.505173,130.97,GLW.N
GLXY.O,2026-03-24,8.487073,21.7,GLXY.O
GLYYY.PK,2026-03-24,1.51261,21.47,GLYYY.PK
GM.N,2026-03-24,68.448446,75.72,GM.N
GMAB.O,2026-03-24,16.472885,25.68,GMAB.O
GMALY.PK,2026-03-24,2.806088,14.05,GMALY.PK
GMBXF.PK,2026-03-24,77.617965,9.91,GMBXF.PK
GME.N,2026-03-24,10.317658,23.03,GME.N
GMED.K,2026-03-24,11.795419,87.21,GMED.K
GMED.N,2026-03-24,11.795419,87.21,GMED.N
GMKKY.PK,2026-03-24,5.873539,19.75,GMKKY.PK
GMVHY.PK,2026-03-24,5.023459,7.87,GMVHY.PK
GMWKF.PK,2026-03-24,7.806118,229.9,GMWKF.PK
GMYOY.PK,2026-03-24,1.924668,31.48,GMYOY.PK
GNCGY.PK,2026-03-24,2.57205,13.32,GNCGY.PK
GNENF.PK,2026-03-24,20.066486,7.65,GNENF.PK
GNENY.PK,2026-03-24,20.066486,7.33,GNENY.PK
GNGBY.PK,2026-03-24,4.953052,19.51,GNGBY.PK
GNL.N,2026-03-24,1.979079,9.24,GNL.N
GNL_pa.N,2026-03-24,1.979079,22.35,GNL_pa.N
GNL_pb.N,2026-03-24,1.979079,21.51,GNL_pb.N
GNL_pd.N,2026-03-24,1.979079,23.39,GNL_pd.N
GNL_pe.N,2026-03-24,1.979079,22.53,GNL_pe.N
GNNDY.PK,2026-03-24,2.245075,44.68,GNNDY.PK
GNRC.K,2026-03-24,11.843716,201.85,GNRC.K
GNRC.N,2026-03-24,11.843716,201.85,GNRC.N
GNTX.O,2026-03-24,4.56653,21.2,GNTX.O
GNW.N,2026-03-24,3.139649,8.1,GNW.N
GNZUY.PK,2026-03-24,8.975806,4.25,GNZUY.PK
GOF.N,2026-03-24,2.300668,10.85,GOF.N
GOFPY.PK,2026-03-24,5.993637,8.54,GOFPY.PK
GOLD.K,2026-03-24,1.235234,43.9,GOLD.K
GOLD.N,2026-03-24,1.235234,43.9,GOLD.N
GOLF.K,2026-03-24,5.414491,92.46,GOLF.K
GOLF.N,2026-03-24,5.414491,92.46,GOLF.N
GOOG.O,2026-03-24,3637.4883,299.02,GOOG.O
GOOGL.O,2026-03-24,3637.4883,302.06,GOOGL.O
GOOS.K,2026-03-24,1.060021,10.91,GOOS.K
GPAGF.PK,2026-03-24,5.873539,18.55,GPAGF.PK
GPC.N,2026-03-24,14.05968,101.06,GPC.N
GPCR.O,2026-03-24,3.475499,49.06,GPCR.O
GPGI.N,2026-03-24,5.112192,17.65,GPGI.N
GPI.N,2026-03-24,3.842538,322.22,GPI.N
GPK.N,2026-03-24,2.738561,9.26,GPK.N
GPMXY.PK,2026-03-24,77.617965,21.03,GPMXY.PK
GPN.N,2026-03-24,19.558769,71.06,GPN.N
GPOR.K,2026-03-24,3.849386,207.42,GPOR.K
GPOR.N,2026-03-24,3.849386,207.42,GPOR.N
GRAB.O,2026-03-24,14.925754,3.64,GRAB.O
GRAL.O,2026-03-24,2.015325,49.13,GRAL.O
GRBK.K,2026-03-24,2.739625,63.48,GRBK.K
GRBK.N,2026-03-24,2.739625,63.48,GRBK.N
GRBMF.PK,2026-03-24,13.85772,3.31,GRBMF.PK
GRC.N,2026-03-24,1.632449,62.04,GRC.N
GRCPY.PK,2026-03-24,2.576681,0.0,GRCPY.PK
GRDDY.PK,2026-03-24,1.847438,13.23,GRDDY.PK
GRDN.K,2026-03-24,2.359327,37.26,GRDN.K
GRDN.N,2026-03-24,2.359327,37.26,GRDN.N
GRFS.O,2026-03-24,6.354076,7.69,GRFS.O
GRMN.K,2026-03-24,45.947099,238.71,GRMN.K
GRMN.N,2026-03-24,45.947099,238.71,GRMN.N
GRND.K,2026-03-24,2.340267,12.64,GRND.K
GRND.N,2026-03-24,2.340267,12.64,GRND.N
GROUY.PK,2026-03-24,2.344189,0.0,GROUY.PK
GROY.K,2026-03-24,0.740843,3.21,GROY.K
GRP_u.N,2026-03-24,3.60297,59.19,GRP_u.N
GRPTY.PK,2026-03-24,11.034363,41.96,GRPTY.PK
GS.N,2026-03-24,245.219614,831.27,GS.N
GS_pa.N,2026-03-24,245.219614,19.4,GS_pa.N
GS_pd.N,2026-03-24,245.219614,19.14,GS_pd.N
GSAT.O,2026-03-24,7.790393,60.6,GSAT.O
GSBD.K,2026-03-24,1.040138,9.24,GSBD.K
GSBD.N,2026-03-24,1.040138,9.24,GSBD.N
GSCE.PK,2026-03-24,245.219614,24.92,GSCE.PK
GSHD.O,2026-03-24,1.624176,44.39,GSHD.O
GSK.N,2026-03-24,104.97734,51.99,GSK.N
GSL.N,2026-03-24,1.373154,38.23,GSL.N
GSL_pb.N,2026-03-24,1.373154,27.59,GSL_pb.N
GT.O,2026-03-24,1.819384,6.35,GT.O
GTBIF.PK,2026-03-24,1.537053,6.58,GTBIF.PK
GTES.K,2026-03-24,5.782833,22.78,GTES.K
GTES.N,2026-03-24,5.782833,22.78,GTES.N
GTLB.O,2026-03-24,3.788127,22.27,GTLB.O
GTLRY.PK,2026-03-24,4.428071,0.0,GTLRY.PK
GTLS.K,2026-03-24,9.912007,207.08,GTLS.K
GTLS.N,2026-03-24,9.912007,207.08,GTLS.N
GTM.O,2026-03-24,1.886721,6.18,GTM.O
GTMEY.PK,2026-03-24,3.89732,23.12,GTMEY.PK
GTX.O,2026-03-24,3.41188,17.96,GTX.O
GTY.N,2026-03-24,1.924896,32.18,GTY.N
GULRY.PK,2026-03-24,2.843856,15.45,GULRY.PK
GUOCY.PK,2026-03-24,2.160485,0.0,GUOCY.PK
GVA.N,2026-03-24,5.205214,119.65,GVA.N
GVDNY.PK,2026-03-24,31.126291,68.82,GVDNY.PK
GWIN.PK,2026-03-24,1.246682,3.5,GWIN.PK
GWKSY.PK,2026-03-24,7.806118,25.36,GWKSY.PK
GWLLF.PK,2026-03-24,22.630202,1.53,GWLLF.PK
GWLLY.PK,2026-03-24,22.630202,16.13,GWLLY.PK
GWRE.K,2026-03-24,13.275138,156.81,GWRE.K
GWRE.N,2026-03-24,13.275138,156.81,GWRE.N
GWW.N,2026-03-24,49.908049,1054.47,GWW.N
GXO.N,2026-03-24,5.903161,51.46,GXO.N
GXYEF.PK,2026-03-24,19.779344,4.63,GXYEF.PK
GXYYY.PK,2026-03-24,19.779344,22.46,GXYYY.PK
GZPZY.PK,2026-03-24,8.576211,45.76,GZPZY.PK
H.N,2026-03-24,13.748839,145.54,H.N
HACBY.PK,2026-03-24,6.328314,25.55,HACBY.PK
HAE.N,2026-03-24,2.716715,58.46,HAE.N
HAFN.K,2026-03-24,3.741183,7.24,HAFN.K
HAGHY.PK,2026-03-24,9.93146,8.54,HAGHY.PK
HAL.N,2026-03-24,31.416438,37.51,HAL.N
HALMY.PK,2026-03-24,18.939728,102.38,HALMY.PK
HALO.O,2026-03-24,7.418549,62.86,HALO.O
HALYY.PK,2026-03-24,8.860492,0.0,HALYY.PK
HAS.O,2026-03-24,13.082369,92.99,HAS.O
HASI.K,2026-03-24,4.641367,36.34,HASI.K
HASI.N,2026-03-24,4.641367,36.34,HASI.N
HAWPY.PK,2026-03-24,2.690892,53.5,HAWPY.PK
HAYW.K,2026-03-24,3.008326,13.85,HAYW.K
HAYW.N,2026-03-24,3.008326,13.85,HAYW.N
HBAN.O,2026-03-24,31.14756,15.29,HBAN.O
HBANL.O,2026-03-24,31.14756,25.19,HBANL.O
HBCYF.PK,2026-03-24,272.835181,15.68,HBCYF.PK
HBM.N,2026-03-24,7.468595,18.85,HBM.N
HBNB.O,2026-03-24,1.852145,7.91,HBNB.O
HBRIY.PK,2026-03-24,5.959156,4.0,HBRIY.PK
HCA.N,2026-03-24,110.572739,494.58,HCA.N
HCC.N,2026-03-24,4.566623,86.49,HCC.N
HCHDF.PK,2026-03-24,3.847851,7.8,HCHDF.PK
HCHDY.PK,2026-03-24,3.847851,27.14,HCHDY.PK
HCI.N,2026-03-24,1.994525,153.52,HCI.N
HCIIP.PK,2026-03-24,1.994525,10.1,HCIIP.PK
HCM.O,2026-03-24,2.401299,14.0,HCM.O
HCMLY.PK,2026-03-24,46.291116,16.39,HCMLY.PK
HCSG.O,2026-03-24,1.372326,19.53,HCSG.O
HCXLY.PK,2026-03-24,6.515636,44.18,HCXLY.PK
HCXY.N,2026-03-24,2.663584,25.18,HCXY.N
HD.N,2026-03-24,329.580194,330.9,HD.N
HDB.N,2026-03-24,122.276583,25.4,HDB.N
HDL.O,2026-03-24,0.996207,15.0,HDL.O
HDWEY.PK,2026-03-24,2.213762,0.0,HDWEY.PK
HE.N,2026-03-24,2.485735,14.4,HE.N
HEGIF.PK,2026-03-24,4.072276,3.59,HEGIF.PK
HEGIY.PK,2026-03-24,4.072276,17.52,HEGIY.PK
HEI.N,2026-03-24,33.395048,279.64,HEI.N
HEIa.N,2026-03-24,33.395048,213.03,HEIa.N
HEINY.PK,2026-03-24,43.811653,38.29,HEINY.PK
HENKY.PK,2026-03-24,32.515004,18.1,HENKY.PK
HENOY.PK,2026-03-24,32.515004,19.33,HENOY.PK
HESAF.PK,2026-03-24,201.477201,1944.26,HESAF.PK
HESAY.PK,2026-03-24,201.477201,192.0,HESAY.PK
HESM.K,2026-03-24,8.282163,40.11,HESM.K
HESM.N,2026-03-24,8.282163,40.11,HESM.N
HG.N,2026-03-24,2.877072,29.02,HG.N
HGER.N,2026-03-24,2.311776,29.44,HGER.N
HGKGY.PK,2026-03-24,16.704308,7.87,HGKGY.PK
HGTY.K,2026-03-24,3.618053,10.56,HGTY.K
HGTY.N,2026-03-24,3.618053,10.56,HGTY.N
HGV.N,2026-03-24,3.382807,41.63,HGV.N
HHH.N,2026-03-24,3.826864,64.17,HHH.N
HHKIY.PK,2026-03-24,1.064798,0.0,HHKIY.PK
HHULY.PK,2026-03-24,1.911434,12.7,HHULY.PK
HI.N,2026-03-24,2.254867,31.98,HI.N
HIG.N,2026-03-24,37.360156,135.43,HIG.N
HII.N,2026-03-24,15.615805,396.57,HII.N
HIMS.K,2026-03-24,5.119505,22.46,HIMS.K
HIMS.N,2026-03-24,5.119505,22.46,HIMS.N
HIMX.O,2026-03-24,1.51466,8.68,HIMX.O
HINOY.PK,2026-03-24,1.483327,25.7,HINOY.PK
HIW.N,2026-03-24,2.336036,21.25,HIW.N
HKBNY.PK,2026-03-24,1.487738,6.89,HKBNY.PK
HKHHY.PK,2026-03-24,20.328405,35.68,HKHHY.PK
HKHUY.PK,2026-03-24,4.433084,0.0,HKHUY.PK
HKMPY.PK,2026-03-24,3.620467,32.98,HKMPY.PK
HKSHY.PK,2026-03-24,1.347035,15.92,HKSHY.PK
HKTTY.PK,2026-03-24,11.857631,14.29,HKTTY.PK
HKUOY.PK,2026-03-24,2.526493,13.17,HKUOY.PK
HKVTY.PK,2026-03-24,7.241955,7.74,HKVTY.PK
HKXCY.PK,2026-03-24,63.381324,49.83,HKXCY.PK
HL.N,2026-03-24,11.93893,17.81,HL.N
HL_pb.N,2026-03-24,11.93893,65.29,HL_pb.N
HLBAY.PK,2026-03-24,5.616281,0.0,HLBAY.PK
HLBBY.PK,2026-03-24,5.616281,0.0,HLBBY.PK
HLBZF.PK,2026-03-24,36.494408,203.07,HLBZF.PK
HLDCY.PK,2026-03-24,18.974197,3.65,HLDCY.PK
HLDVF.PK,2026-03-24,18.974197,3.85,HLDVF.PK
HLF.N,2026-03-24,1.523227,14.73,HLF.N
HLHLY.PK,2026-03-24,5.700839,18.0,HLHLY.PK
HLI.N,2026-03-24,9.799252,140.42,HLI.N
HLIO.K,2026-03-24,2.156266,65.13,HLIO.K
HLIO.N,2026-03-24,2.156266,65.13,HLIO.N
HLIT.O,2026-03-24,1.020844,9.26,HLIT.O
HLLGY.PK,2026-03-24,9.496015,45.19,HLLGY.PK
HLMAF.PK,2026-03-24,18.939728,49.32,HLMAF.PK
HLMN.O,2026-03-24,1.592386,8.1,HLMN.O
HLMNY.PK,2026-03-24,5.700839,21.25,HLMNY.PK
HLN.N,2026-03-24,43.432081,9.93,HLN.N
HLNE.O,2026-03-24,5.689619,102.01,HLNE.O
HLPPY.PK,2026-03-24,5.648406,5.7,HLPPY.PK
HLPTY.PK,2026-03-24,3.426594,0.0,HLPTY.PK
HLT.N,2026-03-24,68.94111,300.67,HLT.N
HLTOY.PK,2026-03-24,7.728486,9.6,HLTOY.PK
HLVTY.PK,2026-03-24,25.101108,6.35,HLVTY.PK
HLX.N,2026-03-24,1.443502,9.8,HLX.N
HMC.N,2026-03-24,37.209913,24.74,HMC.N
HMDPF.PK,2026-03-24,1.276304,146.65,HMDPF.PK
HMKIY.PK,2026-03-24,3.466087,8.35,HMKIY.PK
HMN.N,2026-03-24,1.70778,42.22,HMN.N
HMNTY.PK,2026-03-24,1.001844,11.18,HMNTY.PK
HMY.N,2026-03-24,8.950105,14.08,HMY.N
HNDAF.PK,2026-03-24,37.209913,8.63,HNDAF.PK
HNGE.K,2026-03-24,3.31672,42.11,HNGE.K
HNGE.N,2026-03-24,3.31672,42.11,HNGE.N
HNGKY.PK,2026-03-24,16.755115,39.5,HNGKY.PK
HNGZY.PK,2026-03-24,5.829135,4.0,HNGZY.PK
HNHAY.PK,2026-03-24,85.465721,0.0,HNHAY.PK
HNHPF.PK,2026-03-24,85.465721,12.6,HNHPF.PK
HNI.N,2026-03-24,2.612082,36.65,HNI.N
HNKLY.PK,2026-03-24,4.192243,0.0,HNKLY.PK
HNLGY.PK,2026-03-24,2.619533,9.52,HNLGY.PK
HNNKY.PK,2026-03-24,6.848219,0.0,HNNKY.PK
HNNMY.PK,2026-03-24,26.031458,3.7,HNNMY.PK
HNORY.PK,2026-03-24,4.339813,12.5,HNORY.PK
HNPHY.PK,2026-03-24,24.689657,0.0,HNPHY.PK
HNTIY.PK,2026-03-24,0.973694,4.73,HNTIY.PK
HOCPY.PK,2026-03-24,60.311357,176.49,HOCPY.PK
HOG.N,2026-03-24,1.989822,17.79,HOG.N
HOKCY.PK,2026-03-24,16.984524,0.91,HOKCY.PK
HOLX.O,2026-03-24,16.886245,75.64,HOLX.O
HOMB.K,2026-03-24,5.212772,26.51,HOMB.K
HOMB.N,2026-03-24,5.212772,26.51,HOMB.N
HON.O,2026-03-24,141.762038,223.01,HON.O
HOOD.O,2026-03-24,65.263355,72.49,HOOD.O
HOPE.O,2026-03-24,1.416651,11.05,HOPE.O
HOSXF.PK,2026-03-24,4.431283,0.27,HOSXF.PK
HOSZY.PK,2026-03-24,4.431283,0.0,HOSZY.PK
HP.N,2026-03-24,3.707411,37.13,HP.N
HPE.N,2026-03-24,29.615383,22.32,HPE.N
HPGLY.PK,2026-03-24,28.593345,85.46,HPGLY.PK
HPHTY.PK,2026-03-24,3.731017,5.77,HPHTY.PK
HPIFY.PK,2026-03-24,8.571409,15.75,HPIFY.PK
HPQ.N,2026-03-24,16.946615,18.53,HPQ.N
HQH.N,2026-03-24,0.985308,17.75,HQH.N
HQY.O,2026-03-24,6.896817,81.64,HQY.O
HR.N,2026-03-24,6.129293,17.57,HR.N
HRB.N,2026-03-24,4.003073,31.58,HRB.N
HRBAY.PK,2026-03-24,4.904954,0.0,HRBAY.PK
HRI.N,2026-03-24,3.475179,104.14,HRI.N
HRL.N,2026-03-24,12.337372,22.42,HRL.N
HRMY.O,2026-03-24,1.596401,27.6,HRMY.O
HROEY.PK,2026-03-24,4.7245,14.03,HROEY.PK
HROW.O,2026-03-24,1.26581,34.0,HROW.O
HRSPY.PK,2026-03-24,6.697151,0.0,HRSPY.PK
HSAI.O,2026-03-24,3.574833,23.58,HSAI.O
HSBC.K,2026-03-24,272.835181,79.83,HSBC.K
HSBC.N,2026-03-24,272.835181,79.83,HSBC.N
HSHCY.PK,2026-03-24,30.521249,12.03,HSHCY.PK
HSHZY.PK,2026-03-24,4.562625,8.72,HSHZY.PK
HSIC.O,2026-03-24,8.540869,74.46,HSIC.O
HSNGY.PK,2026-03-24,36.999562,19.7,HSNGY.PK
HSQVY.PK,2026-03-24,2.232031,7.83,HSQVY.PK
HSSKY.PK,2026-03-24,5.405423,0.0,HSSKY.PK
HST.O,2026-03-24,13.164534,19.14,HST.O
HSY.N,2026-03-24,43.613012,215.17,HSY.N
HTCCY.PK,2026-03-24,1.058695,100.6,HTCCY.PK
HTCKF.PK,2026-03-24,1.058695,6.5,HTCKF.PK
HTCMY.PK,2026-03-24,7.328005,78.82,HTCMY.PK
HTFL.O,2026-03-24,2.300023,26.82,HTFL.O
HTGC.K,2026-03-24,2.663584,14.5,HTGC.K
HTGC.N,2026-03-24,2.663584,14.5,HTGC.N
HTH.N,2026-03-24,2.10927,35.48,HTH.N
HTHIY.PK,2026-03-24,139.098077,31.47,HTHIY.PK
HTHT.O,2026-03-24,15.668988,49.75,HTHT.O
HTO.O,2026-03-24,2.36091,56.51,HTO.O
HTSUY.PK,2026-03-24,2.863221,6.65,HTSUY.PK
HTZ.O,2026-03-24,1.29005,4.13,HTZ.O
HUBB.K,2026-03-24,25.999745,489.07,HUBB.K
HUBB.N,2026-03-24,25.999745,489.07,HUBB.N
HUBG.O,2026-03-24,2.15933,35.31,HUBG.O
HUBS.K,2026-03-24,13.821185,262.06,HUBS.K
HUBS.N,2026-03-24,13.821185,262.06,HUBS.N
HUIHY.PK,2026-03-24,1.685661,25.0,HUIHY.PK
HUM.N,2026-03-24,20.426066,170.14,HUM.N
HUN.N,2026-03-24,1.884162,10.83,HUN.N
HUPHY.PK,2026-03-24,1.785776,4.65,HUPHY.PK
HURN.O,2026-03-24,2.143203,129.29,HURN.O
HUT.O,2026-03-24,5.943123,52.94,HUT.O
HVNVY.PK,2026-03-24,1.713035,96.26,HVNVY.PK
HVRRY.PK,2026-03-24,35.793478,49.72,HVRRY.PK
HWC.O,2026-03-24,5.114598,62.72,HWC.O
HWDJY.PK,2026-03-24,5.734212,44.5,HWDJY.PK
HWKN.O,2026-03-24,2.941761,140.74,HWKN.O
HWM.N,2026-03-24,94.637892,236.04,HWM.N
HXGBY.PK,2026-03-24,26.347774,10.21,HXGBY.PK
HXL.N,2026-03-24,6.013489,79.26,HXL.N
HXXPY.PK,2026-03-24,2.452753,8.51,HXXPY.PK
HYMC.O,2026-03-24,2.928629,32.17,HYMC.O
HYNLY.PK,2026-03-24,24.706152,0.0,HYNLY.PK
HYPMY.PK,2026-03-24,3.086119,4.26,HYPMY.PK
HYSNY.PK,2026-03-24,2.376988,4.56,HYSNY.PK
HYT.N,2026-03-24,1.381016,8.47,HYT.N
HZRBY.PK,2026-03-24,13.317685,0.0,HZRBY.PK
IAC.O,2026-03-24,2.974031,38.67,IAC.O
IAG.N,2026-03-24,9.881865,16.87,IAG.N
IAMUY.PK,2026-03-24,1.156064,6.8,IAMUY.PK
IAUGY.PK,2026-03-24,12.166723,25.7,IAUGY.PK
IAUX.K,2026-03-24,1.1237,1.31,IAUX.K
IBDRY.PK,2026-03-24,149.144863,89.05,IBDRY.PK
IBIDY.PK,2026-03-24,13.932241,13.72,IBIDY.PK
IBKR.O,2026-03-24,115.080648,67.84,IBKR.O
IBM.N,2026-03-24,233.045267,248.44,IBM.N
IBN.N,2026-03-24,93.44506,26.45,IBN.N
IBOC.O,2026-03-24,4.203836,67.61,IBOC.O
IBP.N,2026-03-24,7.21424,267.44,IBP.N
IBRX.O,2026-03-24,9.664248,9.4,IBRX.O
ICAGY.PK,2026-03-24,22.007093,9.82,ICAGY.PK
ICE.N,2026-03-24,89.256295,157.17,ICE.N
ICFI.O,2026-03-24,1.258298,68.86,ICFI.O
ICGUF.PK,2026-03-24,5.766236,20.65,ICGUF.PK
ICHR.O,2026-03-24,1.689604,48.77,ICHR.O
ICL.N,2026-03-24,6.513769,5.07,ICL.N
ICLR.O,2026-03-24,7.662719,100.35,ICLR.O
ICTEY.PK,2026-03-24,23.139457,50.63,ICTEY.PK
ICUI.O,2026-03-24,3.208007,129.93,ICUI.O
IDA.N,2026-03-24,7.501953,136.65,IDA.N
IDCBF.PK,2026-03-24,358.957369,0.81,IDCBF.PK
IDCBY.PK,2026-03-24,358.957369,16.38,IDCBY.PK
IDCC.O,2026-03-24,8.0004,311.46,IDCC.O
IDEXY.PK,2026-03-24,180.6598,14.5,IDEXY.PK
IDKOY.PK,2026-03-24,11.876357,18.65,IDKOY.PK
IDT.N,2026-03-24,1.21043,48.27,IDT.N
IDTRY.PK,2026-03-24,7.971784,10.6,IDTRY.PK
IDXX.O,2026-03-24,46.0633,578.51,IDXX.O
IDYA.O,2026-03-24,2.778436,31.64,IDYA.O
IE.N,2026-03-24,1.782128,11.39,IE.N
IEP.O,2026-03-24,4.779071,7.5,IEP.O
IESC.O,2026-03-24,9.406016,472.0,IESC.O
IESFY.PK,2026-03-24,8.730502,187.69,IESFY.PK
IEX.N,2026-03-24,14.022743,188.61,IEX.N
IFF.N,2026-03-24,17.402979,68.13,IFF.N
IFHLY.PK,2026-03-24,3.39623,11.97,IFHLY.PK
IFJPY.PK,2026-03-24,12.807512,20.56,IFJPY.PK
IFNNY.PK,2026-03-24,58.367478,44.88,IFNNY.PK
IFS.N,2026-03-24,5.362737,48.07,IFS.N
IGGHY.PK,2026-03-24,6.323429,18.75,IGGHY.PK
IGIC.O,2026-03-24,0.964424,22.97,IGIC.O
IGIFF.PK,2026-03-24,10.819331,46.18,IGIFF.PK
IGTAY.PK,2026-03-24,1.042334,0.0,IGTAY.PK
IHG.N,2026-03-24,19.771372,132.06,IHG.N
IHICY.PK,2026-03-24,23.366505,22.6,IHICY.PK
IHS.N,2026-03-24,2.764695,8.24,IHS.N
IIDDY.PK,2026-03-24,3.884677,10.56,IIDDY.PK
IIJIY.PK,2026-03-24,2.814897,29.72,IIJIY.PK
IIPR.K,2026-03-24,1.473757,52.38,IIPR.K
IIPR.N,2026-03-24,1.473757,52.38,IIPR.N
IKTSY.PK,2026-03-24,7.469905,49.1,IKTSY.PK
ILKAY.PK,2026-03-24,1.77968,20.74,ILKAY.PK
ILMN.O,2026-03-24,18.927491,123.79,ILMN.O
ILPMY.PK,2026-03-24,1.853857,3.88,ILPMY.PK
IMAX.K,2026-03-24,2.053894,38.04,IMAX.K
IMAX.N,2026-03-24,2.053894,38.04,IMAX.N
IMBBF.PK,2026-03-24,31.542807,42.42,IMBBF.PK
IMBBY.PK,2026-03-24,31.542807,40.9,IMBBY.PK
IMCDY.PK,2026-03-24,5.060733,43.16,IMCDY.PK
IMCR.O,2026-03-24,1.538596,30.35,IMCR.O
IMHDY.PK,2026-03-24,6.605319,16.32,IMHDY.PK
IMIUY.PK,2026-03-24,8.659893,35.13,IMIUY.PK
IMKTA.O,2026-03-24,1.616801,85.12,IMKTA.O
IMNM.O,2026-03-24,2.347514,20.75,IMNM.O
IMO.N,2026-03-24,61.26823,126.6,IMO.N
IMOS.O,2026-03-24,1.262618,39.05,IMOS.O
IMPJY.PK,2026-03-24,2.733899,5.35,IMPJY.PK
IMPUY.PK,2026-03-24,12.020377,13.52,IMPUY.PK
IMTX.O,2026-03-24,1.275258,9.51,IMTX.O
IMVT.O,2026-03-24,4.962115,24.38,IMVT.O
IMYSY.PK,2026-03-24,2.061855,5.21,IMYSY.PK
INBX.O,2026-03-24,0.944053,64.63,INBX.O
INCY.O,2026-03-24,18.00086,90.45,INCY.O
INDB.O,2026-03-24,3.680755,75.14,INDB.O
INDOY.PK,2026-03-24,4.179227,6.55,INDOY.PK
INDV.O,2026-03-24,3.675667,29.39,INDV.O
INFQ.N,2026-03-24,2.073801,9.58,INFQ.N
INFY.K,2026-03-24,54.290758,13.3,INFY.K
INFY.N,2026-03-24,54.290758,13.3,INFY.N
ING.N,2026-03-24,74.639035,25.69,ING.N
INGKY.PK,2026-03-24,14.064293,0.0,INGKY.PK
INGM.K,2026-03-24,5.155188,21.93,INGM.K
INGM.N,2026-03-24,5.155188,21.93,INGM.N
INGR.K,2026-03-24,6.95228,110.45,INGR.K
INGR.N,2026-03-24,6.95228,110.45,INGR.N
INOD.O,2026-03-24,1.465152,44.94,INOD.O
INPAP.PK,2026-03-24,18.827933,74.75,INPAP.PK
INPOY.PK,2026-03-24,8.648617,8.5,INPOY.PK
INR.N,2026-03-24,1.092618,17.23,INR.N
INRNY.PK,2026-03-24,1.63668,0.0,INRNY.PK
INSM.O,2026-03-24,31.035162,143.98,INSM.O
INSP.K,2026-03-24,1.502068,52.16,INSP.K
INSP.N,2026-03-24,1.502068,52.16,INSP.N
INSW.K,2026-03-24,3.459928,70.0,INSW.K
INSW.N,2026-03-24,3.459928,70.0,INSW.N
INTA.O,2026-03-24,2.085467,25.94,INTA.O
INTC.O,2026-03-24,219.82995,44.01,INTC.O
INTR.O,2026-03-24,3.706339,8.42,INTR.O
INTU.O,2026-03-24,126.388881,457.02,INTU.O
INVA.O,2026-03-24,1.622954,21.91,INVA.O
INVH.K,2026-03-24,15.0884,24.76,INVH.K
INVH.N,2026-03-24,15.0884,24.76,INVH.N
INVX.K,2026-03-24,1.704269,24.65,INVX.K
INVX.N,2026-03-24,1.704269,24.65,INVX.N
IONQ.K,2026-03-24,12.139475,33.11,IONQ.K
IONQ.N,2026-03-24,12.139475,33.11,IONQ.N
IONS.O,2026-03-24,11.693942,70.79,IONS.O
IOSP.O,2026-03-24,1.668045,67.32,IOSP.O
IOT.N,2026-03-24,19.279781,33.2,IOT.N
IP.N,2026-03-24,18.827933,35.56,IP.N
IPAR.O,2026-03-24,2.90859,90.69,IPAR.O
IPEU.PK,2026-03-24,4.031717,15.5,IPEU.PK
IPGP.O,2026-03-24,5.0271,119.15,IPGP.O
IPGYY.PK,2026-03-24,4.033686,0.0,IPGYY.PK
IPOAF.PK,2026-03-24,17.341897,44.83,IPOAF.PK
IPSAY.PK,2026-03-24,1.693538,0.0,IPSAY.PK
IPSEY.PK,2026-03-24,14.390924,43.09,IPSEY.PK
IPX.O,2026-03-24,0.792009,24.68,IPX.O
IPXHY.PK,2026-03-24,35.915142,27.67,IPXHY.PK
IQ.O,2026-03-24,1.206281,1.25,IQ.O
IQV.N,2026-03-24,28.026964,166.96,IQV.N
IR.N,2026-03-24,32.226245,82.29,IR.N
IRDEY.PK,2026-03-24,3.684693,30.0,IRDEY.PK
IRDM.O,2026-03-24,2.760363,26.3,IRDM.O
IREN.O,2026-03-24,16.821339,42.16,IREN.O
IRM.N,2026-03-24,30.157441,101.94,IRM.N
IRMD.O,2026-03-24,1.268031,99.2,IRMD.O
IRON.O,2026-03-24,2.255641,59.11,IRON.O
IRPSY.PK,2026-03-24,1.065981,3.5,IRPSY.PK
IRS.N,2026-03-24,1.088011,14.55,IRS.N
IRT.N,2026-03-24,3.565344,15.13,IRT.N
IRTC.O,2026-03-24,3.817902,118.14,IRTC.O
ISADY.PK,2026-03-24,6.075458,0.0,ISADY.PK
ISDAY.PK,2026-03-24,13.165253,125.75,ISDAY.PK
ISMAY.PK,2026-03-24,9.985759,28.66,ISMAY.PK
ISNPY.PK,2026-03-24,103.215082,35.86,ISNPY.PK
ISRG.O,2026-03-24,169.78532,478.04,ISRG.O
ISRXF.PK,2026-03-24,3.99246,491.18,ISRXF.PK
ISUZY.PK,2026-03-24,10.148905,14.78,ISUZY.PK
IT.N,2026-03-24,11.454513,162.59,IT.N
ITAYY.PK,2026-03-24,1.863794,3.45,ITAYY.PK
ITCFY.PK,2026-03-24,6.999259,15.92,ITCFY.PK
ITCTY.PK,2026-03-24,38.849546,0.0,ITCTY.PK
ITFCY.PK,2026-03-24,32.818975,0.0,ITFCY.PK
ITGR.K,2026-03-24,2.935979,85.33,ITGR.K
ITGR.N,2026-03-24,2.935979,85.33,ITGR.N
ITOCY.PK,2026-03-24,101.512758,12.69,ITOCY.PK
ITRI.O,2026-03-24,4.197509,93.4,ITRI.O
ITT.N,2026-03-24,16.890785,188.01,ITT.N
ITUB.K,2026-03-24,89.069905,8.14,ITUB.K
ITUB.N,2026-03-24,89.069905,8.14,ITUB.N
ITVPY.PK,2026-03-24,3.868175,10.3,ITVPY.PK
ITW.N,2026-03-24,75.72455,262.75,ITW.N
IVA.O,2026-03-24,1.25927,6.08,IVA.O
IVBIY.PK,2026-03-24,18.064471,40.0,IVBIY.PK
IVPAF.PK,2026-03-24,11.864007,8.31,IVPAF.PK
IVSBF.PK,2026-03-24,110.737596,37.0,IVSBF.PK
IVT.N,2026-03-24,2.40013,30.89,IVT.N
IVTJY.PK,2026-03-24,6.999259,14.58,IVTJY.PK
IVZ.N,2026-03-24,10.546126,23.77,IVZ.N
IWGFF.PK,2026-03-24,2.230033,2.32,IWGFF.PK
IX.N,2026-03-24,33.092428,29.81,IX.N
J.N,2026-03-24,15.17529,129.21,J.N
JAMF.O,2026-03-24,1.749695,13.05,JAMF.O
JAN.N,2026-03-24,4.178305,23.75,JAN.N
JAN.O,2026-03-24,0.166768,1.32,JAN.O
JAPAF.PK,2026-03-24,73.470934,34.16,JAPAF.PK
JAPAY.PK,2026-03-24,73.470934,18.24,JAPAY.PK
JAPSY.PK,2026-03-24,7.238818,8.28,JAPSY.PK
JAZZ.O,2026-03-24,11.223683,182.32,JAZZ.O
JBAXY.PK,2026-03-24,14.882119,14.52,JBAXY.PK
JBFCY.PK,2026-03-24,3.41429,12.0,JBFCY.PK
JBGS.K,2026-03-24,0.916368,15.53,JBGS.K
JBHHY.PK,2026-03-24,5.64469,35.69,JBHHY.PK
JBHT.O,2026-03-24,19.183816,202.78,JBHT.O
JBL.N,2026-03-24,28.115796,266.26,JBL.N
JBLU.O,2026-03-24,1.554503,4.2,JBLU.O
JBND.N,2026-03-24,6.767948,53.65,JBND.N
JBS.N,2026-03-24,16.713507,15.07,JBS.N
JBTM.K,2026-03-24,6.649044,127.91,JBTM.K
JBTM.N,2026-03-24,6.649044,127.91,JBTM.N
JCAP.O,2026-03-24,1.076705,19.46,JCAP.O
JCDXY.PK,2026-03-24,4.813745,9.31,JCDXY.PK
JCI.N,2026-03-24,81.570063,133.27,JCI.N
JCYGY.PK,2026-03-24,10.325071,52.86,JCYGY.PK
JD.O,2026-03-24,43.622198,27.54,JD.O
JDCMF.PK,2026-03-24,43.622198,13.9,JDCMF.PK
JDEPY.PK,2026-03-24,17.938856,18.57,JDEPY.PK
JDHIY.PK,2026-03-24,20.002531,6.85,JDHIY.PK
JDLGY.PK,2026-03-24,11.754975,0.0,JDLGY.PK
JDSPY.PK,2026-03-24,4.535492,0.91,JDSPY.PK
JEF.N,2026-03-24,8.169002,39.55,JEF.N
JEHLY.PK,2026-03-24,2.893906,46.41,JEHLY.PK
JEOLY.PK,2026-03-24,1.851447,0.0,JEOLY.PK
JEXYY.PK,2026-03-24,8.236885,25.7,JEXYY.PK
JFR.N,2026-03-24,1.191159,7.4,JFR.N
JGCCY.PK,2026-03-24,3.292859,27.38,JGCCY.PK
JGHHY.PK,2026-03-24,1.561764,4.79,JGHHY.PK
JGLMY.PK,2026-03-24,1.700926,0.0,JGLMY.PK
JGSMY.PK,2026-03-24,3.389923,7.57,JGSMY.PK
JHG.N,2026-03-24,7.817796,50.74,JHG.N
JHPCY.PK,2026-03-24,49.728906,16.72,JHPCY.PK
JHX.N,2026-03-24,11.324936,19.52,JHX.N
JINFF.PK,2026-03-24,7.621298,18.71,JINFF.PK
JJSF.O,2026-03-24,1.45308,76.43,JJSF.O
JKHY.O,2026-03-24,11.784931,163.3,JKHY.O
JKS.N,2026-03-24,3.029193,23.91,JKS.N
JLL.N,2026-03-24,14.036701,299.6,JLL.N
JMHLY.PK,2026-03-24,21.331605,72.66,JMHLY.PK
JMIA.K,2026-03-24,0.876876,7.08,JMIA.K
JMPLY.PK,2026-03-24,4.06196,49.29,JMPLY.PK
JMREY.PK,2026-03-24,5.556016,17.09,JMREY.PK
JNBBY.PK,2026-03-24,1.508636,8.86,JNBBY.PK
JNGDY.PK,2026-03-24,4.32908,0.0,JNGDY.PK
JNJ.N,2026-03-24,567.035724,235.42,JNJ.N
JNNLY.PK,2026-03-24,2.71747,0.0,JNNLY.PK
JOBY.K,2026-03-24,9.088222,9.28,JOBY.K
JOBY.N,2026-03-24,9.088222,9.28,JOBY.N
JOE.N,2026-03-24,3.687445,64.08,JOE.N
JOYY.O,2026-03-24,2.904107,58.1,JOYY.O
JPC.N,2026-03-24,2.903826,7.83,JPC.N
JPDYY.PK,2026-03-24,1.518551,7.07,JPDYY.PK
JPM.N,2026-03-24,781.896656,289.91,JPM.N
JPM_pc.N,2026-03-24,781.896656,24.99,JPM_pc.N
JPM_pj.N,2026-03-24,781.896656,19.68,JPM_pj.N
JPNPY.PK,2026-03-24,10.94604,0.0,JPNPY.PK
JPPHY.PK,2026-03-24,33.861396,12.01,JPPHY.PK
JPPTY.PK,2026-03-24,58.187309,16.4,JPPTY.PK
JPSWY.PK,2026-03-24,4.348091,32.75,JPSWY.PK
JPXGY.PK,2026-03-24,12.028704,11.79,JPXGY.PK
JRONY.PK,2026-03-24,14.532793,46.58,JRONY.PK
JSAIY.PK,2026-03-24,9.819546,17.95,JSAIY.PK
JSGRY.PK,2026-03-24,3.01888,21.0,JSGRY.PK
JTEKY.PK,2026-03-24,3.409708,30.95,JTEKY.PK
JTGEY.PK,2026-03-24,10.707027,0.0,JTGEY.PK
JTKWY.PK,2026-03-24,4.909804,4.65,JTKWY.PK
JTTRY.PK,2026-03-24,2.970799,16.24,JTTRY.PK
JUMSY.PK,2026-03-24,3.485452,26.15,JUMSY.PK
JVCZY.PK,2026-03-24,1.190433,29.5,JVCZY.PK
JXAMY.PK,2026-03-24,20.845441,53.11,JXAMY.PK
JXHLY.PK,2026-03-24,23.004868,17.58,JXHLY.PK
JXN.N,2026-03-24,7.386964,104.51,JXN.N
JYSKY.PK,2026-03-24,8.077607,28.7,JYSKY.PK
KAEPY.PK,2026-03-24,17.800979,7.94,KAEPY.PK
KAI.N,2026-03-24,3.68183,312.31,KAI.N
KAIKY.PK,2026-03-24,10.418872,16.8,KAIKY.PK
KAJMY.PK,2026-03-24,19.603952,38.69,KAJMY.PK
KALU.O,2026-03-24,1.805681,111.39,KALU.O
KAOOY.PK,2026-03-24,17.241553,7.61,KAOOY.PK
KARO.O,2026-03-24,1.429742,46.28,KARO.O
KB.N,2026-03-24,36.841146,102.58,KB.N
KBCSY.PK,2026-03-24,50.425907,60.92,KBCSY.PK
KBDC.K,2026-03-24,0.942375,14.07,KBDC.K
KBDCY.PK,2026-03-24,4.889798,15.05,KBDCY.PK
KBGGY.PK,2026-03-24,36.741599,20.37,KBGGY.PK
KBH.N,2026-03-24,3.315913,53.19,KBH.N
KBR.N,2026-03-24,4.785479,37.84,KBR.N
KC.O,2026-03-24,4.13903,13.7,KC.O
KCDMY.PK,2026-03-24,6.83814,11.34,KCDMY.PK
KD.N,2026-03-24,2.919541,12.95,KD.N
KDDIF.PK,2026-03-24,70.775495,14.79,KDDIF.PK
KDDIY.PK,2026-03-24,70.775495,16.84,KDDIY.PK
KDK.O,2026-03-24,1.365514,7.48,KDK.O
KDOKY.PK,2026-03-24,3.221869,10.4,KDOKY.PK
KDP.O,2026-03-24,36.072584,26.55,KDP.O
KEN.N,2026-03-24,4.190557,80.42,KEN.N
KEP.N,2026-03-24,20.186871,16.14,KEP.N
KERCY.PK,2026-03-24,3.956871,17.88,KERCY.PK
KEX.N,2026-03-24,7.011482,130.76,KEX.N
KEY.N,2026-03-24,21.411572,19.65,KEY.N
KEY_pi.N,2026-03-24,21.411572,24.87,KEY_pi.N
KEYRY.PK,2026-03-24,10.898386,0.0,KEYRY.PK
KEYS.K,2026-03-24,49.557361,288.96,KEYS.K
KEYS.N,2026-03-24,49.557361,288.96,KEYS.N
KFY.N,2026-03-24,3.263179,62.89,KFY.N
KGBLY.PK,2026-03-24,7.965094,40.1,KGBLY.PK
KGC.N,2026-03-24,33.276886,27.81,KGC.N
KGCRF.PK,2026-03-24,33.276886,1.33,KGCRF.PK
KGDEY.PK,2026-03-24,4.227662,114.4,KGDEY.PK
KGFHY.PK,2026-03-24,6.681727,7.98,KGFHY.PK
KGFTY.PK,2026-03-24,4.111906,0.0,KGFTY.PK
KGS.N,2026-03-24,5.023359,58.5,KGS.N
KGSPY.PK,2026-03-24,14.865962,83.97,KGSPY.PK
KGTFY.PK,2026-03-24,14.417734,19.95,KGTFY.PK
KGTHY.PK,2026-03-24,2.20236,9.0,KGTHY.PK
KHC.O,2026-03-24,25.107226,21.21,KHC.O
KHNGY.PK,2026-03-24,25.80137,43.09,KHNGY.PK
KHOLY.PK,2026-03-24,11.175443,21.12,KHOLY.PK
KIGRY.PK,2026-03-24,6.931813,13.24,KIGRY.PK
KIKOY.PK,2026-03-24,8.214612,17.57,KIKOY.PK
KIM.N,2026-03-24,15.301313,22.7,KIM.N
KIM_pl.N,2026-03-24,15.301313,19.56,KIM_pl.N
KIROY.PK,2026-03-24,5.620034,5.97,KIROY.PK
KKMMY.PK,2026-03-24,2.541693,0.0,KKMMY.PK
KKOYY.PK,2026-03-24,8.786167,11.04,KKOYY.PK
KKPNY.PK,2026-03-24,20.640768,5.38,KKPNY.PK
KKR.N,2026-03-24,80.988483,90.84,KKR.N
KKR_pd.N,2026-03-24,80.988483,40.09,KKR_pd.N
KKRT.N,2026-03-24,80.988483,24.76,KKRT.N
KKSIY.PK,2026-03-24,8.230266,0.0,KKSIY.PK
KLAC.O,2026-03-24,198.113122,1511.43,KLAC.O
KLAR.K,2026-03-24,4.922703,13.04,KLAR.K
KLAR.N,2026-03-24,4.922703,13.04,KLAR.N
KLBAY.PK,2026-03-24,4.547246,7.09,KLBAY.PK
KLCCY.PK,2026-03-24,1.371421,0.0,KLCCY.PK
KLGSY.PK,2026-03-24,1.534399,0.0,KLGSY.PK
KLIC.O,2026-03-24,3.416921,65.3,KLIC.O
KLKBY.PK,2026-03-24,5.620707,5.5,KLKBY.PK
KLPPY.PK,2026-03-24,10.461488,20.41,KLPPY.PK
KLYCY.PK,2026-03-24,9.174684,11.37,KLYCY.PK
KMB.N,2026-03-24,33.00968,99.41,KMB.N
KMI.N,2026-03-24,74.998224,33.71,KMI.N
KMPB.N,2026-03-24,1.825437,22.4,KMPB.N
KMPR.K,2026-03-24,1.825437,31.09,KMPR.K
KMPR.N,2026-03-24,1.825437,31.09,KMPR.N
KMRSF.PK,2026-03-24,3.264989,0.0,KMRSF.PK
KMT.N,2026-03-24,2.714963,35.63,KMT.N
KMTS.O,2026-03-24,1.143534,19.59,KMTS.O
KMTUY.PK,2026-03-24,36.74267,38.83,KMTUY.PK
KMX.N,2026-03-24,6.081658,42.89,KMX.N
KN.N,2026-03-24,2.163045,25.29,KN.N
KNBWF.PK,2026-03-24,12.585344,15.92,KNBWF.PK
KNBWY.PK,2026-03-24,12.585344,15.32,KNBWY.PK
KNCAY.PK,2026-03-24,1.585123,7.74,KNCAY.PK
KNCRY.PK,2026-03-24,8.148591,20.0,KNCRY.PK
KNF.N,2026-03-24,4.799455,84.7,KNF.N
KNRRY.PK,2026-03-24,18.550036,29.02,KNRRY.PK
KNSA.O,2026-03-24,3.523689,46.04,KNSA.O
KNSL.K,2026-03-24,7.595363,328.05,KNSL.K
KNSL.N,2026-03-24,7.595363,328.05,KNSL.N
KNTK.K,2026-03-24,7.428015,45.81,KNTK.K
KNTK.N,2026-03-24,7.428015,45.81,KNTK.N
KNTNF.PK,2026-03-24,3.859401,15.76,KNTNF.PK
KNWAY.PK,2026-03-24,37.28023,0.0,KNWAY.PK
KNX.N,2026-03-24,8.798607,54.17,KNX.N
KNYJF.PK,2026-03-24,28.912113,61.87,KNYJF.PK
KNYJY.PK,2026-03-24,28.912113,32.07,KNYJY.PK
KO.N,2026-03-24,323.284923,75.11,KO.N
KOBCY.PK,2026-03-24,6.196281,11.5,KOBCY.PK
KOD.O,2026-03-24,1.356608,22.24,KOD.O
KOF.N,2026-03-24,19.620133,93.55,KOF.N
KONMY.PK,2026-03-24,17.75748,65.96,KONMY.PK
KOS.N,2026-03-24,1.595573,2.69,KOS.N
KOTMY.PK,2026-03-24,4.863387,15.7,KOTMY.PK
KOZAY.PK,2026-03-24,3.356197,8.0,KOZAY.PK
KPCPY.PK,2026-03-24,13.480159,23.29,KPCPY.PK
KPELF.PK,2026-03-24,17.258155,9.29,KPELF.PK
KPELY.PK,2026-03-24,17.258155,19.42,KPELY.PK
KPLUF.PK,2026-03-24,3.159071,20.62,KPLUF.PK
KPLUY.PK,2026-03-24,3.159071,8.93,KPLUY.PK
KPTCY.PK,2026-03-24,2.708457,8.02,KPTCY.PK
KR.N,2026-03-24,44.6378,72.7,KR.N
KRC.N,2026-03-24,3.402223,28.71,KRC.N
KREVF.PK,2026-03-24,3.479424,0.68,KREVF.PK
KRG.N,2026-03-24,5.093295,24.63,KRG.N
KRMN.K,2026-03-24,13.548494,102.39,KRMN.K
KRMN.N,2026-03-24,13.548494,102.39,KRMN.N
KRNGY.PK,2026-03-24,1.034731,2.47,KRNGY.PK
KRNTY.PK,2026-03-24,4.284901,71.54,KRNTY.PK
KRP.N,2026-03-24,1.582023,14.5,KRP.N
KRYAY.PK,2026-03-24,11.995399,75.09,KRYAY.PK
KRYPY.PK,2026-03-24,4.105669,13.2,KRYPY.PK
KRYS.O,2026-03-24,7.310386,250.08,KRYS.O
KSHTY.PK,2026-03-24,29.3392,1.33,KSHTY.PK
KSPI.O,2026-03-24,14.221718,73.7,KSPI.O
KSRYY.PK,2026-03-24,2.230867,7.36,KSRYY.PK
KSS.N,2026-03-24,1.47562,13.15,KSS.N
KT.N,2026-03-24,10.052388,21.26,KT.N
KTB.N,2026-03-24,3.860054,69.86,KTB.N
KTOS.O,2026-03-24,15.629754,83.69,KTOS.O
KTWIY.PK,2026-03-24,5.517021,99.11,KTWIY.PK
KUBTY.PK,2026-03-24,17.990332,79.02,KUBTY.PK
KURRY.PK,2026-03-24,3.124733,33.0,KURRY.PK
KVUE.K,2026-03-24,33.734485,17.6,KVUE.K
KVUE.N,2026-03-24,33.734485,17.6,KVUE.N
KVYO.K,2026-03-24,5.781565,18.97,KVYO.K
KVYO.N,2026-03-24,5.781565,18.97,KVYO.N
KW.N,2026-03-24,1.507879,10.89,KW.N
KWHIY.PK,2026-03-24,16.025864,40.42,KWHIY.PK
KWR.N,2026-03-24,2.049526,118.23,KWR.N
KXIAY.PK,2026-03-24,72.672213,14.4,KXIAY.PK
KYCCF.PK,2026-03-24,86.795193,367.54,KYCCF.PK
KYHHY.PK,2026-03-24,3.654648,12.95,KYHHY.PK
KYIV.O,2026-03-24,2.421759,10.49,KYIV.O
KYKOY.PK,2026-03-24,7.946062,12.3,KYKOY.PK
KYMR.O,2026-03-24,6.283199,76.96,KYMR.O
KYN.N,2026-03-24,2.369456,14.01,KYN.N
KYOCY.PK,2026-03-24,22.981748,15.17,KYOCY.PK
KYSEY.PK,2026-03-24,5.245265,12.55,KYSEY.PK
KYTFY.PK,2026-03-24,8.15846,0.0,KYTFY.PK
KZHXY.PK,2026-03-24,1.012236,25.21,KZHXY.PK
L.N,2026-03-24,21.934328,106.45,L.N
LAC.N,2026-03-24,1.368552,3.94,LAC.N
LAD.N,2026-03-24,5.885002,252.58,LAD.N
LADR.K,2026-03-24,1.265974,9.95,LADR.K
LADR.N,2026-03-24,1.265974,9.95,LADR.N
LAMR.O,2026-03-24,12.881149,127.12,LAMR.O
LAR.N,2026-03-24,1.027231,6.27,LAR.N
LASR.O,2026-03-24,3.902603,69.95,LASR.O
LAUR.O,2026-03-24,4.903244,34.35,LAUR.O
LAZ.N,2026-03-24,3.77134,40.16,LAZ.N
LB.N,2026-03-24,5.574314,72.31,LB.N
LBKCY.PK,2026-03-24,1.308135,0.0,LBKCY.PK
LBRDA.O,2026-03-24,7.224712,50.22,LBRDA.O
LBRDB.PK,2026-03-24,7.224712,49.0,LBRDB.PK
LBRDK.O,2026-03-24,7.224712,50.37,LBRDK.O
LBRDP.O,2026-03-24,7.224712,24.0,LBRDP.O
LBRT.K,2026-03-24,4.71732,29.11,LBRT.K
LBRT.N,2026-03-24,4.71732,29.11,LBRT.N
LBTYA.O,2026-03-24,4.03241,12.08,LBTYA.O
LBTYB.O,2026-03-24,4.03241,13.44,LBTYB.O
LBTYK.O,2026-03-24,4.03241,11.86,LBTYK.O
LC.N,2026-03-24,1.692003,14.69,LC.N
LCID.O,2026-03-24,3.378425,10.31,LCID.O
LCII.K,2026-03-24,2.937284,121.37,LCII.K
LCII.N,2026-03-24,2.937284,121.37,LCII.N
LCSHF.PK,2026-03-24,1.870926,8.31,LCSHF.PK
LCSHY.PK,2026-03-24,1.870926,16.0,LCSHY.PK
LDBTY.PK,2026-03-24,12.525,0.0,LDBTY.PK
LDGYY.PK,2026-03-24,1.842201,17.5,LDGYY.PK
LDI.N,2026-03-24,0.502543,1.5,LDI.N
LDOS.K,2026-03-24,20.468427,162.54,LDOS.K
LDOS.N,2026-03-24,20.468427,162.54,LDOS.N
LDSCY.PK,2026-03-24,5.446069,7.34,LDSCY.PK
LEA.N,2026-03-24,6.03048,118.88,LEA.N
LECO.O,2026-03-24,13.853965,252.7,LECO.O
LEG.N,2026-03-24,1.362852,10.03,LEG.N
LEGN.O,2026-03-24,3.186786,17.23,LEGN.O
LEN.N,2026-03-24,22.999869,93.46,LEN.N
LENb.N,2026-03-24,22.999869,88.87,LENb.N
LEU.N,2026-03-24,3.807256,193.61,LEU.N
LEVI.K,2026-03-24,7.160738,18.62,LEVI.K
LEVI.N,2026-03-24,7.160738,18.62,LEVI.N
LFCBY.PK,2026-03-24,12.577072,15.02,LFCBY.PK
LFST.O,2026-03-24,2.545284,6.53,LFST.O
LFUS.O,2026-03-24,8.30853,330.2,LFUS.O
LGEIY.PK,2026-03-24,13.135651,0.0,LGEIY.PK
LGFRY.PK,2026-03-24,7.443186,10.61,LGFRY.PK
LGGNY.PK,2026-03-24,17.980312,15.98,LGGNY.PK
LGIH.O,2026-03-24,0.839962,36.31,LGIH.O
LGMMY.PK,2026-03-24,4.791293,17.8,LGMMY.PK
LGN.O,2026-03-24,5.627469,52.16,LGN.O
LGND.O,2026-03-24,3.995407,200.36,LGND.O
LGNDZ.PK,2026-03-24,3.995407,0.0,LGNDZ.PK
LGNXZ.PK,2026-03-24,3.995407,0.0,LGNXZ.PK
LGNYZ.PK,2026-03-24,3.995407,0.06,LGNYZ.PK
LGNZZ.PK,2026-03-24,3.995407,0.08,LGNZZ.PK
LGRDY.PK,2026-03-24,40.855476,31.41,LGRDY.PK
LGRVF.PK,2026-03-24,40.855476,161.0,LGRVF.PK
LH.N,2026-03-24,21.788208,264.42,LH.N
LHX.N,2026-03-24,64.527463,345.48,LHX.N
LI.O,2026-03-24,18.670834,17.13,LI.O
LIF.O,2026-03-24,2.31501,41.19,LIF.O
LII.N,2026-03-24,16.599596,476.96,LII.N
LILA.O,2026-03-24,1.649494,8.17,LILA.O
LILAB.PK,2026-03-24,1.649494,9.0,LILAB.PK
LILAK.O,2026-03-24,1.649494,8.25,LILAK.O
LIN.O,2026-03-24,221.525576,478.05,LIN.O
LINE.O,2026-03-24,8.00004,35.23,LINE.O
LION.N,2026-03-24,2.800307,9.65,LION.N
LION.O,2026-03-24,2.800307,9.65,LION.O
LIOPY.PK,2026-03-24,2.841447,16.4,LIOPY.PK
LITE.O,2026-03-24,52.04703,728.95,LITE.O
LIVN.O,2026-03-24,3.458588,63.24,LIVN.O
LKFKY.PK,2026-03-24,1.798806,13.01,LKFKY.PK
LKFN.O,2026-03-24,1.480065,56.79,LKFN.O
LKHLY.PK,2026-03-24,1.447955,18.15,LKHLY.PK
LKNCY.PK,2026-03-24,9.304843,32.8,LKNCY.PK
LKQ.O,2026-03-24,7.345258,28.79,LKQ.O
LLESF.PK,2026-03-24,1.578416,3.2,LLESF.PK
LLESY.PK,2026-03-24,1.578416,2.37,LLESY.PK
LLY.N,2026-03-24,860.304832,910.55,LLY.N
LLYVA.O,2026-03-24,8.492206,90.57,LLYVA.O
LLYVB.PK,2026-03-24,8.492206,96.12,LLYVB.PK
LLYVK.O,2026-03-24,8.492206,92.95,LLYVK.O
LMAT.O,2026-03-24,2.456874,107.86,LMAT.O
LMND.K,2026-03-24,5.10776,66.87,LMND.K
LMND.N,2026-03-24,5.10776,66.87,LMND.N
LMPMY.PK,2026-03-24,1.951949,4.7,LMPMY.PK
LMRI.O,2026-03-24,1.046842,11.07,LMRI.O
LMT.N,2026-03-24,141.786948,616.25,LMT.N
LNC.N,2026-03-24,6.596137,34.7,LNC.N
LNDMY.PK,2026-03-24,19.875401,27.0,LNDMY.PK
LNG.N,2026-03-24,60.370268,287.2,LNG.N
LNN.N,2026-03-24,1.240446,118.65,LNN.N
LNNGY.PK,2026-03-24,7.259508,69.1,LNNGY.PK
LNT.O,2026-03-24,17.786431,69.17,LNT.O
LNTCY.PK,2026-03-24,21.076931,15.0,LNTCY.PK
LNTH.O,2026-03-24,4.9203,75.73,LNTH.O
LNVGF.PK,2026-03-24,14.632282,1.2,LNVGF.PK
LNVGY.PK,2026-03-24,14.632282,23.17,LNVGY.PK
LNWO.PK,2026-03-24,6.656464,82.2,LNWO.PK
LNXSF.PK,2026-03-24,1.272364,13.51,LNXSF.PK
LNXSY.PK,2026-03-24,1.272364,3.0,LNXSY.PK
LNZNY.PK,2026-03-24,0.991928,0.0,LNZNY.PK
LOAR.N,2026-03-24,5.508746,58.84,LOAR.N
LOB.N,2026-03-24,1.513692,32.75,LOB.N
LOBLY.PK,2026-03-24,53.923538,14.44,LOBLY.PK
LOGI.O,2026-03-24,14.511912,90.9,LOGI.O
LOIMY.PK,2026-03-24,2.993309,89.85,LOIMY.PK
LOMA.K,2026-03-24,1.322856,10.78,LOMA.K
LOMA.N,2026-03-24,1.322856,10.78,LOMA.N
LOPE.O,2026-03-24,4.5544,167.79,LOPE.O
LOTBY.PK,2026-03-24,9.091988,125.14,LOTBY.PK
LOTMY.PK,2026-03-24,7.193781,28.66,LOTMY.PK
LOW.N,2026-03-24,131.41425,234.25,LOW.N
LPA.N,2026-03-24,0.090743,2.91,LPA.N
LPG.N,2026-03-24,1.424661,33.33,LPG.N
LPGCY.PK,2026-03-24,14.632251,7.64,LPGCY.PK
LPL.N,2026-03-24,3.850811,4.29,LPL.N
LPLA.O,2026-03-24,24.046477,300.28,LPLA.O
LPPSY.PK,2026-03-24,9.805157,20.41,LPPSY.PK
LPX.N,2026-03-24,5.073791,72.64,LPX.N
LQDA.O,2026-03-24,3.128062,35.5,LQDA.O
LRCX.O,2026-03-24,291.350762,233.31,LRCX.O
LRLCY.PK,2026-03-24,213.006787,80.1,LRLCY.PK
LRN.N,2026-03-24,3.718537,87.33,LRN.N
LRVIY.PK,2026-03-24,4.623845,0.0,LRVIY.PK
LSCC.O,2026-03-24,12.634417,92.31,LSCC.O
LSEGY.PK,2026-03-24,56.267924,28.69,LSEGY.PK
LSHGY.PK,2026-03-24,1.696368,0.0,LSHGY.PK
LSPD.K,2026-03-24,1.248466,8.93,LSPD.K
LSRCY.PK,2026-03-24,18.966784,42.4,LSRCY.PK
LSTR.O,2026-03-24,5.121751,150.38,LSTR.O
LTC.N,2026-03-24,1.779823,36.69,LTC.N
LTGHY.PK,2026-03-24,0.93719,2.49,LTGHY.PK
LTH.N,2026-03-24,5.868962,26.46,LTH.N
LTM.N,2026-03-24,14.348456,49.62,LTM.N
LTORY.PK,2026-03-24,49.084507,0.0,LTORY.PK
LU.N,2026-03-24,1.629375,1.88,LU.N
LUCK.K,2026-03-24,1.083735,7.87,LUCK.K
LUCK.N,2026-03-24,1.083735,7.87,LUCK.N
LUCKY.PK,2026-03-24,1.86328,0.0,LUCKY.PK
LUGDF.PK,2026-03-24,17.107643,71.1,LUGDF.PK
LUKFY.PK,2026-03-24,64.639085,0.0,LUKFY.PK
LULU.O,2026-03-24,19.002103,164.38,LULU.O
LUMN.K,2026-03-24,6.934982,6.77,LUMN.K
LUMN.N,2026-03-24,6.934982,6.77,LUMN.N
LUNMF.PK,2026-03-24,19.875401,23.22,LUNMF.PK
LUNR.O,2026-03-24,4.403223,20.31,LUNR.O
LUV.N,2026-03-24,19.824681,40.35,LUV.N
LUXE.K,2026-03-24,1.089857,7.94,LUXE.K
LUXE.N,2026-03-24,1.089857,7.94,LUXE.N
LVMUY.PK,2026-03-24,268.680697,108.95,LVMUY.PK
LVS.N,2026-03-24,36.283179,54.0,LVS.N
LW.N,2026-03-24,5.676021,40.87,LW.N
LXP.N,2026-03-24,2.771895,46.92,LXP.N
LXP_pc.N,2026-03-24,2.771895,46.52,LXP_pc.N
LXU.N,2026-03-24,1.03675,14.43,LXU.N
LYB.N,2026-03-24,23.025488,71.47,LYB.N
LYFT.O,2026-03-24,5.310755,13.34,LYFT.O
LYG.N,2026-03-24,72.604421,5.03,LYG.N
LYSCF.PK,2026-03-24,13.796789,13.6,LYSCF.PK
LYSDY.PK,2026-03-24,13.796789,13.66,LYSDY.PK
LYSFY.PK,2026-03-24,2.986656,9.76,LYSFY.PK
LYV.N,2026-03-24,35.28047,151.83,LYV.N
LZ.O,2026-03-24,1.085953,6.28,LZ.O
LZAGY.PK,2026-03-24,41.661435,59.66,LZAGY.PK
LZB.N,2026-03-24,1.343525,32.83,LZB.N
LZRFY.PK,2026-03-24,10.089663,9.11,LZRFY.PK
M.N,2026-03-24,4.74189,18.03,M.N
MA.N,2026-03-24,446.245044,500.38,MA.N
MAA.N,2026-03-24,14.307516,122.39,MAA.N
MAA_pi.N,2026-03-24,14.307516,53.12,MAA_pi.N
MAAS.O,2026-03-24,1.976099,5.57,MAAS.O
MAC.N,2026-03-24,4.743275,18.48,MAC.N
MAEOY.PK,2026-03-24,11.355029,24.56,MAEOY.PK
MAHDY.PK,2026-03-24,37.880663,0.0,MAHDY.PK
MAHLY.PK,2026-03-24,3.898811,17.95,MAHLY.PK
MAIN.K,2026-03-24,4.958469,55.03,MAIN.K
MAIN.N,2026-03-24,4.958469,55.03,MAIN.N
MAJJ.PK,2026-03-24,11.011134,1760.0,MAJJ.PK
MAKSF.PK,2026-03-24,9.162686,4.62,MAKSF.PK
MAKSY.PK,2026-03-24,9.162686,9.08,MAKSY.PK
MALRY.PK,2026-03-24,7.330828,36.6,MALRY.PK
MAN.N,2026-03-24,1.292787,27.85,MAN.N
MANE.N,2026-03-24,2.312014,61.92,MANE.N
MANH.O,2026-03-24,8.338559,139.33,MANH.O
MANU.K,2026-03-24,2.86241,16.6,MANU.K
MANU.N,2026-03-24,2.86241,16.6,MANU.N
MAR.O,2026-03-24,86.522757,326.52,MAR.O
MARA.O,2026-03-24,3.387891,8.91,MARA.O
MARUF.PK,2026-03-24,56.144807,34.75,MARUF.PK
MARUY.PK,2026-03-24,56.144807,338.38,MARUY.PK
MAS.N,2026-03-24,12.232714,60.08,MAS.N
MASI.O,2026-03-24,9.315348,178.44,MASI.O
MAT.O,2026-03-24,4.557176,15.08,MAT.O
MATX.K,2026-03-24,4.865264,159.94,MATX.K
MATX.N,2026-03-24,4.865264,159.94,MATX.N
MAURY.PK,2026-03-24,3.564702,35.05,MAURY.PK
MAUSY.PK,2026-03-24,1.593914,12.05,MAUSY.PK
MAWHY.PK,2026-03-24,2.183288,10.5,MAWHY.PK
MAZE.O,2026-03-24,2.357853,49.0,MAZE.O
MBC.N,2026-03-24,1.047082,8.21,MBC.N
MBGAF.PK,2026-03-24,58.064039,60.42,MBGAF.PK
MBGYY.PK,2026-03-24,58.064039,15.09,MBGYY.PK
MBIN.O,2026-03-24,1.915699,41.68,MBIN.O
MBINL.O,2026-03-24,1.915699,23.79,MBINL.O
MBLY.O,2026-03-24,6.554362,7.79,MBLY.O
MBPFY.PK,2026-03-24,2.0396,0.0,MBPFY.PK
MBRFY.PK,2026-03-24,5.084628,3.53,MBRFY.PK
MBSHY.PK,2026-03-24,5.138842,29.13,MBSHY.PK
MBSRY.PK,2026-03-24,1.575525,68.38,MBSRY.PK
MBUMY.PK,2026-03-24,2.624102,9.94,MBUMY.PK
MBX.O,2026-03-24,1.336938,28.14,MBX.O
MC.N,2026-03-24,4.22755,54.46,MC.N
MCARY.PK,2026-03-24,3.68406,10.65,MCARY.PK
MCB.N,2026-03-24,1.017728,81.88,MCB.N
MCD.N,2026-03-24,219.136669,308.47,MCD.N
MCHB.O,2026-03-24,3.348627,14.47,MCHB.O
MCHP.O,2026-03-24,34.816655,64.34,MCHP.O
MCHPP.O,2026-03-24,34.816655,57.3,MCHPP.O
MCHVY.PK,2026-03-24,5.481782,18.65,MCHVY.PK
MCK.N,2026-03-24,107.422724,877.01,MCK.N
MCO.N,2026-03-24,78.512169,441.07,MCO.N
MCRI.O,2026-03-24,1.75749,98.26,MCRI.O
MCVEY.PK,2026-03-24,1.469724,21.54,MCVEY.PK
MCW.N,2026-03-24,2.292784,6.98,MCW.N
MCY.N,2026-03-24,4.848753,87.54,MCY.N
MD.N,2026-03-24,1.709822,20.6,MD.N
MDB.O,2026-03-24,21.960973,273.25,MDB.O
MDBKY.PK,2026-03-24,8.492028,22.62,MDBKY.PK
MDCOY.PK,2026-03-24,2.665403,8.0,MDCOY.PK
MDDTY.PK,2026-03-24,3.865933,0.0,MDDTY.PK
MDEVY.PK,2026-03-24,1.103634,2.75,MDEVY.PK
MDGL.O,2026-03-24,10.270683,447.72,MDGL.O
MDIBY.PK,2026-03-24,15.102556,18.91,MDIBY.PK
MDIKY.PK,2026-03-24,6.268113,93.7,MDIKY.PK
MDKGY.PK,2026-03-24,8.239504,0.0,MDKGY.PK
MDLN.O,2026-03-24,55.805696,42.48,MDLN.O
MDLZ.O,2026-03-24,72.885745,56.86,MDLZ.O
MDT.N,2026-03-24,111.916252,87.17,MDT.N
MDU.N,2026-03-24,4.106051,20.09,MDU.N
MEDP.O,2026-03-24,12.96826,456.93,MEDP.O
MEIUY.PK,2026-03-24,2.788152,0.0,MEIUY.PK
MEJHY.PK,2026-03-24,7.00379,12.0,MEJHY.PK
MELI.O,2026-03-24,84.465561,1666.08,MELI.O
MEOBF.PK,2026-03-24,1.862743,1.55,MEOBF.PK
MEOH.O,2026-03-24,4.16955,53.86,MEOH.O
MESO.O,2026-03-24,1.862743,14.02,MESO.O
MET.N,2026-03-24,45.109087,69.18,MET.N
MET_pa.N,2026-03-24,45.109087,21.4,MET_pa.N
META.O,2026-03-24,1528.003274,604.06,META.O
METC.O,2026-03-24,0.883652,13.47,METC.O
METCB.O,2026-03-24,0.883652,11.49,METCB.O
METRY.PK,2026-03-24,14.761712,0.0,METRY.PK
MFA.N,2026-03-24,0.995415,9.75,MFA.N
MFA_pb.N,2026-03-24,0.995415,19.9,MFA_pb.N
MFA_pc.N,2026-03-24,0.995415,21.91,MFA_pc.N
MFAN.N,2026-03-24,0.995415,24.56,MFAN.N
MFAO.N,2026-03-24,0.995415,24.66,MFAO.N
MFC.N,2026-03-24,57.628815,34.36,MFC.N
MFG.N,2026-03-24,96.793394,7.75,MFG.N
MFGHY.PK,2026-03-24,3.374194,0.0,MFGHY.PK
MFIC.O,2026-03-24,1.020785,11.07,MFIC.O
MGA.N,2026-03-24,14.991908,53.78,MGA.N
MGAWY.PK,2026-03-24,1.143092,7.06,MGAWY.PK
MGCLY.PK,2026-03-24,81.804842,10.38,MGCLY.PK
MGDDY.PK,2026-03-24,22.816493,16.68,MGDDY.PK
MGEE.O,2026-03-24,2.782878,76.11,MGEE.O
MGIC.O,2026-03-24,0.891522,17.38,MGIC.O
MGLUY.PK,2026-03-24,1.298901,7.18,MGLUY.PK
MGM.N,2026-03-24,9.452864,36.95,MGM.N
MGMOL.PK,2026-03-24,7.896505,0.0,MGMOL.PK
MGNI.O,2026-03-24,1.797336,12.45,MGNI.O
MGPFY.PK,2026-03-24,8.803427,9.75,MGPFY.PK
MGPUF.PK,2026-03-24,8.803427,3.96,MGPUF.PK
MGR.N,2026-03-24,7.345772,20.27,MGR.N
MGRB.N,2026-03-24,7.345772,16.62,MGRB.N
MGRC.O,2026-03-24,2.675041,108.69,MGRC.O
MGRD.N,2026-03-24,7.345772,14.9,MGRD.N
MGRE.N,2026-03-24,7.345772,23.29,MGRE.N
MGY.N,2026-03-24,5.763671,30.92,MGY.N
MGYOY.PK,2026-03-24,9.44358,6.15,MGYOY.PK
MGYXY.PK,2026-03-24,9.44358,35.69,MGYXY.PK
MH.N,2026-03-24,2.654921,13.9,MH.N
MHGVY.PK,2026-03-24,11.513037,21.79,MHGVY.PK
MHK.N,2026-03-24,6.258508,101.83,MHK.N
MHO.N,2026-03-24,3.184631,123.59,MHO.N
MHVIY.PK,2026-03-24,94.333521,29.6,MHVIY.PK
MHVYF.PK,2026-03-24,94.333521,29.75,MHVYF.PK
MIAX.K,2026-03-24,3.618253,39.08,MIAX.K
MIAX.N,2026-03-24,3.618253,39.08,MIAX.N
MICC.K,2026-03-24,8.985193,14.74,MICC.K
MIDD.O,2026-03-24,6.494939,137.66,MIDD.O
MIELY.PK,2026-03-24,70.360021,66.98,MIELY.PK
MIESY.PK,2026-03-24,3.89996,42.05,MIESY.PK
MIMTY.PK,2026-03-24,4.120719,0.0,MIMTY.PK
MINBY.PK,2026-03-24,7.115314,15.52,MINBY.PK
MIR.N,2026-03-24,4.840285,19.32,MIR.N
MIRM.O,2026-03-24,5.396351,89.43,MIRM.O
MITEY.PK,2026-03-24,34.38956,27.92,MITEY.PK
MITFY.PK,2026-03-24,2.976452,9.24,MITFY.PK
MITSY.PK,2026-03-24,112.741233,767.37,MITSY.PK
MITUY.PK,2026-03-24,4.776744,11.79,MITUY.PK
MIUFY.PK,2026-03-24,13.101564,17.93,MIUFY.PK
MKC.N,2026-03-24,14.293594,53.25,MKC.N
MKCv.N,2026-03-24,14.293594,53.2,MKCv.N
MKKGY.PK,2026-03-24,51.899911,23.9,MKKGY.PK
MKL.N,2026-03-24,23.757559,1889.16,MKL.N
MKSI.O,2026-03-24,15.804709,235.02,MKSI.O
MKTAY.PK,2026-03-24,9.217265,33.3,MKTAY.PK
MKTX.O,2026-03-24,6.066667,170.66,MKTX.O
MLCO.O,2026-03-24,2.225152,5.47,MLCO.O
MLI.N,2026-03-24,12.209401,110.03,MLI.N
MLKN.O,2026-03-24,1.285147,18.83,MLKN.O
MLLUY.PK,2026-03-24,8.432797,4.29,MLLUY.PK
MLM.N,2026-03-24,34.835635,577.59,MLM.N
MLTTY.PK,2026-03-24,3.087945,10.0,MLTTY.PK
MLTX.O,2026-03-24,1.210049,16.87,MLTX.O
MLXSY.PK,2026-03-24,2.37922,0.0,MLXSY.PK
MLYBY.PK,2026-03-24,34.806843,6.91,MLYBY.PK
MLYS.O,2026-03-24,1.948748,23.65,MLYS.O
MMI.N,2026-03-24,0.98827,25.96,MMI.N
MMM.N,2026-03-24,77.193152,146.56,MMM.N
MMS.N,2026-03-24,3.737668,68.52,MMS.N
MMSI.O,2026-03-24,4.049097,68.13,MMSI.O
MMSMY.PK,2026-03-24,10.908316,37.97,MMSMY.PK
MMTOF.PK,2026-03-24,3.161924,2.5,MMTOF.PK
MMTOY.PK,2026-03-24,3.161924,29.91,MMTOY.PK
MMXGY.PK,2026-03-24,41.239882,0.0,MMXGY.PK
MMYT.O,2026-03-24,3.869644,40.67,MMYT.O
MNDY.O,2026-03-24,3.861107,75.47,MNDY.O
MNESP.PK,2026-03-24,6.730013,36.0,MNESP.PK
MNFYY.PK,2026-03-24,1.171947,12.0,MNFYY.PK
MNHVF.PK,2026-03-24,11.513037,21.35,MNHVF.PK
MNILY.PK,2026-03-24,3.632383,17.94,MNILY.PK
MNKD.O,2026-03-24,0.751765,2.44,MNKD.O
MNOIY.PK,2026-03-24,3.462837,33.0,MNOIY.PK
MNR.N,2026-03-24,2.309644,13.73,MNR.N
MNSKY.PK,2026-03-24,1.080745,10.85,MNSKY.PK
MNSO.K,2026-03-24,5.172023,16.38,MNSO.K
MNSO.N,2026-03-24,5.172023,16.38,MNSO.N
MNST.O,2026-03-24,72.352903,73.96,MNST.O
MNTHY.PK,2026-03-24,5.385104,87.51,MNTHY.PK
MNZLY.PK,2026-03-24,5.155334,0.0,MNZLY.PK
MO.N,2026-03-24,107.653518,64.39,MO.N
MOD.N,2026-03-24,11.151066,211.47,MOD.N
MOGa.N,2026-03-24,9.444484,296.65,MOGa.N
MOGb.N,2026-03-24,9.444484,306.69,MOGb.N
MOGLF.PK,2026-03-24,1.3794,1.39,MOGLF.PK
MOH.N,2026-03-24,6.96486,135.24,MOH.N
MOHCY.PK,2026-03-24,4.832255,15.75,MOHCY.PK
MOMO.O,2026-03-24,0.910701,6.0,MOMO.O
MONDY.PK,2026-03-24,4.860392,22.3,MONDY.PK
MONOY.PK,2026-03-24,5.636079,11.15,MONOY.PK
MONRY.PK,2026-03-24,16.565302,61.42,MONRY.PK
MOPHY.PK,2026-03-24,1.934011,9.45,MOPHY.PK
MORN.O,2026-03-24,6.887178,173.99,MORN.O
MOS.N,2026-03-24,7.645527,24.08,MOS.N
MP.N,2026-03-24,9.466122,53.28,MP.N
MPC.N,2026-03-24,68.479359,232.53,MPC.N
MPFRY.PK,2026-03-24,13.161946,8.6,MPFRY.PK
MPJPY.PK,2026-03-24,2.275719,2.02,MPJPY.PK
MPLFY.PK,2026-03-24,2.686995,0.0,MPLFY.PK
MPLX.K,2026-03-24,59.541734,58.65,MPLX.K
MPLX.N,2026-03-24,59.541734,58.65,MPLX.N
MPLXP.PK,2026-03-24,59.541734,33.38,MPLXP.PK
MPNGF.PK,2026-03-24,62.269578,9.79,MPNGF.PK
MPNGY.PK,2026-03-24,62.269578,19.81,MPNGY.PK
MPT.N,2026-03-24,2.725512,4.56,MPT.N
MPTYY.PK,2026-03-24,8.785577,33.29,MPTYY.PK
MPW.N,2026-03-24,2.725512,4.56,MPW.N
MPWR.O,2026-03-24,52.868159,1076.35,MPWR.O
MQ.O,2026-03-24,1.807106,4.23,MQ.O
MQBKY.PK,2026-03-24,52.09823,139.21,MQBKY.PK
MRAAY.PK,2026-03-24,43.898981,11.46,MRAAY.PK
MRCY.O,2026-03-24,4.698546,78.29,MRCY.O
MREGY.PK,2026-03-24,8.253122,0.0,MREGY.PK
MRK.N,2026-03-24,286.006307,115.68,MRK.N
MRNA.O,2026-03-24,20.336974,51.28,MRNA.O
MROSY.PK,2026-03-24,8.196334,0.0,MROSY.PK
MRP.N,2026-03-24,4.75268,28.63,MRP.N
MRPLY.PK,2026-03-24,2.367297,9.16,MRPLY.PK
MRSH.K,2026-03-24,84.174684,173.87,MRSH.K
MRSH.N,2026-03-24,84.174684,173.87,MRSH.N
MRTN.O,2026-03-24,1.039446,12.74,MRTN.O
MRUWY.PK,2026-03-24,4.350465,14.19,MRUWY.PK
MRVGF.PK,2026-03-24,4.935989,1.35,MRVGF.PK
MRVI.O,2026-03-24,0.789196,3.07,MRVI.O
MRVL.O,2026-03-24,78.841155,90.16,MRVL.O
MRVSY.PK,2026-03-24,0.757128,3.1,MRVSY.PK
MRX.O,2026-03-24,2.696537,36.99,MRX.O
MS.N,2026-03-24,260.917189,164.32,MS.N
MS_pa.N,2026-03-24,260.917189,19.3,MS_pa.N
MS_pe.N,2026-03-24,260.917189,25.6,MS_pe.N
MS_pf.N,2026-03-24,260.917189,25.39,MS_pf.N
MS_pi.N,2026-03-24,260.917189,25.22,MS_pi.N
MS_pk.N,2026-03-24,260.917189,24.17,MS_pk.N
MSA.N,2026-03-24,6.730013,173.55,MSA.N
MSADY.PK,2026-03-24,37.787193,25.34,MSADY.PK
MSBHF.PK,2026-03-24,137.984942,33.62,MSBHF.PK
MSCI.K,2026-03-24,40.333106,551.6,MSCI.K
MSCI.N,2026-03-24,40.333106,551.6,MSCI.N
MSDL.K,2026-03-24,1.260427,14.72,MSDL.K
MSDL.N,2026-03-24,1.260427,14.72,MSDL.N
MSEXP.PK,2026-03-24,0.943137,598.0,MSEXP.PK
MSFT.O,2026-03-24,2844.015936,383.0,MSFT.O
MSGE.K,2026-03-24,2.694567,57.0,MSGE.K
MSGE.N,2026-03-24,2.694567,57.0,MSGE.N
MSGS.K,2026-03-24,7.468955,310.31,MSGS.K
MSGS.N,2026-03-24,7.468955,310.31,MSGS.N
MSI.N,2026-03-24,75.646486,456.64,MSI.N
MSLOY.PK,2026-03-24,14.685419,20.48,MSLOY.PK
MSM.N,2026-03-24,4.861026,87.11,MSM.N
MSSHY.PK,2026-03-24,1.986821,14.93,MSSHY.PK
MSSMY.PK,2026-03-24,4.92949,9.03,MSSMY.PK
MSTKY.PK,2026-03-24,6.274685,0.0,MSTKY.PK
MSTR.O,2026-03-24,43.951216,138.2,MSTR.O
MT.N,2026-03-24,39.785817,51.65,MT.N
MTB.N,2026-03-24,29.898391,200.66,MTB.N
MTB_ph.N,2026-03-24,29.898391,24.93,MTB_ph.N
MTCH.O,2026-03-24,7.258508,31.2,MTCH.O
MTCPY.PK,2026-03-24,25.667572,12.32,MTCPY.PK
MTD.N,2026-03-24,25.089315,1239.07,MTD.N
MTDR.K,2026-03-24,7.312109,58.85,MTDR.K
MTDR.N,2026-03-24,7.312109,58.85,MTDR.N
MTG.N,2026-03-24,5.564499,25.87,MTG.N
MTH.N,2026-03-24,4.097553,61.34,MTH.N
MTHRY.PK,2026-03-24,6.832783,5.0,MTHRY.PK
MTLHY.PK,2026-03-24,8.226817,28.35,MTLHY.PK
MTMTY.PK,2026-03-24,5.775196,0.0,MTMTY.PK
MTN.N,2026-03-24,4.636573,130.12,MTN.N
MTNOY.PK,2026-03-24,20.794074,11.51,MTNOY.PK
MTPLF.PK,2026-03-24,2.275719,2.03,MTPLF.PK
MTPOY.PK,2026-03-24,4.985199,23.26,MTPOY.PK
MTPVY.PK,2026-03-24,1.652761,13.95,MTPVY.PK
MTRN.K,2026-03-24,2.861183,137.98,MTRN.K
MTRN.N,2026-03-24,2.861183,137.98,MTRN.N
MTSFY.PK,2026-03-24,30.241478,33.12,MTSFY.PK
MTSI.O,2026-03-24,17.197244,229.26,MTSI.O
MTSUY.PK,2026-03-24,137.984942,33.99,MTSUY.PK
MTTRY.PK,2026-03-24,2.470673,0.92,MTTRY.PK
MTUAY.PK,2026-03-24,19.480864,182.26,MTUAY.PK
MTX.N,2026-03-24,2.047654,65.95,MTX.N
MTZ.N,2026-03-24,24.507101,310.63,MTZ.N
MU.O,2026-03-24,455.999264,404.35,MU.O
MUC.N,2026-03-24,1.000704,10.62,MUC.N
MUFG.K,2026-03-24,197.68282,16.66,MUFG.K
MUFG.N,2026-03-24,197.68282,16.66,MUFG.N
MUQAX.O,2026-03-24,47.36259,12.46,MUQAX.O
MUQCX.O,2026-03-24,47.36259,12.28,MUQCX.O
MUQEX.O,2026-03-24,47.36259,12.52,MUQEX.O
MUR.N,2026-03-24,5.37185,37.61,MUR.N
MURGY.PK,2026-03-24,78.856114,12.18,MURGY.PK
MUSA.K,2026-03-24,8.503461,458.77,MUSA.K
MUSA.N,2026-03-24,8.503461,458.77,MUSA.N
MUX.N,2026-03-24,1.12782,18.97,MUX.N
MWA.N,2026-03-24,4.36315,27.9,MWA.N
MWFEX.O,2026-03-24,0.0,0.0,MWFEX.O
MWTCY.PK,2026-03-24,1.771858,17.4,MWTCY.PK
MXCHY.PK,2026-03-24,2.14043,2.12,MXCHY.PK
MXL.O,2026-03-24,1.481773,17.14,MXL.O
MXUBY.PK,2026-03-24,16.564373,11.0,MXUBY.PK
MYCRY.PK,2026-03-24,4.452752,0.0,MYCRY.PK
MYRG.O,2026-03-24,4.264041,274.39,MYRG.O
MYTKY.PK,2026-03-24,5.59655,6.02,MYTKY.PK
MZDAY.PK,2026-03-24,4.370745,3.38,MZDAY.PK
MZTI.O,2026-03-24,3.921489,143.0,MZTI.O
NABL.K,2026-03-24,0.947533,5.03,NABL.K
NABZY.PK,2026-03-24,91.902792,15.74,NABZY.PK
NAC.N,2026-03-24,1.825556,11.76,NAC.N
NAD.N,2026-03-24,2.747874,11.77,NAD.N
NAK.N,2026-03-24,0.636444,1.14,NAK.N
NAMS.O,2026-03-24,3.450412,30.01,NAMS.O
NAT.N,2026-03-24,1.158276,5.47,NAT.N
NATL.K,2026-03-24,3.193491,43.35,NATL.K
NATL.N,2026-03-24,3.193491,43.35,NATL.N
NAUBF.PK,2026-03-24,91.902792,30.76,NAUBF.PK
NAVI.O,2026-03-24,0.783539,8.24,NAVI.O
NAVN.O,2026-03-24,2.210446,8.89,NAVN.O
NBGIF.PK,2026-03-24,13.784756,15.0,NBGIF.PK
NBGRY.PK,2026-03-24,13.784756,14.51,NBGRY.PK
NBHC.K,2026-03-24,1.712318,38.04,NBHC.K
NBHC.N,2026-03-24,1.712318,38.04,NBHC.N
NBIS.O,2026-03-24,28.881887,114.15,NBIS.O
NBIX.O,2026-03-24,12.751178,127.05,NBIX.O
NBKAY.PK,2026-03-24,50.546828,0.0,NBKAY.PK
NBKBY.PK,2026-03-24,4.323228,0.0,NBKBY.PK
NBR.N,2026-03-24,1.247074,84.99,NBR.N
NBTB.O,2026-03-24,2.192063,41.99,NBTB.O
NBTX.O,2026-03-24,1.444809,30.54,NBTX.O
NBXG.K,2026-03-24,1.024687,13.01,NBXG.K
NBXG.N,2026-03-24,1.024687,13.01,NBXG.N
NBY.N,2026-03-24,0.036743,1.37,NBY.N
NCBDY.PK,2026-03-24,16.862337,13.2,NCBDY.PK
NCHEY.PK,2026-03-24,3.162231,12.1,NCHEY.PK
NCLH.K,2026-03-24,9.165578,20.12,NCLH.K
NCLH.N,2026-03-24,9.165578,20.12,NCLH.N
NCLTY.PK,2026-03-24,9.607388,8.32,NCLTY.PK
NCNO.O,2026-03-24,1.779911,15.52,NCNO.O
NCRRP.PK,2026-03-24,0.914695,1075.0,NCRRP.PK
NCTKY.PK,2026-03-24,3.120968,13.62,NCTKY.PK
NDAQ.O,2026-03-24,49.113549,86.4,NDAQ.O
NDBI.PK,2026-03-24,0.984494,13.75,NDBI.PK
NDBKY.PK,2026-03-24,7.383054,15.91,NDBKY.PK
NDCVF.PK,2026-03-24,3.018966,14.5,NDCVF.PK
NDEKY.PK,2026-03-24,13.570624,20.02,NDEKY.PK
NDGPY.PK,2026-03-24,4.252967,22.8,NDGPY.PK
NDSN.O,2026-03-24,14.97678,268.48,NDSN.O
NDVLY.PK,2026-03-24,2.727614,0.51,NDVLY.PK
NE.N,2026-03-24,7.633993,47.87,NE.N
NEA.N,2026-03-24,3.376183,11.29,NEA.N
NECPY.PK,2026-03-24,34.866158,12.94,NECPY.PK
NEE.N,2026-03-24,187.996187,90.23,NEE.N
NEE_ps.N,2026-03-24,187.996187,55.06,NEE_ps.N
NEE_pt.N,2026-03-24,187.996187,51.24,NEE_pt.N
NEGG.O,2026-03-24,0.796517,37.99,NEGG.O
NEM.N,2026-03-24,106.763975,98.14,NEM.N
NEMKY.PK,2026-03-24,9.207221,18.34,NEMKY.PK
NEO.O,2026-03-24,1.051479,8.1,NEO.O
NEOG.O,2026-03-24,1.92293,8.84,NEOG.O
NESR.O,2026-03-24,2.210263,21.93,NESR.O
NESRF.PK,2026-03-24,17.616732,12.77,NESRF.PK
NET.N,2026-03-24,77.664453,220.65,NET.N
NETGY.PK,2026-03-24,2.340757,0.0,NETGY.PK
NETTF.PK,2026-03-24,71.792021,23.64,NETTF.PK
NEU.N,2026-03-24,5.790701,616.33,NEU.N
NEXA.K,2026-03-24,1.271411,9.6,NEXA.K
NEXA.N,2026-03-24,1.271411,9.6,NEXA.N
NEXHY.PK,2026-03-24,5.48487,16.04,NEXHY.PK
NEXNY.PK,2026-03-24,5.866042,69.48,NEXNY.PK
NEXOY.PK,2026-03-24,14.360768,18.28,NEXOY.PK
NEXT.O,2026-03-24,1.910146,7.21,NEXT.O
NEXXY.PK,2026-03-24,3.934261,3.36,NEXXY.PK
NFG.N,2026-03-24,8.843159,93.06,NFG.N
NFGC.K,2026-03-24,0.613666,1.77,NFGC.K
NFJ.N,2026-03-24,1.176272,12.5,NFJ.N
NFLX.O,2026-03-24,394.265502,93.38,NFLX.O
NFYEF.PK,2026-03-24,1.631268,13.72,NFYEF.PK
NG.N,2026-03-24,3.566942,8.14,NG.N
NGCOY.PK,2026-03-24,3.238351,0.0,NGCOY.PK
NGCRY.PK,2026-03-24,2.354546,33.51,NGCRY.PK
NGD.N,2026-03-24,0.0,0.0,NGD.N
NGG.N,2026-03-24,80.304335,82.06,NGG.N
NGKSY.PK,2026-03-24,9.389532,25.85,NGKSY.PK
NGL.N,2026-03-24,1.553869,12.55,NGL.N
NGL_pb.N,2026-03-24,1.553869,24.98,NGL_pb.N
NGL_pc.N,2026-03-24,1.553869,25.43,NGL_pc.N
NGLOY.PK,2026-03-24,47.852212,20.51,NGLOY.PK
NGVT.K,2026-03-24,2.352866,66.8,NGVT.K
NGVT.N,2026-03-24,2.352866,66.8,NGVT.N
NHC.N,2026-03-24,2.513807,162.0,NHC.N
NHI.N,2026-03-24,3.989162,82.32,NHI.N
NHKSY.PK,2026-03-24,3.848915,0.0,NHKSY.PK
NHNKY.PK,2026-03-24,1.627284,9.52,NHNKY.PK
NHPEF.PK,2026-03-24,3.451646,4.15,NHPEF.PK
NHYDY.PK,2026-03-24,18.05736,8.91,NHYDY.PK
NHYKF.PK,2026-03-24,18.05736,8.91,NHYKF.PK
NI.N,2026-03-24,21.758903,45.47,NI.N
NIABY.PK,2026-03-24,6.789029,3.63,NIABY.PK
NIC.N,2026-03-24,3.040289,142.29,NIC.N
NICE.O,2026-03-24,7.19945,117.01,NICE.O
NIFCY.PK,2026-03-24,2.849509,13.23,NIFCY.PK
NINOY.PK,2026-03-24,4.112181,12.31,NINOY.PK
NIO.N,2026-03-24,14.236765,5.82,NIO.N
NIPMY.PK,2026-03-24,4.277041,21.0,NIPMY.PK
NIQ.N,2026-03-24,3.311106,11.22,NIQ.N
NISUY.PK,2026-03-24,2.680988,86.8,NISUY.PK
NJDCY.PK,2026-03-24,16.342026,3.42,NJDCY.PK
NJR.N,2026-03-24,5.438263,53.98,NJR.N
NKE.N,2026-03-24,78.031009,52.71,NKE.N
NKRKY.PK,2026-03-24,1.472317,5.35,NKRKY.PK
NLY.N,2026-03-24,15.251356,21.23,NLY.N
NLY_pf.N,2026-03-24,15.251356,25.32,NLY_pf.N
NLY_pg.N,2026-03-24,15.251356,24.82,NLY_pg.N
NLY_pi.N,2026-03-24,15.251356,25.02,NLY_pi.N
NLY_pj.N,2026-03-24,15.251356,25.52,NLY_pj.N
NMAX.K,2026-03-24,0.879369,6.81,NMAX.K
NMIH.O,2026-03-24,2.826893,37.18,NMIH.O
NMM.N,2026-03-24,1.867765,65.43,NMM.N
NMR.N,2026-03-24,24.115079,7.82,NMR.N
NMRK.O,2026-03-24,2.683567,14.55,NMRK.O
NMZ.N,2026-03-24,1.207901,10.28,NMZ.N
NNCHY.PK,2026-03-24,5.156996,38.16,NNCHY.PK
NNE.O,2026-03-24,1.146872,22.02,NNE.O
NNGRY.PK,2026-03-24,20.040703,38.35,NNGRY.PK
NNI.N,2026-03-24,4.619259,128.76,NNI.N
NNN.N,2026-03-24,8.076225,42.52,NNN.N
NNNN.O,2026-03-24,1.003792,22.87,NNNN.O
NOC.N,2026-03-24,96.506702,680.0,NOC.N
NOFFY.PK,2026-03-24,4.550436,0.0,NOFFY.PK
NOG.N,2026-03-24,2.987921,28.6,NOG.N
NOGFY.PK,2026-03-24,60.932179,0.0,NOGFY.PK
NOK.N,2026-03-24,45.443619,8.06,NOK.N
NOMD.N,2026-03-24,1.388181,9.77,NOMD.N
NOV.N,2026-03-24,6.9486,19.28,NOV.N
NOVT.O,2026-03-24,4.18749,117.35,NOVT.O
NOVTU.O,2026-03-24,4.18749,53.58,NOVTU.O
NOW.N,2026-03-24,116.0537,110.95,NOW.N
NP.N,2026-03-24,3.03247,21.95,NP.N
NPIFF.PK,2026-03-24,4.20659,16.12,NPIFF.PK
NPIXY.PK,2026-03-24,4.20659,0.0,NPIXY.PK
NPK.N,2026-03-24,0.958304,133.76,NPK.N
NPKI.K,2026-03-24,1.202833,14.23,NPKI.K
NPKI.N,2026-03-24,1.202833,14.23,NPKI.N
NPKYY.PK,2026-03-24,1.818342,11.38,NPKYY.PK
NPNGY.PK,2026-03-24,2.163536,8.15,NPNGY.PK
NPNYY.PK,2026-03-24,15.563322,7.34,NPNYY.PK
NPO.N,2026-03-24,5.385306,253.45,NPO.N
NPPEY.PK,2026-03-24,3.457068,0.0,NPPEY.PK
NPPHY.PK,2026-03-24,14.682722,3.19,NPPHY.PK
NPPNY.PK,2026-03-24,2.288505,8.06,NPPNY.PK
NPPXF.PK,2026-03-24,89.390074,0.97,NPPXF.PK
NPSCY.PK,2026-03-24,20.011639,3.7,NPSCY.PK
NPSKY.PK,2026-03-24,3.610427,14.5,NPSKY.PK
NPSNY.PK,2026-03-24,41.405207,10.54,NPSNY.PK
NPXYY.PK,2026-03-24,15.964541,18.74,NPXYY.PK
NRDBY.PK,2026-03-24,61.168607,18.38,NRDBY.PK
NRG.N,2026-03-24,32.232336,151.77,NRG.N
NRGIY.PK,2026-03-24,7.70525,25.35,NRGIY.PK
NRILY.PK,2026-03-24,15.749983,27.39,NRILY.PK
NRIX.O,2026-03-24,1.510764,14.69,NRIX.O
NRKBY.PK,2026-03-24,6.513849,24.5,NRKBY.PK
NRP.N,2026-03-24,1.596542,121.52,NRP.N
NRSDY.PK,2026-03-24,3.018966,15.66,NRSDY.PK
NRXXY.PK,2026-03-24,12.152271,26.3,NRXXY.PK
NSA.N,2026-03-24,2.917337,37.82,NSA.N
NSA_pa.N,2026-03-24,2.917337,22.27,NSA_pa.N
NSA_pb.N,2026-03-24,2.917337,22.7,NSA_pb.N
NSANF.PK,2026-03-24,7.970457,2.23,NSANF.PK
NSANY.PK,2026-03-24,7.970457,4.25,NSANY.PK
NSC.N,2026-03-24,63.991799,284.95,NSC.N
NSHBY.PK,2026-03-24,1.605861,18.8,NSHBY.PK
NSIT.O,2026-03-24,2.204471,71.12,NSIT.O
NSNFY.PK,2026-03-24,5.434021,0.0,NSNFY.PK
NSP.N,2026-03-24,0.993389,26.33,NSP.N
NSRGF.PK,2026-03-24,244.767765,96.25,NSRGF.PK
NSRGY.PK,2026-03-24,244.767765,95.74,NSRGY.PK
NSSC.O,2026-03-24,1.521797,42.67,NSSC.O
NTAP.O,2026-03-24,19.98957,101.3,NTAP.O
NTB.N,2026-03-24,2.068921,51.79,NTB.N
NTCT.O,2026-03-24,2.279274,31.56,NTCT.O
NTDOY.PK,2026-03-24,73.644076,15.02,NTDOY.PK
NTES.O,2026-03-24,71.792021,113.38,NTES.O
NTIOF.PK,2026-03-24,50.546828,130.92,NTIOF.PK
NTLA.O,2026-03-24,1.548731,13.11,NTLA.O
NTNX.O,2026-03-24,10.711917,40.39,NTNX.O
NTOIY.PK,2026-03-24,24.447793,15.92,NTOIY.PK
NTR.N,2026-03-24,35.05328,72.86,NTR.N
NTRA.O,2026-03-24,28.359006,200.09,NTRA.O
NTRS.O,2026-03-24,25.414911,137.14,NTRS.O
NTRSO.O,2026-03-24,25.414911,19.05,NTRSO.O
NTSK.O,2026-03-24,3.716,9.29,NTSK.O
NTST.K,2026-03-24,2.010367,19.02,NTST.K
NTST.N,2026-03-24,2.010367,19.02,NTST.N
NTTYY.PK,2026-03-24,89.390074,24.92,NTTYY.PK
NU.N,2026-03-24,71.133051,14.68,NU.N
NUE.N,2026-03-24,36.585159,160.62,NUE.N
NUTX.O,2026-03-24,0.661854,94.98,NUTX.O
NUV.N,2026-03-24,1.882402,9.07,NUV.N
NUVB.K,2026-03-24,1.512048,4.35,NUVB.K
NUVB.N,2026-03-24,1.512048,4.35,NUVB.N
NUVL.O,2026-03-24,7.581037,96.43,NUVL.O
NVAX.O,2026-03-24,1.583737,9.72,NVAX.O
NVCR.O,2026-03-24,1.34505,11.82,NVCR.O
NVDA.O,2026-03-24,4268.052,175.64,NVDA.O
NVG.N,2026-03-24,2.644091,12.38,NVG.N
NVGS.K,2026-03-24,1.214963,18.62,NVGS.K
NVGS.N,2026-03-24,1.214963,18.62,NVGS.N
NVMI.O,2026-03-24,14.965648,470.87,NVMI.O
NVO.N,2026-03-24,123.537984,36.82,NVO.N
NVPLF.PK,2026-03-24,2.812355,0.0,NVPLF.PK
NVR.N,2026-03-24,18.143034,6530.69,NVR.N
NVRI.K,2026-03-24,1.501929,18.44,NVRI.K
NVRI.N,2026-03-24,1.501929,18.44,NVRI.N
NVS.N,2026-03-24,312.000035,148.09,NVS.N
NVSEF.PK,2026-03-24,312.000035,150.19,NVSEF.PK
NVST.K,2026-03-24,4.231263,25.82,NVST.K
NVST.N,2026-03-24,4.231263,25.82,NVST.N
NVT.N,2026-03-24,19.569266,121.0,NVT.N
NVTS.O,2026-03-24,2.118678,9.18,NVTS.O
NVZMF.PK,2026-03-24,22.515441,52.1,NVZMF.PK
NVZMY.PK,2026-03-24,22.515441,54.21,NVZMY.PK
NWARF.PK,2026-03-24,1.58512,1.44,NWARF.PK
NWBI.O,2026-03-24,1.817975,12.44,NWBI.O
NWCYY.PK,2026-03-24,1.883827,0.0,NWCYY.PK
NWE.O,2026-03-24,3.988829,64.86,NWE.O
NWG.N,2026-03-24,56.466446,14.35,NWG.N
NWHUF.PK,2026-03-24,0.959829,3.79,NWHUF.PK
NWKHY.PK,2026-03-24,1.323947,7.17,NWKHY.PK
NWN.N,2026-03-24,2.167555,52.15,NWN.N
NWS.O,2026-03-24,14.065959,27.46,NWS.O
NWSA.O,2026-03-24,14.065959,24.26,NWSA.O
NWSGY.PK,2026-03-24,4.633169,10.26,NWSGY.PK
NXE.N,2026-03-24,6.917946,11.4,NXE.N
NXGPY.PK,2026-03-24,19.400317,82.54,NXGPY.PK
NXPI.O,2026-03-24,48.868269,193.39,NXPI.O
NXST.O,2026-03-24,6.982718,230.24,NXST.O
NXT.O,2026-03-24,17.358311,116.91,NXT.O
NYAX.O,2026-03-24,2.146431,58.64,NYAX.O
NYT.N,2026-03-24,13.388913,82.69,NYT.N
NZF.N,2026-03-24,2.373181,12.25,NZF.N
NZTCF.PK,2026-03-24,2.313731,1.32,NZTCF.PK
O.N,2026-03-24,56.738987,60.85,O.N
OBBCY.PK,2026-03-24,2.969898,0.0,OBBCY.PK
OBDC.K,2026-03-24,5.653757,11.32,OBDC.K
OBDC.N,2026-03-24,5.653757,11.32,OBDC.N
OBICY.PK,2026-03-24,12.318765,12.42,OBICY.PK
OBK.N,2026-03-24,1.270543,41.01,OBK.N
OBOCY.PK,2026-03-24,3.706343,0.0,OBOCY.PK
OBYSY.PK,2026-03-24,16.567142,0.0,OBYSY.PK
OC.N,2026-03-24,8.560003,106.49,OC.N
OCANF.PK,2026-03-24,6.981795,30.97,OCANF.PK
OCDDY.PK,2026-03-24,2.168396,5.2,OCDDY.PK
OCDGF.PK,2026-03-24,2.168396,2.61,OCDGF.PK
OCFC.O,2026-03-24,1.026348,17.88,OCFC.O
OCLDY.PK,2026-03-24,6.112733,13.29,OCLDY.PK
OCS.O,2026-03-24,1.254168,24.6,OCS.O
OCSL.O,2026-03-24,0.99889,11.34,OCSL.O
OCUL.O,2026-03-24,1.763303,8.1,OCUL.O
ODD.O,2026-03-24,0.79716,14.07,ODD.O
ODFL.O,2026-03-24,39.121489,187.7,ODFL.O
ODKUY.PK,2026-03-24,3.819184,0.0,ODKUY.PK
ODVCI.PK,2026-03-24,4.264085,0.0,ODVCI.PK
OERLY.PK,2026-03-24,1.608473,9.7,OERLY.PK
OEZVY.PK,2026-03-24,12.63507,15.24,OEZVY.PK
OFG.N,2026-03-24,1.679126,39.53,OFG.N
OGCP.K,2026-03-24,0.113949,4.92,OGCP.K
OGE.N,2026-03-24,9.621983,46.65,OGE.N
OGFGY.PK,2026-03-24,15.06713,8.7,OGFGY.PK
OGN.N,2026-03-24,1.585322,6.09,OGN.N
OGS.N,2026-03-24,5.333257,85.07,OGS.N
OHI.N,2026-03-24,13.253359,44.84,OHI.N
OI.N,2026-03-24,1.586084,10.41,OI.N
OICT.PK,2026-03-24,5.052735,11.25,OICT.PK
OII.N,2026-03-24,3.606999,36.29,OII.N
OJIPY.PK,2026-03-24,5.549872,55.99,OJIPY.PK
OKE.N,2026-03-24,56.630144,89.92,OKE.N
OKIEY.PK,2026-03-24,1.395548,17.15,OKIEY.PK
OKLO.K,2026-03-24,9.76498,56.26,OKLO.K
OKLO.N,2026-03-24,9.76498,56.26,OKLO.N
OKTA.O,2026-03-24,14.345611,81.1,OKTA.O
OLCLY.PK,2026-03-24,30.501862,16.92,OLCLY.PK
OLED.O,2026-03-24,4.433361,94.13,OLED.O
OLLI.O,2026-03-24,5.757314,94.45,OLLI.O
OLMA.O,2026-03-24,1.217583,13.97,OLMA.O
OLN.N,2026-03-24,2.876029,25.26,OLN.N
OLPX.O,2026-03-24,0.876917,1.31,OLPX.O
OLYMY.PK,2026-03-24,9.904664,8.83,OLYMY.PK
OMAB.O,2026-03-24,4.614437,108.82,OMAB.O
OMC.N,2026-03-24,23.473841,75.64,OMC.N
OMCL.O,2026-03-24,1.558906,34.31,OMCL.O
OMF.N,2026-03-24,6.169228,52.66,OMF.N
OMRNY.PK,2026-03-24,5.708412,28.23,OMRNY.PK
OMVKY.PK,2026-03-24,22.208198,17.0,OMVKY.PK
ON.O,2026-03-24,23.59789,59.89,ON.O
ONB.O,2026-03-24,8.397453,21.55,ONB.O
ONC.O,2026-03-24,34.033436,274.73,ONC.O
ONDS.O,2026-03-24,5.050253,10.9,ONDS.O
ONEXF.PK,2026-03-24,5.477256,71.54,ONEXF.PK
ONON.K,2026-03-24,13.193561,39.86,ONON.K
ONON.N,2026-03-24,13.193561,39.86,ONON.N
ONTO.K,2026-03-24,10.427058,209.79,ONTO.K
ONTO.N,2026-03-24,10.427058,209.79,ONTO.N
OPCH.O,2026-03-24,4.444687,28.41,OPCH.O
OPEN.O,2026-03-24,4.992876,5.21,OPEN.O
OPHLY.PK,2026-03-24,7.515174,4.96,OPHLY.PK
OPLN.N,2026-03-24,2.922111,27.49,OPLN.N
OPRA.O,2026-03-24,1.28376,14.32,OPRA.O
OR.N,2026-03-24,6.442522,34.36,OR.N
ORA.N,2026-03-24,6.640668,109.14,ORA.N
ORANY.PK,2026-03-24,52.197802,19.67,ORANY.PK
ORC.N,2026-03-24,1.349027,6.9,ORC.N
ORCL.K,2026-03-24,443.88894,154.34,ORCL.K
ORCL.N,2026-03-24,443.88894,154.34,ORCL.N
ORI.N,2026-03-24,9.401642,38.26,ORI.N
ORIC.O,2026-03-24,1.116987,11.13,ORIC.O
ORINY.PK,2026-03-24,10.980595,41.04,ORINY.PK
ORKA.O,2026-03-24,2.058994,41.56,ORKA.O
ORKLY.PK,2026-03-24,12.105555,11.89,ORKLY.PK
ORLA.K,2026-03-24,4.906916,14.2,ORLA.K
ORLNY.PK,2026-03-24,40.122942,20.76,ORLNY.PK
ORLY.O,2026-03-24,74.3738,88.7,ORLY.O
OROVY.PK,2026-03-24,12.156541,91.0,OROVY.PK
ORRYY.PK,2026-03-24,1.638486,11.68,ORRYY.PK
OS.O,2026-03-24,5.850979,23.8,OS.O
OSAGY.PK,2026-03-24,6.095318,51.1,OSAGY.PK
OSBC.O,2026-03-24,1.036955,19.68,OSBC.O
OSCR.K,2026-03-24,3.635503,12.21,OSCR.K
OSCR.N,2026-03-24,3.635503,12.21,OSCR.N
OSGSY.PK,2026-03-24,15.834405,90.14,OSGSY.PK
OSIS.O,2026-03-24,4.762708,289.13,OSIS.O
OSK.N,2026-03-24,9.06142,144.87,OSK.N
OSSUY.PK,2026-03-24,1.776401,3.67,OSSUY.PK
OSTIY.PK,2026-03-24,2.633951,19.25,OSTIY.PK
OSW.O,2026-03-24,2.198449,21.67,OSW.O
OTEX.O,2026-03-24,5.774855,23.03,OTEX.O
OTF.N,2026-03-24,5.704946,12.26,OTF.N
OTGLY.PK,2026-03-24,6.604938,16.72,OTGLY.PK
OTIS.K,2026-03-24,30.72449,79.04,OTIS.K
OTIS.N,2026-03-24,30.72449,79.04,OTIS.N
OTPIY.PK,2026-03-24,29.886345,0.0,OTPIY.PK
OTSKY.PK,2026-03-24,36.363772,33.67,OTSKY.PK
OTTR.O,2026-03-24,3.608003,86.0,OTTR.O
OUKPY.PK,2026-03-24,13.667543,8.2,OUKPY.PK
OUST.O,2026-03-24,1.330189,21.18,OUST.O
OUT.N,2026-03-24,4.823775,27.4,OUT.N
OUTKY.PK,2026-03-24,2.554718,2.69,OUTKY.PK
OVCHY.PK,2026-03-24,73.975901,33.28,OVCHY.PK
OVHGY.PK,2026-03-24,1.529149,5.35,OVHGY.PK
OVICY.PK,2026-03-24,18.145399,0.0,OVICY.PK
OVV.N,2026-03-24,16.133121,56.94,OVV.N
OWL.N,2026-03-24,14.131038,9.09,OWL.N
OXFYY.PK,2026-03-24,1.487387,6.9,OXFYY.PK
OXLC.O,2026-03-24,0.845819,8.71,OXLC.O
OXLCN.O,2026-03-24,0.845819,24.27,OXLCN.O
OXLCO.O,2026-03-24,0.845819,23.21,OXLCO.O
OXLCP.O,2026-03-24,0.845819,24.57,OXLCP.O
OXY.N,2026-03-24,59.809136,60.31,OXY.N
OZK.O,2026-03-24,4.875948,44.17,OZK.O
OZKAP.O,2026-03-24,4.875948,16.47,OZKAP.O
PAA.O,2026-03-24,15.36648,21.78,PAA.O
PAAPU.PK,2026-03-24,15.36648,0.0,PAAPU.PK
PAAS.K,2026-03-24,20.690827,49.14,PAAS.K
PAASF.PK,2026-03-24,20.690827,0.6,PAASF.PK
PAC.N,2026-03-24,10.032366,233.29,PAC.N
PACS.K,2026-03-24,5.364042,34.13,PACS.K
PACS.N,2026-03-24,5.364042,34.13,PACS.N
PAEKY.PK,2026-03-24,5.305585,16.17,PAEKY.PK
PAEXY.PK,2026-03-24,1.848023,13.54,PAEXY.PK
PAFRY.PK,2026-03-24,3.419191,33.1,PAFRY.PK
PAG.N,2026-03-24,9.569147,145.54,PAG.N
PAGP.O,2026-03-24,4.700223,23.75,PAGP.O
PAGS.K,2026-03-24,3.05372,9.99,PAGS.K
PAGS.N,2026-03-24,3.05372,9.99,PAGS.N
PAHC.O,2026-03-24,2.180768,53.8,PAHC.O
PAKTY.PK,2026-03-24,1.040476,0.72,PAKTY.PK
PALAF.PK,2026-03-24,3.256175,7.5,PALAF.PK
PAM.N,2026-03-24,4.786368,83.65,PAM.N
PANW.O,2026-03-24,133.04455,164.05,PANW.O
PAR.N,2026-03-24,0.577783,14.04,PAR.N
PARR.K,2026-03-24,2.829728,57.2,PARR.K
PARR.N,2026-03-24,2.829728,57.2,PARR.N
PASTY.PK,2026-03-24,2.454525,0.0,PASTY.PK
PATH.K,2026-03-24,6.486514,12.13,PATH.K
PATH.N,2026-03-24,6.486514,12.13,PATH.N
PATK.O,2026-03-24,3.710656,111.65,PATK.O
PAX.O,2026-03-24,1.835483,11.51,PAX.O
PAY.N,2026-03-24,3.145404,25.02,PAY.N
PAYC.K,2026-03-24,6.729658,126.59,PAYC.K
PAYC.N,2026-03-24,6.729658,126.59,PAYC.N
PAYO.O,2026-03-24,1.651463,4.79,PAYO.O
PAYX.O,2026-03-24,33.563457,93.5,PAYX.O
PB.N,2026-03-24,6.696246,65.98,PB.N
PBA.N,2026-03-24,26.233094,45.14,PBA.N
PBCRY.PK,2026-03-24,48.709077,10.13,PBCRY.PK
PBDBY.PK,2026-03-24,1.429868,0.0,PBDBY.PK
PBF.N,2026-03-24,5.472168,46.59,PBF.N
PBH.N,2026-03-24,2.97067,62.78,PBH.N
PBI.N,2026-03-24,1.584894,10.57,PBI.N
PBMRY.PK,2026-03-24,4.506338,5.39,PBMRY.PK
PBR.N,2026-03-24,119.981415,19.27,PBR.N
PBRa.N,2026-03-24,119.981415,17.53,PBRa.N
PBRRY.PK,2026-03-24,45.711934,0.0,PBRRY.PK
PBSFY.PK,2026-03-24,1.041111,1.07,PBSFY.PK
PCAR.O,2026-03-24,60.162382,114.32,PCAR.O
PCCWY.PK,2026-03-24,5.805901,7.56,PCCWY.PK
PCCYF.PK,2026-03-24,311.032361,1.34,PCCYF.PK
PCFBY.PK,2026-03-24,1.919392,7.59,PCFBY.PK
PCG.N,2026-03-24,38.222663,17.39,PCG.N
PCH.O,2026-03-24,3.230611,41.73,PCH.O
PCHUY.PK,2026-03-24,4.607884,4.06,PCHUY.PK
PCOR.K,2026-03-24,8.824407,58.79,PCOR.K
PCOR.N,2026-03-24,8.824407,58.79,PCOR.N
PCRFF.PK,2026-03-24,39.591954,16.12,PCRFF.PK
PCRHY.PK,2026-03-24,39.591954,16.27,PCRHY.PK
PCT.O,2026-03-24,1.063731,5.89,PCT.O
PCTBP.PK,2026-03-24,1.063731,0.0,PCTBP.PK
PCTTU.O,2026-03-24,1.063731,6.1,PCTTU.O
PCTY.O,2026-03-24,6.200668,115.09,PCTY.O
PCVX.O,2026-03-24,8.050905,55.94,PCVX.O
PCWLF.PK,2026-03-24,5.805901,0.75,PCWLF.PK
PD.N,2026-03-24,0.602505,7.09,PD.N
PDD.O,2026-03-24,136.640972,96.25,PDD.O
PDFS.O,2026-03-24,1.353093,33.92,PDFS.O
PDI.N,2026-03-24,7.40205,16.93,PDI.N
PDM.N,2026-03-24,0.840128,6.72,PDM.N
PDO.N,2026-03-24,1.799593,12.63,PDO.N
PDYTY.PK,2026-03-24,2.631995,0.0,PDYTY.PK
PEB.N,2026-03-24,1.414141,12.43,PEB.N
PEB_pe.N,2026-03-24,1.414141,19.87,PEB_pe.N
PEB_pf.N,2026-03-24,1.414141,19.89,PEB_pf.N
PEB_pg.N,2026-03-24,1.414141,20.39,PEB_pg.N
PEB_ph.N,2026-03-24,1.414141,18.02,PEB_ph.N
PEBO.O,2026-03-24,1.149353,32.0,PEBO.O
PECO.O,2026-03-24,4.638246,36.87,PECO.O
PEG.N,2026-03-24,39.80942,79.82,PEG.N
PEGA.O,2026-03-24,7.498779,44.36,PEGA.O
PEGHY.PK,2026-03-24,2.048801,0.0,PEGHY.PK
PEGIY.PK,2026-03-24,2.180645,3.53,PEGIY.PK
PEGRY.PK,2026-03-24,3.229691,13.82,PEGRY.PK
PEN.N,2026-03-24,13.168399,335.56,PEN.N
PENG.O,2026-03-24,0.940301,17.89,PENG.O
PENN.O,2026-03-24,1.92698,14.44,PENN.O
PEP.O,2026-03-24,206.200009,150.88,PEP.O
PEXNY.PK,2026-03-24,18.772048,6.35,PEXNY.PK
PEYUF.PK,2026-03-24,4.119824,20.1,PEYUF.PK
PEYXY.PK,2026-03-24,4.119824,26.5,PEYXY.PK
PFBC.O,2026-03-24,1.079112,88.99,PFBC.O
PFE.N,2026-03-24,152.277294,26.77,PFE.N
PFG.O,2026-03-24,18.767081,86.55,PFG.O
PFGC.K,2026-03-24,13.067492,83.18,PFGC.K
PFGC.N,2026-03-24,13.067492,83.18,PFGC.N
PFH.N,2026-03-24,32.81292,17.06,PFH.N
PFS.N,2026-03-24,2.698878,20.65,PFS.N
PFSI.K,2026-03-24,4.460344,85.5,PFSI.K
PFSI.N,2026-03-24,4.460344,85.5,PFSI.N
PFSTY.PK,2026-03-24,1.483703,0.0,PFSTY.PK
PG.N,2026-03-24,334.632859,143.99,PG.N
PGEN.O,2026-03-24,1.146391,3.24,PGEN.O
PGENY.PK,2026-03-24,1.228974,2.54,PGENY.PK
PGNY.O,2026-03-24,1.475059,18.01,PGNY.O
PGPHF.PK,2026-03-24,27.279477,990.01,PGPHF.PK
PGPKY.PK,2026-03-24,5.855332,4.58,PGPKY.PK
PGR.N,2026-03-24,120.02452,205.1,PGR.N
PGUCY.PK,2026-03-24,1.032952,3.6,PGUCY.PK
PH.N,2026-03-24,114.359748,906.06,PH.N
PHAR.O,2026-03-24,1.109359,16.01,PHAR.O
PHAT.O,2026-03-24,0.832902,10.57,PHAT.O
PHG.N,2026-03-24,25.70238,26.81,PHG.N
PHGPY.PK,2026-03-24,1.077807,11.28,PHGPY.PK
PHI.N,2026-03-24,4.869127,21.4,PHI.N
PHIN.K,2026-03-24,2.494059,65.78,PHIN.K
PHIN.N,2026-03-24,2.494059,65.78,PHIN.N
PHM.N,2026-03-24,22.730149,118.64,PHM.N
PHMMF.PK,2026-03-24,1.823325,92.19,PHMMF.PK
PHPPY.PK,2026-03-24,2.530194,10.65,PHPPY.PK
PHRBY.PK,2026-03-24,6.367841,0.0,PHRBY.PK
PHVS.O,2026-03-24,1.64623,25.7,PHVS.O
PHYS.K,2026-03-24,15.587284,33.21,PHYS.K
PI.O,2026-03-24,3.05854,101.17,PI.O
PIAHY.PK,2026-03-24,3.173197,4.4,PIAHY.PK
PIAIF.PK,2026-03-24,146.613731,7.29,PIAIF.PK
PIFFY.PK,2026-03-24,4.874863,8.37,PIFFY.PK
PIFMY.PK,2026-03-24,3.088787,18.0,PIFMY.PK
PII.N,2026-03-24,3.160865,55.83,PII.N
PILBF.PK,2026-03-24,10.24804,3.12,PILBF.PK
PINS.K,2026-03-24,12.124315,18.92,PINS.K
PINS.N,2026-03-24,12.124315,18.92,PINS.N
PINXY.PK,2026-03-24,47.657812,15.64,PINXY.PK
PIPR.K,2026-03-24,5.32873,298.99,PIPR.K
PIPR.N,2026-03-24,5.32873,298.99,PIPR.N
PITPY.PK,2026-03-24,1.138405,3.06,PITPY.PK
PJT.N,2026-03-24,5.273383,133.71,PJT.N
PK.N,2026-03-24,2.101119,10.44,PK.N
PKCOY.PK,2026-03-24,2.182505,12.01,PKCOY.PK
PKCPY.PK,2026-03-24,1.495903,1.68,PKCPY.PK
PKG.N,2026-03-24,18.650952,209.06,PKG.N
PKX.N,2026-03-24,18.481696,57.83,PKX.N
PL.N,2026-03-24,11.535665,33.82,PL.N
PLAB.O,2026-03-24,2.31561,39.27,PLAB.O
PLBL.O,2026-03-24,3.292428,8.75,PLBL.O
PLD.N,2026-03-24,121.478979,130.31,PLD.N
PLDGP.PK,2026-03-24,121.478979,52.5,PLDGP.PK
PLMR.O,2026-03-24,3.216114,120.5,PLMR.O
PLNT.K,2026-03-24,5.997051,74.95,PLNT.K
PLNT.N,2026-03-24,5.997051,74.95,PLNT.N
PLOW.N,2026-03-24,0.955019,41.37,PLOW.N
PLPC.O,2026-03-24,1.343501,274.36,PLPC.O
PLSAY.PK,2026-03-24,1.615123,0.0,PLSAY.PK
PLTK.O,2026-03-24,1.11145,2.93,PLTK.O
PLTR.O,2026-03-24,384.515477,160.84,PLTR.O
PLUG.O,2026-03-24,3.220036,2.31,PLUG.O
PLUS.O,2026-03-24,2.006362,76.02,PLUS.O
PLXS.O,2026-03-24,5.432027,202.79,PLXS.O
PM.N,2026-03-24,254.112374,163.24,PM.N
PMDIY.PK,2026-03-24,8.7511,18.23,PMDIY.PK
PMDKY.PK,2026-03-24,1.079953,13.05,PMDKY.PK
PMMAF.PK,2026-03-24,3.509512,23.5,PMMAF.PK
PMRTY.PK,2026-03-24,37.184146,26.15,PMRTY.PK
PMT.N,2026-03-24,0.987638,11.35,PMT.N
PMT_pa.N,2026-03-24,0.987638,23.18,PMT_pa.N
PMT_pb.N,2026-03-24,0.987638,22.84,PMT_pb.N
PMT_pc.N,2026-03-24,0.987638,17.79,PMT_pc.N
PMTU.K,2026-03-24,0.987638,25.16,PMTU.K
PMTU.N,2026-03-24,0.987638,25.16,PMTU.N
PMTV.N,2026-03-24,0.987638,25.12,PMTV.N
PNC.N,2026-03-24,82.259432,203.93,PNC.N
PNDRY.PK,2026-03-24,5.889734,9.32,PNDRY.PK
PNFP.N,2026-03-24,12.67812,83.85,PNFP.N
PNFP.O,2026-03-24,12.67812,83.85,PNFP.O
PNGAY.PK,2026-03-24,146.613731,15.17,PNGAY.PK
PNR.N,2026-03-24,14.292152,88.44,PNR.N
PNTG.O,2026-03-24,1.087382,31.37,PNTG.O
PNW.N,2026-03-24,11.796739,97.57,PNW.N
PNXGF.PK,2026-03-24,8.77904,9.0,PNXGF.PK
POAHY.PK,2026-03-24,5.632969,3.66,POAHY.PK
PODD.O,2026-03-24,15.985489,227.08,PODD.O
POET.O,2026-03-24,0.92543,6.06,POET.O
PONY.O,2026-03-24,4.73208,11.04,PONY.O
POOL.O,2026-03-24,7.551068,205.26,POOL.O
POR.N,2026-03-24,5.889349,50.89,POR.N
POST.K,2026-03-24,4.668586,97.35,POST.K
POST.N,2026-03-24,4.668586,97.35,POST.N
POWI.O,2026-03-24,2.64088,47.58,POWI.O
POWL.O,2026-03-24,6.588281,542.59,POWL.O
PPAAY.PK,2026-03-24,2.849002,5.8,PPAAY.PK
PPC.O,2026-03-24,8.307034,34.97,PPC.O
PPCCY.PK,2026-03-24,42.933452,48.3,PPCCY.PK
PPERY.PK,2026-03-24,25.731646,11.19,PPERY.PK
PPG.N,2026-03-24,22.845366,102.08,PPG.N
PPL.N,2026-03-24,27.723221,36.9,PPL.N
PPLC.N,2026-03-24,27.723221,49.79,PPLC.N
PPRUY.PK,2026-03-24,35.014202,28.71,PPRUY.PK
PPTA.O,2026-03-24,3.12642,25.07,PPTA.O
PR.N,2026-03-24,16.658328,19.92,PR.N
PRA.N,2026-03-24,1.266832,24.64,PRA.N
PRAX.O,2026-03-24,8.191208,294.11,PRAX.O
PRBKY.PK,2026-03-24,10.153033,8.6,PRBKY.PK
PRBRY.PK,2026-03-24,3.325312,0.0,PRBRY.PK
PRCT.O,2026-03-24,1.467273,26.02,PRCT.O
PRDIY.PK,2026-03-24,1.325178,0.0,PRDIY.PK
PRDO.O,2026-03-24,2.2386,35.83,PRDO.O
PRDSY.PK,2026-03-24,12.550268,9.67,PRDSY.PK
PRG.N,2026-03-24,1.133847,28.65,PRG.N
PRGLY.PK,2026-03-24,1.911181,6.0,PRGLY.PK
PRGO.K,2026-03-24,1.317304,9.57,PRGO.K
PRGO.N,2026-03-24,1.317304,9.57,PRGO.N
PRGS.O,2026-03-24,1.317315,31.28,PRGS.O
PRH.N,2026-03-24,32.81292,23.99,PRH.N
PRI.N,2026-03-24,7.911177,249.88,PRI.N
PRIM.K,2026-03-24,7.732874,142.59,PRIM.K
PRIM.N,2026-03-24,7.732874,142.59,PRIM.N
PRK.N,2026-03-24,2.84365,160.53,PRK.N
PRKS.K,2026-03-24,1.54972,31.87,PRKS.K
PRKS.N,2026-03-24,1.54972,31.87,PRKS.N
PRLB.K,2026-03-24,1.379673,58.03,PRLB.K
PRLB.N,2026-03-24,1.379673,58.03,PRLB.N
PRLLY.PK,2026-03-24,7.162254,0.0,PRLLY.PK
PRM.N,2026-03-24,3.150196,21.08,PRM.N
PRMB.K,2026-03-24,6.824094,18.79,PRMB.K
PRMB.N,2026-03-24,6.824094,18.79,PRMB.N
PRMRF.PK,2026-03-24,3.119682,21.58,PRMRF.PK
PRMRY.PK,2026-03-24,3.119682,0.0,PRMRY.PK
PRNDY.PK,2026-03-24,18.575045,14.73,PRNDY.PK
PRNSY.PK,2026-03-24,1.191396,0.0,PRNSY.PK
PROCF.PK,2026-03-24,2.303968,0.99,PROCF.PK
PROSF.PK,2026-03-24,110.538561,53.56,PROSF.PK
PROSY.PK,2026-03-24,110.538561,9.43,PROSY.PK
PRRFY.PK,2026-03-24,2.095271,13.07,PRRFY.PK
PRS.N,2026-03-24,32.81292,23.33,PRS.N
PRSKY.PK,2026-03-24,5.469666,0.0,PRSKY.PK
PRSU.N,2026-03-24,0.982361,35.06,PRSU.N
PRU.N,2026-03-24,32.81292,94.29,PRU.N
PRVA.O,2026-03-24,2.661772,21.52,PRVA.O
PRYMY.PK,2026-03-24,32.545089,55.71,PRYMY.PK
PSA.N,2026-03-24,47.628131,271.32,PSA.N
PSA_pf.N,2026-03-24,47.628131,20.04,PSA_pf.N
PSA_pg.N,2026-03-24,47.628131,19.8,PSA_pg.N
PSBTY.PK,2026-03-24,3.534781,0.0,PSBTY.PK
PSEC.O,2026-03-24,1.250266,2.57,PSEC.O
PSGTY.PK,2026-03-24,1.0017,2.95,PSGTY.PK
PSHZF.PK,2026-03-24,9.238984,53.36,PSHZF.PK
PSIX.O,2026-03-24,1.3065,56.68,PSIX.O
PSKRY.PK,2026-03-24,4.417024,106.0,PSKRY.PK
PSKY.O,2026-03-24,10.161314,9.14,PSKY.O
PSMMF.PK,2026-03-24,4.888138,16.44,PSMMF.PK
PSMMY.PK,2026-03-24,4.888138,31.0,PSMMY.PK
PSMT.O,2026-03-24,4.491039,145.74,PSMT.O
PSN.N,2026-03-24,5.503601,51.43,PSN.N
PSNY.O,2026-03-24,1.615123,17.46,PSNY.O
PSNYW.O,2026-03-24,1.615123,5.32,PSNYW.O
PSO.N,2026-03-24,7.854083,12.82,PSO.N
PSPSY.PK,2026-03-24,9.013723,38.0,PSPSY.PK
PSTG.K,2026-03-24,21.282864,64.46,PSTG.K
PSTG.N,2026-03-24,21.282864,64.46,PSTG.N
PSTVY.PK,2026-03-24,85.603395,12.53,PSTVY.PK
PSX.N,2026-03-24,70.835513,176.76,PSX.N
PSZKY.PK,2026-03-24,29.620147,24.05,PSZKY.PK
PTA.N,2026-03-24,1.028086,18.6,PTA.N
PTAIY.PK,2026-03-24,13.832378,7.21,PTAIY.PK
PTAUY.PK,2026-03-24,3.131601,13.9,PTAUY.PK
PTAXY.PK,2026-03-24,1.817774,0.0,PTAXY.PK
PTBRY.PK,2026-03-24,9.543589,12.47,PTBRY.PK
PTC.O,2026-03-24,17.75779,149.23,PTC.O
PTCAY.PK,2026-03-24,26.119097,56.0,PTCAY.PK
PTCCY.PK,2026-03-24,311.032361,0.0,PTCCY.PK
PTCT.O,2026-03-24,5.497898,66.42,PTCT.O
PTEN.O,2026-03-24,4.069046,10.72,PTEN.O
PTGX.O,2026-03-24,6.287711,98.54,PTGX.O
PTJSY.PK,2026-03-24,1.324663,3.62,PTJSY.PK
PTKFY.PK,2026-03-24,2.714818,12.02,PTKFY.PK
PTNDF.PK,2026-03-24,3.46152,0.39,PTNDF.PK
PTNDY.PK,2026-03-24,3.46152,16.4,PTNDY.PK
PTON.O,2026-03-24,1.672172,3.93,PTON.O
PTRN.O,2026-03-24,2.059709,11.64,PTRN.O
PTRRY.PK,2026-03-24,10.997265,12.89,PTRRY.PK
PTXKY.PK,2026-03-24,3.171716,3.16,PTXKY.PK
PTY.N,2026-03-24,2.524705,11.91,PTY.N
PUBGY.PK,2026-03-24,20.69686,20.71,PUBGY.PK
PUGBY.PK,2026-03-24,3.149303,9.99,PUGBY.PK
PUK.N,2026-03-24,36.12429,28.98,PUK.N
PUMP.K,2026-03-24,1.770569,14.51,PUMP.K
PUMP.N,2026-03-24,1.770569,14.51,PUMP.N
PUMSY.PK,2026-03-24,3.509512,2.33,PUMSY.PK
PUODY.PK,2026-03-24,6.30508,304.0,PUODY.PK
PUTKY.PK,2026-03-24,6.588405,35.58,PUTKY.PK
PUTRY.PK,2026-03-24,29.190371,5.2,PUTRY.PK
PVH.N,2026-03-24,3.037177,66.31,PVH.N
PVLA.O,2026-03-24,1.485042,117.04,PVLA.O
PWP.O,2026-03-24,1.584323,17.26,PWP.O
PWR.N,2026-03-24,84.901544,567.45,PWR.N
PX.N,2026-03-24,0.805961,7.36,PX.N
PXED.K,2026-03-24,1.015219,28.39,PXED.K
PXED.N,2026-03-24,1.015219,28.39,PXED.N
PYPL.O,2026-03-24,41.88103,45.49,PYPL.O
PYTCY.PK,2026-03-24,1.491005,9.59,PYTCY.PK
PZAKY.PK,2026-03-24,14.772235,17.93,PZAKY.PK
PZZA.O,2026-03-24,1.11655,34.03,PZZA.O
Q.N,2026-03-24,24.094002,114.92,Q.N
QABSY.PK,2026-03-24,8.844157,29.21,QABSY.PK
QBBHY.PK,2026-03-24,6.10427,11.5,QBBHY.PK
QBIEY.PK,2026-03-24,22.238397,14.8,QBIEY.PK
QBTS.K,2026-03-24,6.033292,16.31,QBTS.K
QBTS.N,2026-03-24,6.033292,16.31,QBTS.N
QCOM.O,2026-03-24,136.94945,128.35,QCOM.O
QCRH.O,2026-03-24,1.398856,83.61,QCRH.O
QDEL.O,2026-03-24,1.126753,16.55,QDEL.O
QFIN.O,2026-03-24,1.760103,13.52,QFIN.O
QGEN.K,2026-03-24,8.194605,39.49,QGEN.K
QLYS.O,2026-03-24,3.472695,97.34,QLYS.O
QNTQY.PK,2026-03-24,3.337674,26.62,QNTQY.PK
QQQX.O,2026-03-24,1.313929,26.91,QQQX.O
QRVO.O,2026-03-24,7.301499,78.76,QRVO.O
QS.N,2026-03-24,4.318702,7.04,QS.N
QSR.N,2026-03-24,25.99128,75.01,QSR.N
QTWO.K,2026-03-24,3.033477,48.61,QTWO.K
QTWO.N,2026-03-24,3.033477,48.61,QTWO.N
QUBT.O,2026-03-24,1.648111,7.34,QUBT.O
QUCPY.PK,2026-03-24,34.127291,0.0,QUCPY.PK
QURE.O,2026-03-24,0.995468,15.92,QURE.O
QXO.N,2026-03-24,14.383589,20.3,QXO.N
QXO.O,2026-03-24,14.383589,20.3,QXO.O
R.N,2026-03-24,7.783119,198.52,R.N
RACE.K,2026-03-24,63.74944,329.16,RACE.K
RADLY.PK,2026-03-24,7.795592,4.54,RADLY.PK
RAIFY.PK,2026-03-24,14.226268,10.96,RAIFY.PK
RAL.N,2026-03-24,4.726249,42.29,RAL.N
RAMP.K,2026-03-24,1.730253,27.41,RAMP.K
RAMP.N,2026-03-24,1.730253,27.41,RAMP.N
RANJY.PK,2026-03-24,4.860096,13.9,RANJY.PK
RAPP.O,2026-03-24,1.333901,27.91,RAPP.O
RARE.O,2026-03-24,1.958686,20.27,RARE.O
RATIY.PK,2026-03-24,8.357382,41.67,RATIY.PK
RBA.N,2026-03-24,18.073702,97.22,RBA.N
RBC.N,2026-03-24,16.985706,537.2,RBC.N
RBGLY.PK,2026-03-24,43.624983,13.66,RBGLY.PK
RBGPF.PK,2026-03-24,43.624983,67.41,RBGPF.PK
RBLAY.PK,2026-03-24,1.363651,6.15,RBLAY.PK
RBLX.K,2026-03-24,40.282852,56.84,RBLX.K
RBLX.N,2026-03-24,40.282852,56.84,RBLX.N
RBRI.PK,2026-03-24,2.327788,1.0,RBRI.PK
RBRK.K,2026-03-24,10.352493,51.18,RBRK.K
RBRK.N,2026-03-24,10.352493,51.18,RBRK.N
RBSFY.PK,2026-03-24,3.931195,8.28,RBSFY.PK
RBSPF.PK,2026-03-24,56.466446,6.93,RBSPF.PK
RCAT.O,2026-03-24,1.835252,15.15,RCAT.O
RCL.N,2026-03-24,75.466575,278.96,RCL.N
RCRRF.PK,2026-03-24,60.775766,41.75,RCRRF.PK
RCRUY.PK,2026-03-24,60.775766,8.19,RCRUY.PK
RCUS.K,2026-03-24,2.683732,21.41,RCUS.K
RCUS.N,2026-03-24,2.683732,21.41,RCUS.N
RCWBY.PK,2026-03-24,5.800322,0.0,RCWBY.PK
RCWLY.PK,2026-03-24,5.800322,34.0,RCWLY.PK
RDDT.K,2026-03-24,26.928404,140.96,RDDT.K
RDDT.N,2026-03-24,26.928404,140.96,RDDT.N
RDEIF.PK,2026-03-24,9.046171,17.01,RDEIF.PK
RDEIY.PK,2026-03-24,9.046171,8.38,RDEIY.PK
RDN.N,2026-03-24,4.473823,32.83,RDN.N
RDNT.O,2026-03-24,4.791773,61.74,RDNT.O
RDW.N,2026-03-24,1.800733,9.38,RDW.N
RDWR.O,2026-03-24,1.117566,25.73,RDWR.O
RDY.N,2026-03-24,11.139791,13.69,RDY.N
REAL.O,2026-03-24,1.11011,9.33,REAL.O
RECCY.PK,2026-03-24,6.01324,0.0,RECCY.PK
REG.O,2026-03-24,13.653975,74.65,REG.O
REGMY.PK,2026-03-24,8.450339,0.0,REGMY.PK
REGN.O,2026-03-24,77.865809,736.53,REGN.O
RELX.K,2026-03-24,58.978665,33.81,RELX.K
RELX.N,2026-03-24,58.978665,33.81,RELX.N
RELY.O,2026-03-24,3.416814,16.22,RELY.O
REMYY.PK,2026-03-24,2.157627,4.1,REMYY.PK
RENGY.PK,2026-03-24,2.136899,0.0,RENGY.PK
RENZY.PK,2026-03-24,2.856193,8.42,RENZY.PK
REPYY.PK,2026-03-24,29.018794,26.32,REPYY.PK
RERE.K,2026-03-24,1.101335,5.01,RERE.K
RERE.N,2026-03-24,1.101335,5.01,RERE.N
RES.N,2026-03-24,1.527095,6.89,RES.N
REVG.K,2026-03-24,3.118713,63.9,REVG.K
REX.N,2026-03-24,1.298075,39.41,REX.N
REXR.K,2026-03-24,8.021797,34.6,REXR.K
REXR.N,2026-03-24,8.021797,34.6,REXR.N
REYN.O,2026-03-24,4.406483,20.91,REYN.O
REZI.K,2026-03-24,5.248274,34.7,REZI.K
REZI.N,2026-03-24,5.248274,34.7,REZI.N
RF.N,2026-03-24,21.98488,25.46,RF.N
RF_pc.N,2026-03-24,21.98488,24.06,RF_pc.N
RGA.N,2026-03-24,13.180165,201.03,RGA.N
RGC.O,2026-03-24,12.468538,25.22,RGC.O
RGEN.O,2026-03-24,6.554125,116.35,RGEN.O
RGKJY.PK,2026-03-24,5.882823,0.0,RGKJY.PK
RGLD.O,2026-03-24,18.899082,222.84,RGLD.O
RGLXY.PK,2026-03-24,6.230533,4.52,RGLXY.PK
RGNLY.PK,2026-03-24,2.698214,0.0,RGNLY.PK
RGRNF.PK,2026-03-24,3.157561,4.23,RGRNF.PK
RGRSY.PK,2026-03-24,3.157561,5.2,RGRSY.PK
RGTI.O,2026-03-24,5.274551,15.88,RGTI.O
RH.N,2026-03-24,2.444293,130.17,RH.N
RHHBY.PK,2026-03-24,313.243078,48.11,RHHBY.PK
RHHMY.PK,2026-03-24,1.508713,7.97,RHHMY.PK
RHHVF.PK,2026-03-24,313.243078,387.28,RHHVF.PK
RHI.N,2026-03-24,2.510384,24.82,RHI.N
RHLD.N,2026-03-24,1.335165,157.56,RHLD.N
RHLD.O,2026-03-24,1.335165,157.56,RHLD.O
RHP.N,2026-03-24,5.788994,91.88,RHP.N
RICFY.PK,2026-03-24,10.941386,13.14,RICFY.PK
RICOY.PK,2026-03-24,4.944664,9.19,RICOY.PK
RIG.N,2026-03-24,7.124403,6.46,RIG.N
RINIY.PK,2026-03-24,3.297679,15.04,RINIY.PK
RIO.N,2026-03-24,145.87905,85.84,RIO.N
RIOCF.PK,2026-03-24,4.02491,13.89,RIOCF.PK
RIOT.O,2026-03-24,5.448038,14.37,RIOT.O
RITM.K,2026-03-24,5.036385,9.06,RITM.K
RITM.N,2026-03-24,5.036385,9.06,RITM.N
RITPF.PK,2026-03-24,3.873132,30.0,RITPF.PK
RIVN.O,2026-03-24,19.570409,15.77,RIVN.O
RJF.N,2026-03-24,28.66492,145.44,RJF.N
RKAGY.PK,2026-03-24,0.971958,8.16,RKAGY.PK
RKGRY.PK,2026-03-24,6.002229,11.63,RKGRY.PK
RKLB.O,2026-03-24,38.719721,68.0,RKLB.O
RKT.N,2026-03-24,40.210567,14.26,RKT.N
RKUNY.PK,2026-03-24,10.09353,4.72,RKUNY.PK
RL.N,2026-03-24,20.528503,339.11,RL.N
RLAY.O,2026-03-24,1.755087,9.82,RLAY.O
RLI.N,2026-03-24,5.299198,57.65,RLI.N
RLJ.N,2026-03-24,1.174322,7.73,RLJ.N
RLJ_pa.N,2026-03-24,1.174322,25.16,RLJ_pa.N
RLLCF.PK,2026-03-24,132.691284,0.0,RLLCF.PK
RLTQY.PK,2026-03-24,7.774515,0.0,RLTQY.PK
RLX.N,2026-03-24,2.5831,2.12,RLX.N
RLXXF.PK,2026-03-24,58.978665,34.21,RLXXF.PK
RMBS.O,2026-03-24,10.096677,93.35,RMBS.O
RMD.N,2026-03-24,33.210305,227.97,RMD.N
RMGGY.PK,2026-03-24,1.872379,10.2,RMGGY.PK
RMLRF.PK,2026-03-24,4.594265,2.49,RMLRF.PK
RMYHY.PK,2026-03-24,6.391359,6.98,RMYHY.PK
RNA.O,2026-03-24,0.22591,13.2,RNA.O
RNECY.PK,2026-03-24,28.112946,7.48,RNECY.PK
RNG.N,2026-03-24,3.248564,38.64,RNG.N
RNLSY.PK,2026-03-24,9.600795,6.57,RNLSY.PK
RNMBY.PK,2026-03-24,80.104251,343.57,RNMBY.PK
RNP.N,2026-03-24,0.952322,19.84,RNP.N
RNR.N,2026-03-24,12.653991,293.23,RNR.N
RNSHY.PK,2026-03-24,3.689527,24.3,RNSHY.PK
RNST.K,2026-03-24,3.291946,35.47,RNST.K
RNST.N,2026-03-24,3.291946,35.47,RNST.N
RNW.O,2026-03-24,1.795707,4.95,RNW.O
ROAD.O,2026-03-24,6.342155,112.22,ROAD.O
ROCK.O,2026-03-24,1.206998,40.85,ROCK.O
ROG.N,2026-03-24,1.825554,102.4,ROG.N
ROHCY.PK,2026-03-24,8.078768,20.39,ROHCY.PK
ROIV.O,2026-03-24,19.989533,27.93,ROIV.O
ROK.N,2026-03-24,40.20503,357.83,ROK.N
ROKU.O,2026-03-24,14.419911,97.81,ROKU.O
ROL.N,2026-03-24,25.646626,53.21,ROL.N
ROOT.O,2026-03-24,0.712247,45.79,ROOT.O
ROP.O,2026-03-24,36.382818,353.48,ROP.O
ROST.O,2026-03-24,68.92288,213.09,ROST.O
ROYUY.PK,2026-03-24,4.097102,0.0,ROYUY.PK
RPGRY.PK,2026-03-24,14.214752,28.55,RPGRY.PK
RPM.N,2026-03-24,12.342654,96.37,RPM.N
RPRX.O,2026-03-24,26.310437,45.61,RPRX.O
RPYTF.PK,2026-03-24,3.391398,107.08,RPYTF.PK
RQI.N,2026-03-24,1.613177,12.0,RQI.N
RRC.N,2026-03-24,10.521531,44.7,RRC.N
RRR.O,2026-03-24,6.099958,58.08,RRR.O
RRX.N,2026-03-24,12.244054,183.94,RRX.N
RS.N,2026-03-24,15.093701,291.76,RS.N
RSG.N,2026-03-24,66.927301,216.73,RSG.N
RSGPY.PK,2026-03-24,3.680194,0.0,RSGPY.PK
RSHGY.PK,2026-03-24,25.768341,22.08,RSHGY.PK
RSI.N,2026-03-24,5.053639,21.75,RSI.N
RSMDF.PK,2026-03-24,33.210305,25.13,RSMDF.PK
RTMVY.PK,2026-03-24,4.295622,11.43,RTMVY.PK
RTO.N,2026-03-24,15.563678,31.36,RTO.N
RTX.N,2026-03-24,262.222698,194.82,RTX.N
RUM.O,2026-03-24,1.79224,5.28,RUM.O
RUMBW.O,2026-03-24,0.0,1.16,RUMBW.O
RUN.O,2026-03-24,2.895981,12.35,RUN.O
RUSHA.O,2026-03-24,4.984489,65.58,RUSHA.O
RUSHB.O,2026-03-24,4.984489,61.85,RUSHB.O
RUSMY.PK,2026-03-24,1.907683,0.0,RUSMY.PK
RVLV.K,2026-03-24,1.584314,22.18,RVLV.K
RVLV.N,2026-03-24,1.584314,22.18,RVLV.N
RVMD.O,2026-03-24,19.149495,96.63,RVMD.O
RVT.N,2026-03-24,1.999425,16.34,RVT.N
RVTY.K,2026-03-24,9.744778,87.16,RVTY.K
RVTY.N,2026-03-24,9.744778,87.16,RVTY.N
RWEOY.PK,2026-03-24,47.454233,64.11,RWEOY.PK
RXEEY.PK,2026-03-24,11.168263,38.46,RXEEY.PK
RXO.N,2026-03-24,2.185422,13.31,RXO.N
RXRX.O,2026-03-24,1.703496,3.23,RXRX.O
RY.N,2026-03-24,225.958226,161.82,RY.N
RYAAY.O,2026-03-24,29.663768,59.3,RYAAY.O
RYAN.K,2026-03-24,9.103381,34.59,RYAN.K
RYAN.N,2026-03-24,9.103381,34.59,RYAN.N
RYCEF.PK,2026-03-24,132.691284,15.96,RYCEF.PK
RYCEY.PK,2026-03-24,132.691284,16.16,RYCEY.PK
RYDAF.PK,2026-03-24,252.693592,45.0,RYDAF.PK
RYHTY.PK,2026-03-24,1.255264,7.01,RYHTY.PK
RYKKY.PK,2026-03-24,11.945068,10.68,RYKKY.PK
RYN.N,2026-03-24,6.07015,20.08,RYN.N
RYTM.O,2026-03-24,5.780329,84.65,RYTM.O
RYZ.N,2026-03-24,0.65804,20.66,RYZ.N
RZB.N,2026-03-24,13.180165,24.94,RZB.N
RZC.N,2026-03-24,13.180165,25.34,RZC.N
RZLV.O,2026-03-24,0.911021,2.72,RZLV.O
S.N,2026-03-24,4.893176,14.38,S.N
SA.N,2026-03-24,2.684309,25.82,SA.N
SAABY.PK,2026-03-24,36.495085,34.28,SAABY.PK
SAAYY.PK,2026-03-24,8.035172,0.0,SAAYY.PK
SAEYY.PK,2026-03-24,0.772305,4.0,SAEYY.PK
SAFE.K,2026-03-24,1.018228,14.19,SAFE.K
SAFE.N,2026-03-24,1.018228,14.19,SAFE.N
SAFRF.PK,2026-03-24,139.060987,342.0,SAFRF.PK
SAFRY.PK,2026-03-24,139.060987,83.69,SAFRY.PK
SAFT.O,2026-03-24,1.069576,73.1,SAFT.O
SAGXY.PK,2026-03-24,6.361956,0.0,SAGXY.PK
SAH.N,2026-03-24,2.107755,62.83,SAH.N
SAIA.O,2026-03-24,8.787074,329.48,SAIA.O
SAIC.O,2026-03-24,4.206029,96.87,SAIC.O
SAIL.O,2026-03-24,7.070095,12.54,SAIL.O
SALRY.PK,2026-03-24,7.727734,13.9,SALRY.PK
SAM.N,2026-03-24,2.315127,221.62,SAM.N
SAN.N,2026-03-24,163.480926,11.15,SAN.N
SANA.O,2026-03-24,0.832625,3.12,SANA.O
SANM.O,2026-03-24,7.174536,131.39,SANM.O
SAP.N,2026-03-24,219.486822,178.16,SAP.N
SAPGF.PK,2026-03-24,219.486822,178.76,SAPGF.PK
SAPMY.PK,2026-03-24,8.035172,0.86,SAPMY.PK
SAPUY.PK,2026-03-24,12.839592,0.0,SAPUY.PK
SARO.K,2026-03-24,8.695597,26.14,SARO.K
SARO.N,2026-03-24,8.695597,26.14,SARO.N
SATS.O,2026-03-24,31.629018,109.49,SATS.O
SAUHY.PK,2026-03-24,15.425407,9.66,SAUHY.PK
SAXPY.PK,2026-03-24,27.888982,21.16,SAXPY.PK
SBAC.O,2026-03-24,18.193522,171.98,SBAC.O
SBAGY.PK,2026-03-24,11.571884,19.15,SBAGY.PK
SBCF.O,2026-03-24,2.939742,30.01,SBCF.O
SBCLY.PK,2026-03-24,2.802405,13.5,SBCLY.PK
SBET.O,2026-03-24,1.480684,7.51,SBET.O
SBFFF.PK,2026-03-24,6.634139,35.84,SBFFF.PK
SBFFY.PK,2026-03-24,6.634139,38.8,SBFFY.PK
SBGI.O,2026-03-24,0.958979,13.39,SBGI.O
SBGSF.PK,2026-03-24,162.459687,282.0,SBGSF.PK
SBGSY.PK,2026-03-24,162.459687,57.04,SBGSY.PK
SBH.N,2026-03-24,1.335811,13.77,SBH.N
SBHMY.PK,2026-03-24,14.130473,15.89,SBHMY.PK
SBKJY.PK,2026-03-24,101.685395,0.0,SBKJY.PK
SBLK.O,2026-03-24,2.545118,22.82,SBLK.O
SBR.N,2026-03-24,1.070416,73.42,SBR.N
SBRA.O,2026-03-24,4.964749,19.69,SBRA.O
SBS.N,2026-03-24,20.547378,29.13,SBS.N
SBSNY.PK,2026-03-24,5.535702,26.97,SBSNY.PK
SBSW.K,2026-03-24,7.919009,11.34,SBSW.K
SBSW.N,2026-03-24,7.919009,11.34,SBSW.N
SBUX.O,2026-03-24,106.900519,93.83,SBUX.O
SCABY.PK,2026-03-24,8.013524,12.13,SCABY.PK
SCBFF.PK,2026-03-24,47.101623,20.74,SCBFF.PK
SCBFY.PK,2026-03-24,47.101623,42.84,SCBFY.PK
SCBXY.PK,2026-03-24,14.740082,0.0,SCBXY.PK
SCCO.K,2026-03-24,130.720661,159.59,SCCO.K
SCCO.N,2026-03-24,130.720661,159.59,SCCO.N
SCCTY.PK,2026-03-24,5.504947,42.39,SCCTY.PK
SCGLY.PK,2026-03-24,55.524771,14.89,SCGLY.PK
SCGPY.PK,2026-03-24,4.011367,4.0,SCGPY.PK
SCHW.K,2026-03-24,166.985654,95.3,SCHW.K
SCHW.N,2026-03-24,166.985654,95.3,SCHW.N
SCHYY.PK,2026-03-24,17.399118,21.3,SCHYY.PK
SCI.N,2026-03-24,10.652003,76.51,SCI.N
SCL.N,2026-03-24,1.065442,47.07,SCL.N
SCMWY.PK,2026-03-24,45.332453,89.04,SCMWY.PK
SCRNY.PK,2026-03-24,11.562031,0.0,SCRNY.PK
SCRYY.PK,2026-03-24,6.256915,3.54,SCRYY.PK
SCSXY.PK,2026-03-24,0.0,0.0,SCSXY.PK
SCTAY.PK,2026-03-24,4.290603,0.0,SCTAY.PK
SCTBY.PK,2026-03-24,8.827364,16.73,SCTBY.PK
SCVPY.PK,2026-03-24,6.662599,4.9,SCVPY.PK
SCZMF.PK,2026-03-24,0.692565,7.59,SCZMF.PK
SDGR.O,2026-03-24,0.876304,11.87,SDGR.O
SDHC.K,2026-03-24,0.62454,12.13,SDHC.K
SDRL.K,2026-03-24,2.765886,44.29,SDRL.K
SDRL.N,2026-03-24,2.765886,44.29,SDRL.N
SDVKY.PK,2026-03-24,45.924592,37.02,SDVKY.PK
SDXAY.PK,2026-03-24,7.16887,9.76,SDXAY.PK
SDXOF.PK,2026-03-24,7.16887,51.3,SDXOF.PK
SDZNY.PK,2026-03-24,33.38896,76.57,SDZNY.PK
SDZXF.PK,2026-03-24,33.38896,79.85,SDZXF.PK
SE.N,2026-03-24,43.604608,79.79,SE.N
SEB.N,2026-03-24,4.758867,4911.96,SEB.N
SEBYY.PK,2026-03-24,2.780014,5.47,SEBYY.PK
SECYF.PK,2026-03-24,3.514757,16.15,SECYF.PK
SECYY.PK,2026-03-24,3.514757,0.0,SECYY.PK
SEDG.O,2026-03-24,2.820917,46.73,SEDG.O
SEE.N,2026-03-24,6.182325,41.95,SEE.N
SEGSY.PK,2026-03-24,2.789022,24.24,SEGSY.PK
SEGXF.PK,2026-03-24,12.370812,9.27,SEGXF.PK
SEI.N,2026-03-24,4.219366,60.88,SEI.N
SEIC.O,2026-03-24,9.607481,78.59,SEIC.O
SEKEY.PK,2026-03-24,4.654632,6.17,SEKEY.PK
SEM.N,2026-03-24,2.017778,16.27,SEM.N
SEMR.K,2026-03-24,1.800943,11.93,SEMR.K
SEMR.N,2026-03-24,1.800943,11.93,SEMR.N
SEOAY.PK,2026-03-24,9.028296,11.63,SEOAY.PK
SEPN.O,2026-03-24,1.067874,23.78,SEPN.O
SERV.O,2026-03-24,0.713758,9.43,SERV.O
SEZL.O,2026-03-24,2.431692,71.94,SEZL.O
SF.N,2026-03-24,11.172592,72.18,SF.N
SFB.N,2026-03-24,11.172592,19.76,SFB.N
SFBS.K,2026-03-24,4.017171,73.52,SFBS.K
SFBS.N,2026-03-24,4.017171,73.52,SFBS.N
SFD.O,2026-03-24,9.230286,23.48,SFD.O
SFDMY.PK,2026-03-24,6.777543,124.0,SFDMY.PK
SFEGY.PK,2026-03-24,2.241714,13.74,SFEGY.PK
SFFLY.PK,2026-03-24,7.598093,7.8,SFFLY.PK
SFGYY.PK,2026-03-24,6.462085,4.57,SFGYY.PK
SFHOY.PK,2026-03-24,24.908463,17.01,SFHOY.PK
SFL.N,2026-03-24,1.539808,10.65,SFL.N
SFM.O,2026-03-24,7.462077,78.9,SFM.O
SFNC.O,2026-03-24,2.777117,19.17,SFNC.O
SFRGY.PK,2026-03-24,1.260603,3.76,SFRGY.PK
SFSHY.PK,2026-03-24,1.868163,0.0,SFSHY.PK
SFTBF.PK,2026-03-24,127.266451,23.4,SFTBF.PK
SFTBY.PK,2026-03-24,127.266451,11.52,SFTBY.PK
SFTCY.PK,2026-03-24,3.229561,0.0,SFTCY.PK
SGAMY.PK,2026-03-24,3.463038,4.03,SGAMY.PK
SGAPY.PK,2026-03-24,63.472289,38.94,SGAPY.PK
SGBAF.PK,2026-03-24,3.1434,6.7,SGBAF.PK
SGBLY.PK,2026-03-24,29.306595,18.07,SGBLY.PK
SGGKY.PK,2026-03-24,26.164936,85.66,SGGKY.PK
SGHC.K,2026-03-24,5.400209,10.68,SGHC.K
SGHC.N,2026-03-24,5.400209,10.68,SGHC.N
SGHDY.PK,2026-03-24,6.152119,9.46,SGHDY.PK
SGHIY.PK,2026-03-24,1.968093,17.83,SGHIY.PK
SGI.N,2026-03-24,16.017439,76.15,SGI.N
SGIHY.PK,2026-03-24,4.178084,0.0,SGIHY.PK
SGIOY.PK,2026-03-24,18.637185,10.43,SGIOY.PK
SGML.O,2026-03-24,1.153021,10.35,SGML.O
SGMMY.PK,2026-03-24,3.10717,0.0,SGMMY.PK
SGOV.N,2026-03-24,80.911581,100.58,SGOV.N
SGPIY.PK,2026-03-24,24.283872,0.0,SGPIY.PK
SGPYY.PK,2026-03-24,10.185304,44.03,SGPYY.PK
SGRY.O,2026-03-24,1.55045,11.98,SGRY.O
SGSOY.PK,2026-03-24,20.983241,10.78,SGSOY.PK
SHAK.K,2026-03-24,3.879468,90.87,SHAK.K
SHAK.N,2026-03-24,3.879468,90.87,SHAK.N
SHALY.PK,2026-03-24,2.114706,11.85,SHALY.PK
SHANY.PK,2026-03-24,1.15456,25.19,SHANY.PK
SHC.O,2026-03-24,3.947362,13.88,SHC.O
SHCAY.PK,2026-03-24,2.385223,0.88,SHCAY.PK
SHCO.K,2026-03-24,1.758889,8.99,SHCO.K
SHECY.PK,2026-03-24,75.92675,19.7,SHECY.PK
SHEL.K,2026-03-24,252.693592,90.71,SHEL.K
SHEL.N,2026-03-24,252.693592,90.71,SHEL.N
SHG.N,2026-03-24,28.734037,62.15,SHG.N
SHGKY.PK,2026-03-24,1.035997,2.33,SHGKY.PK
SHILY.PK,2026-03-24,8.733416,0.0,SHILY.PK
SHKLY.PK,2026-03-24,13.957762,146.57,SHKLY.PK
SHLRF.PK,2026-03-24,34.961204,343.64,SHLRF.PK
SHLS.O,2026-03-24,1.046896,6.24,SHLS.O
SHMUY.PK,2026-03-24,12.802064,91.3,SHMUY.PK
SHMXY.PK,2026-03-24,7.10135,12.26,SHMXY.PK
SHNDY.PK,2026-03-24,34.961204,15.98,SHNDY.PK
SHNWF.PK,2026-03-24,12.289602,7.3,SHNWF.PK
SHNXY.PK,2026-03-24,1.210848,18.19,SHNXY.PK
SHO.N,2026-03-24,1.723072,9.11,SHO.N
SHO_ph.N,2026-03-24,1.723072,20.11,SHO_ph.N
SHO_pi.N,2026-03-24,1.723072,18.27,SHO_pi.N
SHOO.O,2026-03-24,2.452753,33.64,SHOO.O
SHOP.O,2026-03-24,157.927887,121.1,SHOP.O
SHOUY.PK,2026-03-24,2.125258,0.0,SHOUY.PK
SHPHY.PK,2026-03-24,1.529527,0.0,SHPHY.PK
SHPMY.PK,2026-03-24,7.984804,7.6,SHPMY.PK
SHTDY.PK,2026-03-24,7.840184,13.17,SHTDY.PK
SHTPY.PK,2026-03-24,2.284107,4.37,SHTPY.PK
SHV.N,2026-03-24,21.02318,110.3,SHV.N
SHV.O,2026-03-24,21.02318,110.3,SHV.O
SHW.N,2026-03-24,77.659409,313.95,SHW.N
SHWDY.PK,2026-03-24,12.330254,69.44,SHWDY.PK
SHWGY.PK,2026-03-24,2.61337,2.27,SHWGY.PK
SHZHY.PK,2026-03-24,10.122807,6.59,SHZHY.PK
SHZNY.PK,2026-03-24,3.197834,36.13,SHZNY.PK
SICCY.PK,2026-03-24,4.993666,0.0,SICCY.PK
SID.N,2026-03-24,1.657269,1.25,SID.N
SIEGY.PK,2026-03-24,191.872315,123.3,SIEGY.PK
SIELY.PK,2026-03-24,16.436569,10.25,SIELY.PK
SIETY.PK,2026-03-24,10.032336,99.25,SIETY.PK
SIFY.O,2026-03-24,1.033887,14.29,SIFY.O
SIG.N,2026-03-24,3.596083,89.75,SIG.N
SIGCY.PK,2026-03-24,5.426282,14.26,SIGCY.PK
SIGI.O,2026-03-24,4.510353,75.07,SIGI.O
SIGIP.O,2026-03-24,4.510353,16.39,SIGIP.O
SII.N,2026-03-24,3.513439,136.25,SII.N
SILA.K,2026-03-24,1.325913,24.0,SILA.K
SILA.N,2026-03-24,1.325913,24.0,SILA.N
SILXY.PK,2026-03-24,0.953501,18.53,SILXY.PK
SIM.N,2026-03-24,5.093808,31.68,SIM.N
SIMO.O,2026-03-24,4.204799,123.73,SIMO.O
SINGF.PK,2026-03-24,15.984076,5.28,SINGF.PK
SINGY.PK,2026-03-24,15.984076,10.3,SINGY.PK
SION.O,2026-03-24,1.63928,36.43,SION.O
SIRI.O,2026-03-24,7.522347,22.47,SIRI.O
SITE.K,2026-03-24,5.963773,134.14,SITE.K
SITE.N,2026-03-24,5.963773,134.14,SITE.N
SITIY.PK,2026-03-24,11.760508,43.92,SITIY.PK
SITM.O,2026-03-24,9.104242,346.17,SITM.O
SJM.N,2026-03-24,10.492062,98.38,SJM.N
SJMHF.PK,2026-03-24,1.940161,0.26,SJMHF.PK
SJMHY.PK,2026-03-24,1.940161,1.28,SJMHY.PK
SKBSY.PK,2026-03-24,10.470922,26.34,SKBSY.PK
SKE.N,2026-03-24,3.284811,27.12,SKE.N
SKFRY.PK,2026-03-24,10.489409,23.34,SKFRY.PK
SKHHY.PK,2026-03-24,6.806016,14.12,SKHHY.PK
SKHSY.PK,2026-03-24,14.624433,22.24,SKHSY.PK
SKLTY.PK,2026-03-24,3.577359,20.69,SKLTY.PK
SKM.N,2026-03-24,11.066737,28.88,SKM.N
SKNGY.PK,2026-03-24,1.25401,0.0,SKNGY.PK
SKPJY.PK,2026-03-24,5.388814,34.63,SKPJY.PK
SKSUY.PK,2026-03-24,7.078656,87.03,SKSUY.PK
SKT.N,2026-03-24,3.916001,34.2,SKT.N
SKWD.O,2026-03-24,1.8983,42.69,SKWD.O
SKY.N,2026-03-24,4.162583,75.27,SKY.N
SKYT.O,2026-03-24,1.403376,29.24,SKYT.O
SKYW.O,2026-03-24,3.684684,91.19,SKYW.O
SLAB.O,2026-03-24,6.823143,206.96,SLAB.O
SLB.N,2026-03-24,73.930815,49.25,SLB.N
SLCJY.PK,2026-03-24,1.739335,3.41,SLCJY.PK
SLDE.O,2026-03-24,2.110944,16.98,SLDE.O
SLDP.O,2026-03-24,0.69041,3.13,SLDP.O
SLF.N,2026-03-24,34.961008,63.15,SLF.N
SLFPY.PK,2026-03-24,4.648023,10.03,SLFPY.PK
SLG.N,2026-03-24,2.753879,38.77,SLG.N
SLG_pi.N,2026-03-24,2.753879,21.4,SLG_pi.N
SLGN.K,2026-03-24,4.061625,38.52,SLGN.K
SLGN.N,2026-03-24,4.061625,38.52,SLGN.N
SLI.N,2026-03-24,0.878469,3.61,SLI.N
SLLDY.PK,2026-03-24,11.363478,10.61,SLLDY.PK
SLM.O,2026-03-24,3.986871,20.12,SLM.O
SLMBP.O,2026-03-24,3.986871,74.99,SLMBP.O
SLNLY.PK,2026-03-24,1.511514,18.5,SLNLY.PK
SLNO.O,2026-03-24,1.637525,31.72,SLNO.O
SLOIY.PK,2026-03-24,2.145576,31.0,SLOIY.PK
SLSR.K,2026-03-24,1.360612,8.07,SLSR.K
SLTCY.PK,2026-03-24,1.924685,6.23,SLTCY.PK
SLVM.K,2026-03-24,1.5266,38.64,SLVM.K
SLVM.N,2026-03-24,1.5266,38.64,SLVM.N
SLVYY.PK,2026-03-24,3.05759,2.86,SLVYY.PK
SM.N,2026-03-24,6.924334,29.05,SM.N
SMA.N,2026-03-24,1.729563,31.24,SMA.N
SMAWF.PK,2026-03-24,191.872315,252.01,SMAWF.PK
SMBMY.PK,2026-03-24,6.149172,15.13,SMBMY.PK
SMCAY.PK,2026-03-24,25.35343,19.8,SMCAY.PK
SMCI.O,2026-03-24,12.958401,21.58,SMCI.O
SMDPY.PK,2026-03-24,4.770633,12.14,SMDPY.PK
SMECF.PK,2026-03-24,25.35343,396.22,SMECF.PK
SMERY.PK,2026-03-24,147.587131,173.2,SMERY.PK
SMFG.K,2026-03-24,124.370135,19.53,SMFG.K
SMFG.N,2026-03-24,124.370135,19.53,SMFG.N
SMFNF.PK,2026-03-24,124.370135,32.56,SMFNF.PK
SMFSY.PK,2026-03-24,5.536276,0.0,SMFSY.PK
SMG.N,2026-03-24,3.81089,65.66,SMG.N
SMGZY.PK,2026-03-24,9.179001,30.39,SMGZY.PK
SMHRY.PK,2026-03-24,7.283728,2.21,SMHRY.PK
SMMNY.PK,2026-03-24,48.018393,21.36,SMMNY.PK
SMMT.O,2026-03-24,12.095814,15.6,SMMT.O
SMMYY.PK,2026-03-24,16.202836,13.96,SMMYY.PK
SMNNY.PK,2026-03-24,8.940833,10.32,SMNNY.PK
SMNR.PK,2026-03-24,1.841673,8.0,SMNR.PK
SMPHY.PK,2026-03-24,9.213003,0.0,SMPHY.PK
SMPL.O,2026-03-24,1.300682,14.05,SMPL.O
SMPNY.PK,2026-03-24,33.936038,18.33,SMPNY.PK
SMR.N,2026-03-24,3.954791,11.7,SMR.N
SMSEY.PK,2026-03-24,2.698347,9.6,SMSEY.PK
SMSMY.PK,2026-03-24,2.769293,15.25,SMSMY.PK
SMTC.O,2026-03-24,7.081165,76.52,SMTC.O
SMTGY.PK,2026-03-24,1.533573,4.3,SMTGY.PK
SMTOY.PK,2026-03-24,47.617391,60.9,SMTOY.PK
SN.N,2026-03-24,14.853099,105.16,SN.N
SNA.N,2026-03-24,18.87339,362.55,SNA.N
SNAP.K,2026-03-24,7.617173,4.51,SNAP.K
SNAP.N,2026-03-24,7.617173,4.51,SNAP.N
SNBOY.PK,2026-03-24,0.909231,2.81,SNBOY.PK
SNCHQ.PK,2026-03-24,2.353092,0.0,SNCHQ.PK
SNCPF.PK,2026-03-24,1.178944,56.7,SNCPF.PK
SNDA.N,2026-03-24,1.499358,31.64,SNDA.N
SNDFY.PK,2026-03-24,4.973182,18.0,SNDFY.PK
SNDK.O,2026-03-24,103.688207,702.49,SNDK.O
SNDR.K,2026-03-24,4.285224,24.44,SNDR.K
SNDR.N,2026-03-24,4.285224,24.44,SNDR.N
SNDX.O,2026-03-24,2.124752,24.09,SNDX.O
SNEJF.PK,2026-03-24,125.457224,20.81,SNEJF.PK
SNEVY.PK,2026-03-24,1.700618,0.0,SNEVY.PK
SNEX.O,2026-03-24,5.581835,70.93,SNEX.O
SNFRY.PK,2026-03-24,1.434789,8.43,SNFRY.PK
SNHIY.PK,2026-03-24,25.514788,11.37,SNHIY.PK
SNIRY.PK,2026-03-24,1.518942,11.56,SNIRY.PK
SNLAY.PK,2026-03-24,13.887781,7.58,SNLAY.PK
SNMCY.PK,2026-03-24,12.507397,11.5,SNMCY.PK
SNMRY.PK,2026-03-24,24.318876,14.68,SNMRY.PK
SNMSF.PK,2026-03-24,1.321015,13.16,SNMSF.PK
SNN.N,2026-03-24,13.552169,31.94,SNN.N
SNOW.K,2026-03-24,60.22094,174.2,SNOW.K
SNOW.N,2026-03-24,60.22094,174.2,SNOW.N
SNPHY.PK,2026-03-24,3.49064,10.6,SNPHY.PK
SNPMF.PK,2026-03-24,97.736878,0.57,SNPMF.PK
SNPRY.PK,2026-03-24,3.505885,0.0,SNPRY.PK
SNPS.O,2026-03-24,82.846745,432.48,SNPS.O
SNPTF.PK,2026-03-24,7.286487,6.61,SNPTF.PK
SNROY.PK,2026-03-24,8.453962,26.14,SNROY.PK
SNWGF.PK,2026-03-24,1.718048,9.77,SNWGF.PK
SNX.N,2026-03-24,12.607549,156.37,SNX.N
SNY.O,2026-03-24,107.754234,44.77,SNY.O
SO.N,2026-03-24,104.942934,93.75,SO.N
SOAGY.PK,2026-03-24,16.337992,48.44,SOAGY.PK
SOBKY.PK,2026-03-24,67.751443,13.68,SOBKY.PK
SOBO.K,2026-03-24,7.026433,33.76,SOBO.K
SOC.N,2026-03-24,2.327929,15.81,SOC.N
SOFI.O,2026-03-24,21.870775,17.15,SOFI.O
SOHGY.PK,2026-03-24,3.94493,9.95,SOHGY.PK
SOHVY.PK,2026-03-24,3.812141,7.82,SOHVY.PK
SOJC.N,2026-03-24,104.942934,21.17,SOJC.N
SOJD.N,2026-03-24,104.942934,19.67,SOJD.N
SOJE.N,2026-03-24,104.942934,17.35,SOJE.N
SOJF.N,2026-03-24,104.942934,25.28,SOJF.N
SOLS.O,2026-03-24,11.263138,70.95,SOLS.O
SOLV.K,2026-03-24,11.396755,65.69,SOLV.K
SOLV.N,2026-03-24,11.396755,65.69,SOLV.N
SOMLY.PK,2026-03-24,17.279183,9.16,SOMLY.PK
SOMMY.PK,2026-03-24,5.013614,15.0,SOMMY.PK
SOMN.N,2026-03-24,104.942934,50.57,SOMN.N
SON.N,2026-03-24,5.10726,51.78,SON.N
SONO.O,2026-03-24,1.642659,13.59,SONO.O
SONVY.PK,2026-03-24,12.717712,42.91,SONVY.PK
SONY.K,2026-03-24,125.457224,20.68,SONY.K
SONY.N,2026-03-24,125.457224,20.68,SONY.N
SOTDY.PK,2026-03-24,1.939042,9.0,SOTDY.PK
SOTGY.PK,2026-03-24,7.286487,70.0,SOTGY.PK
SOUHY.PK,2026-03-24,12.356433,13.76,SOUHY.PK
SOUN.O,2026-03-24,2.91319,6.89,SOUN.O
SPASY.PK,2026-03-24,4.18764,0.0,SPASY.PK
SPB.N,2026-03-24,1.683768,72.58,SPB.N
SPG.N,2026-03-24,58.97577,181.49,SPG.N
SPG_pj.N,2026-03-24,58.97577,53.5,SPG_pj.N
SPGI.K,2026-03-24,128.146356,428.87,SPGI.K
SPGI.N,2026-03-24,128.146356,428.87,SPGI.N
SPGNY.PK,2026-03-24,4.388038,11.11,SPGNY.PK
SPH.N,2026-03-24,1.343212,20.25,SPH.N
SPHR.K,2026-03-24,3.947836,111.2,SPHR.K
SPHR.N,2026-03-24,3.947836,111.2,SPHR.N
SPIIY.PK,2026-03-24,8.714524,12.0,SPIIY.PK
SPKKY.PK,2026-03-24,2.313731,6.25,SPKKY.PK
SPKOY.PK,2026-03-24,1.345706,19.53,SPKOY.PK
SPNT.K,2026-03-24,2.450947,20.95,SPNT.K
SPNT.N,2026-03-24,2.450947,20.95,SPNT.N
SPOT.K,2026-03-24,101.374405,492.39,SPOT.K
SPOT.N,2026-03-24,101.374405,492.39,SPOT.N
SPPSY.PK,2026-03-24,2.745875,12.87,SPPSY.PK
SPRPY.PK,2026-03-24,1.09543,11.1,SPRPY.PK
SPRRY.PK,2026-03-24,2.005145,0.0,SPRRY.PK
SPRY.O,2026-03-24,0.76161,7.67,SPRY.O
SPSC.O,2026-03-24,2.184001,58.41,SPSC.O
SPXC.K,2026-03-24,9.702052,194.52,SPXC.K
SPXC.N,2026-03-24,9.702052,194.52,SPXC.N
SPXCY.PK,2026-03-24,15.978065,30.26,SPXCY.PK
SPXSY.PK,2026-03-24,6.509313,45.6,SPXSY.PK
SQM.N,2026-03-24,20.295011,75.39,SQM.N
SQNNY.PK,2026-03-24,5.845831,7.82,SQNNY.PK
SR.N,2026-03-24,5.343513,90.42,SR.N
SRAD.O,2026-03-24,5.838526,19.53,SRAD.O
SRAWY.PK,2026-03-24,1.094831,17.3,SRAWY.PK
SRCE.O,2026-03-24,1.656883,68.1,SRCE.O
SRE.N,2026-03-24,61.055936,93.46,SRE.N
SREA.N,2026-03-24,61.055936,21.91,SREA.N
SREDY.PK,2026-03-24,7.74154,31.66,SREDY.PK
SRGHY.PK,2026-03-24,9.337802,15.77,SRGHY.PK
SRHBY.PK,2026-03-24,1.364569,7.84,SRHBY.PK
SRJN.N,2026-03-24,5.343513,24.65,SRJN.N
SRPT.O,2026-03-24,1.859369,17.71,SRPT.O
SRRK.O,2026-03-24,5.015796,43.66,SRRK.O
SRTOY.PK,2026-03-24,18.400773,19.46,SRTOY.PK
SRTTY.PK,2026-03-24,6.221648,6.39,SRTTY.PK
SRUUF.PK,2026-03-24,6.206346,18.5,SRUUF.PK
SSAAY.PK,2026-03-24,7.361192,3.78,SSAAY.PK
SSB.N,2026-03-24,8.887961,90.63,SSB.N
SSD.N,2026-03-24,7.093411,171.33,SSD.N
SSDOY.PK,2026-03-24,7.537714,19.49,SSDOY.PK
SSEZY.PK,2026-03-24,40.358167,33.97,SSEZY.PK
SSHBY.PK,2026-03-24,9.58354,0.0,SSHBY.PK
SSII.O,2026-03-24,0.952348,4.9,SSII.O
SSL.N,2026-03-24,7.927994,12.23,SSL.N
SSLZY.PK,2026-03-24,17.844156,5.6,SSLZY.PK
SSMXY.PK,2026-03-24,5.387711,8.53,SSMXY.PK
SSNC.O,2026-03-24,17.212082,71.27,SSNC.O
SSPGY.PK,2026-03-24,1.84253,0.0,SSPGY.PK
SSPPF.PK,2026-03-24,1.84253,2.51,SSPPF.PK
SSREY.PK,2026-03-24,48.564928,41.11,SSREY.PK
SSRLY.PK,2026-03-24,1.664038,0.0,SSRLY.PK
SSRM.O,2026-03-24,4.969707,24.27,SSRM.O
SSSGY.PK,2026-03-24,16.337992,42.02,SSSGY.PK
SSUMY.PK,2026-03-24,43.600043,35.6,SSUMY.PK
ST.N,2026-03-24,5.043206,34.59,ST.N
STAA.O,2026-03-24,0.916481,18.51,STAA.O
STAEY.PK,2026-03-24,2.267809,11.2,STAEY.PK
STAG.K,2026-03-24,7.069473,36.98,STAG.K
STAG.N,2026-03-24,7.069473,36.98,STAG.N
STBA.O,2026-03-24,1.496666,40.95,STBA.O
STBFY.PK,2026-03-24,8.614865,13.73,STBFY.PK
STC.N,2026-03-24,1.799917,59.17,STC.N
STCAY.PK,2026-03-24,2.692851,0.0,STCAY.PK
STE.N,2026-03-24,21.674581,221.0,STE.N
STEL.K,2026-03-24,1.834908,36.14,STEL.K
STEL.N,2026-03-24,1.834908,36.14,STEL.N
STEP.O,2026-03-24,5.676862,47.64,STEP.O
STEW.K,2026-03-24,1.650114,17.11,STEW.K
STEW.N,2026-03-24,1.650114,17.11,STEW.N
STGW.O,2026-03-24,1.576475,6.22,STGW.O
STHRF.PK,2026-03-24,5.941971,27.96,STHRF.PK
STJNY.PK,2026-03-24,3.676183,0.0,STJNY.PK
STJPF.PK,2026-03-24,8.519568,17.43,STJPF.PK
STLA.K,2026-03-24,19.04723,6.59,STLA.K
STLD.O,2026-03-24,24.143203,166.64,STLD.O
STM.N,2026-03-24,28.467675,31.66,STM.N
STMZF.PK,2026-03-24,16.765575,16.25,STMZF.PK
STN.N,2026-03-24,10.150184,89.03,STN.N
STNE.O,2026-03-24,3.447484,14.06,STNE.O
STNG.K,2026-03-24,3.658594,70.68,STNG.K
STNG.N,2026-03-24,3.658594,70.68,STNG.N
STOHF.PK,2026-03-24,98.431754,38.24,STOHF.PK
STOK.O,2026-03-24,1.975636,33.4,STOK.O
STOSF.PK,2026-03-24,17.844156,5.68,STOSF.PK
STRA.O,2026-03-24,1.896319,83.86,STRA.O
STRC.O,2026-03-24,43.951216,99.86,STRC.O
STRD.O,2026-03-24,43.951216,72.8,STRD.O
STRF.O,2026-03-24,43.951216,96.2,STRF.O
STRK.O,2026-03-24,43.951216,73.63,STRK.O
STRL.O,2026-03-24,12.948669,422.55,STRL.O
STRNY.PK,2026-03-24,11.73942,39.89,STRNY.PK
STRV.N,2026-03-24,0.984976,42.42,STRV.N
STT.N,2026-03-24,34.347677,123.23,STT.N
STT_pg.N,2026-03-24,34.347677,21.95,STT_pg.N
STUB.K,2026-03-24,2.454262,6.88,STUB.K
STUB.N,2026-03-24,2.454262,6.88,STUB.N
STVN.K,2026-03-24,4.48207,14.8,STVN.K
STVN.N,2026-03-24,4.48207,14.8,STVN.N
STWD.K,2026-03-24,6.44612,17.39,STWD.K
STWD.N,2026-03-24,6.44612,17.39,STWD.N
STX.O,2026-03-24,90.510732,404.02,STX.O
STZ.N,2026-03-24,26.438214,152.46,STZ.N
SU.N,2026-03-24,74.970989,63.19,SU.N
SUBCY.PK,2026-03-24,8.1246,26.9,SUBCY.PK
SUEZY.PK,2026-03-24,2.347261,5.7,SUEZY.PK
SUGBY.PK,2026-03-24,2.404046,80.02,SUGBY.PK
SUHJY.PK,2026-03-24,48.534943,16.55,SUHJY.PK
SUI.N,2026-03-24,15.895745,129.04,SUI.N
SUN.N,2026-03-24,13.303236,64.95,SUN.N
SUNB.N,2026-03-24,27.699906,67.13,SUNB.N
SUNC.K,2026-03-24,3.158519,61.31,SUNC.K
SUNC.N,2026-03-24,3.158519,61.31,SUNC.N
SUOPY.PK,2026-03-24,3.623759,20.88,SUOPY.PK
SUPN.O,2026-03-24,2.835899,49.25,SUPN.O
SURRY.PK,2026-03-24,1.912169,1.9,SURRY.PK
SURYY.PK,2026-03-24,26.639046,13.39,SURYY.PK
SUTNY.PK,2026-03-24,21.979329,6.33,SUTNY.PK
SUZ.N,2026-03-24,12.469426,9.79,SUZ.N
SUZRY.PK,2026-03-24,6.966406,13.18,SUZRY.PK
SVAUF.PK,2026-03-24,1.173696,3.35,SVAUF.PK
SVICY.PK,2026-03-24,1.173696,0.0,SVICY.PK
SVJTL.PK,2026-03-24,19.324818,0.0,SVJTL.PK
SVKEF.PK,2026-03-24,39.062477,20.64,SVKEF.PK
SVLLY.PK,2026-03-24,1.653308,0.0,SVLLY.PK
SVM.N,2026-03-24,2.071318,9.38,SVM.N
SVMB.PK,2026-03-24,1.055099,1.9,SVMB.PK
SVNBY.PK,2026-03-24,2.016503,20.5,SVNBY.PK
SVNDF.PK,2026-03-24,33.652249,12.28,SVNDF.PK
SVNDY.PK,2026-03-24,33.652249,13.05,SVNDY.PK
SVNLF.PK,2026-03-24,29.099417,14.8,SVNLF.PK
SVNLY.PK,2026-03-24,29.099417,7.38,SVNLY.PK
SVRA.O,2026-03-24,1.03966,5.08,SVRA.O
SVTRF.PK,2026-03-24,11.73942,43.55,SVTRF.PK
SVV.N,2026-03-24,1.207892,7.79,SVV.N
SW.N,2026-03-24,20.28862,38.7,SW.N
SWBKY.PK,2026-03-24,2.398514,0.0,SWBKY.PK
SWCXY.PK,2026-03-24,2.513937,0.0,SWCXY.PK
SWDBY.PK,2026-03-24,39.880862,36.28,SWDBY.PK
SWDHY.PK,2026-03-24,1.637597,15.95,SWDHY.PK
SWDR.PK,2026-03-24,2.835091,15.25,SWDR.PK
SWGAY.PK,2026-03-24,11.363124,10.92,SWGAY.PK
SWK.N,2026-03-24,10.856074,69.91,SWK.N
SWKS.O,2026-03-24,8.193858,54.49,SWKS.O
SWOBY.PK,2026-03-24,13.774019,20.97,SWOBY.PK
SWPLY.PK,2026-03-24,17.860529,0.0,SWPLY.PK
SWPMY.PK,2026-03-24,13.715976,0.0,SWPMY.PK
SWRAY.PK,2026-03-24,13.434822,10.98,SWRAY.PK
SWRBY.PK,2026-03-24,13.434822,8.58,SWRBY.PK
SWX.N,2026-03-24,6.202859,85.83,SWX.N
SWYBY.PK,2026-03-24,1.70511,2.46,SWYBY.PK
SXGCF.PK,2026-03-24,1.523746,5.88,SXGCF.PK
SXI.N,2026-03-24,3.080461,254.19,SXI.N
SXT.N,2026-03-24,3.609628,84.83,SXT.N
SXYAY.PK,2026-03-24,26.152483,16.36,SXYAY.PK
SYANY.PK,2026-03-24,6.603095,16.0,SYANY.PK
SYBT.O,2026-03-24,1.902341,64.46,SYBT.O
SYF.N,2026-03-24,23.132532,66.55,SYF.N
SYIEY.PK,2026-03-24,11.331992,20.23,SYIEY.PK
SYK.N,2026-03-24,127.278426,332.59,SYK.N
SYM.O,2026-03-24,31.674236,52.6,SYM.O
SYNA.O,2026-03-24,2.823785,72.91,SYNA.O
SYNSY.PK,2026-03-24,5.45758,9.07,SYNSY.PK
SYRE.O,2026-03-24,3.358377,42.76,SYRE.O
SYXTY.PK,2026-03-24,4.140944,0.0,SYXTY.PK
SYXZF.PK,2026-03-24,4.140944,0.0,SYXZF.PK
SYY.N,2026-03-24,39.080741,81.6,SYY.N
SZGPY.PK,2026-03-24,2.527594,4.5,SZGPY.PK
SZHFY.PK,2026-03-24,8.199583,395.0,SZHFY.PK
SZKMY.PK,2026-03-24,23.790059,48.54,SZKMY.PK
SZLMY.PK,2026-03-24,29.760635,52.67,SZLMY.PK
T.N,2026-03-24,201.3366,28.76,T.N
TAC.N,2026-03-24,3.56999,12.03,TAC.N
TAGYY.PK,2026-03-24,2.816273,5.68,TAGYY.PK
TAK.N,2026-03-24,56.876798,17.86,TAK.N
TAL.N,2026-03-24,6.782743,11.15,TAL.N
TALO.K,2026-03-24,2.551312,15.14,TALO.K
TALO.N,2026-03-24,2.551312,15.14,TALO.N
TAP.N,2026-03-24,7.487073,41.94,TAP.N
TAPa.N,2026-03-24,7.487073,47.88,TAPa.N
TARS.O,2026-03-24,2.729212,64.13,TARS.O
TASK.O,2026-03-24,0.996174,11.0,TASK.O
TATLY.PK,2026-03-24,24.943874,9.25,TATLY.PK
TATYY.PK,2026-03-24,1.959614,17.75,TATYY.PK
TAVHY.PK,2026-03-24,2.452015,27.05,TAVHY.PK
TBABY.PK,2026-03-24,7.249919,35.11,TBABY.PK
TBB.N,2026-03-24,201.3366,21.59,TBB.N
TBBB.K,2026-03-24,3.852722,33.57,TBBB.K
TBBB.N,2026-03-24,3.852722,33.57,TBBB.N
TBBK.O,2026-03-24,2.267496,53.74,TBBK.O
TBLA.O,2026-03-24,0.874435,3.15,TBLA.O
TBNGY.PK,2026-03-24,1.973807,4.25,TBNGY.PK
TBPH.O,2026-03-24,0.753261,14.75,TBPH.O
TBVPY.PK,2026-03-24,8.477779,33.46,TBVPY.PK
TCBI.O,2026-03-24,4.154711,93.97,TCBI.O
TCBIO.O,2026-03-24,4.154711,21.88,TCBIO.O
TCBK.O,2026-03-24,1.515581,47.14,TCBK.O
TCCPY.PK,2026-03-24,3.250545,5.77,TCCPY.PK
TCEHY.PK,2026-03-24,598.660443,64.56,TCEHY.PK
TCGGY.PK,2026-03-24,1.867152,36.0,TCGGY.PK
TCLXY.PK,2026-03-24,3.610853,0.0,TCLXY.PK
TCNNF.PK,2026-03-24,1.224779,6.37,TCNNF.PK
TCOM.O,2026-03-24,33.125136,51.32,TCOM.O
TCTZF.PK,2026-03-24,598.660443,64.77,TCTZF.PK
TCYBY.PK,2026-03-24,2.447476,0.0,TCYBY.PK
TD.N,2026-03-24,156.303366,93.63,TD.N
TDBOY.PK,2026-03-24,3.060836,31.46,TDBOY.PK
TDC.N,2026-03-24,2.483868,26.94,TDC.N
TDG.N,2026-03-24,65.112324,1152.97,TDG.N
TDHOY.PK,2026-03-24,11.538522,11.57,TDHOY.PK
TDOC.K,2026-03-24,0.977612,5.48,TDOC.K
TDS.N,2026-03-24,4.892511,43.03,TDS.N
TDW.N,2026-03-24,3.739826,75.44,TDW.N
TDY.N,2026-03-24,28.892722,623.8,TDY.N
TE.N,2026-03-24,1.850718,6.84,TE.N
TEAM.O,2026-03-24,19.625197,74.41,TEAM.O
TECH.O,2026-03-24,8.135571,52.0,TECH.O
TECK.K,2026-03-24,23.591308,48.22,TECK.K
TEF.N,2026-03-24,23.315694,3.81,TEF.N
TEGPY.PK,2026-03-24,2.759766,12.05,TEGPY.PK
TEICY.PK,2026-03-24,0.94645,0.0,TEICY.PK
TEL.N,2026-03-24,58.918668,200.79,TEL.N
TELDY.PK,2026-03-24,7.253496,12.56,TELDY.PK
TELFY.PK,2026-03-24,23.315694,4.06,TELFY.PK
TELNF.PK,2026-03-24,23.938613,17.8,TELNF.PK
TELNY.PK,2026-03-24,23.938613,17.11,TELNY.PK
TEM.O,2026-03-24,8.784939,49.14,TEM.O
TEN.N,2026-03-24,1.146054,38.04,TEN.N
TENB.O,2026-03-24,2.328772,20.27,TENB.O
TEO.N,2026-03-24,1.439526,11.6,TEO.N
TEPCY.PK,2026-03-24,3.624894,6.37,TEPCY.PK
TER.O,2026-03-24,47.580484,303.92,TER.O
TERN.O,2026-03-24,5.268531,49.61,TERN.O
TEVA.K,2026-03-24,34.056195,28.77,TEVA.K
TEVA.N,2026-03-24,34.056195,28.77,TEVA.N
TEX.N,2026-03-24,6.767424,59.52,TEX.N
TEZNY.PK,2026-03-24,21.869557,32.74,TEZNY.PK
TFC.N,2026-03-24,55.671697,44.86,TFC.N
TFII.K,2026-03-24,8.591506,104.52,TFII.K
TFIN.N,2026-03-24,1.360063,57.16,TFIN.N
TFIN.O,2026-03-24,1.360063,57.16,TFIN.O
TFPM.K,2026-03-24,6.518256,31.65,TFPM.K
TFSL.O,2026-03-24,3.807346,13.57,TFSL.O
TFX.N,2026-03-24,4.678629,105.85,TFX.N
TGB.N,2026-03-24,2.167264,5.95,TGB.N
TGIOY.PK,2026-03-24,1.666192,0.0,TGIOY.PK
TGLS.K,2026-03-24,1.808299,40.42,TGLS.K
TGLS.N,2026-03-24,1.808299,40.42,TGLS.N
TGLVY.PK,2026-03-24,1.148311,0.48,TGLVY.PK
TGNA.K,2026-03-24,0.0,0.0,TGNA.K
TGNA.N,2026-03-24,0.0,0.0,TGNA.N
TGONF.PK,2026-03-24,1.913814,14.2,TGONF.PK
TGOPY.PK,2026-03-24,36.795647,9.02,TGOPY.PK
TGOSY.PK,2026-03-24,3.08456,37.32,TGOSY.PK
TGS.N,2026-03-24,2.400859,32.96,TGS.N
TGSGY.PK,2026-03-24,2.447442,12.45,TGSGY.PK
TGT.N,2026-03-24,52.046693,114.93,TGT.N
TGTX.O,2026-03-24,4.862507,30.45,TGTX.O
TGVSY.PK,2026-03-24,14.353866,5.0,TGVSY.PK
THC.N,2026-03-24,17.689144,203.41,THC.N
THCLY.PK,2026-03-24,8.848324,0.0,THCLY.PK
THDDY.PK,2026-03-24,2.342796,20.98,THDDY.PK
THG.N,2026-03-24,6.018266,171.22,THG.N
THKLY.PK,2026-03-24,3.455796,14.62,THKLY.PK
THLLY.PK,2026-03-24,56.971782,55.7,THLLY.PK
THNBY.PK,2026-03-24,10.551338,38.25,THNBY.PK
THNPY.PK,2026-03-24,7.037735,39.63,THNPY.PK
THNUY.PK,2026-03-24,1.751407,9.85,THNUY.PK
THO.N,2026-03-24,4.231343,80.45,THO.N
THQQF.PK,2026-03-24,1.063905,5.1,THQQF.PK
THR.N,2026-03-24,1.609794,48.98,THR.N
THRM.O,2026-03-24,0.874278,28.64,THRM.O
THS.N,2026-03-24,1.233368,24.43,THS.N
THUPY.PK,2026-03-24,2.322675,10.95,THUPY.PK
THYCY.PK,2026-03-24,2.596887,5.42,THYCY.PK
TIAIY.PK,2026-03-24,15.688958,8.2,TIAIY.PK
TIC.N,2026-03-24,1.713939,7.75,TIC.N
TIGO.O,2026-03-24,12.452832,74.55,TIGO.O
TIGR.O,2026-03-24,1.214813,6.83,TIGR.O
TIIAY.PK,2026-03-24,15.688958,7.16,TIIAY.PK
TILE.O,2026-03-24,1.489082,25.69,TILE.O
TIMB.K,2026-03-24,12.305522,25.68,TIMB.K
TIMB.N,2026-03-24,12.305522,25.68,TIMB.N
TINLY.PK,2026-03-24,1.935431,9.75,TINLY.PK
TIPLX.O,2026-03-24,2.490403,24.24,TIPLX.O
TIPMX.O,2026-03-24,2.490403,22.96,TIPMX.O
TIPPX.O,2026-03-24,2.490403,22.73,TIPPX.O
TIPRX.O,2026-03-24,2.490403,24.76,TIPRX.O
TIPWX.O,2026-03-24,2.490403,24.36,TIPWX.O
TISCY.PK,2026-03-24,16.439099,26.33,TISCY.PK
TJX.N,2026-03-24,173.7881,156.5,TJX.N
TK.N,2026-03-24,1.033532,11.91,TK.N
TKAMY.PK,2026-03-24,5.704987,9.31,TKAMY.PK
TKC.N,2026-03-24,5.384001,6.14,TKC.N
TKCBY.PK,2026-03-24,1.324982,23.5,TKCBY.PK
TKCM.PK,2026-03-24,15.216315,0.01,TKCM.PK
TKCYY.PK,2026-03-24,6.528343,0.0,TKCYY.PK
TKECF.PK,2026-03-24,6.352806,3.55,TKECF.PK
TKECY.PK,2026-03-24,6.352806,4.13,TKECY.PK
TKFOY.PK,2026-03-24,6.176925,12.73,TKFOY.PK
TKGBY.PK,2026-03-24,12.734399,3.24,TKGBY.PK
TKGSY.PK,2026-03-24,17.00511,23.24,TKGSY.PK
TKGZY.PK,2026-03-24,12.734399,0.56,TKGZY.PK
TKHVY.PK,2026-03-24,9.205462,67.0,TKHVY.PK
TKKYY.PK,2026-03-24,3.366519,7.88,TKKYY.PK
TKMTY.PK,2026-03-24,5.96109,10.2,TKMTY.PK
TKO.N,2026-03-24,37.714596,194.28,TKO.N
TKOMF.PK,2026-03-24,83.705346,42.5,TKOMF.PK
TKOMY.PK,2026-03-24,83.705346,41.5,TKOMY.PK
TKPHF.PK,2026-03-24,56.876798,34.05,TKPHF.PK
TKR.N,2026-03-24,6.907329,98.99,TKR.N
TKYMY.PK,2026-03-24,1.693573,11.88,TKYMY.PK
TKYVY.PK,2026-03-24,7.409932,6.3,TKYVY.PK
TLGPY.PK,2026-03-24,42.119055,18.78,TLGPY.PK
TLK.N,2026-03-24,17.788623,18.64,TLK.N
TLLXY.PK,2026-03-24,31.094947,59.86,TLLXY.PK
TLN.O,2026-03-24,14.118755,311.02,TLN.O
TLPFY.PK,2026-03-24,3.429804,28.75,TLPFY.PK
TLRY.O,2026-03-24,0.75147,6.45,TLRY.O
TLSNY.PK,2026-03-24,19.240876,9.78,TLSNY.PK
TLTZY.PK,2026-03-24,13.646136,10.14,TLTZY.PK
TLX.O,2026-03-24,2.968687,9.13,TLX.O
TM.N,2026-03-24,326.108717,210.64,TM.N
TMBBY.PK,2026-03-24,6.488881,9.05,TMBBY.PK
TMC.O,2026-03-24,2.09227,5.06,TMC.O
TMDX.O,2026-03-24,3.844619,112.08,TMDX.O
TME.N,2026-03-24,15.557659,9.97,TME.N
TMHC.K,2026-03-24,5.714513,59.32,TMHC.K
TMHC.N,2026-03-24,5.714513,59.32,TMHC.N
TMHTY.PK,2026-03-24,5.513107,0.0,TMHTY.PK
TMICF.PK,2026-03-24,4.769648,33.1,TMICF.PK
TMICY.PK,2026-03-24,4.769648,33.98,TMICY.PK
TMKVY.PK,2026-03-24,3.854957,0.0,TMKVY.PK
TMO.N,2026-03-24,177.614047,478.12,TMO.N
TMP.N,2026-03-24,1.093463,75.86,TMP.N
TMRAY.PK,2026-03-24,3.445495,11.43,TMRAY.PK
TMSNY.PK,2026-03-24,6.585239,91.94,TMSNY.PK
TMTNY.PK,2026-03-24,11.624994,28.71,TMTNY.PK
TMUS.O,2026-03-24,230.024865,208.76,TMUS.O
TNABY.PK,2026-03-24,21.148412,14.12,TNABY.PK
TNC.N,2026-03-24,1.18831,65.99,TNC.N
TNDM.O,2026-03-24,1.714298,25.09,TNDM.O
TNET.K,2026-03-24,1.839938,38.9,TNET.K
TNET.N,2026-03-24,1.839938,38.9,TNET.N
TNGX.O,2026-03-24,2.705381,18.96,TNGX.O
TNISY.PK,2026-03-24,2.794703,7.1,TNISY.PK
TNK.N,2026-03-24,2.404284,69.4,TNK.N
TNL.N,2026-03-24,4.427119,70.95,TNL.N
TNLIY.PK,2026-03-24,1.057858,6.3,TNLIY.PK
TNPGY.PK,2026-03-24,4.226935,30.92,TNPGY.PK
TOELF.PK,2026-03-24,116.486706,243.78,TOELF.PK
TOELY.PK,2026-03-24,116.486706,125.65,TOELY.PK
TOIPY.PK,2026-03-24,3.03251,16.18,TOIPY.PK
TOKUY.PK,2026-03-24,7.300601,11.9,TOKUY.PK
TOL.N,2026-03-24,13.067672,137.98,TOL.N
TOMYY.PK,2026-03-24,1.63089,29.15,TOMYY.PK
TOPPY.PK,2026-03-24,8.716742,13.46,TOPPY.PK
TORXF.PK,2026-03-24,3.965967,41.38,TORXF.PK
TOST.K,2026-03-24,16.23284,27.56,TOST.K
TOST.N,2026-03-24,16.23284,27.56,TOST.N
TOTDY.PK,2026-03-24,5.952697,35.7,TOTDY.PK
TOWN.O,2026-03-24,3.058704,33.18,TOWN.O
TOYOF.PK,2026-03-24,326.108717,21.22,TOYOF.PK
TPB.N,2026-03-24,1.67007,87.25,TPB.N
TPC.N,2026-03-24,3.824213,72.44,TPC.N
TPG.O,2026-03-24,15.351573,39.96,TPG.O
TPH.N,2026-03-24,3.974979,46.69,TPH.N
TPL.N,2026-03-24,36.392178,527.87,TPL.N
TPR.N,2026-03-24,29.239883,144.42,TPR.N
TPRKY.PK,2026-03-24,1.587414,7.61,TPRKY.PK
TPZEY.PK,2026-03-24,3.540939,0.0,TPZEY.PK
TR.N,2026-03-24,2.868964,41.28,TR.N
TRATY.PK,2026-03-24,17.394737,43.56,TRATY.PK
TRCSY.PK,2026-03-24,1.085296,0.0,TRCSY.PK
TREX.K,2026-03-24,3.835583,36.92,TREX.K
TREX.N,2026-03-24,3.835583,36.92,TREX.N
TRGP.K,2026-03-24,51.571235,239.92,TRGP.K
TRGP.N,2026-03-24,51.571235,239.92,TRGP.N
TRI.N,2026-03-24,40.420848,91.06,TRI.N
TRIN.O,2026-03-24,1.216017,14.62,TRIN.O
TRIP.O,2026-03-24,1.152142,10.04,TRIP.O
TRKNY.PK,2026-03-24,4.760781,3.36,TRKNY.PK
TRMB.O,2026-03-24,15.633502,66.83,TRMB.O
TRMD.O,2026-03-24,2.672789,26.61,TRMD.O
TRMK.O,2026-03-24,2.462022,41.82,TRMK.O
TRMLF.PK,2026-03-24,19.193435,49.63,TRMLF.PK
TRMOY.PK,2026-03-24,19.193435,46.5,TRMOY.PK
TRN.N,2026-03-24,2.443894,30.61,TRN.N
TRNO.K,2026-03-24,6.483768,61.02,TRNO.K
TRNO.N,2026-03-24,6.483768,61.02,TRNO.N
TROLB.PK,2026-03-24,2.868964,35.0,TROLB.PK
TROW.O,2026-03-24,19.144966,87.98,TROW.O
TROX.N,2026-03-24,1.172421,7.35,TROX.N
TRP.N,2026-03-24,66.491708,63.93,TRP.N
TRPCY.PK,2026-03-24,14.335222,0.0,TRPCY.PK
TRS.O,2026-03-24,1.329513,35.31,TRS.O
TRU.N,2026-03-24,13.786308,71.58,TRU.N
TRUMY.PK,2026-03-24,19.517446,13.26,TRUMY.PK
TRUP.O,2026-03-24,1.140476,26.26,TRUP.O
TRV.N,2026-03-24,63.902625,295.52,TRV.N
TRVI.O,2026-03-24,1.381555,10.76,TRVI.O
TRYIY.PK,2026-03-24,10.203656,13.67,TRYIY.PK
TS.N,2026-03-24,30.285929,57.11,TS.N
TSAT.O,2026-03-24,2.082355,40.71,TSAT.O
TSCDF.PK,2026-03-24,38.557415,5.85,TSCDF.PK
TSCDY.PK,2026-03-24,38.557415,18.46,TSCDY.PK
TSCFY.PK,2026-03-24,2.73558,30.5,TSCFY.PK
TSCO.O,2026-03-24,24.038463,45.67,TSCO.O
TSEM.O,2026-03-24,19.370477,172.13,TSEM.O
TSGMY.PK,2026-03-24,1.024048,99.98,TSGMY.PK
TSGTY.PK,2026-03-24,10.501606,30.9,TSGTY.PK
TSHA.O,2026-03-24,1.304205,4.54,TSHA.O
TSHTY.PK,2026-03-24,1.050878,8.95,TSHTY.PK
TSHXY.PK,2026-03-24,4.758333,0.0,TSHXY.PK
TSLA.O,2026-03-24,1429.113721,380.85,TSLA.O
TSLX.K,2026-03-24,1.724581,18.21,TSLX.K
TSLX.N,2026-03-24,1.724581,18.21,TSLX.N
TSM.N,2026-03-24,1473.207664,338.45,TSM.N
TSN.N,2026-03-24,21.019114,59.7,TSN.N
TSRYF.PK,2026-03-24,2.008776,2.9,TSRYF.PK
TSRYY.PK,2026-03-24,2.008776,2.49,TSRYY.PK
TSUKY.PK,2026-03-24,7.509648,65.31,TSUKY.PK
TSYHY.PK,2026-03-24,3.828993,12.73,TSYHY.PK
TT.N,2026-03-24,94.05278,424.94,TT.N
TTAM.K,2026-03-24,2.710128,14.7,TTAM.K
TTAM.N,2026-03-24,2.710128,14.7,TTAM.N
TTAN.O,2026-03-24,6.361927,67.25,TTAN.O
TTAPY.PK,2026-03-24,1.101571,14.01,TTAPY.PK
TTC.N,2026-03-24,9.065169,93.52,TTC.N
TTD.O,2026-03-24,11.39965,23.95,TTD.O
TTDKY.PK,2026-03-24,24.999145,13.49,TTDKY.PK
TTE.N,2026-03-24,192.431373,89.14,TTE.N
TTEK.O,2026-03-24,8.142412,31.22,TTEK.O
TTI.N,2026-03-24,1.096398,8.17,TTI.N
TTMI.O,2026-03-24,10.531776,101.42,TTMI.O
TTNDY.PK,2026-03-24,24.670601,67.12,TTNDY.PK
TTVSY.PK,2026-03-24,4.014642,13.22,TTVSY.PK
TTWO.O,2026-03-24,37.190639,200.84,TTWO.O
TTWSF.PK,2026-03-24,1.101571,0.26,TTWSF.PK
TU.N,2026-03-24,20.588379,13.19,TU.N
TUFBY.PK,2026-03-24,1.401935,7.03,TUFBY.PK
TUYA.K,2026-03-24,1.544065,2.52,TUYA.K
TUYA.N,2026-03-24,1.544065,2.52,TUYA.N
TV.N,2026-03-24,1.756916,2.86,TV.N
TVTX.O,2026-03-24,2.559703,27.75,TVTX.O
TW.O,2026-03-24,26.395302,124.16,TW.O
TWFG.O,2026-03-24,0.288851,19.22,TWFG.O
TWLO.K,2026-03-24,19.255914,127.09,TWLO.K
TWLO.N,2026-03-24,19.255914,127.09,TWLO.N
TWO.N,2026-03-24,1.196442,11.39,TWO.N
TWO_pa.N,2026-03-24,1.196442,23.4,TWO_pa.N
TWO_pb.N,2026-03-24,1.196442,23.2,TWO_pb.N
TWODY.PK,2026-03-24,4.184689,11.83,TWODY.PK
TWST.O,2026-03-24,2.728371,44.5,TWST.O
TX.N,2026-03-24,7.682177,38.32,TX.N
TXG.O,2026-03-24,2.445178,19.14,TXG.O
TXN.O,2026-03-24,171.740707,188.63,TXN.O
TXNM.K,2026-03-24,6.363186,58.42,TXNM.K
TXNM.N,2026-03-24,6.363186,58.42,TXNM.N
TXRH.O,2026-03-24,11.022684,167.2,TXRH.O
TXT.N,2026-03-24,15.500024,89.03,TXT.N
TY.N,2026-03-24,1.672897,31.26,TY.N
TYABY.PK,2026-03-24,8.095641,0.0,TYABY.PK
TYCMY.PK,2026-03-24,9.51192,32.64,TYCMY.PK
TYEKF.PK,2026-03-24,5.704987,8.85,TYEKF.PK
TYG.N,2026-03-24,1.032574,48.88,TYG.N
TYHOY.PK,2026-03-24,40.90992,20.42,TYHOY.PK
TYIDF.PK,2026-03-24,42.059213,128.0,TYIDF.PK
TYIDY.PK,2026-03-24,42.059213,129.43,TYIDY.PK
TYL.N,2026-03-24,15.005752,349.09,TYL.N
TYOYY.PK,2026-03-24,3.263887,98.4,TYOYY.PK
TYRA.O,2026-03-24,1.967227,36.52,TYRA.O
TYRRY.PK,2026-03-24,3.60497,29.38,TYRRY.PK
TYTMY.PK,2026-03-24,4.834849,0.0,TYTMY.PK
U.N,2026-03-24,8.075219,18.65,U.N
UA.N,2026-03-24,2.580728,5.96,UA.N
UAA.N,2026-03-24,2.580728,6.15,UAA.N
UAL.O,2026-03-24,30.389522,93.96,UAL.O
UAMY.K,2026-03-24,1.281745,8.94,UAMY.K
UAN.N,2026-03-24,1.348369,127.57,UAN.N
UATCY.PK,2026-03-24,2.571236,0.0,UATCY.PK
UBER.K,2026-03-24,154.605673,75.12,UBER.K
UBER.N,2026-03-24,154.605673,75.12,UBER.N
UBS.N,2026-03-24,125.001168,37.54,UBS.N
UBSFF.PK,2026-03-24,0.626989,4.7,UBSFF.PK
UBSFY.PK,2026-03-24,0.626989,0.88,UBSFY.PK
UBSI.O,2026-03-24,5.624182,40.34,UBSI.O
UCB.N,2026-03-24,3.666144,30.65,UCB.N
UCBJY.PK,2026-03-24,55.945975,144.63,UCBJY.PK
UCLQF.PK,2026-03-24,32.537522,103.0,UCLQF.PK
UCLQY.PK,2026-03-24,32.537522,0.0,UCLQY.PK
UCTT.O,2026-03-24,2.780351,61.12,UCTT.O
UDBKL.PK,2026-03-24,3.309556,0.0,UDBKL.PK
UDIRY.PK,2026-03-24,6.117745,33.1,UDIRY.PK
UDR.N,2026-03-24,11.256876,34.26,UDR.N
UE.N,2026-03-24,2.549351,20.24,UE.N
UEC.N,2026-03-24,6.132662,12.5,UEC.N
UELKY.PK,2026-03-24,0.938734,27.0,UELKY.PK
UFGSY.PK,2026-03-24,16.096045,11.58,UFGSY.PK
UFPI.O,2026-03-24,5.076775,89.38,UFPI.O
UFPT.O,2026-03-24,1.455963,188.76,UFPT.O
UGI.N,2026-03-24,7.722615,35.98,UGI.N
UGP.N,2026-03-24,5.846745,5.2,UGP.N
UHAL.K,2026-03-24,8.30331,44.66,UHAL.K
UHAL.N,2026-03-24,8.30331,44.66,UHAL.N
UHALb.K,2026-03-24,8.30331,42.09,UHALb.K
UHBTY.PK,2026-03-24,1.258749,0.0,UHBTY.PK
UHS.N,2026-03-24,11.489786,188.09,UHS.N
UI.N,2026-03-24,48.98311,809.36,UI.N
UILCY.PK,2026-03-24,3.745537,44.0,UILCY.PK
UL.N,2026-03-24,133.055063,61.07,UL.N
ULCC.O,2026-03-24,0.799042,3.48,ULCC.O
ULS.N,2026-03-24,17.295661,86.03,ULS.N
ULTA.O,2026-03-24,22.895761,516.11,ULTA.O
UMBF.O,2026-03-24,8.459536,111.11,UMBF.O
UMBFO.O,2026-03-24,8.459536,25.93,UMBFO.O
UMC.N,2026-03-24,22.305849,9.09,UMC.N
UMH.N,2026-03-24,1.218281,14.33,UMH.N
UMH_pd.N,2026-03-24,1.218281,21.38,UMH_pd.N
UMICY.PK,2026-03-24,4.487257,4.57,UMICY.PK
UNBLF.PK,2026-03-24,15.775481,109.24,UNBLF.PK
UNCRY.PK,2026-03-24,107.509042,36.0,UNCRY.PK
UNF.N,2026-03-24,4.813358,266.23,UNF.N
UNFI.K,2026-03-24,2.420358,39.84,UNFI.K
UNFI.N,2026-03-24,2.420358,39.84,UNFI.N
UNH.N,2026-03-24,244.654946,269.54,UNH.N
UNICY.PK,2026-03-24,10.86607,2.84,UNICY.PK
UNIT.O,2026-03-24,1.857599,7.77,UNIT.O
UNIXY.PK,2026-03-24,5.234016,18.35,UNIXY.PK
UNLRY.PK,2026-03-24,4.492199,2.3,UNLRY.PK
UNM.N,2026-03-24,11.994967,73.25,UNM.N
UNMA.N,2026-03-24,11.994967,23.17,UNMA.N
UNP.N,2026-03-24,141.446722,238.37,UNP.N
UNPRF.PK,2026-03-24,18.788252,53.0,UNPRF.PK
UNVGY.PK,2026-03-24,33.392185,9.11,UNVGY.PK
UOLGY.PK,2026-03-24,6.298018,30.5,UOLGY.PK
UOVEY.PK,2026-03-24,47.291451,57.24,UOVEY.PK
UPB.O,2026-03-24,0.456626,8.45,UPB.O
UPBD.O,2026-03-24,1.079244,18.57,UPBD.O
UPCHY.PK,2026-03-24,4.25686,97.51,UPCHY.PK
UPMMY.PK,2026-03-24,15.496855,29.63,UPMMY.PK
UPS.N,2026-03-24,82.987552,97.67,UPS.N
UPST.O,2026-03-24,2.647765,27.91,UPST.O
UPWK.O,2026-03-24,1.488942,11.42,UPWK.O
URBN.O,2026-03-24,5.538865,61.75,URBN.O
URI.N,2026-03-24,46.117794,732.05,URI.N
URMCY.PK,2026-03-24,15.775481,11.19,URMCY.PK
USA.N,2026-03-24,1.691705,5.61,USA.N
USAC.K,2026-03-24,4.053427,27.96,USAC.K
USAC.N,2026-03-24,4.053427,27.96,USAC.N
USAR.O,2026-03-24,3.789988,17.39,USAR.O
USAS.K,2026-03-24,1.610759,5.92,USAS.K
USB.N,2026-03-24,79.972032,51.52,USB.N
USB_ph.N,2026-03-24,79.972032,18.35,USB_ph.N
USDMY.PK,2026-03-24,1.585795,26.23,USDMY.PK
USFD.K,2026-03-24,19.701013,89.33,USFD.K
USFD.N,2026-03-24,19.701013,89.33,USFD.N
USLM.O,2026-03-24,3.440693,120.01,USLM.O
USNMY.PK,2026-03-24,1.585795,0.0,USNMY.PK
USNZY.PK,2026-03-24,1.585795,1.25,USNZY.PK
USPH.K,2026-03-24,1.137217,75.2,USPH.K
USPH.N,2026-03-24,1.137217,75.2,USPH.N
USSJY.PK,2026-03-24,5.00089,21.17,USSJY.PK
UTF.N,2026-03-24,2.815375,25.18,UTF.N
UTG.N,2026-03-24,3.519069,38.48,UTG.N
UTGPF.PK,2026-03-24,3.235771,6.08,UTGPF.PK
UTHR.O,2026-03-24,22.843866,521.22,UTHR.O
UTI.N,2026-03-24,2.09298,38.04,UTI.N
UTZ.N,2026-03-24,1.068283,7.43,UTZ.N
UUGRY.PK,2026-03-24,11.424232,33.84,UUGRY.PK
UUUU.K,2026-03-24,4.298171,17.79,UUUU.K
UVRBY.PK,2026-03-24,2.318931,10.35,UVRBY.PK
UVV.N,2026-03-24,1.278077,51.28,UVV.N
UWMC.K,2026-03-24,5.983801,3.74,UWMC.K
UWMC.N,2026-03-24,5.983801,3.74,UWMC.N
UZD.N,2026-03-24,4.040064,20.17,UZD.N
UZE.N,2026-03-24,4.040064,17.8,UZE.N
UZF.N,2026-03-24,4.040064,17.78,UZF.N
V.N,2026-03-24,580.265473,304.44,V.N
VAC.N,2026-03-24,2.416134,70.43,VAC.N
VACNY.PK,2026-03-24,19.788858,66.7,VACNY.PK
VAL.N,2026-03-24,6.605323,95.41,VAL.N
VALE.K,2026-03-24,65.733598,14.79,VALE.K
VALE.N,2026-03-24,65.733598,14.79,VALE.N
VARRY.PK,2026-03-24,11.741959,9.4,VARRY.PK
VBACY.PK,2026-03-24,3.407522,0.0,VBACY.PK
VBREY.PK,2026-03-24,7.001603,12.04,VBREY.PK
VC.O,2026-03-24,2.306476,86.0,VC.O
VCEL.O,2026-03-24,1.65273,32.45,VCEL.O
VCISY.PK,2026-03-24,85.320939,37.05,VCISY.PK
VCTR.O,2026-03-24,4.32335,67.5,VCTR.O
VCYT.O,2026-03-24,2.665036,33.54,VCYT.O
VDMCY.PK,2026-03-24,17.454042,8.74,VDMCY.PK
VECO.O,2026-03-24,1.908387,31.6,VECO.O
VEDIX.O,2026-03-24,3.818192,52.8,VEDIX.O
VEEV.K,2026-03-24,30.253789,185.23,VEEV.K
VEEV.N,2026-03-24,30.253789,185.23,VEEV.N
VEMLY.PK,2026-03-24,3.498088,61.1,VEMLY.PK
VEOEY.PK,2026-03-24,26.955378,18.38,VEOEY.PK
VEON.O,2026-03-24,3.380095,48.99,VEON.O
VERA.O,2026-03-24,2.906316,40.73,VERA.O
VERX.O,2026-03-24,2.089037,13.06,VERX.O
VET.N,2026-03-24,1.992384,13.04,VET.N
VFC.N,2026-03-24,6.628001,16.94,VFC.N
VFS.O,2026-03-24,6.80805,2.91,VFS.O
VG.N,2026-03-24,38.820131,15.8,VG.N
VIA.N,2026-03-24,1.195099,14.72,VIA.N
VIA.O,2026-03-24,0.079524,11.0,VIA.O
VIAAY.PK,2026-03-24,4.956612,12.74,VIAAY.PK
VIAV.O,2026-03-24,7.776996,33.61,VIAV.O
VICI.K,2026-03-24,28.916152,27.05,VICI.K
VICI.N,2026-03-24,28.916152,27.05,VICI.N
VICR.O,2026-03-24,7.85273,173.07,VICR.O
VIK.N,2026-03-24,32.038643,71.87,VIK.N
VIPS.K,2026-03-24,7.48198,15.62,VIPS.K
VIPS.N,2026-03-24,7.48198,15.62,VIPS.N
VIRDY.PK,2026-03-24,1.064714,151.0,VIRDY.PK
VIRT.N,2026-03-24,6.632017,42.88,VIRT.N
VIRT.O,2026-03-24,6.632017,42.88,VIRT.O
VISN.O,2026-03-24,3.992932,17.71,VISN.O
VIST.K,2026-03-24,7.074567,67.85,VIST.K
VIST.N,2026-03-24,7.074567,67.85,VIST.N
VITL.O,2026-03-24,0.613273,13.69,VITL.O
VIV.N,2026-03-24,24.952388,15.48,VIV.N
VIVHY.PK,2026-03-24,2.009029,1.92,VIVHY.PK
VKTX.O,2026-03-24,3.761292,32.55,VKTX.O
VLEEY.PK,2026-03-24,2.962466,6.02,VLEEY.PK
VLKAF.PK,2026-03-24,50.770098,102.36,VLKAF.PK
VLKPF.PK,2026-03-24,50.770098,95.79,VLKPF.PK
VLMTY.PK,2026-03-24,5.33968,36.0,VLMTY.PK
VLO.N,2026-03-24,70.968612,237.39,VLO.N
VLOWY.PK,2026-03-24,5.321414,4.84,VLOWY.PK
VLPNY.PK,2026-03-24,8.003002,9.35,VLPNY.PK
VLRS.K,2026-03-24,0.847828,7.23,VLRS.K
VLTO.K,2026-03-24,21.934137,88.5,VLTO.K
VLTO.N,2026-03-24,21.934137,88.5,VLTO.N
VLVCY.PK,2026-03-24,6.927791,4.64,VLVCY.PK
VLVLY.PK,2026-03-24,64.712051,32.02,VLVLY.PK
VLY.O,2026-03-24,6.665115,12.0,VLY.O
VLYPN.O,2026-03-24,6.665115,25.56,VLYPN.O
VLYPO.O,2026-03-24,6.665115,24.54,VLYPO.O
VLYPP.O,2026-03-24,6.665115,24.46,VLYPP.O
VMC.N,2026-03-24,34.440576,263.75,VMC.N
VMI.N,2026-03-24,7.790542,398.55,VMI.N
VNET.O,2026-03-24,2.426287,8.97,VNET.O
VNO.N,2026-03-24,4.961139,26.02,VNO.N
VNO_pl.N,2026-03-24,4.961139,16.43,VNO_pl.N
VNO_pm.N,2026-03-24,4.961139,15.84,VNO_pm.N
VNO_pn.N,2026-03-24,4.961139,15.81,VNO_pn.N
VNO_po.N,2026-03-24,4.961139,14.31,VNO_po.N
VNOM.O,2026-03-24,16.926363,47.34,VNOM.O
VNORP.PK,2026-03-24,4.961139,56.45,VNORP.PK
VNRFY.PK,2026-03-24,8.782136,13.83,VNRFY.PK
VNT.N,2026-03-24,5.166984,36.49,VNT.N
VOD.O,2026-03-24,33.432174,14.48,VOD.O
VODPF.PK,2026-03-24,33.432174,1.45,VODPF.PK
VOLVF.PK,2026-03-24,64.712051,31.77,VOLVF.PK
VONOY.PK,2026-03-24,20.684975,12.21,VONOY.PK
VOPKF.PK,2026-03-24,6.051937,56.35,VOPKF.PK
VOPKY.PK,2026-03-24,6.051937,56.66,VOPKY.PK
VOSSY.PK,2026-03-24,1.577182,9.65,VOSSY.PK
VOYA.K,2026-03-24,6.321803,68.15,VOYA.K
VOYA.N,2026-03-24,6.321803,68.15,VOYA.N
VOYG.K,2026-03-24,1.651499,27.95,VOYG.K
VOYG.N,2026-03-24,1.651499,27.95,VOYG.N
VRDN.O,2026-03-24,2.822945,27.62,VRDN.O
VRE.N,2026-03-24,1.769166,18.93,VRE.N
VRNS.O,2026-03-24,2.78586,23.72,VRNS.O
VRRM.O,2026-03-24,2.215939,14.64,VRRM.O
VRSK.O,2026-03-24,27.567686,199.85,VRSK.O
VRSN.O,2026-03-24,22.092364,240.92,VRSN.O
VRSUY.PK,2026-03-24,10.169748,0.0,VRSUY.PK
VRT.N,2026-03-24,97.945207,256.0,VRT.N
VRTS.K,2026-03-24,0.870618,130.03,VRTS.K
VRTX.O,2026-03-24,114.629118,451.24,VRTX.O
VSAT.O,2026-03-24,6.677472,49.16,VSAT.O
VSCO.K,2026-03-24,3.653202,45.4,VSCO.K
VSCO.N,2026-03-24,3.653202,45.4,VSCO.N
VSEC.O,2026-03-24,4.925021,175.95,VSEC.O
VSGRY.PK,2026-03-24,2.053777,0.0,VSGRY.PK
VSH.N,2026-03-24,2.370967,17.46,VSH.N
VSNT.O,2026-03-24,5.276571,36.6,VSNT.O
VST.N,2026-03-24,51.219122,151.29,VST.N
VSTS.N,2026-03-24,1.018646,7.72,VSTS.N
VTAGY.PK,2026-03-24,22.435359,21.42,VTAGY.PK
VTKLY.PK,2026-03-24,1.949781,8.1,VTKLY.PK
VTMX.K,2026-03-24,2.853617,32.33,VTMX.K
VTMX.N,2026-03-24,2.853617,32.33,VTMX.N
VTOL.K,2026-03-24,1.326147,45.43,VTOL.K
VTOL.N,2026-03-24,1.326147,45.43,VTOL.N
VTR.N,2026-03-24,38.875904,81.85,VTR.N
VTRLY.PK,2026-03-24,1.29047,11.0,VTRLY.PK
VTRS.O,2026-03-24,15.302012,13.29,VTRS.O
VVCTY.PK,2026-03-24,3.210482,0.0,VVCTY.PK
VVV.N,2026-03-24,4.28927,33.69,VVV.N
VVVNF.PK,2026-03-24,2.009029,1.97,VVVNF.PK
VVX.N,2026-03-24,2.152323,68.83,VVX.N
VWAGY.PK,2026-03-24,50.770098,10.22,VWAGY.PK
VWAPY.PK,2026-03-24,50.770098,10.0,VWAPY.PK
VWDRY.PK,2026-03-24,25.00845,8.22,VWDRY.PK
VWSYF.PK,2026-03-24,25.00845,24.33,VWSYF.PK
VYX.N,2026-03-24,0.914695,6.58,VYX.N
VZ.N,2026-03-24,213.330465,50.58,VZ.N
VZLA.K,2026-03-24,1.08195,3.1,VZLA.K
W.N,2026-03-24,10.010056,76.56,W.N
WAB.N,2026-03-24,41.210594,241.68,WAB.N
WABC.O,2026-03-24,1.223984,50.6,WABC.O
WACLY.PK,2026-03-24,1.35036,128.8,WACLY.PK
WAFD.O,2026-03-24,2.401833,31.66,WAFD.O
WAFDP.O,2026-03-24,2.401833,16.46,WAFDP.O
WAL.N,2026-03-24,7.597044,69.14,WAL.N
WARFY.PK,2026-03-24,8.98866,5.93,WARFY.PK
WAT.N,2026-03-24,29.608126,301.81,WAT.N
WAY.O,2026-03-24,4.719201,24.62,WAY.O
WB.O,2026-03-24,2.129076,8.76,WB.O
WBD.O,2026-03-24,67.950069,27.4,WBD.O
WBHC.PK,2026-03-24,6.756281,550.0,WBHC.PK
WBI.N,2026-03-24,3.176497,25.73,WBI.N
WBKCY.PK,2026-03-24,95.206839,54.91,WBKCY.PK
WBRBY.PK,2026-03-24,2.827709,4.94,WBRBY.PK
WBS.N,2026-03-24,11.179451,69.34,WBS.N
WBTN.O,2026-03-24,1.16397,8.72,WBTN.O
WCC.N,2026-03-24,12.891515,264.92,WCC.N
WCN.N,2026-03-24,41.513274,162.3,WCN.N
WCPRF.PK,2026-03-24,12.875928,10.61,WCPRF.PK
WD.N,2026-03-24,1.515688,44.5,WD.N
WDAY.O,2026-03-24,35.22442,137.06,WDAY.O
WDC.O,2026-03-24,99.944989,294.79,WDC.O
WDFC.O,2026-03-24,2.908591,215.67,WDFC.O
WDS.N,2026-03-24,46.270486,23.74,WDS.N
WEC.N,2026-03-24,36.475789,112.05,WEC.N
WEGRY.PK,2026-03-24,9.550876,19.06,WEGRY.PK
WEGZY.PK,2026-03-24,37.897857,9.4,WEGZY.PK
WELL.K,2026-03-24,136.061743,195.0,WELL.K
WELL.N,2026-03-24,136.061743,195.0,WELL.N
WEN.O,2026-03-24,1.362982,7.16,WEN.O
WERN.O,2026-03-24,1.678139,28.03,WERN.O
WES.N,2026-03-24,16.486792,41.88,WES.N
WEX.N,2026-03-24,5.349368,155.91,WEX.N
WF.N,2026-03-24,15.94852,66.48,WF.N
WFAFY.PK,2026-03-24,58.146318,26.09,WFAFY.PK
WFC.N,2026-03-24,240.705854,78.28,WFC.N
WFC_pl.N,2026-03-24,240.705854,1170.4,WFC_pl.N
WFC_py.N,2026-03-24,240.705854,23.73,WFC_py.N
WFCNP.PK,2026-03-24,240.705854,2.75,WFCNP.PK
WFG.N,2026-03-24,4.881902,62.37,WFG.N
WFRD.O,2026-03-24,6.565746,91.55,WFRD.O
WGO.N,2026-03-24,0.969096,34.34,WGO.N
WGS.O,2026-03-24,2.11289,72.14,WGS.O
WH.N,2026-03-24,5.797733,77.15,WH.N
WHD.N,2026-03-24,3.811636,47.73,WHD.N
WHGLY.PK,2026-03-24,15.412708,23.64,WHGLY.PK
WHITF.PK,2026-03-24,5.389813,6.62,WHITF.PK
WHR.N,2026-03-24,3.527004,54.43,WHR.N
WHREY.PK,2026-03-24,9.093217,14.0,WHREY.PK
WIGBY.PK,2026-03-24,9.225853,36.18,WIGBY.PK
WIHLY.PK,2026-03-24,2.710151,6.38,WIHLY.PK
WILWY.PK,2026-03-24,5.207513,22.59,WILWY.PK
WILYY.PK,2026-03-24,5.893582,13.45,WILYY.PK
WINA.O,2026-03-24,1.469891,410.88,WINA.O
WING.O,2026-03-24,5.036273,183.24,WING.O
WINN.N,2026-03-24,0.980926,28.33,WINN.N
WIT.N,2026-03-24,20.974935,2.16,WIT.N
WIX.O,2026-03-24,4.924545,89.46,WIX.O
WIZEY.PK,2026-03-24,12.080736,11.93,WIZEY.PK
WJRYY.PK,2026-03-24,9.126754,19.96,WJRYY.PK
WK.N,2026-03-24,3.489079,61.39,WK.N
WKC.N,2026-03-24,1.173776,22.89,WKC.N
WLDN.O,2026-03-24,1.190199,80.44,WLDN.O
WLFC.O,2026-03-24,1.192437,175.71,WLFC.O
WLK.N,2026-03-24,13.878272,108.5,WLK.N
WLMIY.PK,2026-03-24,18.637027,29.6,WLMIY.PK
WLTH.O,2026-03-24,1.197628,7.95,WLTH.O
WLWHY.PK,2026-03-24,2.942122,3.28,WLWHY.PK
WLY.N,2026-03-24,1.897674,36.97,WLY.N
WLYB.K,2026-03-24,1.897674,37.0,WLYB.K
WLYB.N,2026-03-24,1.897674,37.0,WLYB.N
WM.N,2026-03-24,91.77099,227.53,WM.N
WMB.N,2026-03-24,90.002272,73.6,WMB.N
WMG.O,2026-03-24,12.6455,24.15,WMG.O
WMK.N,2026-03-24,1.65962,67.07,WMK.N
WMMVF.PK,2026-03-24,54.583953,3.16,WMMVF.PK
WMMVY.PK,2026-03-24,54.583953,31.57,WMMVY.PK
WMS.N,2026-03-24,10.739464,137.87,WMS.N
WMT.O,2026-03-24,962.42843,120.72,WMT.O
WOR.N,2026-03-24,2.43571,49.16,WOR.N
WPC.N,2026-03-24,14.818057,67.61,WPC.N
WPKCY.PK,2026-03-24,1.972797,0.0,WPKCY.PK
WPLCF.PK,2026-03-24,12.080736,11.85,WPLCF.PK
WPM.N,2026-03-24,54.321688,119.88,WPM.N
WPP.N,2026-03-24,3.23635,15.33,WPP.N
WRB.N,2026-03-24,24.547876,65.55,WRB.N
WRBY.K,2026-03-24,2.960787,24.18,WRBY.K
WRBY.N,2026-03-24,2.960787,24.18,WRBY.N
WRD.O,2026-03-24,2.392141,6.92,WRD.O
WRTBY.PK,2026-03-24,21.921767,7.46,WRTBY.PK
WS.N,2026-03-24,1.657788,32.63,WS.N
WSBCO.O,2026-03-24,3.229352,25.2,WSBCO.O
WSC.O,2026-03-24,3.273465,18.1,WSC.O
WSFS.O,2026-03-24,3.379605,64.09,WSFS.O
WSHP.O,2026-03-24,0.199271,8.5,WSHP.O
WSM.N,2026-03-24,21.820424,183.72,WSM.N
WSO.N,2026-03-24,15.538445,385.27,WSO.N
WSOb.N,2026-03-24,15.538445,368.33,WSOb.N
WST.N,2026-03-24,17.400501,241.4,WST.N
WT.N,2026-03-24,1.910409,13.49,WT.N
WTBDY.PK,2026-03-24,5.213395,7.86,WTBDY.PK
WTFC.O,2026-03-24,9.041153,134.4,WTFC.O
WTFCN.O,2026-03-24,9.041153,26.24,WTFCN.O
WTKWY.PK,2026-03-24,17.169016,74.55,WTKWY.PK
WTM.N,2026-03-24,5.288467,2162.99,WTM.N
WTRG.K,2026-03-24,11.332148,40.0,WTRG.K
WTRG.N,2026-03-24,11.332148,40.0,WTRG.N
WTS.N,2026-03-24,9.820275,294.55,WTS.N
WTSHF.PK,2026-03-24,1.483266,24.08,WTSHF.PK
WTTR.K,2026-03-24,1.979016,14.43,WTTR.K
WTTR.N,2026-03-24,1.979016,14.43,WTTR.N
WTW.O,2026-03-24,27.742604,293.43,WTW.O
WU.N,2026-03-24,2.88065,9.19,WU.N
WULF.O,2026-03-24,6.865663,16.19,WULF.O
WUXAY.PK,2026-03-24,41.076481,13.72,WUXAY.PK
WVE.O,2026-03-24,2.187523,11.62,WVE.O
WWD.O,2026-03-24,21.560079,361.65,WWD.O
WWNTY.PK,2026-03-24,6.82572,30.15,WWNTY.PK
WWUEY.PK,2026-03-24,1.717841,8.75,WWUEY.PK
WWW.N,2026-03-24,1.3539,16.65,WWW.N
WXIBF.PK,2026-03-24,17.895382,4.6,WXIBF.PK
WXXWY.PK,2026-03-24,17.895382,8.55,WXXWY.PK
WY.N,2026-03-24,16.690601,23.16,WY.N
WYGPY.PK,2026-03-24,3.770475,7.59,WYGPY.PK
WYNMF.PK,2026-03-24,3.792645,0.7,WYNMF.PK
WYNMY.PK,2026-03-24,3.792645,6.95,WYNMY.PK
WYNN.O,2026-03-24,10.546169,101.13,WYNN.O
WZZZY.PK,2026-03-24,1.242712,3.0,WZZZY.PK
XEL.O,2026-03-24,48.007321,76.95,XEL.O
XENE.O,2026-03-24,5.020116,54.42,XENE.O
XERS.O,2026-03-24,0.96734,5.61,XERS.O
XERYY.PK,2026-03-24,8.960311,0.0,XERYY.PK
XHR.N,2026-03-24,1.35927,14.75,XHR.N
XIACF.PK,2026-03-24,108.188658,4.3,XIACF.PK
XIACY.PK,2026-03-24,108.188658,20.85,XIACY.PK
XISHY.PK,2026-03-24,3.748358,8.75,XISHY.PK
XMTR.O,2026-03-24,2.149677,41.48,XMTR.O
XNGSY.PK,2026-03-24,9.175162,32.7,XNGSY.PK
XNJJY.PK,2026-03-24,15.300968,11.0,XNJJY.PK
XOM.N,2026-03-24,671.390595,161.13,XOM.N
XP.O,2026-03-24,10.148233,19.52,XP.O
XPEL.O,2026-03-24,1.076701,39.01,XPEL.O
XPEV.K,2026-03-24,18.034759,18.87,XPEV.K
XPEV.N,2026-03-24,18.034759,18.87,XPEV.N
XPO.N,2026-03-24,21.742549,185.6,XPO.N
XPRO.K,2026-03-24,2.026165,17.81,XPRO.K
XPRO.N,2026-03-24,2.026165,17.81,XPRO.N
XRAY.O,2026-03-24,2.305107,11.54,XRAY.O
XTEPY.PK,2026-03-24,1.844851,60.77,XTEPY.PK
XXI.N,2026-03-24,4.533681,6.96,XXI.N
XYIGY.PK,2026-03-24,5.817257,27.22,XYIGY.PK
XYL.N,2026-03-24,29.16238,119.94,XYL.N
XYZ.N,2026-03-24,36.646702,61.17,XYZ.N
XZO.N,2026-03-24,1.361885,14.98,XZO.N
YAGOY.PK,2026-03-24,16.298231,48.0,YAGOY.PK
YAGZZ.PK,2026-03-24,16.298231,0.0,YAGZZ.PK
YAHOY.PK,2026-03-24,17.110644,4.99,YAHOY.PK
YALA.K,2026-03-24,1.01007,6.39,YALA.K
YALA.N,2026-03-24,1.01007,6.39,YALA.N
YAMCY.PK,2026-03-24,3.570179,7.16,YAMCY.PK
YARIY.PK,2026-03-24,12.925078,25.21,YARIY.PK
YASKY.PK,2026-03-24,7.384783,55.7,YASKY.PK
YATRY.PK,2026-03-24,3.977453,10.92,YATRY.PK
YELP.K,2026-03-24,1.477807,24.83,YELP.K
YELP.N,2026-03-24,1.477807,24.83,YELP.N
YETI.K,2026-03-24,2.825574,37.54,YETI.K
YETI.N,2026-03-24,2.825574,37.54,YETI.N
YGSHY.PK,2026-03-24,12.158861,0.0,YGSHY.PK
YIYU.PK,2026-03-24,2.963345,1.0,YIYU.PK
YKCLY.PK,2026-03-24,4.829136,17.3,YKCLY.PK
YKLTY.PK,2026-03-24,5.050523,8.41,YKLTY.PK
YLDGY.PK,2026-03-24,0.917268,10.5,YLDGY.PK
YMHAY.PK,2026-03-24,7.056122,13.8,YMHAY.PK
YMM.N,2026-03-24,8.680922,8.3,YMM.N
YMZBY.PK,2026-03-24,4.611994,180.0,YMZBY.PK
YOKEY.PK,2026-03-24,8.086342,68.55,YOKEY.PK
YORUY.PK,2026-03-24,6.416181,36.85,YORUY.PK
YOU.N,2026-03-24,7.127373,53.46,YOU.N
YPF.N,2026-03-24,16.997472,41.21,YPF.N
YSS.N,2026-03-24,2.960534,23.2,YSS.N
YUEIY.PK,2026-03-24,3.203664,9.92,YUEIY.PK
YUM.N,2026-03-24,43.825233,158.54,YUM.N
YUMC.K,2026-03-24,18.357484,51.99,YUMC.K
YUMC.N,2026-03-24,18.357484,51.99,YUMC.N
YZCAY.PK,2026-03-24,26.269354,21.42,YZCAY.PK
Z.O,2026-03-24,10.74785,44.82,Z.O
ZBH.N,2026-03-24,17.178246,87.8,ZBH.N
ZBIO.O,2026-03-24,1.183565,20.63,ZBIO.O
ZBRA.O,2026-03-24,10.127096,205.87,ZBRA.O
ZD.O,2026-03-24,1.631943,43.34,ZD.O
ZEOOY.PK,2026-03-24,2.401179,11.83,ZEOOY.PK
ZETA.K,2026-03-24,4.311223,17.66,ZETA.K
ZETA.N,2026-03-24,4.311223,17.66,ZETA.N
ZFSVF.PK,2026-03-24,104.848063,685.37,ZFSVF.PK
ZG.O,2026-03-24,10.74785,44.71,ZG.O
ZGJLY.PK,2026-03-24,8.316732,0.0,ZGJLY.PK
ZGN.N,2026-03-24,2.685804,10.01,ZGN.N
ZHAOY.PK,2026-03-24,13.096359,0.0,ZHAOY.PK
ZHHJY.PK,2026-03-24,1.880261,7.81,ZHHJY.PK
ZHUZY.PK,2026-03-24,8.816045,28.33,ZHUZY.PK
ZIJMF.PK,2026-03-24,123.058888,4.4,ZIJMF.PK
ZIJMY.PK,2026-03-24,123.058888,88.63,ZIJMY.PK
ZIM.N,2026-03-24,3.123865,25.92,ZIM.N
ZION.O,2026-03-24,8.09615,55.05,ZION.O
ZIONP.O,2026-03-24,8.09615,19.39,ZIONP.O
ZJGIY.PK,2026-03-24,61.533288,0.0,ZJGIY.PK
ZLAB.O,2026-03-24,1.971592,17.61,ZLAB.O
ZLDPY.PK,2026-03-24,3.096685,10.19,ZLDPY.PK
ZLIOY.PK,2026-03-24,10.368914,11.74,ZLIOY.PK
ZLNDY.PK,2026-03-24,6.509605,12.37,ZLNDY.PK
ZM.O,2026-03-24,22.969284,77.95,ZM.O
ZNKKY.PK,2026-03-24,2.735223,10.18,ZNKKY.PK
ZNNGY.PK,2026-03-24,1.516435,3.11,ZNNGY.PK
ZS.O,2026-03-24,24.408029,151.8,ZS.O
ZSHGY.PK,2026-03-24,2.37204,9.62,ZSHGY.PK
ZSHLY.PK,2026-03-24,9.908005,0.0,ZSHLY.PK
ZSICY.PK,2026-03-24,24.841858,0.0,ZSICY.PK
ZTCOF.PK,2026-03-24,21.47071,2.93,ZTCOF.PK
ZTO.N,2026-03-24,19.391751,24.93,ZTO.N
ZTS.N,2026-03-24,48.641776,115.23,ZTS.N
ZURVY.PK,2026-03-24,104.848063,34.41,ZURVY.PK
ZWS.N,2026-03-24,7.56621,45.16,ZWS.N
ZYME.O,2026-03-24,1.771466,24.02,ZYME.O
ZZHGY.PK,2026-03-24,2.875665,1.98,ZZHGY.PK
