ric,d07_avg,d07_vol,d07_max,d07_min,m01_max,m01_min,m01_avg,m01_vol,m06_max,m06_min,m06_avg,y01_max,y01_min,y01_avg,y02_max,y02_min,y02_avg,y03_max,y03_min,y03_avg,y05_max,y05_min,y05_avg,y10_max,y10_min,y10_avg
A.N,133.12,0.81,138.55,128.1,138.55,123.73,130.85,0.8,160.25,110.75,132.25,160.25,96.44,127.54,160.25,96.44,132.63,160.25,96.44,131.1,179.54,96.44,134.19,179.54,34.16,100.82
AA.N,51.26,2.01,55.09,46.01,75.26,46.01,59.04,1.68,54.81,28.12,36.01,54.81,21.55,33.54,54.81,21.55,34.75,57.6,21.55,35.06,98.06,17.3,40.13,98.06,5.17,35.39
AACAY.PK,5.39,0.01,5.96,5.04,6.35,5.04,5.66,0.01,6.51,4.53,5.25,6.89,4.0,5.25,6.89,2.04,4.37,6.89,1.58,3.64,7.65,1.3,3.71,23.43,1.3,6.66
AADX.N,21.83,0.49,24.24,17.83,24.24,17.25,20.41,0.52,0.0,0.0,0.0,0.0,0.0,0.0,0.0,0.0,0.0,0.0,0.0,0.0,0.0,0.0,0.0,0.0,0.0,0.0
AAGIY.PK,36.85,0.7,37.81,36.07,39.14,35.53,37.32,0.8,43.38,34.41,38.57,43.38,25.0,34.73,43.38,23.33,32.29,47.91,23.33,34.54,56.53,23.33,38.36,56.53,19.1,35.74
AAIGF.PK,9.14,0.6,9.7,8.72,9.95,8.72,9.33,0.25,11.03,8.29,9.6,11.03,5.95,8.62,11.03,5.8,8.02,12.0,5.8,8.59,14.56,5.8,9.56,14.56,4.77,8.91
AAL.O,17.89,155.21,18.79,17.3,18.79,13.31,16.22,153.38,16.35,10.9,12.9,19.1,8.5,12.88,19.1,8.5,13.01,19.1,8.5,13.53,26.09,8.5,15.25,59.08,8.25,25.09
AAMI.K,72.7,0.67,79.43,69.29,85.73,69.29,75.45,0.68,54.99,34.93,45.33,54.99,22.6,36.45,54.99,18.09,30.24,54.99,15.22,27.17,54.99,14.73,25.18,54.99,3.61,19.14
AAMI.N,72.7,0.27,79.43,69.57,85.7,69.57,75.45,0.25,54.7,35.02,45.33,54.7,22.65,36.45,54.7,18.15,30.24,54.7,15.3,27.17,54.7,14.73,25.18,54.7,3.61,19.14
AAOI.O,136.54,11.71,152.4,113.41,207.6,113.41,157.34,13.75,41.96,18.5,27.71,41.96,9.71,24.24,44.5,6.7,20.25,44.5,1.6,15.92,44.5,1.48,11.68,103.41,1.48,18.13
AAON.O,120.86,1.03,138.72,105.22,139.87,105.22,127.05,0.96,116.04,62.0,87.13,137.9,62.0,91.1,144.06,62.0,92.4,144.06,46.87,81.92,144.06,31.67,66.5,144.06,12.71,46.57
AAP.N,60.87,0.6,63.2,56.3,63.2,54.14,59.64,0.55,70.0,38.91,54.62,70.0,28.96,48.2,88.55,28.96,53.33,158.22,28.96,65.82,244.51,28.96,117.82,244.51,28.96,130.57
AAPG.O,17.84,0.04,19.41,16.36,19.41,0.0,16.5,0.02,48.45,25.8,36.68,48.45,16.5,30.46,48.45,16.5,30.46,48.45,16.5,30.46,48.45,16.5,30.46,48.45,16.5,30.46
AAPL.O,292.24,97.1,314.2,273.75,317.4,273.75,294.22,69.8,288.62,201.5,247.18,288.62,169.21,232.24,288.62,164.08,219.67,288.62,124.17,204.01,288.62,116.21,181.52,288.62,22.37,116.53
AARTY.PK,6.48,0.0,45.37,0.0,49.85,0.0,10.17,0.0,,,,20.15,15.07,17.61,20.15,11.9,14.23,20.15,11.9,14.38,20.15,11.9,14.52,20.15,11.9,14.52
AAT.N,25.02,0.22,25.55,24.12,25.55,23.72,24.55,0.21,21.35,18.49,19.74,26.4,16.74,20.34,29.12,16.74,22.22,29.73,16.16,21.81,40.83,16.16,26.49,49.26,16.16,32.65
AAUC.K,23.64,0.56,24.93,22.31,27.23,22.31,24.74,0.56,25.1,11.4,16.66,25.1,6.88,13.88,25.1,5.85,11.39,25.1,5.85,11.34,25.1,5.85,11.34,25.1,5.85,11.34
AAVMY.PK,42.44,0.05,44.33,41.07,44.33,38.06,41.5,0.04,35.49,27.16,30.79,35.49,15.22,25.97,35.49,13.96,21.18,35.49,12.71,19.23,35.49,8.47,16.48,35.49,0.0,9.99
AAVVF.PK,7.24,0.17,7.44,6.92,7.44,6.74,7.14,0.18,9.5,7.33,8.28,9.5,5.54,7.81,9.5,5.54,7.43,9.5,4.91,7.08,9.55,1.34,6.45,9.55,0.61,5.02
AB.N,35.86,0.07,37.14,34.96,37.18,34.92,36.11,0.07,43.3,37.25,39.84,43.3,32.46,39.15,43.3,30.1,36.74,43.3,25.85,35.58,57.54,25.85,38.9,57.54,13.28,32.58
ABBNY.PK,106.37,0.5,108.99,103.86,110.05,98.49,105.22,0.55,77.0,58.56,69.48,77.0,45.36,62.45,77.0,40.39,57.29,77.0,30.54,50.39,77.0,24.16,42.59,77.0,14.1,31.89
ABBRF.PK,10.01,0.17,10.89,9.19,11.99,8.88,10.13,0.2,8.34,3.5,5.04,8.34,1.6,3.73,8.34,0.05,2.68,8.34,0.05,2.18,8.34,0.05,1.98,8.34,0.05,1.52
ABBV.K,252.76,14.62,261.64,233.66,261.64,215.37,235.62,9.23,244.81,184.38,215.72,244.81,164.39,203.2,244.81,153.58,190.16,244.81,130.96,176.15,244.81,101.81,157.99,244.81,50.71,119.15
ABBV.N,252.76,5.0,261.6,236.55,261.6,215.41,235.62,3.11,244.8,184.51,215.72,244.8,164.39,203.2,244.8,153.6,190.16,244.8,130.97,176.15,244.8,101.82,157.99,244.8,50.74,119.15
ABCB.N,90.66,0.29,92.4,89.04,92.4,85.06,88.61,0.27,78.92,64.3,72.4,78.92,48.27,66.73,78.92,44.29,60.95,78.92,28.35,54.04,78.92,28.35,51.89,78.92,17.16,45.58
ABCB.O,90.66,0.68,92.44,89.04,92.44,84.97,88.61,0.68,78.99,64.3,72.4,78.99,48.27,66.73,78.99,44.0,60.95,78.99,28.33,54.04,78.99,28.33,51.89,78.99,17.12,45.58
ABCL.O,7.66,10.63,8.42,6.09,8.42,5.01,6.24,7.37,6.52,3.28,4.44,6.52,1.89,3.58,6.52,1.89,3.58,11.38,1.89,4.6,55.22,1.89,9.78,71.91,1.89,10.18
ABDBY.PK,0.0,0.0,0.0,0.0,0.0,0.0,0.0,0.0,6.21,5.12,5.12,6.21,5.12,5.12,6.21,5.12,5.12,6.21,5.12,5.12,6.21,3.55,3.91,6.21,3.55,3.91
ABEV.K,3.14,22.9,3.24,3.02,3.32,3.02,3.15,26.27,2.63,2.1,2.33,2.64,1.76,2.28,2.82,1.76,2.31,3.23,1.76,2.47,3.95,1.76,2.66,7.43,1.76,3.74
ABEV.N,3.14,3.17,3.24,3.02,3.32,3.02,3.15,3.19,2.62,2.1,2.33,2.63,1.76,2.28,2.82,1.76,2.31,3.23,1.76,2.47,3.95,1.76,2.66,7.42,1.76,3.74
ABG.N,203.16,0.11,208.05,197.5,208.05,189.48,200.12,0.1,274.23,210.67,239.75,309.25,202.32,242.07,309.25,197.51,236.1,309.25,174.21,229.26,309.25,138.66,208.5,309.25,39.38,140.86
ABLZF.PK,91.07,0.0,109.13,0.0,110.87,0.0,94.31,0.01,76.7,57.87,69.74,76.7,43.95,62.56,76.7,40.1,57.47,76.7,30.46,50.58,76.7,24.14,43.2,76.7,14.61,36.36
ABM.N,44.65,0.35,45.84,43.66,46.95,42.21,44.43,0.32,50.02,40.02,45.68,54.89,40.02,47.72,59.78,39.64,48.39,59.78,37.61,46.85,59.78,36.32,46.26,59.78,19.89,41.38
ABNB.O,145.94,3.83,150.19,141.45,150.19,127.23,140.27,3.94,143.3,110.81,126.95,163.93,99.88,128.56,170.1,99.88,135.3,170.1,84.3,131.75,219.94,81.91,137.62,219.94,81.91,137.73
ABR.N,5.27,1.12,5.48,4.97,5.52,4.97,5.21,0.98,12.58,7.69,10.72,14.31,7.69,11.21,15.94,7.69,12.54,17.74,7.69,13.01,20.74,7.69,14.4,20.74,3.54,12.09
ABR_pd.N,16.04,0.01,16.11,15.9,16.28,15.85,16.09,0.01,18.92,17.01,17.99,19.25,16.75,17.88,19.93,16.5,18.19,21.05,0.0,18.14,25.71,0.0,17.98,25.71,0.0,8.98
ABR_pe.N,15.91,0.01,16.06,15.77,16.33,15.7,15.94,0.0,18.94,16.74,17.76,18.94,16.3,17.59,20.94,0.0,17.99,22.18,0.0,17.96,25.69,0.0,16.82,25.69,0.0,8.4
ABR_pf.N,22.57,0.03,22.9,22.23,22.96,22.23,22.69,0.02,23.04,20.45,22.15,23.3,19.9,21.82,23.3,17.68,20.68,23.3,17.0,20.15,25.58,0.0,17.42,25.58,0.0,8.7
ABT.N,93.43,3.83,95.91,90.61,95.91,87.1,90.94,4.49,137.45,119.78,129.33,141.01,110.86,129.47,141.01,99.71,120.43,141.01,89.68,115.05,142.6,89.68,115.71,142.6,36.0,90.83
ABTC.O,1.78,23.44,9.33,0.56,9.33,0.56,1.18,17.21,14.52,1.56,5.42,14.65,0.63,3.99,45.0,0.63,6.21,230.0,0.63,24.54,20876.0,0.63,1823.25,145300.0,0.63,6907.77
ABTZY.PK,0.0,0.0,0.0,0.0,0.0,0.0,0.0,0.0,5.87,3.76,5.01,6.89,3.76,5.49,8.17,3.76,5.69,13.67,3.76,6.5,13.67,3.76,7.38,17.82,3.76,9.59
ABVX.O,120.07,3.64,147.98,87.01,147.98,74.79,106.73,2.64,148.83,7.41,85.2,148.83,4.77,46.87,148.83,4.77,29.4,148.83,4.77,27.69,148.83,4.77,27.69,148.83,4.77,27.69
ABX.N,10.88,0.39,12.4,9.14,12.4,8.67,9.93,0.25,8.93,4.8,6.26,9.61,4.61,6.86,13.25,4.61,8.61,13.25,0.0,8.03,13.25,0.0,8.61,13.25,0.0,4.58
ABXL.N,25.47,0.0,25.55,25.43,25.58,25.42,25.51,0.0,25.8,24.41,25.13,38.5,20.58,25.58,38.5,20.58,25.72,38.5,20.58,25.68,38.5,20.58,25.68,38.5,20.58,25.68
ABXXF.PK,20.63,0.1,25.23,19.62,37.21,19.62,25.59,0.15,41.93,8.55,22.15,41.93,5.95,15.0,41.93,5.95,12.03,41.93,3.99,9.92,41.93,1.99,8.59,41.93,1.99,8.6
ABZPY.PK,3.72,0.0,14.25,0.0,14.4,0.0,2.13,0.0,12.95,12.95,12.95,14.5,11.35,13.08,14.5,11.35,12.9,16.08,11.35,13.11,16.08,9.22,12.35,17.34,9.22,12.37
ACA.N,144.91,0.37,145.88,144.03,146.92,122.21,137.31,0.26,113.25,81.99,96.97,113.25,69.29,92.41,113.43,69.29,90.32,113.43,52.05,83.18,113.43,43.42,72.24,113.43,21.0,61.95
ACAD.O,25.21,2.4,27.31,23.28,27.31,20.84,23.01,1.77,28.35,19.69,23.77,28.35,13.4,21.14,31.82,13.4,19.75,33.99,13.4,20.86,55.85,12.24,21.51,58.72,12.24,26.56
ACCYY.PK,11.58,0.01,11.81,11.38,11.81,10.35,11.19,0.02,11.89,9.26,10.44,11.89,7.86,10.21,11.89,7.02,9.42,11.89,4.96,8.56,11.89,3.98,7.76,12.04,3.98,8.09
ACEL.N,12.85,0.25,13.46,12.37,13.55,12.06,12.9,0.18,13.27,9.55,11.11,13.27,9.02,11.07,13.27,9.02,11.0,13.27,7.77,10.66,14.08,7.27,10.9,15.1,0.0,7.94
ACGBF.PK,0.28,0.01,0.69,0.0,0.74,0.0,0.14,0.07,0.82,0.63,0.71,0.82,0.5,0.67,0.82,0.37,0.58,0.82,0.31,0.5,0.82,0.28,0.43,0.82,0.28,0.44
ACGBY.PK,16.98,0.04,17.65,16.71,19.76,16.71,17.99,0.04,20.98,15.9,17.78,20.98,12.68,16.53,20.98,9.02,13.88,20.98,7.93,12.29,20.98,7.04,10.9,20.98,7.04,10.82
ACGL.O,98.51,1.97,102.24,93.83,102.24,89.51,94.31,2.31,97.6,82.44,90.58,97.6,82.44,91.41,110.75,70.63,92.02,110.75,57.72,84.96,110.75,29.7,67.64,110.75,18.96,48.44
ACGLO.O,19.03,0.05,19.21,18.76,19.49,18.71,19.13,0.04,22.2,20.1,21.18,22.25,19.99,21.09,24.5,19.99,22.09,24.5,19.2,22.2,26.92,19.2,23.14,27.06,15.25,23.8
ACHC.O,29.3,5.12,32.82,25.1,32.82,23.43,26.44,3.46,27.5,12.63,20.62,47.08,12.63,25.58,87.77,12.63,46.39,87.77,12.63,55.82,89.85,12.63,60.01,89.85,11.09,49.27
ACHR.K,4.91,38.47,5.46,4.61,5.9,4.61,5.18,41.78,14.62,6.55,9.65,14.62,5.48,9.39,14.62,2.82,6.95,14.62,1.77,6.05,18.6,1.62,6.2,18.6,1.62,6.23
ACHR.N,4.91,8.97,5.45,4.62,5.9,4.62,5.18,7.75,,,,,,,,,,,,,,,,,,
ACI.N,13.78,2.59,14.22,13.16,16.31,13.16,14.41,2.7,22.77,16.55,18.72,23.2,16.55,19.93,23.25,16.55,20.01,23.88,16.55,20.5,28.53,11.99,20.24,28.53,9.69,19.38
ACIW.O,51.29,1.28,56.3,45.65,56.3,41.58,46.9,1.14,54.28,40.45,47.89,58.14,40.45,49.45,59.71,28.79,45.36,59.71,19.56,38.51,59.71,19.56,35.61,59.71,15.07,30.71
ACKAY.PK,1.79,0.0,12.52,0.0,12.52,0.0,3.7,0.0,17.92,12.5,13.86,19.0,12.5,14.73,28.49,12.5,18.3,33.4,12.5,21.79,33.4,12.5,20.51,38.25,8.74,20.7
ACLLF.PK,44.62,0.04,52.59,0.0,52.59,0.0,40.71,0.07,41.01,34.71,37.58,41.01,30.79,36.17,41.01,25.82,33.33,41.01,24.0,32.08,41.01,24.0,32.64,41.49,20.25,32.54
ACLLY.PK,86.48,0.0,103.97,0.0,106.4,0.0,89.17,0.0,94.29,68.77,82.24,94.29,40.81,67.92,94.29,30.16,55.3,94.29,18.99,44.79,94.29,12.05,42.66,94.29,12.05,42.66
ACLS.O,168.9,0.88,191.2,138.87,193.78,138.87,172.0,0.76,102.93,65.64,82.14,102.93,40.4,71.38,158.61,40.4,89.99,201.0,40.4,107.91,201.0,28.45,86.86,201.0,7.16,53.31
ACLX.O,0.0,0.0,0.0,0.0,0.0,0.0,0.0,0.0,94.07,63.03,75.88,94.07,47.86,70.55,107.37,47.86,69.17,107.37,26.32,58.49,107.37,6.04,49.09,107.37,6.04,49.09
ACM.N,69.28,0.72,71.39,66.56,72.46,66.56,69.53,0.75,135.3,95.17,119.18,135.3,85.14,111.11,135.3,82.24,103.66,135.3,74.51,97.4,135.3,48.7,85.88,135.3,21.78,60.5
ACMR.O,110.08,2.29,127.19,94.72,127.19,74.19,99.71,1.96,45.12,23.03,33.48,45.12,14.97,28.2,45.12,13.87,24.75,45.12,8.75,21.05,48.27,5.46,22.03,48.27,1.58,17.09
ACN.N,129.92,3.55,138.88,121.78,180.18,118.15,145.34,3.2,307.75,229.46,257.4,398.35,229.46,292.08,398.35,229.46,316.01,398.35,229.46,310.79,417.33,229.46,308.47,417.33,91.4,233.77
ACOPY.PK,3.57,0.0,5.65,0.0,5.65,0.0,2.16,0.0,6.5,4.26,5.71,6.5,3.1,5.23,6.5,2.58,4.51,6.5,2.36,4.11,9.0,2.36,4.49,15.26,2.36,6.57
ACSAY.PK,29.48,0.03,30.64,27.89,30.71,26.84,29.18,0.04,20.46,12.79,16.24,20.46,9.17,13.82,20.46,7.03,11.02,20.46,4.83,9.36,20.46,3.28,7.31,20.46,1.59,6.12
ACT.O,45.37,0.34,46.0,43.91,46.0,41.26,43.6,0.33,40.88,33.94,37.38,40.88,30.79,35.96,40.88,26.13,33.94,40.88,20.32,31.11,40.88,16.99,28.12,40.88,16.99,28.12
ACVA.K,7.13,3.64,7.59,6.45,7.59,5.56,6.54,3.02,16.83,4.95,10.45,22.47,4.95,13.63,23.46,4.95,15.88,23.46,4.95,15.35,37.77,4.95,15.6,37.77,4.95,15.6
ACVA.N,7.13,1.25,7.58,6.45,7.58,5.56,6.54,0.89,,,,,,,,,,,,,,,,,,
AD.N,36.19,0.14,37.34,34.77,52.57,34.77,39.94,0.13,46.88,36.49,41.37,46.88,33.68,39.3,46.88,18.54,34.07,46.88,7.99,28.29,46.88,7.99,24.13,46.88,7.99,23.29
ADBE.O,208.05,6.93,222.15,191.8,250.74,190.12,209.97,9.14,392.58,311.58,349.42,465.7,311.58,377.38,638.25,311.58,451.41,638.25,311.58,456.12,699.54,274.73,465.1,699.54,71.27,349.64
ADC.N,76.71,0.52,77.93,74.76,77.93,72.8,75.27,0.47,76.79,69.78,72.75,79.59,67.72,73.48,79.59,54.29,69.64,79.59,52.75,67.92,80.43,52.75,68.56,80.48,31.75,62.24
ADDDF.PK,148.01,0.0,223.7,0.0,223.7,0.0,167.58,0.0,251.0,169.5,205.1,274.6,169.5,224.68,274.6,169.5,227.96,274.6,137.46,211.78,406.19,90.01,231.59,406.19,90.01,234.67
ADDHY.PK,17.79,0.0,18.11,16.95,18.11,0.0,16.55,0.0,23.0,0.0,9.69,23.0,0.0,5.74,23.0,0.0,3.04,23.0,0.0,2.09,23.0,0.0,1.25,23.0,0.0,0.63
ADDYY.PK,103.64,0.09,107.27,100.6,107.27,94.03,101.09,0.07,125.69,86.28,103.09,137.73,86.28,112.52,137.73,86.28,114.2,137.73,66.79,106.11,199.44,45.48,115.79,199.44,45.08,115.02
ADEA.O,31.1,2.21,34.12,28.09,34.12,28.09,31.3,2.13,18.25,11.61,14.82,18.25,10.59,14.14,18.25,9.68,12.92,18.25,7.12,11.9,18.25,3.54,9.38,18.25,2.38,7.83
ADI.O,392.68,6.7,431.87,372.64,445.91,372.64,407.28,5.79,284.23,218.37,245.83,284.23,158.65,229.37,284.23,158.65,221.28,284.23,154.99,208.17,284.23,133.48,189.53,284.23,47.24,140.71
ADM.N,76.85,1.24,78.15,74.78,82.57,71.63,77.62,1.35,65.0,52.25,59.13,65.0,40.99,53.95,74.02,40.99,56.36,92.85,40.99,63.52,98.88,40.99,67.26,98.88,28.94,54.97
ADMA.O,8.7,3.8,9.17,8.23,9.17,7.88,8.52,3.9,20.46,13.76,17.0,25.67,13.5,17.91,25.67,4.37,15.02,25.67,2.94,11.25,25.67,1.01,7.53,25.67,1.01,5.94
ADNT.K,19.02,1.38,21.04,17.68,23.98,17.68,20.59,1.16,26.16,17.7,22.2,26.16,10.04,18.89,37.04,10.04,22.57,47.5,10.04,27.77,53.16,10.04,32.34,86.42,5.9,36.18
ADNT.N,19.02,0.59,20.96,17.77,23.95,17.77,20.59,0.47,,,,,,,,,,,,,,,,,,
ADOOY.PK,3.69,0.0,6.6,0.0,6.71,0.0,3.37,0.0,6.33,4.96,5.47,10.07,4.53,6.01,15.5,4.53,7.85,15.5,4.53,8.13,15.5,3.87,8.24,15.5,1.68,7.77
ADP.O,229.47,3.43,243.38,216.04,243.38,213.8,225.63,3.01,315.98,247.18,283.59,329.93,247.18,293.76,329.93,231.27,277.81,329.93,201.46,261.78,329.93,159.31,242.86,329.93,76.65,185.23
ADPT.O,21.3,3.8,22.8,19.53,22.8,15.9,18.92,4.17,20.76,9.96,14.25,20.76,5.96,11.39,20.76,2.28,7.8,20.76,2.28,7.48,71.25,2.28,14.56,71.25,2.28,20.04
ADRNY.PK,40.44,0.22,41.58,39.6,42.19,38.94,40.68,0.18,43.26,39.2,40.85,43.26,32.43,39.55,43.26,27.51,35.56,43.26,27.51,34.26,43.26,24.8,32.48,43.26,17.65,28.08
ADRZY.PK,5.0,0.0,17.68,0.0,18.75,0.0,6.64,0.0,16.45,14.02,14.79,16.45,9.35,13.07,16.45,9.35,12.55,16.45,8.79,12.12,16.45,7.55,11.15,16.45,6.56,10.95
ADSK.O,198.63,3.15,209.92,189.0,229.99,185.5,201.1,3.52,329.09,279.9,303.64,329.09,232.67,294.08,329.09,195.32,275.15,329.09,179.61,252.83,344.39,163.2,251.57,344.39,41.6,193.32
ADT.N,6.57,3.21,6.87,6.24,6.9,6.24,6.62,3.13,8.94,7.76,8.45,8.94,6.8,8.17,8.94,6.02,7.61,9.84,4.89,7.31,11.77,4.89,7.76,17.21,3.41,7.59
ADUS.O,100.78,0.34,106.49,95.67,106.49,90.53,96.54,0.26,124.44,102.68,113.52,136.72,88.96,111.61,136.72,85.94,112.58,136.72,77.3,106.38,136.72,68.57,101.23,136.72,15.33,78.89
ADX.N,25.38,0.02,25.84,24.6,25.84,24.29,25.1,0.03,23.85,21.12,22.37,23.85,16.51,21.16,23.85,16.51,20.73,23.85,14.36,19.27,23.85,14.2,18.73,23.85,10.17,16.66
ADYEY.PK,9.51,3.4,9.9,9.18,10.43,8.93,9.6,2.34,18.53,14.69,16.63,19.94,13.14,16.81,19.94,10.78,15.43,19.94,6.55,14.75,34.94,6.55,17.36,34.94,6.31,16.47
AEBI.O,12.52,0.37,13.5,11.64,13.5,11.58,12.35,0.26,33.0,8.91,11.7,33.0,8.91,11.7,33.0,8.91,11.7,33.0,8.91,11.7,33.0,8.91,11.7,33.0,8.91,11.7
AEBZY.PK,0.23,0.01,0.42,0.0,0.42,0.0,0.26,0.04,0.42,0.26,0.34,0.53,0.26,0.38,0.98,0.26,0.51,0.98,0.2,0.47,0.98,0.14,0.41,0.98,0.14,0.42
AEE.N,114.38,1.15,118.32,111.99,118.32,106.2,111.27,0.87,106.69,94.21,101.17,106.69,86.81,98.99,106.69,67.05,88.7,106.69,67.05,86.53,106.69,67.05,86.15,106.69,41.51,74.91
AEG.N,8.51,1.25,8.82,8.34,8.82,8.18,8.48,1.33,8.14,6.85,7.56,8.14,5.42,7.06,8.14,5.42,6.6,8.14,4.03,6.07,8.14,3.76,5.55,8.14,1.8,5.22
AEIS.O,346.11,1.57,378.9,304.56,389.79,292.51,347.54,1.12,232.05,128.4,177.04,232.05,75.01,145.38,232.05,75.01,125.36,232.05,75.01,116.84,232.05,67.55,106.6,232.05,24.25,82.73
AELIY.PK,0.0,0.0,0.0,0.0,0.0,0.0,0.0,0.0,,,,,,,,,,,,,,,,,,
AEM.N,155.14,0.57,160.42,148.33,182.2,148.33,160.45,0.65,187.5,115.22,152.74,187.5,79.4,129.94,187.5,44.38,99.5,187.5,43.22,83.41,187.5,36.69,72.13,187.5,26.1,60.79
AEMMY.PK,0.0,0.0,0.0,0.0,12.3,0.0,0.65,0.0,,,,,,,,,,,,,,,,,,
AEO.N,17.21,1.39,18.49,16.1,19.27,16.1,17.62,1.47,28.13,9.57,16.72,28.13,9.27,14.65,28.13,9.27,17.91,28.13,9.27,16.99,38.99,9.27,19.06,38.99,6.54,17.8
AEP.O,137.14,6.73,139.33,134.47,139.33,126.08,132.36,6.45,124.8,102.39,113.76,124.8,89.91,108.36,124.8,75.22,99.6,124.8,69.38,94.63,124.8,69.38,92.72,124.8,56.75,84.15
AER.N,147.92,0.33,153.78,141.92,153.78,133.37,144.1,0.36,146.25,105.65,124.6,146.25,85.72,114.36,146.25,70.48,101.85,146.25,49.69,88.49,146.25,37.22,74.45,146.25,10.49,59.79
AERO.K,17.87,0.51,18.8,17.11,18.8,15.85,17.42,0.29,23.05,16.0,19.16,23.05,16.0,19.16,23.05,16.0,19.16,23.05,16.0,19.16,23.05,16.0,19.16,23.05,16.0,19.16
AERO.N,17.87,0.12,18.74,17.23,18.74,15.85,17.42,0.07,,,,,,,,,,,,,,,,,,
AES.N,14.63,2.26,14.7,14.53,14.72,14.53,14.65,2.21,15.5,10.36,13.54,15.5,9.46,12.36,22.21,9.46,14.73,29.1,9.46,16.7,29.87,9.46,19.86,29.87,8.11,16.89
AESI.K,15.84,3.59,17.18,13.75,17.33,13.75,16.27,2.84,14.54,7.64,11.18,26.86,7.64,14.1,26.86,7.64,17.47,26.86,7.64,17.83,26.86,7.64,17.83,26.86,7.64,17.83
AESI.N,15.84,1.19,17.11,13.75,17.29,13.75,16.27,0.86,,,,,,,,,,,,,,,,,,
AETUF.PK,20.96,0.33,21.13,20.13,23.24,20.13,21.68,0.2,21.64,16.76,18.79,23.86,15.05,19.09,23.86,14.58,18.26,23.86,10.45,16.74,23.86,4.61,14.16,23.86,1.73,12.06
AEVA.O,24.49,2.96,31.3,18.88,31.3,18.88,23.96,2.42,36.25,8.83,16.6,38.8,2.52,13.26,38.8,2.2,8.5,38.8,2.2,7.51,109.17,2.2,18.61,109.17,2.2,22.54
AEXAY.PK,0.0,0.0,0.0,0.0,0.0,0.0,0.0,0.0,16.51,4.35,10.23,90.0,3.41,12.6,14717.0,3.41,1943.14,32397.15,3.41,8994.44,184406.95,3.41,46567.39,242539.54,3.41,116497.35
AFG.N,140.06,0.22,143.29,135.58,143.29,130.91,136.1,0.27,146.17,119.01,131.94,146.17,111.8,127.59,146.17,105.76,124.55,146.17,94.76,118.82,146.17,52.3,112.19,146.17,28.4,84.26
AFGB.N,20.25,0.01,20.42,20.03,20.95,20.03,20.41,0.0,23.43,21.24,22.21,23.43,20.62,22.05,25.26,20.62,23.12,25.99,0.0,23.27,29.04,0.0,24.45,29.04,0.0,17.02
AFGC.N,17.82,0.01,18.05,17.58,18.05,17.58,17.8,0.0,20.8,18.78,19.6,21.21,18.01,19.51,23.42,18.01,20.64,23.5,18.01,20.73,27.89,18.01,22.4,29.35,0.0,13.97
AFGD.N,19.52,0.01,19.64,19.25,19.8,19.25,19.52,0.0,22.75,20.54,21.52,22.75,18.19,21.3,25.61,18.19,22.54,25.61,18.19,22.57,29.57,0.0,23.95,29.57,0.0,13.54
AFGE.N,15.91,0.01,16.05,15.77,16.05,15.77,15.93,0.0,19.26,16.74,17.69,19.26,16.11,17.48,21.77,0.0,18.51,21.77,0.0,18.45,28.07,0.0,20.06,28.07,0.0,10.81
AFL.N,119.36,0.91,121.04,117.16,121.04,114.49,117.73,1.24,115.71,97.0,107.6,115.71,97.0,106.6,115.71,75.08,100.7,115.71,60.2,91.35,115.71,42.96,77.83,115.71,23.08,59.78
AFLYY.PK,1.5,0.1,1.56,1.41,1.56,1.21,1.4,0.07,1.76,1.01,1.36,1.76,0.7,1.14,1.76,0.7,1.08,2.0,0.7,1.26,3.18,0.7,1.58,7.98,0.7,2.89
AFRM.O,81.98,4.5,86.55,75.57,86.55,61.18,74.36,4.51,100.0,60.29,74.03,100.0,30.9,64.99,100.0,22.25,52.55,100.0,8.8,41.17,176.65,8.62,49.16,176.65,8.62,49.16
AFYA.O,14.92,0.16,15.37,14.56,15.37,13.45,14.51,0.13,18.16,13.47,15.03,19.9,13.47,16.24,22.48,13.47,17.08,22.48,9.66,16.32,28.23,8.73,16.68,34.87,8.73,18.52
AG.N,17.05,1.59,18.27,16.07,20.0,15.62,17.29,2.01,17.91,7.74,11.58,17.91,5.1,9.03,17.91,4.17,7.54,17.91,4.17,7.13,24.0,4.17,9.04,24.0,2.41,8.71
AGBK.N,7.09,0.09,7.36,6.68,7.45,6.32,6.95,0.1,0.0,0.0,0.0,0.0,0.0,0.0,0.0,0.0,0.0,0.0,0.0,0.0,0.0,0.0,0.0,0.0,0.0,0.0
AGCO.K,118.08,0.69,120.86,114.44,120.86,108.01,114.67,0.76,121.16,99.21,108.39,121.16,73.79,102.58,127.35,73.79,102.95,137.33,73.79,108.94,140.84,73.79,110.62,140.84,31.11,83.4
AGCO.N,118.08,0.25,120.68,115.13,120.68,108.05,114.67,0.27,,,,,,,,,,,,,,,,,,
AGESY.PK,79.82,0.0,81.2,78.47,81.2,72.96,78.04,0.01,73.61,65.42,68.58,73.61,47.48,63.86,73.61,40.42,55.78,73.61,37.91,51.48,73.61,33.91,50.75,73.61,26.91,48.2
AGI.N,31.0,1.11,32.26,29.94,39.56,29.49,33.33,1.32,40.94,23.93,31.71,40.94,18.65,28.28,40.94,11.24,22.39,40.94,9.79,18.99,40.94,6.35,14.56,40.94,2.27,10.52
AGIO.O,37.33,1.25,38.38,35.79,38.38,26.89,33.78,1.25,46.0,22.24,36.35,46.0,22.24,34.09,62.58,20.96,36.54,62.58,19.8,32.73,62.58,16.75,34.75,99.82,16.75,44.46
AGL.N,111.31,0.14,125.14,93.67,125.14,93.67,109.75,0.1,62.62,12.7,28.58,151.25,12.7,55.41,332.0,12.7,89.86,735.75,12.7,220.67,1120.75,0.0,349.04,1120.75,0.0,174.24
AGLXY.PK,5.07,0.0,6.13,0.0,6.45,0.0,4.77,0.0,6.93,5.21,6.04,7.47,5.21,6.42,8.45,4.97,6.55,8.45,4.34,6.43,9.72,3.69,6.14,21.2,3.69,10.52
AGM.N,198.12,0.05,203.41,192.08,203.41,173.79,188.68,0.04,210.36,155.11,177.71,210.46,155.11,183.6,216.96,155.11,186.32,216.96,112.94,173.7,216.96,73.26,147.0,216.96,26.11,106.32
AGM_pd.N,21.02,0.0,21.32,20.81,21.37,20.46,20.99,0.0,23.75,20.89,22.15,23.75,20.89,22.09,25.0,20.89,22.85,25.49,20.3,22.92,28.45,20.25,23.89,28.45,19.06,24.46
AGM_pe.N,20.81,0.0,21.19,20.46,21.41,20.42,20.85,0.0,23.3,20.89,21.92,23.3,20.89,22.04,24.83,20.89,22.84,24.83,20.31,22.88,28.5,20.25,23.89,28.5,20.25,24.17
AGM_pf.N,18.94,0.0,19.14,18.63,19.19,18.63,18.95,0.0,20.9,19.08,19.84,21.66,19.08,20.12,23.39,19.08,20.91,23.99,17.9,20.92,27.45,0.0,22.22,27.45,0.0,12.02
AGM_pg.N,17.65,0.0,17.95,17.32,17.95,17.32,17.69,0.0,19.74,17.81,18.6,19.92,17.81,18.79,22.36,0.0,19.41,22.36,0.0,19.39,26.5,0.0,18.82,26.5,0.0,9.4
AGM_ph.N,23.64,0.0,24.23,23.12,24.23,23.12,23.65,0.0,25.54,0.0,16.72,25.54,0.0,8.56,25.54,0.0,4.26,25.54,0.0,2.85,25.54,0.0,1.71,25.54,0.0,0.85
AGMa.N,62.54,0.0,149.96,0.0,149.96,0.0,74.73,0.0,150.0,118.38,131.39,160.36,118.38,136.41,167.5,118.38,141.43,167.5,90.0,136.95,167.5,63.3,124.15,167.5,26.25,92.26
AGNC.O,10.91,20.66,11.22,10.46,11.22,10.06,10.56,16.34,10.93,9.12,9.99,10.93,7.85,9.73,10.93,7.85,9.76,12.25,6.81,9.78,18.84,6.81,11.5,22.34,6.25,14.71
AGNCL.O,24.93,0.02,25.15,24.61,25.22,24.61,25.0,0.01,25.44,24.23,24.88,26.59,22.84,24.88,26.59,21.64,24.43,26.59,19.78,23.61,26.59,19.05,23.38,26.59,19.05,23.38
AGNCM.O,24.92,0.04,25.07,24.6,25.25,24.6,25.03,0.02,25.34,23.97,24.87,25.49,23.01,24.89,25.85,23.01,24.93,25.85,19.5,24.08,26.5,17.31,23.98,26.5,10.05,24.02
AGNCN.O,25.52,0.07,25.89,25.12,25.95,25.12,25.74,0.04,26.11,25.0,25.62,26.59,23.63,25.64,26.59,23.63,25.65,26.59,23.52,25.48,27.09,21.87,25.29,27.09,10.0,25.26
AGNCZ.O,25.3,0.08,25.49,24.97,25.68,24.97,25.39,0.05,25.94,25.0,25.51,25.94,25.0,25.51,25.94,25.0,25.51,25.94,25.0,25.51,25.94,25.0,25.51,25.94,25.0,25.51
AGO.N,80.86,0.16,84.12,77.07,84.12,74.7,78.13,0.19,92.37,79.07,84.67,96.49,74.72,86.0,96.56,72.92,84.09,96.56,45.29,75.82,96.56,30.48,66.19,96.56,13.64,51.01
AGRO.K,9.5,0.68,9.94,8.94,11.87,8.94,10.06,0.98,9.74,6.89,8.32,11.78,6.89,9.14,12.08,6.89,9.82,12.51,6.89,9.78,13.55,6.78,9.49,13.55,3.31,8.93
AGRO.N,9.5,0.2,9.94,8.95,11.84,8.95,10.06,0.27,,,,,,,,,,,,,,,,,,
AGRPY.PK,15.79,0.0,29.24,0.0,30.94,0.0,15.2,0.0,29.38,19.23,22.6,29.38,16.06,20.8,29.38,14.36,19.15,29.38,14.36,19.15,29.38,14.36,19.28,36.0,7.2,20.02
AGX.N,757.8,0.12,804.87,693.89,804.87,577.79,709.97,0.11,399.1,197.6,273.26,399.1,101.2,218.1,399.1,43.44,150.14,399.1,36.34,114.08,399.1,31.28,85.03,399.1,26.74,64.99
AGYS.O,105.53,0.53,112.12,91.48,112.12,83.51,94.99,0.41,145.25,98.0,115.5,145.25,63.71,103.45,145.25,63.71,101.85,145.25,62.0,93.48,145.25,31.49,75.92,145.25,8.17,46.25
AHCHY.PK,10.87,0.07,11.25,10.62,11.96,10.62,11.2,0.07,17.11,12.65,15.02,17.11,11.82,14.25,17.18,9.82,13.12,19.92,9.82,13.65,34.0,9.82,18.22,40.04,8.81,21.57
AHCO.O,10.37,1.89,10.95,9.76,10.95,9.44,10.05,1.62,10.68,8.57,9.41,11.63,7.1,9.42,11.9,6.46,9.64,22.94,6.37,10.54,41.58,6.37,15.69,41.58,6.37,15.7
AHEXY.PK,9.44,0.01,10.23,8.98,10.36,8.98,9.63,0.02,16.83,12.89,14.86,16.89,11.08,14.2,24.6,11.08,15.86,24.7,11.08,16.98,35.93,11.08,20.06,42.19,11.08,25.21
AHKSY.PK,22.32,0.04,23.53,21.8,23.53,21.1,22.17,0.04,18.45,13.21,15.86,18.45,12.12,14.79,18.45,12.12,14.41,18.45,11.8,14.14,25.13,11.8,16.01,31.0,10.69,18.07
AHL.N,0.0,0.0,0.0,0.0,0.0,0.0,0.0,0.0,37.19,27.05,34.87,37.19,27.05,34.54,37.19,27.05,34.54,37.19,27.05,34.54,37.19,27.05,34.54,37.19,27.05,34.54
AHL_pd.N,18.76,0.02,19.1,18.43,19.67,18.33,19.02,0.01,22.25,19.43,20.75,22.25,17.59,20.23,22.79,17.59,20.55,22.79,16.65,20.16,28.35,16.65,21.99,28.35,9.22,23.19
AHL_pf.N,25.05,0.0,25.22,24.95,25.01,24.95,24.99,0.0,,,,,,,,,,,,,,,,,,
AHODF.PK,0.0,0.0,0.0,0.0,42.54,0.0,8.68,0.0,42.75,39.0,40.46,43.04,32.25,39.28,43.04,27.05,35.4,43.04,27.05,33.95,43.04,24.88,32.04,43.04,17.81,28.44
AHR.N,52.66,3.16,55.36,50.0,55.36,44.82,49.13,1.92,51.0,35.56,43.28,51.0,26.4,37.32,51.0,12.63,28.69,51.0,12.63,28.69,51.0,12.63,28.69,51.0,12.63,28.69
AI.N,9.05,1.9,9.66,8.56,11.36,8.56,9.95,1.8,30.11,12.59,18.42,38.55,12.59,21.91,45.07,12.59,24.74,48.87,10.48,25.63,176.78,10.16,32.43,183.89,10.16,33.71
AIAGY.PK,30.07,0.0,106.8,0.0,114.1,0.0,28.5,0.0,73.86,50.07,60.13,73.86,36.85,56.19,73.86,31.05,46.07,73.86,31.05,45.81,73.86,26.0,45.95,73.86,22.7,44.54
AIBGY.PK,23.61,0.11,24.68,23.09,25.79,22.52,23.63,0.07,22.47,15.05,18.09,22.47,10.75,15.94,22.47,0.0,11.1,22.47,0.0,7.89,22.47,0.0,5.23,22.47,0.0,3.01
AIBRF.PK,11.62,0.02,12.01,11.23,12.04,0.0,9.84,0.01,10.76,7.34,8.9,10.76,5.41,7.86,10.76,4.05,6.8,10.76,3.65,6.14,10.76,1.77,5.24,11.81,0.87,5.02
AICLY.PK,0.0,0.0,0.0,0.0,0.0,0.0,0.0,0.0,,,,,,,,,,,,,,,,,,
AIFLY.PK,0.0,0.0,0.0,0.0,0.0,0.0,0.0,0.0,0.0,0.0,0.0,0.0,0.0,0.0,0.0,0.0,0.0,0.0,0.0,0.0,0.0,0.0,0.0,0.0,0.0,0.0
AIG.N,76.69,2.16,80.8,74.27,80.8,73.33,75.72,1.78,87.29,74.81,79.97,88.06,69.24,80.25,88.06,66.08,77.32,88.06,45.67,71.2,88.06,36.8,64.21,88.06,16.08,57.75
AIIXY.PK,82.11,0.0,121.0,0.0,136.6,0.0,84.76,0.0,44.64,28.52,35.86,44.64,21.45,32.45,79.25,21.45,38.74,79.92,21.45,44.68,79.92,21.45,45.71,79.92,21.45,45.71
AIN.N,74.73,0.16,76.45,72.66,76.45,66.7,72.0,0.12,72.91,41.16,57.63,83.65,41.16,64.61,98.48,41.16,75.5,115.22,41.16,81.07,115.22,41.16,82.67,115.22,30.47,70.93
AIPUY.PK,2.77,0.0,19.4,0.0,19.4,0.0,4.45,0.0,16.49,9.57,11.92,19.3,8.55,12.13,19.35,8.55,14.85,23.7,8.55,17.22,26.0,8.55,18.62,27.63,8.55,19.41
AIQUY.PK,39.85,0.3,41.24,38.5,42.23,37.69,39.12,0.31,43.12,36.36,39.89,43.12,31.68,39.12,43.12,31.68,37.43,43.12,25.68,35.37,43.12,20.08,31.97,43.12,12.83,25.45
AIR.N,141.84,0.29,146.16,134.16,146.16,114.02,133.11,0.2,89.69,68.32,79.43,89.69,46.51,71.5,89.69,46.51,68.28,89.69,44.26,64.66,89.69,30.96,55.06,89.69,8.65,44.58
AIRYY.PK,0.0,0.0,0.0,0.0,10.4,0.0,0.55,0.0,18.09,12.55,15.22,18.09,10.4,13.63,18.09,7.51,11.65,19.67,7.51,12.52,19.95,7.51,13.62,32.26,7.51,16.04
AIT.N,334.91,0.1,344.53,327.23,344.53,314.04,328.73,0.1,280.94,231.66,259.11,280.94,201.95,248.22,282.46,163.68,227.52,282.46,116.98,200.19,282.46,70.08,159.76,282.46,30.66,109.62
AITUY.PK,0.0,0.0,0.0,0.0,25.99,0.0,1.26,0.0,,,,,,,,,,,,,,,,,,
AIZ.N,270.66,0.14,280.86,260.73,280.86,248.85,263.53,0.16,243.18,183.45,213.14,243.18,176.88,207.94,243.18,160.12,196.25,243.18,104.54,176.38,243.18,104.54,168.45,243.18,64.44,135.04
AIZN.N,18.92,0.01,19.19,18.54,19.22,18.54,18.96,0.01,21.1,19.4,20.2,22.0,18.1,20.05,23.13,18.1,20.79,23.34,17.59,20.51,27.58,17.59,22.12,27.95,0.0,11.31
AJG.N,234.63,0.73,252.95,217.81,252.95,208.12,223.11,0.66,322.5,236.44,283.1,351.18,236.44,302.51,351.18,223.44,284.05,351.18,174.52,261.01,351.18,112.92,219.51,351.18,35.98,145.82
AJINY.PK,28.42,0.05,29.45,27.36,28.12,27.64,27.89,0.04,30.49,20.58,26.18,30.49,16.5,23.9,30.49,16.5,21.53,30.49,14.49,20.49,30.49,9.75,17.62,30.49,7.26,14.34
AJMPF.PK,0.43,0.0,2.99,0.0,2.99,0.0,0.29,0.0,2.58,1.98,2.28,2.58,1.74,2.13,2.8,1.74,2.23,3.32,1.74,2.34,6.57,1.74,3.49,7.58,1.74,4.89
AKAM.O,113.84,3.87,121.57,108.84,150.36,108.84,123.78,4.06,92.0,69.78,79.67,103.75,67.51,81.59,129.17,67.51,91.7,129.17,67.51,92.62,129.17,67.51,97.25,129.17,39.43,85.03
AKBTY.PK,2.81,0.0,3.46,0.0,3.51,0.0,3.03,0.02,3.65,2.51,3.09,4.25,2.45,3.14,4.46,2.35,3.24,4.46,1.4,2.82,4.46,0.83,2.24,5.41,0.83,2.78
AKCLY.PK,0.0,0.0,0.0,0.0,0.0,0.0,0.0,0.0,15.0,11.83,11.83,15.0,11.83,11.83,15.0,11.83,11.83,15.0,11.83,11.83,15.0,11.83,11.83,15.0,11.83,11.83
AKOa.N,6.3,0.0,23.15,0.0,23.32,0.0,11.74,0.0,24.48,17.3,20.52,24.48,14.1,18.8,24.48,11.4,16.09,24.48,8.95,14.72,24.48,8.45,13.13,28.25,8.45,15.49
AKOb.N,29.81,0.0,31.25,29.15,31.25,26.26,29.14,0.0,28.75,21.72,24.94,28.75,17.82,23.83,28.75,13.74,20.61,28.75,11.59,18.68,28.75,9.65,16.38,31.8,9.65,18.82
AKR.N,21.36,1.0,22.06,20.8,22.9,20.8,21.59,0.8,21.17,18.04,19.6,24.87,17.0,20.27,26.23,16.1,20.13,26.23,12.38,18.27,26.23,12.28,18.57,37.83,9.1,22.53
AKRBY.PK,15.36,0.0,15.8,14.45,18.7,0.0,13.81,0.0,14.31,11.38,12.79,14.31,9.35,12.13,14.4,9.03,11.91,15.16,9.03,12.04,15.16,9.03,12.04,15.16,9.03,12.04
AKRYY.PK,4.08,0.0,9.77,0.0,10.1,0.0,4.04,0.0,7.12,4.8,6.07,9.0,4.8,6.23,12.09,4.8,6.8,12.09,4.8,6.95,12.09,4.8,6.91,12.09,0.98,6.98
AKTS.O,30.31,0.86,34.19,25.84,34.19,18.25,25.34,0.56,,,,,,,,,,,,,,,,,,
AKZOY.PK,22.77,0.07,23.4,22.29,23.4,21.59,22.53,0.07,24.52,20.41,22.73,24.52,18.07,21.94,27.07,18.07,22.15,29.03,18.07,23.33,44.14,17.85,26.91,44.14,16.47,28.55
AL.N,0.0,0.0,0.0,0.0,0.0,0.0,0.0,0.0,64.4,51.71,61.79,64.4,38.29,55.8,64.4,38.29,50.91,64.4,33.33,47.32,64.4,29.78,44.76,64.4,8.42,40.88
ALAB.O,428.39,5.88,499.48,372.5,499.48,303.0,396.4,6.62,262.9,85.85,165.86,262.9,47.12,126.72,262.9,36.22,101.74,262.9,36.22,101.74,262.9,36.22,101.74,262.9,36.22,101.74
ALB.N,134.99,0.89,144.31,127.6,174.26,127.6,149.51,0.82,152.0,60.68,95.32,152.0,49.48,83.0,152.0,49.48,95.23,293.0,49.48,128.94,334.25,49.48,164.48,334.25,45.81,127.07
ALBBY.PK,5.86,0.0,8.8,0.0,9.01,0.0,5.31,0.0,,,,,,,,,,,,,,,,,,
ALBKY.PK,1.14,0.01,1.2,1.08,1.2,1.03,1.13,0.03,1.1,0.73,0.92,1.1,0.37,0.77,1.1,0.33,0.59,1.1,0.23,0.51,1.1,0.17,0.43,1.1,0.14,0.44
ALC.N,67.92,0.4,69.74,66.08,69.74,63.82,66.8,0.37,92.54,71.56,80.22,99.19,71.56,84.85,101.1,71.56,86.2,101.1,63.78,82.78,101.1,55.21,78.91,101.1,39.42,73.7
ALEDY.PK,0.0,0.0,0.0,0.0,0.0,0.0,0.0,0.0,0.0,0.0,0.0,0.0,0.0,0.0,0.0,0.0,0.0,0.0,0.0,0.0,0.0,0.0,0.0,0.0,0.0,0.0
ALEUY.PK,0.0,0.0,0.0,0.0,10.37,0.0,0.55,0.0,9.5,9.24,9.24,9.5,9.24,9.24,9.5,9.24,9.24,9.5,9.24,9.24,9.5,9.24,9.24,9.5,9.24,9.24
ALEX.K,0.0,0.0,0.0,0.0,0.0,0.0,0.0,0.0,21.03,15.07,17.87,21.03,15.07,17.7,21.03,15.07,17.78,21.03,15.07,17.91,26.57,14.89,18.81,30.35,8.32,20.69
ALEX.N,0.0,0.0,0.0,0.0,0.0,0.0,0.0,0.0,,,,,,,,,,,,,,,,,,
ALFRY.PK,0.0,0.0,0.0,0.0,0.0,0.0,0.0,0.0,,,,,,,,,,,,,,,,,,
ALFVY.PK,59.0,0.02,60.65,57.14,60.65,54.66,57.57,0.01,50.82,41.63,46.42,50.82,36.86,44.62,50.82,34.86,43.43,50.82,28.65,40.55,50.82,22.73,37.33,50.82,13.89,29.26
ALG.N,168.04,0.06,171.84,162.7,171.84,150.0,160.29,0.06,233.29,157.34,194.49,233.29,157.07,190.98,233.29,157.07,191.55,233.29,139.6,186.47,233.29,108.55,168.95,233.29,48.26,131.09
ALGGY.PK,0.92,0.0,6.46,0.0,6.5,0.0,1.02,0.0,7.5,5.51,6.4,7.5,4.77,6.17,10.64,4.77,6.99,12.35,4.77,8.14,12.4,4.77,8.62,18.95,4.77,12.63
ALGM.O,61.33,5.75,71.77,52.88,71.77,43.27,55.83,3.85,38.45,22.41,29.93,38.45,16.38,27.49,38.45,16.38,26.7,53.05,16.38,30.31,53.05,16.38,29.17,53.05,16.38,29.0
ALGN.O,178.66,1.26,188.6,166.27,188.6,165.5,176.27,1.16,208.3,122.0,149.97,237.23,122.0,167.71,335.4,122.0,212.67,413.2,122.0,241.36,737.45,122.0,331.02,737.45,57.31,274.45
ALGT.O,115.91,0.94,123.63,107.88,123.63,80.0,102.05,0.72,93.0,42.56,64.42,107.57,39.8,65.05,107.57,36.08,63.68,130.93,36.08,73.21,271.29,36.08,109.53,271.29,36.08,126.16
ALH.N,26.23,0.37,26.97,25.45,27.14,24.94,26.08,0.3,27.48,20.11,24.03,27.48,20.11,24.03,27.48,20.11,24.03,27.48,20.11,24.03,27.48,20.11,24.03,27.48,20.11,24.03
ALHC.O,23.62,5.21,24.68,21.67,24.68,15.04,21.51,6.14,20.8,11.62,16.4,21.06,11.3,15.97,21.06,4.46,12.24,21.06,4.46,10.61,28.59,4.46,12.4,28.59,4.46,12.4
ALIZY.PK,47.06,0.26,48.15,46.01,48.15,42.96,45.86,0.29,46.24,38.44,42.02,46.24,29.83,39.57,46.24,26.05,34.39,46.24,21.13,30.84,46.24,15.22,27.47,46.24,12.48,26.35
ALK.N,52.0,1.11,54.21,50.17,54.21,41.3,49.07,0.97,65.8,37.65,50.92,78.07,37.65,53.88,78.07,32.67,48.24,78.07,30.75,46.6,78.07,30.75,49.49,101.42,20.02,57.3
ALKS.O,53.47,3.11,55.37,50.01,55.37,42.19,48.24,2.78,36.32,25.16,29.07,36.45,25.16,30.09,36.45,22.9,28.58,36.45,22.01,28.45,36.45,18.02,27.11,78.88,11.98,32.48
ALKT.O,17.72,3.34,19.48,15.75,19.48,13.98,16.13,2.42,30.88,18.71,23.8,37.92,18.71,26.64,42.29,18.71,28.27,42.29,10.93,24.38,49.32,9.23,23.14,49.32,9.23,23.14
ALL.N,241.76,0.68,250.37,231.08,250.37,214.58,229.71,0.72,215.69,188.18,203.25,215.69,176.5,200.28,215.69,140.33,187.25,215.69,100.74,164.84,215.69,100.74,148.96,215.69,56.79,119.48
ALLE.K,139.64,1.48,142.01,134.83,142.01,127.36,134.7,1.26,180.68,143.3,165.91,180.68,116.57,149.91,180.68,113.27,140.59,180.68,95.94,130.48,180.68,87.33,125.93,180.68,52.95,106.59
ALLE.N,139.64,0.47,141.94,135.3,141.94,127.39,134.7,0.42,,,,,,,,,,,,,,,,,,
ALLY.K,46.33,3.17,47.29,44.68,47.29,41.6,45.17,3.37,46.78,36.11,40.64,46.78,29.52,38.24,46.78,29.52,38.11,46.78,21.58,34.68,56.61,21.58,37.89,56.61,10.22,31.05
ALLY.N,46.33,1.24,47.29,44.7,47.29,41.6,45.17,1.19,,,,,,,,,,,,,,,,,,
ALM.O,16.19,6.77,17.4,15.3,19.64,14.7,16.98,5.9,10.68,3.16,6.0,10.68,0.92,4.22,10.68,0.61,2.57,10.68,0.47,1.96,10.68,0.47,1.59,10.68,0.23,1.25
ALMRY.PK,0.0,0.0,0.0,0.0,0.0,0.0,0.0,0.0,12.76,12.76,12.76,12.76,12.76,12.76,12.76,12.76,12.76,12.76,12.76,12.76,12.76,12.76,12.76,12.76,12.76,12.76
ALMS.O,26.73,2.25,28.65,24.37,28.65,18.36,24.05,1.76,12.44,2.92,5.55,12.44,2.76,5.41,13.53,2.76,7.34,13.53,2.76,7.34,13.53,2.76,7.34,13.53,2.76,7.34
ALNPY.PK,3.72,0.0,3.9,3.45,3.9,3.45,3.68,0.01,4.2,3.4,3.9,4.2,3.4,3.84,4.62,3.35,3.91,4.93,3.35,4.04,5.51,3.35,4.17,79.6,3.35,11.34
ALNT.O,96.61,0.37,104.65,85.47,104.65,82.67,94.31,0.3,58.13,35.8,47.52,58.13,19.25,37.18,58.13,16.91,31.48,58.13,16.91,32.54,58.13,16.91,32.54,58.13,10.31,27.45
ALNY.O,300.94,1.21,319.34,290.06,319.34,273.11,292.58,1.29,495.55,309.57,424.88,495.55,205.87,347.84,495.55,141.98,280.03,495.55,141.98,250.95,495.55,117.58,219.02,495.55,31.38,155.25
ALORY.PK,0.0,0.0,0.0,0.0,0.0,0.0,0.0,0.0,,,,,,,,,,,,,,,,,,
ALPMY.PK,13.32,0.19,13.92,13.01,13.92,12.82,13.34,0.24,13.92,9.22,11.31,13.92,8.37,10.49,13.92,8.37,10.67,16.91,8.37,11.86,18.46,8.37,13.48,19.4,8.37,14.06
ALRM.O,47.36,0.69,50.12,43.8,50.12,43.06,45.96,0.64,59.53,46.65,53.39,64.26,46.65,55.5,77.29,46.65,59.61,77.29,44.92,57.64,108.67,44.92,64.59,108.67,14.0,53.99
ALSMY.PK,1.72,3.78,1.81,1.65,1.91,1.65,1.78,3.86,2.94,2.18,2.5,2.94,1.8,2.35,2.94,1.05,2.04,2.94,1.03,2.1,5.65,1.03,2.57,5.81,1.03,2.97
ALSN.K,117.56,2.99,125.9,110.79,125.9,110.79,117.85,1.61,101.55,76.01,88.33,121.81,76.01,94.65,122.53,55.19,89.8,122.53,41.08,77.31,122.53,32.55,62.03,122.53,20.56,50.4
ALSN.N,117.56,1.45,125.67,110.79,125.67,110.79,117.85,0.73,,,,,,,,,,,,,,,,,,
ALSSF.PK,0.36,0.0,2.55,0.0,2.76,0.0,0.55,0.0,3.37,2.52,2.84,3.37,1.89,2.43,4.95,1.89,2.89,4.95,1.85,2.93,4.95,1.1,2.43,4.95,0.57,2.69
ALTB.PK,0.0,0.0,0.0,0.0,16.0,0.0,2.19,0.0,,,,,,,,,,,,,,,,,,
ALV.N,117.44,0.19,121.24,113.29,131.78,113.29,120.76,0.24,129.4,109.62,119.55,129.4,75.49,108.34,129.4,75.49,107.42,129.4,75.49,102.5,129.4,65.75,96.89,129.4,38.17,88.85
ALVO.O,3.6,0.8,3.95,3.45,4.59,3.45,3.85,1.16,9.94,4.32,7.42,13.7,4.32,9.04,18.0,4.32,11.0,18.0,4.32,10.73,18.0,4.32,10.16,18.0,4.32,10.16
ALX.N,274.81,0.01,281.55,266.37,281.55,252.51,267.13,0.01,259.71,204.84,229.03,259.71,184.96,219.24,259.71,184.96,220.42,259.71,155.92,211.47,308.39,155.92,229.58,449.4,155.92,296.18
AM.N,22.63,1.1,23.2,22.06,23.2,21.05,21.98,0.97,19.82,16.78,18.04,19.82,15.08,17.64,19.82,11.58,15.94,19.82,9.56,14.44,19.82,7.58,12.63,19.82,1.69,11.21
AMADY.PK,58.69,0.22,59.94,57.32,61.9,57.0,59.21,0.15,85.23,68.33,78.72,85.89,68.33,77.95,85.89,58.51,73.01,85.89,51.3,70.99,85.89,42.98,67.9,96.0,36.65,65.9
AMAL.O,46.39,0.25,47.89,45.32,47.89,42.49,44.91,0.18,33.75,25.13,29.4,37.26,25.03,30.17,38.19,21.32,29.32,38.19,14.05,25.95,38.19,13.28,22.98,38.19,7.9,20.59
AMAT.O,651.32,16.44,739.67,581.9,739.67,466.51,597.19,13.28,276.1,154.46,210.59,276.1,123.74,187.48,276.1,123.74,191.85,276.1,96.12,172.18,276.1,71.12,151.53,276.1,15.44,98.05
AMBA.O,75.07,2.85,94.0,60.34,94.0,60.34,69.92,1.81,96.69,61.31,76.71,96.69,38.86,68.85,96.69,38.86,62.06,99.86,38.86,64.97,227.59,38.86,81.91,227.59,30.0,66.33
AMBBY.PK,4.07,0.0,9.7,0.0,9.79,0.0,3.98,0.0,16.78,12.56,14.85,20.24,12.56,15.93,22.65,12.56,16.95,22.65,9.45,15.85,58.4,8.08,22.72,58.4,8.08,23.18
AMBP.K,4.67,2.91,4.84,4.44,4.84,3.88,4.41,2.48,4.78,3.29,3.89,4.78,2.5,3.56,4.78,2.5,3.59,5.9,2.5,3.69,12.43,2.5,5.57,21.74,2.5,5.77
AMBP.N,4.67,0.82,4.84,4.45,4.84,3.88,4.41,0.59,,,,,,,,,,,,,,,,,,
AMBQ.N,84.57,0.25,90.41,77.75,91.55,73.09,83.0,0.26,51.45,0.0,26.85,51.45,0.0,13.75,51.45,0.0,6.85,51.45,0.0,4.57,51.45,0.0,2.74,51.45,0.0,1.37
AMC.N,1.93,8.33,2.28,1.72,2.93,1.72,2.16,7.46,3.59,1.54,2.68,4.13,1.54,2.9,11.48,1.54,3.68,75.18,1.54,12.82,393.63,1.54,53.93,393.63,1.54,69.83
AMCR.K,43.63,3.39,45.03,42.13,45.03,37.49,41.47,3.51,50.0,38.33,43.04,52.25,38.33,45.3,57.4,38.33,47.76,61.85,38.33,48.79,68.03,38.33,53.05,68.03,29.0,52.67
AMCR.N,43.63,1.32,45.03,42.15,45.03,37.49,41.47,1.27,,,,,,,,,,,,,,,,,,
AMD.O,540.76,32.6,584.73,495.35,584.73,437.23,521.01,31.4,267.08,133.5,192.99,267.08,76.48,152.5,267.08,76.48,155.09,267.08,60.05,137.78,267.08,54.57,121.05,267.08,1.75,73.52
AMDLY.PK,0.0,0.0,0.0,0.0,0.0,0.0,0.0,0.0,,,,,,,,,,,,,,,,,,
AME.N,238.15,0.42,244.42,231.39,244.42,221.14,233.68,0.52,210.0,174.5,189.29,210.0,145.42,183.21,210.0,145.42,178.35,210.0,131.52,168.68,210.0,106.24,152.9,210.0,42.89,112.96
AMFPY.PK,6.67,0.0,46.67,0.0,46.67,0.0,2.46,0.0,90.1,90.08,90.08,90.1,90.08,90.08,90.1,90.08,90.08,90.1,90.08,90.08,90.1,90.08,90.08,90.1,90.08,90.08
AMG.N,343.01,0.12,357.72,334.34,362.66,333.12,346.3,0.12,296.15,194.89,239.43,296.15,139.25,207.45,296.15,139.25,187.63,296.15,120.54,173.06,296.15,98.9,161.92,296.15,44.38,145.11
AMGN.O,362.25,2.6,375.15,350.06,375.15,334.05,352.31,3.23,346.38,269.77,303.61,346.38,257.05,296.58,346.85,253.3,299.65,346.85,211.71,283.14,346.85,198.64,265.38,346.85,133.64,226.85
AMH.N,33.78,1.01,34.1,32.8,34.1,31.47,33.03,0.99,36.84,30.12,33.46,39.47,30.12,34.88,41.41,30.12,35.86,41.41,28.79,35.29,44.06,28.63,35.93,44.06,13.16,29.3
AMH_pg.N,22.73,0.01,23.21,22.16,23.35,0.0,20.5,0.0,24.8,0.0,22.67,24.8,0.0,22.88,25.34,0.0,23.01,25.34,0.0,22.88,26.91,0.0,23.6,28.05,0.0,20.07
AMH_ph.N,23.49,0.01,23.7,23.19,24.29,23.19,23.8,0.0,24.95,0.0,23.99,25.05,0.0,24.06,25.49,0.0,23.99,25.6,0.0,23.97,28.05,0.0,24.77,28.5,0.0,18.23
AMIGY.PK,47.97,0.05,49.51,45.26,49.51,42.83,46.85,0.03,51.66,41.17,44.81,51.66,30.2,42.32,51.66,29.84,37.98,51.66,22.08,34.65,51.66,20.28,33.89,51.66,19.43,29.75
AMKAF.PK,1681.45,0.0,2410.31,0.0,2750.0,0.0,1669.2,0.0,2329.13,1850.92,2053.59,2329.13,1361.0,1844.81,2329.13,1197.94,1669.58,2350.69,1197.94,1721.29,3362.03,1197.94,2025.59,3362.03,636.47,1818.95
AMKBY.PK,12.19,0.13,13.1,11.54,14.31,11.5,12.61,0.12,11.65,9.15,10.3,11.65,6.68,9.43,11.65,6.03,8.63,11.78,6.03,8.78,18.45,6.03,10.44,18.45,3.41,8.46
AMKR.O,78.92,5.79,88.34,68.4,96.68,65.2,80.64,6.54,47.28,20.59,29.83,47.28,14.03,25.27,47.28,14.03,28.22,47.28,14.03,27.38,47.28,14.03,25.07,47.28,4.03,17.21
AMLTF.PK,0.0,0.0,0.0,0.0,0.0,0.0,0.0,0.0,1.35,0.8,1.02,1.35,0.8,0.95,1.35,0.62,0.87,1.35,0.58,0.82,1.35,0.58,0.81,4.5,0.58,2.33
AMLX.O,18.01,2.42,19.15,17.15,19.15,12.62,16.07,1.89,16.96,5.97,11.5,16.96,2.6,7.95,19.95,1.58,6.68,41.93,1.58,12.6,41.93,1.58,15.36,41.93,1.58,15.36
AMN.N,33.37,0.4,36.27,30.4,36.27,29.28,31.86,0.34,22.76,14.99,18.69,30.3,14.99,20.89,80.18,14.99,36.52,112.93,14.99,53.89,129.12,14.99,72.72,129.12,14.99,60.88
AMP.N,469.71,0.41,507.74,445.62,507.74,442.7,463.99,0.29,547.73,434.25,493.54,577.89,397.83,501.1,577.89,369.14,475.17,577.89,275.38,426.87,577.89,185.97,364.28,577.89,76.0,249.13
AMPH.O,20.44,0.47,22.0,19.08,22.0,18.22,20.02,0.6,31.26,20.39,25.79,39.01,20.39,27.02,65.92,20.39,36.36,67.66,20.39,39.6,67.66,16.91,33.91,67.66,10.5,26.01
AMPL.O,7.95,3.29,9.26,6.54,9.26,6.3,7.21,2.64,14.49,9.31,11.19,14.88,7.55,11.25,14.88,7.37,10.63,16.95,7.37,10.98,87.98,7.37,16.21,87.98,7.37,16.21
AMPX.K,13.13,7.97,14.58,11.76,20.44,11.76,14.94,7.35,16.03,3.8,9.65,16.03,1.7,6.35,16.03,0.61,4.18,16.03,0.61,4.83,26.01,0.61,5.24,26.01,0.61,5.24
AMPX.N,13.13,2.2,14.57,11.76,20.28,11.76,14.94,1.8,,,,,,,,,,,,,,,,,,
AMR.N,162.51,0.06,170.87,156.7,207.0,156.7,177.89,0.07,215.3,104.42,155.73,215.3,97.56,147.78,451.94,97.56,218.13,451.94,97.56,209.84,451.94,10.23,157.89,451.94,1.87,118.09
AMRC.K,26.82,0.57,28.61,24.34,29.5,24.34,27.36,0.6,44.93,15.01,28.99,44.93,8.49,22.44,44.93,8.49,24.98,65.86,8.49,31.33,101.86,8.49,43.65,101.86,3.91,28.61
AMRC.N,26.82,0.22,28.61,24.38,29.37,24.38,27.36,0.22,,,,,,,,,,,,,,,,,,
AMRX.O,17.17,2.92,17.86,16.73,17.86,13.7,16.39,2.49,13.01,7.66,10.21,13.01,6.68,9.1,13.01,5.01,8.08,13.01,1.24,6.42,13.01,1.24,5.57,43.16,1.24,10.28
AMRZ.K,54.08,2.49,56.44,52.14,56.99,50.41,53.59,2.98,56.76,44.12,51.01,56.76,44.12,50.98,56.76,44.12,50.98,56.76,44.12,50.98,56.76,44.12,50.98,56.76,44.12,50.98
AMRZ.N,54.08,0.63,56.42,52.19,56.99,50.47,53.59,0.68,,,,,,,,,,,,,,,,,,
AMSC.O,39.5,1.02,42.84,36.28,45.43,36.28,40.5,1.16,70.49,28.68,46.62,70.49,13.98,35.95,70.49,9.37,27.94,70.49,3.53,20.87,70.49,3.2,17.12,70.49,2.89,12.56
AMSSY.PK,11.2,0.02,12.5,10.09,12.5,0.0,10.73,0.01,8.0,0.0,2.25,8.0,0.0,1.91,13.55,0.0,3.93,41.78,0.0,7.02,107.14,0.0,25.11,480.45,0.0,63.21
AMT.N,167.25,1.51,176.57,160.26,193.85,160.26,177.75,1.25,234.17,170.77,195.16,234.17,170.77,200.54,243.56,170.5,202.22,243.56,154.77,199.54,303.72,154.77,219.65,303.72,83.08,192.51
AMTB.N,25.52,0.19,26.32,24.56,26.32,22.83,24.33,0.15,22.0,15.62,19.39,24.4,15.62,19.65,27.0,15.62,21.0,27.0,0.0,16.29,27.0,0.0,9.76,27.0,0.0,4.87
AMTM.K,20.7,2.44,22.27,19.8,23.45,19.8,21.43,2.09,31.87,21.11,24.96,31.87,16.01,22.85,34.5,16.01,23.54,34.5,16.01,23.54,34.5,16.01,23.54,34.5,16.01,23.54
AMTM.N,20.7,0.84,22.26,19.91,23.37,19.91,21.43,0.69,,,,,,,,,,,,,,,,,,
AMVOY.PK,8.27,0.0,8.87,7.66,9.72,7.66,8.73,0.0,10.3,7.5,8.68,10.3,7.5,8.68,10.3,7.5,8.68,10.3,7.5,8.68,10.3,7.5,8.68,10.3,7.5,8.68
AMX.N,26.13,0.36,26.78,25.4,28.46,24.81,26.25,0.38,23.64,16.99,20.52,23.64,13.1,18.07,23.64,13.1,17.68,23.64,13.1,18.39,23.64,12.7,18.08,23.64,10.12,16.45
AMZN.O,238.1,87.46,249.71,225.55,250.43,225.55,239.43,64.12,258.6,211.03,227.57,258.6,161.38,217.67,258.6,144.05,201.08,258.6,81.43,174.58,258.6,81.43,163.4,258.6,23.7,120.56
AN.N,188.55,0.13,196.17,183.2,197.35,183.2,190.48,0.13,228.45,187.8,209.41,228.45,149.44,194.81,228.45,133.34,178.8,228.45,104.48,166.31,228.45,66.93,142.96,228.45,20.66,94.56
ANAB.O,63.92,0.83,69.27,58.62,69.27,50.06,59.06,0.62,52.47,17.11,30.97,52.47,12.21,25.05,52.47,12.21,25.72,52.47,12.21,23.89,52.47,12.21,24.86,134.0,10.0,35.82
ANCTF.PK,63.94,0.4,66.49,56.71,66.49,56.71,61.6,0.24,58.75,47.24,52.1,58.75,45.61,51.59,64.34,45.61,54.51,64.34,43.27,53.29,64.34,29.28,48.88,64.34,20.17,45.3
ANDE.O,68.66,0.38,71.89,65.85,75.0,65.85,70.23,0.36,56.47,31.84,43.72,56.47,31.03,41.66,61.46,31.03,46.23,61.46,31.03,46.11,61.46,22.45,41.43,61.46,10.0,35.72
ANDG.K,37.07,0.66,39.5,34.31,39.71,34.31,36.97,0.42,27.51,20.0,25.14,27.51,20.0,25.14,27.51,20.0,25.14,27.51,20.0,25.14,27.51,20.0,25.14,27.51,20.0,25.14
ANDG.N,37.07,0.27,39.1,34.4,39.64,34.4,36.97,0.15,,,,,,,,,,,,,,,,,,
ANET.K,165.27,9.47,177.2,154.74,177.2,145.32,163.53,8.12,164.94,97.14,133.22,164.94,59.43,114.0,164.94,56.65,98.52,164.94,26.89,79.92,164.94,16.38,58.47,164.94,3.28,35.22
ANET.N,165.27,2.8,177.11,154.75,177.11,145.37,163.53,2.35,,,,,,,,,,,,,,,,,,
ANF.N,90.68,0.42,92.64,86.98,94.8,75.37,88.2,0.42,131.8,65.46,90.36,164.02,65.4,90.92,196.94,65.4,115.35,196.94,21.74,91.33,196.94,14.05,66.99,196.94,7.42,42.49
ANFGF.PK,50.93,0.0,53.2,49.5,58.9,47.6,52.72,0.01,46.6,25.05,34.3,46.6,17.45,29.72,46.6,17.45,27.52,46.6,15.5,25.25,46.6,11.34,22.8,46.6,5.24,17.84
ANGPY.PK,11.43,0.1,12.1,11.02,13.89,10.64,11.84,0.19,15.28,7.36,10.08,15.28,4.56,8.01,15.28,4.41,6.88,15.28,4.41,7.2,24.75,4.41,10.58,24.75,1.35,8.13
ANIOY.PK,3.75,0.0,8.99,0.0,9.85,0.0,4.84,0.0,6.94,5.87,6.47,6.94,4.81,6.06,6.94,4.45,5.59,6.94,4.45,5.45,7.35,3.93,5.63,7.73,2.97,5.99
ANIP.O,84.12,0.4,86.72,81.61,86.72,78.38,82.47,0.33,99.5,62.6,84.06,99.5,52.74,73.52,99.5,52.5,67.19,99.5,36.54,61.44,99.5,22.31,50.72,99.5,22.31,52.33
ANPA.O,4.23,0.0,4.89,3.91,6.46,3.91,4.82,0.01,54.75,2.8,27.7,54.75,2.8,27.7,54.75,2.8,27.7,54.75,2.8,27.7,54.75,2.8,27.7,54.75,2.8,27.7
ANPDF.PK,2.57,0.0,9.12,0.0,9.12,0.0,1.43,0.0,13.5,10.01,11.27,13.5,9.44,11.0,13.97,8.05,10.42,15.67,8.05,11.17,24.92,8.05,13.33,24.92,1.89,11.44
ANPDY.PK,227.48,0.0,237.8,218.16,244.24,216.34,230.18,0.0,347.15,254.7,285.02,347.15,231.87,285.12,349.44,203.2,269.65,396.8,203.2,278.55,615.99,203.2,320.3,615.99,57.47,254.65
ANSLY.PK,0.0,0.0,0.0,0.0,84.09,0.0,4.43,0.0,96.27,79.0,88.98,96.27,71.79,84.88,96.27,53.43,74.16,96.27,52.59,68.29,131.05,52.59,82.22,131.05,41.95,76.15
ANYYY.PK,15.4,0.03,15.7,15.02,15.7,14.21,15.1,0.03,15.13,12.66,13.78,15.13,1.82,12.92,15.13,1.82,11.43,15.13,1.82,10.25,15.13,0.0,8.86,15.13,0.0,4.42
ANZGY.PK,24.17,0.16,24.44,23.42,25.42,23.42,24.26,0.17,25.59,19.14,22.29,25.59,15.72,20.5,25.59,15.72,19.89,25.59,14.65,18.69,25.59,14.38,18.82,25.59,7.92,18.84
ANZLY.PK,0.0,0.0,0.0,0.0,1.22,0.0,0.19,0.0,2.1,1.45,1.66,2.1,1.42,1.67,2.1,1.42,1.71,2.63,1.42,1.88,4.22,1.42,2.36,8.0,1.33,3.23
AOD.N,10.29,0.07,10.45,10.11,10.57,9.95,10.28,0.06,10.01,8.77,9.36,10.01,7.0,8.93,10.01,7.0,8.69,10.01,7.0,8.45,10.5,6.87,8.76,10.5,5.04,8.49
AOMFF.PK,15.16,0.02,18.38,0.0,19.85,0.0,13.48,0.01,30.1,22.69,25.52,30.1,19.11,23.77,30.1,11.71,20.09,31.3,11.71,20.57,59.08,11.71,28.38,59.08,11.71,32.16
AON.N,337.4,0.71,357.54,315.78,357.54,313.63,331.12,0.71,380.79,325.0,355.46,412.87,324.18,363.87,412.87,272.51,344.58,412.87,272.51,336.85,412.87,200.65,311.45,412.87,83.84,232.09
AONNY.PK,8.27,0.23,8.97,7.81,8.97,7.81,8.37,0.25,18.63,9.86,13.48,18.63,7.1,11.28,18.63,6.76,9.55,18.63,6.04,8.64,18.63,5.21,8.22,18.63,4.02,7.53
AOREF.PK,0.0,0.0,0.0,0.0,0.0,0.0,0.0,0.0,1350.0,650.0,1109.16,1350.0,335.0,928.84,1350.0,200.0,709.48,1350.0,80.0,579.84,1350.0,80.0,501.66,1350.0,80.0,478.0
AORT.K,23.33,1.14,24.82,21.3,24.82,19.82,21.76,0.96,48.25,30.06,41.11,48.25,21.97,34.43,48.25,16.48,29.07,48.25,11.44,24.33,48.25,9.64,23.02,48.25,8.94,22.39
AORT.N,23.33,0.39,24.82,21.33,24.82,19.82,21.76,0.31,,,,,,,,,,,,,,,,,,
AOS.N,62.08,0.57,63.04,60.6,63.04,56.73,59.93,0.7,77.31,62.96,69.47,77.31,58.86,68.01,92.39,58.86,74.72,92.39,57.48,73.01,92.39,46.59,69.91,92.39,30.15,60.13
AOZOY.PK,1.17,0.0,4.41,0.0,4.41,0.0,0.64,0.0,4.05,3.65,3.83,4.05,3.3,3.76,5.55,3.3,4.11,5.55,3.3,4.31,6.34,3.3,4.72,10.97,3.3,6.55
APA.O,32.66,5.44,33.65,31.77,38.7,31.77,34.34,5.94,27.72,17.86,22.65,27.72,13.58,21.17,36.9,13.58,24.84,46.98,13.58,29.38,51.95,13.58,29.74,69.0,3.8,33.31
APAJF.PK,4.14,0.0,7.75,0.0,7.98,0.0,3.12,0.0,6.66,4.91,5.63,6.66,3.72,5.01,6.66,3.72,5.04,7.59,3.72,5.46,8.49,3.72,6.2,8.49,3.72,6.54
APAM.K,35.07,1.09,36.54,33.96,37.36,33.96,35.38,0.9,48.5,39.94,44.38,48.5,32.75,42.74,48.98,32.75,42.74,48.98,28.42,40.31,55.02,24.92,40.74,55.02,16.78,34.31
APAM.N,35.07,0.48,36.53,33.96,37.15,33.96,35.38,0.36,,,,,,,,,,,,,,,,,,
APD.N,293.1,0.61,314.4,270.17,314.4,270.17,285.13,0.62,301.03,229.25,271.49,341.06,229.25,280.87,341.06,212.27,276.38,341.06,212.27,279.65,341.06,212.27,276.07,341.06,105.99,228.76
APELY.PK,14.82,0.0,26.82,0.0,28.2,0.0,15.2,0.0,26.9,20.22,23.59,26.9,16.21,20.78,26.9,13.45,18.98,26.9,13.45,18.5,30.78,13.45,19.46,68.45,13.45,32.43
APEMY.PK,6.74,0.0,49.89,0.0,49.89,0.0,2.48,0.0,41.9,29.17,34.41,41.9,25.97,32.25,41.9,25.18,30.68,41.9,25.18,32.38,65.15,24.2,37.79,65.15,16.45,38.06
APG.N,41.83,1.33,43.13,40.46,44.29,40.46,42.1,1.11,40.57,32.71,35.94,40.57,20.56,31.52,40.57,20.17,27.7,40.57,12.22,24.1,40.57,8.73,19.72,40.57,5.91,18.46
APGE.O,132.82,3.88,133.85,132.55,133.85,81.04,110.88,6.19,80.99,34.34,50.58,80.99,26.2,44.61,80.99,26.2,46.23,80.99,14.19,41.42,80.99,14.19,41.42,80.99,14.19,41.42
APH.N,167.89,2.84,178.46,159.96,178.46,142.07,160.96,2.82,144.36,95.26,121.74,144.36,56.46,98.99,144.36,46.94,80.77,144.36,36.0,67.68,144.36,29.3,55.15,144.36,11.12,38.15
APLD.O,36.75,22.3,43.97,31.72,49.34,31.72,41.08,21.43,40.2,9.02,21.8,40.2,3.31,14.88,40.2,2.36,10.24,40.2,1.61,8.57,40.2,0.16,8.4,40.2,0.01,6.43
APLE.K,16.77,3.15,17.06,16.44,17.06,15.57,16.44,3.05,13.27,10.85,12.04,16.02,10.44,12.58,17.08,10.44,13.94,18.17,10.44,14.53,18.54,10.44,14.97,20.51,4.44,15.68
APLE.N,16.77,1.28,17.06,16.44,17.06,15.58,16.44,1.1,,,,,,,,,,,,,,,,,,
APLS.O,0.0,0.0,0.0,0.0,0.0,0.0,0.0,0.0,30.48,17.35,23.39,35.57,16.1,23.2,73.8,16.1,33.54,94.75,16.1,42.19,94.75,16.1,45.16,94.75,11.45,37.44
APMSF.PK,0.0,0.0,0.0,0.0,0.0,0.0,0.0,0.0,,,,30.5,30.5,30.5,30.5,26.34,29.11,31.22,26.34,29.64,48.96,26.34,36.37,54.35,20.75,36.46
APNHY.PK,1.34,0.0,9.41,0.0,9.41,0.0,1.9,0.0,7.02,5.24,5.95,10.14,5.24,6.85,13.68,5.24,8.64,13.68,5.24,8.82,18.79,5.24,9.99,28.6,4.14,12.85
APO.N,118.88,1.99,125.05,114.04,141.49,114.04,127.94,1.44,157.17,118.17,137.2,174.89,102.6,140.04,189.49,89.87,131.72,189.49,55.16,113.4,189.49,45.4,91.56,189.49,12.36,61.34
APOS.N,25.53,0.03,25.72,25.15,25.72,25.15,25.48,0.02,27.4,25.96,26.41,27.4,25.3,26.43,27.77,25.3,26.66,27.77,0.0,20.8,27.77,0.0,12.47,27.77,0.0,6.22
APP.O,510.35,5.17,576.46,418.46,576.46,418.46,500.63,5.67,745.61,325.58,545.62,745.61,200.5,442.47,745.61,37.4,280.41,745.61,9.22,196.23,745.61,9.14,144.2,745.61,9.14,144.2
APPF.O,161.3,0.38,176.12,144.32,176.12,142.56,158.34,0.39,326.04,217.35,253.88,326.04,190.24,239.1,326.04,164.29,234.19,326.04,102.85,209.18,326.04,79.92,174.4,326.04,11.07,121.24
APPN.O,22.93,0.86,24.78,20.24,25.26,19.47,22.63,0.84,46.06,26.68,32.84,46.06,24.0,32.11,46.06,24.0,33.01,54.26,24.0,36.13,260.0,24.0,55.58,260.0,14.6,49.6
APTV.K,60.26,2.85,62.97,57.88,70.93,57.88,63.42,2.96,88.8,63.5,77.86,88.8,47.19,70.43,91.66,47.19,71.23,124.88,47.19,80.68,180.81,47.19,100.5,180.81,29.22,88.89
APTV.N,60.26,0.86,62.93,57.9,70.77,57.9,63.42,1.0,,,,,,,,,,,,,,,,,,
AQN.N,5.76,1.55,6.07,5.44,6.07,5.44,5.86,1.2,6.45,5.32,5.84,6.45,4.19,5.48,6.79,4.19,5.59,9.14,4.19,6.17,17.86,4.19,9.37,17.86,4.19,10.42
AQNB.N,25.51,0.03,25.57,25.43,26.08,25.35,25.64,0.01,26.18,25.18,25.68,26.18,24.67,25.54,26.49,24.13,25.42,26.49,21.49,24.84,28.75,21.09,25.4,29.68,0.0,17.02
AR.N,34.89,1.19,35.87,34.26,35.98,32.83,34.6,1.28,39.99,29.1,33.6,44.01,29.1,35.8,44.01,20.57,32.34,44.01,19.92,29.88,48.8,5.47,27.15,48.8,0.64,20.97
ARCAY.PK,10.86,0.0,38.0,0.0,40.7,0.0,10.35,0.0,75.99,28.86,47.02,75.99,28.86,48.97,75.99,28.86,54.92,75.99,28.86,51.88,75.99,28.86,46.09,75.99,11.22,27.41
ARCB.O,143.93,0.52,153.86,137.39,176.69,137.39,152.98,0.55,87.68,59.43,73.17,103.63,55.19,74.41,153.6,55.19,95.57,153.6,55.19,96.65,153.6,42.46,88.93,153.6,13.54,59.21
ARCC.O,18.45,5.29,18.89,17.82,19.28,17.72,18.49,5.45,23.42,18.79,21.2,23.84,18.26,21.57,23.84,18.26,21.23,23.84,16.95,20.51,23.84,16.41,20.17,23.84,7.9,18.18
ARCO.K,8.17,1.57,8.44,7.98,9.07,7.98,8.36,1.4,8.07,6.5,7.15,8.52,6.5,7.43,13.2,6.5,8.69,13.2,6.5,8.94,13.2,4.33,7.9,13.2,2.11,7.2
ARCO.N,8.17,0.3,8.41,7.99,9.05,7.99,8.36,0.3,,,,,,,,,,,,,,,,,,
ARDT.K,10.08,0.65,11.03,9.3,11.03,8.23,9.55,0.62,15.48,8.28,12.03,17.29,8.28,13.0,20.72,8.28,14.42,20.72,8.28,14.42,20.72,8.28,14.42,20.72,8.28,14.42
ARDT.N,10.08,0.26,11.03,9.31,11.03,8.24,9.55,0.2,,,,,,,,,,,,,,,,,,
ARDX.O,5.39,6.86,6.39,4.93,6.47,4.93,5.68,4.88,6.78,3.8,5.5,6.78,3.21,5.13,10.13,3.21,5.93,10.13,2.63,5.28,10.13,0.49,4.28,17.9,0.49,5.5
ARE.N,53.2,0.84,56.16,49.55,56.16,48.88,52.2,0.75,88.1,44.12,69.49,105.14,44.12,77.5,131.12,44.12,97.69,172.54,44.12,105.89,224.95,44.12,134.36,224.95,44.12,131.96
ARES.K,113.27,2.75,121.87,105.79,141.9,105.79,122.89,2.6,195.26,139.2,168.08,200.48,110.63,166.74,200.48,110.63,155.95,200.48,67.29,135.36,200.48,44.43,108.58,200.48,10.72,66.37
ARES.N,113.27,0.83,121.87,105.92,141.9,105.92,122.89,0.77,,,,,,,,,,,,,,,,,,
ARGTF.PK,22.27,0.02,24.44,21.0,27.35,20.85,22.94,0.04,28.4,17.26,23.2,28.4,9.72,18.47,28.4,4.17,13.13,28.4,2.98,10.04,28.4,2.5,7.82,28.4,0.6,6.78
ARGX.O,911.72,0.37,953.58,862.82,953.58,837.74,891.86,0.4,934.62,536.02,757.67,934.62,510.06,683.32,934.62,349.86,574.54,934.62,327.72,526.5,934.62,248.21,444.73,934.62,17.33,309.29
ARHS.O,8.39,1.69,8.82,7.7,8.82,6.21,7.54,1.42,12.98,7.92,10.45,13.02,6.61,9.99,19.81,6.61,11.5,19.81,6.52,10.9,19.81,4.09,10.05,19.81,4.09,10.05
ARI.N,10.57,3.26,10.8,10.26,11.05,10.26,10.72,1.72,11.11,9.5,10.1,11.11,7.7,9.78,12.0,7.7,9.98,12.74,7.7,10.21,16.93,7.7,11.44,19.91,4.12,13.97
ARKAY.PK,54.47,0.0,64.98,0.0,68.74,0.0,58.45,0.0,77.98,56.28,65.53,91.51,56.28,71.17,111.8,56.28,82.3,114.15,56.28,87.05,152.18,56.28,98.62,152.18,48.89,99.84
ARLO.K,13.02,1.52,14.01,12.29,14.01,12.15,12.91,1.28,19.94,12.81,16.37,19.94,7.84,14.29,19.94,7.84,13.06,19.94,3.37,11.41,19.94,2.93,9.6,23.77,1.2,8.4
ARLO.N,13.02,0.68,14.01,12.29,14.01,12.15,12.91,0.52,,,,,,,,,,,,,,,,,,
ARLP.O,24.03,0.27,24.58,23.42,26.29,23.42,24.44,0.29,28.14,22.2,24.64,30.56,22.2,25.54,30.56,18.32,24.46,30.56,17.05,23.08,30.56,4.45,19.32,30.56,2.63,17.46
ARLUF.PK,29.48,0.0,42.5,0.0,42.5,0.0,24.48,0.0,47.56,36.15,42.06,49.34,32.84,42.56,49.34,25.06,37.69,49.34,22.14,34.26,49.34,20.11,31.66,49.34,3.98,24.77
ARM.O,336.45,6.96,379.97,303.67,452.7,298.38,360.91,10.85,183.16,108.38,145.52,183.16,80.0,138.76,188.75,65.11,133.67,188.75,46.5,123.83,188.75,46.5,123.83,188.75,46.5,123.83
ARMK.K,56.05,2.84,57.13,53.59,57.13,52.79,54.61,2.39,44.49,35.07,39.3,44.49,29.92,38.17,44.49,27.46,36.2,44.49,23.55,33.37,44.49,20.75,30.46,44.49,6.97,28.14
ARMK.N,56.05,0.93,57.13,53.72,57.13,52.79,54.61,0.81,,,,,,,,,,,,,,,,,,
ARMN.K,15.24,1.47,16.73,14.46,18.19,14.06,15.67,1.64,16.99,6.65,10.13,16.99,3.5,7.61,16.99,2.6,5.76,16.99,2.05,4.75,16.99,1.96,4.37,16.99,0.0,3.38
ARMN.N,0.0,0.0,0.0,0.0,0.0,0.0,0.0,0.0,16.94,6.66,10.13,16.94,3.53,7.61,16.94,2.73,5.76,16.94,0.0,4.08,16.94,0.0,2.44,16.94,0.0,1.22
ARNNY.PK,37.96,0.01,38.87,37.28,38.87,36.32,37.78,0.01,37.91,0.0,29.46,37.91,0.0,15.09,37.91,0.0,7.51,37.91,0.0,5.02,37.91,0.0,3.01,37.91,0.0,1.5
AROC.K,39.51,3.04,42.23,36.32,42.23,34.46,37.65,2.4,27.12,21.17,24.49,30.44,20.12,25.09,30.44,14.38,22.59,30.44,8.61,18.87,30.44,6.28,14.74,30.44,2.09,12.18
AROC.N,39.51,1.15,42.23,36.35,42.23,34.46,37.65,0.82,,,,,,,,,,,,,,,,,,
ARQT.O,26.34,1.69,28.38,25.25,28.38,21.0,25.52,1.89,31.77,13.06,20.69,31.77,11.13,17.45,31.77,3.07,13.39,31.77,1.76,11.98,38.49,1.76,16.17,40.88,1.76,17.82
ARR.N,17.25,1.3,17.64,16.95,17.64,16.47,17.03,1.12,17.8,13.99,16.14,19.34,13.18,16.72,21.93,13.18,18.1,33.35,13.18,20.05,62.75,13.18,30.46,138.0,13.18,64.4
ARR_pc.N,20.87,0.01,21.02,20.54,21.02,20.45,20.91,0.0,22.1,20.54,21.53,22.32,19.47,21.34,23.56,19.47,21.46,23.56,17.88,21.03,26.7,17.88,22.13,26.7,0.0,13.15
ARRPY.PK,0.0,0.0,0.0,0.0,0.0,0.0,0.0,0.0,14.72,12.22,13.55,14.72,10.39,12.94,14.96,10.39,12.77,15.88,10.39,13.03,15.9,10.39,12.97,23.46,9.75,13.36
ARRY.O,7.23,6.25,7.86,6.74,8.68,6.74,7.56,6.34,10.46,5.39,8.08,10.46,3.76,7.19,17.76,3.76,8.71,26.64,3.76,12.53,54.78,3.76,15.23,54.78,3.76,16.26
ARW.N,211.06,0.23,232.45,195.63,237.04,195.63,220.18,0.19,134.62,101.79,119.69,134.62,86.81,116.23,137.79,86.81,120.04,147.22,86.81,121.34,147.22,86.81,118.49,147.22,39.25,95.7
ARWR.O,81.59,4.55,87.83,77.45,87.83,69.51,78.75,2.76,72.36,14.3,35.5,72.36,9.57,26.1,72.36,9.57,25.7,72.36,9.57,27.39,93.66,9.57,38.75,93.66,1.2,28.82
ARX.N,13.0,1.44,14.02,11.66,14.95,11.66,13.24,0.82,31.1,11.2,18.08,31.1,11.2,18.08,31.1,11.2,18.08,31.1,11.2,18.08,31.1,11.2,18.08,31.1,11.2,18.08
ARXCY.PK,3.0,0.0,21.0,0.0,21.7,0.0,3.36,0.0,22.0,18.0,20.05,22.0,18.0,20.05,22.0,18.0,20.05,22.0,18.0,20.05,22.0,18.0,20.05,22.0,18.0,20.05
ARZGY.PK,24.27,0.03,24.6,23.94,24.74,22.73,24.11,0.05,21.22,17.57,19.34,21.22,14.03,18.29,21.22,10.46,15.58,21.22,8.84,13.74,21.22,6.58,12.07,21.22,5.18,10.88
ARZTY.PK,0.0,0.0,0.0,0.0,0.0,0.0,0.0,0.0,,,,,,,,,,,,,,,,,,
AS.N,34.2,1.47,35.6,32.95,37.1,32.95,34.86,1.24,42.33,28.92,36.01,42.33,20.38,33.16,42.33,10.21,25.09,42.33,10.21,25.09,42.33,10.21,25.09,42.33,10.21,25.09
ASA.N,53.2,0.02,56.04,51.55,63.94,51.55,55.65,0.02,63.02,30.95,43.49,63.02,20.38,35.8,63.02,6.94,24.18,63.02,6.75,18.79,63.02,6.29,15.31,63.02,3.48,10.96
ASAIY.PK,8.43,0.02,8.71,8.09,8.71,7.43,8.05,0.02,10.46,6.2,8.6,10.67,4.07,7.98,15.25,4.06,9.12,20.98,4.06,10.74,20.98,4.06,12.56,20.98,4.06,12.56
ASAN.K,7.03,6.07,7.58,6.21,7.89,6.21,7.15,5.48,15.71,11.59,13.94,24.5,11.58,15.58,27.77,11.04,15.42,27.77,11.04,16.69,145.79,11.04,29.07,145.79,11.04,28.9
ASAN.N,7.03,1.98,7.58,6.22,7.86,6.22,7.15,1.75,,,,,,,,,,,,,,,,,,
ASAZY.PK,17.58,0.61,17.85,17.28,18.33,16.82,17.54,0.73,19.85,15.39,17.84,19.85,12.76,16.56,19.85,12.76,15.65,19.85,10.17,14.35,19.85,8.69,13.9,19.85,7.62,12.19
ASB.N,30.93,1.08,31.5,30.44,31.5,27.69,29.8,1.01,27.56,23.64,25.68,27.56,18.32,24.49,28.18,18.32,23.27,28.18,14.47,21.68,28.18,14.47,21.65,29.02,10.25,21.36
ASBA.N,24.4,0.06,24.57,24.13,24.96,24.13,24.62,0.03,25.26,23.61,24.71,25.29,23.0,24.5,25.29,21.6,23.96,25.35,0.0,21.9,25.35,0.0,13.12,25.35,0.0,6.55
ASBFY.PK,26.19,0.44,26.92,25.32,26.92,24.65,25.82,0.25,31.96,26.43,29.16,31.96,22.69,27.68,35.26,22.69,29.1,35.26,19.35,27.8,35.26,13.5,26.68,50.29,13.5,30.23
ASBHY.PK,1.43,0.0,10.0,0.0,12.19,0.0,1.69,0.0,,,,,,,,,,,,,,,,,,
ASCCY.PK,27.69,0.03,29.26,26.53,29.26,25.52,27.45,0.03,29.39,22.2,25.39,29.39,17.75,23.83,29.39,7.26,19.22,29.39,5.3,15.33,29.39,3.5,12.21,29.39,1.57,8.96
ASEKY.PK,1.84,0.0,12.89,0.0,15.19,0.0,3.7,0.0,19.39,12.29,15.37,19.39,8.54,13.07,19.39,8.54,12.33,19.39,8.48,11.25,19.39,8.37,11.15,20.03,6.62,11.84
ASGLY.PK,8.61,0.0,9.33,8.26,9.63,8.24,8.91,0.0,6.99,5.51,6.38,6.99,5.21,6.1,7.68,5.21,6.38,7.69,5.21,6.6,10.89,5.21,7.22,12.5,4.13,7.05
ASGN.K,17.97,1.29,19.69,16.91,21.58,16.91,19.1,1.06,60.75,39.25,48.56,95.29,39.25,56.88,106.42,39.25,75.54,106.42,39.25,77.49,131.89,39.25,87.67,131.89,29.04,73.09
ASGN.N,17.97,0.51,19.69,16.91,21.52,16.91,19.1,0.41,,,,,,,,,,,,,,,,,,
ASH.N,65.56,0.73,67.37,62.19,68.14,55.71,64.82,0.51,61.63,46.32,52.7,73.31,45.21,54.88,102.31,45.21,72.04,112.55,45.21,78.17,114.33,45.21,85.44,114.33,39.02,76.82
ASHGY.PK,0.0,0.0,0.0,0.0,0.0,0.0,0.0,0.0,77.58,59.62,68.66,77.58,46.5,63.93,84.49,46.5,67.69,84.49,46.5,66.64,87.42,40.42,65.66,87.42,11.05,45.52
ASIC.N,24.07,0.05,25.73,20.98,25.73,20.0,22.17,0.04,23.66,16.36,19.93,25.0,0.0,11.4,25.0,0.0,5.68,25.0,0.0,3.79,25.0,0.0,2.27,25.0,0.0,1.13
ASLTY.PK,0.0,0.0,0.0,0.0,0.0,0.0,0.0,0.0,,,,,,,3.2,3.2,3.2,3.2,3.2,3.2,3.2,3.2,3.2,3.2,3.2,3.2
ASM.N,6.3,0.08,6.86,5.62,7.4,5.46,6.25,0.12,6.98,3.11,4.7,6.98,0.9,3.41,6.98,0.44,2.22,6.98,0.42,1.78,6.98,0.42,1.44,6.98,0.26,1.21
ASMIY.PK,1110.22,0.01,1160.52,1037.64,1248.72,1001.37,1127.77,0.01,661.33,463.86,572.52,661.33,372.61,556.7,813.23,372.61,591.27,813.23,252.25,532.02,813.23,201.38,449.33,813.23,32.66,322.64
ASML.O,1849.4,2.39,1999.96,1748.02,1999.96,1676.28,1838.65,2.38,1141.72,683.48,914.61,1141.72,578.51,820.86,1141.72,578.51,842.75,1141.72,545.77,782.53,1141.72,363.15,722.06,1141.72,77.17,461.22
ASMLF.PK,1850.05,0.01,1989.9,1747.45,1991.64,1674.46,1835.68,0.02,1139.29,683.9,915.0,1139.29,585.54,820.78,1139.29,585.54,842.98,1139.29,543.25,782.5,1139.29,355.8,721.93,1139.29,80.1,540.18
ASMVY.PK,81.71,0.01,93.58,73.24,93.58,65.64,76.71,0.01,36.65,21.75,28.77,36.65,16.8,25.98,44.4,16.8,30.1,44.4,16.8,29.17,50.45,15.91,30.09,50.45,15.91,31.86
ASND.O,266.14,1.5,274.89,235.51,274.89,203.8,239.29,0.98,229.94,160.86,196.52,229.94,118.03,175.3,229.94,111.09,155.7,229.94,64.33,136.73,229.94,61.58,131.61,229.94,11.92,102.0
ASO.O,47.57,1.91,51.66,46.13,57.14,46.13,49.53,1.99,57.43,41.29,50.32,59.25,33.34,48.37,75.73,33.34,53.09,75.73,33.34,53.77,75.73,19.87,47.64,75.73,12.05,46.13
ASOZY.PK,12.74,0.0,48.3,0.0,54.6,0.0,18.07,0.0,,,,,,,,,,,,,,,,,,
ASR.N,308.84,0.02,316.09,302.53,316.09,275.0,299.14,0.02,348.7,292.9,315.48,353.36,250.77,304.54,357.8,248.88,299.3,357.8,167.47,289.26,357.8,155.61,252.81,357.8,82.16,206.33
ASTE.O,60.18,0.26,63.06,56.98,63.06,49.29,55.95,0.22,50.83,37.82,44.68,50.83,29.65,40.54,50.83,28.46,37.74,56.33,28.46,39.3,80.0,28.46,45.5,80.0,25.17,47.1
ASTH.O,46.48,1.15,51.6,41.82,51.6,35.99,41.91,0.83,34.8,20.12,26.83,39.97,20.12,28.72,63.2,20.12,36.34,63.2,20.12,35.65,133.23,18.26,41.29,133.23,1.41,29.79
ASTS.O,80.65,21.22,91.82,63.72,100.94,63.72,82.24,24.35,102.79,36.08,59.78,102.79,17.5,43.93,102.79,1.97,28.93,102.79,1.97,20.91,102.79,1.97,16.29,102.79,1.97,15.36
ASX.N,42.5,6.21,45.51,38.51,45.51,32.73,39.76,6.14,16.5,9.3,12.34,16.5,6.95,11.07,16.5,6.95,10.63,16.5,6.21,9.68,16.5,4.46,8.66,16.5,3.18,7.2
ASXFY.PK,35.85,0.04,36.91,33.34,36.91,33.19,35.25,0.06,48.43,33.25,39.98,48.43,33.25,41.36,48.43,33.25,41.95,49.98,33.25,41.94,69.61,33.25,47.42,69.61,25.7,47.19
ATAI.O,5.08,17.75,5.52,4.15,5.52,3.67,4.38,9.79,6.75,2.36,4.39,6.75,1.15,3.1,6.75,1.03,2.33,6.75,1.02,2.1,22.91,1.02,4.04,22.91,1.02,4.04
ATAT.O,32.18,1.02,33.59,31.14,34.39,31.14,32.72,0.94,43.17,32.06,37.86,43.17,21.5,33.28,43.17,15.22,26.87,43.17,14.8,24.7,43.17,11.02,24.3,43.17,11.02,24.3
ATDRY.PK,1.61,0.6,1.66,1.54,1.66,1.45,1.55,1.21,2.83,1.89,2.48,3.1,1.89,2.52,3.1,1.89,2.51,3.1,1.49,2.31,3.1,1.3,2.18,3.1,0.99,1.85
ATEAY.PK,2.6,0.0,9.32,0.0,9.32,0.0,2.36,0.0,,,,,,,,,,,,,,,,,,
ATEC.O,9.06,3.66,9.56,8.49,9.56,7.86,8.61,3.4,22.66,10.11,16.21,22.66,8.81,13.73,22.66,4.88,12.1,22.66,4.88,12.84,22.66,4.88,12.44,22.66,1.18,8.3
ATEN.K,36.31,1.38,38.39,33.78,38.39,29.83,33.96,1.35,20.28,16.52,17.9,21.9,13.81,18.01,21.9,12.27,16.19,21.9,10.04,15.52,21.9,8.42,14.69,21.9,3.43,10.91
ATEN.N,36.31,0.45,38.34,33.9,38.34,29.9,33.96,0.49,,,,,,,,,,,,,,,,,,
ATEYY.PK,197.12,0.45,222.45,173.03,222.45,144.72,185.93,0.24,152.7,64.91,102.76,152.7,33.7,78.7,152.7,31.19,61.39,152.7,15.65,49.96,152.7,11.31,37.7,152.7,1.91,24.3
ATGE.K,104.07,0.31,108.06,99.1,108.06,104.3,106.14,0.34,156.26,86.97,121.28,156.26,86.26,115.35,156.26,43.78,91.22,156.26,33.59,75.36,156.26,19.14,59.3,156.26,15.36,47.71
ATHM.K,18.75,0.91,19.54,17.68,19.54,16.57,18.3,0.94,29.92,21.93,26.64,32.7,21.93,26.89,34.7,21.89,26.95,38.91,21.89,28.05,147.67,20.49,36.99,147.67,19.12,51.64
ATHM.N,18.75,0.25,19.44,17.7,19.44,16.65,18.3,0.28,,,,,,,,,,,,,,,,,,
ATHOF.PK,7.16,0.23,7.6,6.98,8.52,6.98,7.59,0.32,5.73,3.99,4.7,5.73,2.86,4.17,5.73,2.86,3.92,5.73,1.59,3.44,5.73,0.14,2.53,5.73,0.07,1.75
ATHS.N,24.51,0.02,24.7,24.29,25.02,24.29,24.62,0.01,26.17,24.97,25.38,26.17,24.01,25.28,26.17,0.0,22.75,26.17,0.0,15.19,26.17,0.0,9.1,26.17,0.0,4.54
ATI.N,194.86,0.85,204.47,184.95,205.0,176.7,194.96,0.67,117.48,70.46,89.25,117.48,39.23,76.29,117.48,38.07,65.95,117.48,29.4,57.5,117.48,13.86,43.67,117.48,4.95,31.45
ATKR.K,74.44,0.37,81.53,68.2,83.06,68.2,77.37,0.38,80.06,53.49,65.23,89.46,49.92,66.62,194.98,49.92,97.68,194.98,49.92,111.39,194.98,42.07,102.63,194.98,10.85,65.35
ATKR.N,74.44,0.16,81.23,68.29,82.58,68.29,77.37,0.15,,,,,,,,,,,,,,,,,,
ATLCY.PK,17.54,0.02,17.96,17.04,18.24,16.6,17.47,0.02,16.75,13.12,14.86,16.75,11.88,14.67,17.38,11.88,14.93,17.38,10.01,13.94,17.38,7.83,13.04,17.38,3.48,9.85
ATLKY.PK,20.03,0.27,20.46,19.42,20.89,18.77,19.9,0.71,18.55,14.89,16.77,18.55,13.41,16.58,20.03,13.41,16.97,20.03,11.14,15.84,20.03,8.63,14.92,20.03,3.66,11.14
ATMU.K,51.63,1.05,54.26,48.74,54.26,45.86,50.46,0.98,54.84,36.09,45.18,54.84,30.94,41.45,54.84,21.09,36.69,54.84,18.21,33.3,54.84,18.21,33.3,54.84,18.21,33.3
ATMU.N,51.63,0.49,54.26,48.77,54.26,45.94,50.46,0.41,,,,,,,,,,,,,,,,,,
ATO.N,174.24,0.52,176.88,172.05,176.88,166.74,171.31,0.56,180.41,150.12,167.18,180.41,136.2,159.13,180.41,110.48,142.32,180.41,101.0,133.06,180.41,84.59,121.37,180.41,61.53,105.85
ATOGY.PK,0.0,0.0,0.0,0.0,0.0,0.0,0.0,0.0,,,,,,,5.37,5.37,5.37,5.37,5.37,5.37,5.37,5.37,5.37,5.37,5.37,5.37
ATR.N,125.88,0.2,127.4,124.06,127.4,111.15,121.15,0.19,164.1,103.45,134.07,164.1,103.45,142.23,177.71,103.45,145.62,177.71,103.45,137.06,177.71,90.23,130.94,177.71,66.34,113.57
ATRC.O,29.84,1.49,33.09,27.24,33.09,26.62,28.68,1.08,42.6,28.96,35.56,43.11,28.29,35.17,43.11,18.94,31.73,59.61,18.94,35.6,89.18,18.94,45.58,89.18,13.44,36.13
ATRO.O,79.58,1.03,88.72,70.2,99.89,70.2,82.12,0.93,56.72,27.27,43.41,56.72,15.49,34.02,56.72,14.13,26.29,56.72,9.92,22.84,56.72,7.46,18.87,56.72,6.3,22.77
ATROB.PK,78.78,0.23,88.5,69.0,97.0,0.0,77.25,0.11,55.45,27.48,44.5,55.45,14.86,35.2,55.45,13.5,27.78,55.45,10.07,23.54,55.45,7.1,19.6,55.45,6.29,24.21
ATS.N,28.11,0.03,28.93,26.94,29.28,26.17,27.79,0.04,32.86,23.87,27.76,32.86,20.95,27.7,44.58,20.95,30.23,48.89,20.95,32.96,48.89,20.95,32.96,48.89,20.95,32.96
ATUSF.PK,44.29,0.03,46.08,40.72,46.08,38.44,42.52,0.04,31.63,19.5,24.33,31.63,15.14,21.6,31.63,11.89,18.92,31.63,11.89,17.83,31.63,10.38,16.38,31.63,1.83,12.58
ATVDY.PK,0.77,0.0,5.87,0.0,5.87,0.0,0.86,0.0,7.05,5.36,6.11,7.51,4.38,6.18,7.51,3.8,5.6,7.51,3.26,5.28,7.51,2.5,4.78,12.47,2.3,5.2
ATVK.PK,3.89,0.0,11.5,0.0,12.5,0.0,2.8,0.0,,,,,,,,,,,,,,,,,,
ATZAF.PK,109.42,0.09,112.84,104.5,124.48,104.5,113.72,0.09,89.0,49.12,65.02,89.0,25.48,54.21,89.0,18.61,41.89,89.0,15.0,36.11,89.0,15.0,34.76,89.0,6.45,29.2
AU.N,81.89,1.75,85.23,78.49,97.14,77.18,84.56,1.43,91.58,44.68,66.95,91.58,23.52,52.33,91.58,15.8,38.32,91.58,14.91,32.42,91.58,11.95,27.06,91.58,7.08,21.09
AUB.N,42.25,0.69,43.61,40.87,43.61,37.92,40.46,0.52,37.4,30.39,34.19,39.23,22.86,33.19,44.54,22.86,34.64,44.54,22.86,33.59,44.54,22.86,33.59,44.54,22.86,33.59
AUGO.O,63.64,1.41,68.01,57.84,71.04,52.86,62.04,1.24,54.3,22.24,33.89,54.3,11.69,27.22,54.3,6.17,20.53,54.3,5.66,18.47,54.3,4.76,14.73,54.3,0.47,10.33
AUKNY.PK,6.93,0.0,24.69,0.0,24.69,0.0,6.34,0.0,24.82,20.69,22.67,25.24,20.26,22.97,26.44,20.26,22.91,28.19,20.26,23.64,29.52,19.51,23.99,32.87,12.85,23.98
AUOTY.PK,9.46,0.04,10.27,8.58,10.27,7.0,8.6,0.04,5.55,3.25,4.3,6.4,3.25,4.6,6.4,3.25,4.98,8.2,3.25,5.24,18.75,3.25,6.54,18.75,2.25,5.54
AUPH.O,16.49,2.68,18.92,15.19,19.25,15.19,16.48,1.96,16.54,7.28,12.55,16.54,6.55,10.36,16.54,4.71,8.47,16.54,4.71,8.75,33.97,4.07,10.65,33.97,1.42,9.02
AUR.O,6.65,26.71,7.66,5.91,7.66,5.81,6.38,31.38,6.64,3.6,5.22,10.77,3.6,5.95,10.77,2.1,4.99,10.77,1.14,4.06,17.77,1.1,4.8,17.77,1.1,4.8
AVA.N,41.07,0.46,41.78,40.51,42.87,39.07,41.11,0.39,41.94,35.51,38.11,42.93,34.8,38.4,42.93,31.92,37.36,45.28,30.55,37.68,49.14,30.55,39.51,53.0,30.55,41.92
AVAH.O,8.84,2.7,9.7,8.38,9.7,6.55,7.95,2.34,10.32,3.73,7.68,10.32,3.67,6.32,10.32,2.0,4.99,10.32,0.7,3.82,13.0,0.67,4.42,13.0,0.67,4.42
AVAL.K,5.08,0.12,5.28,4.91,6.2,4.76,5.25,0.32,4.5,2.8,3.57,4.5,2.03,3.15,4.5,1.94,2.7,4.5,1.94,2.59,7.03,1.94,3.49,9.51,1.94,5.48
AVAL.N,5.08,0.03,5.28,4.93,6.1,4.77,5.25,0.07,,,,,,,,,,,,,,,,,,
AVAV.O,159.84,4.02,200.38,135.2,200.38,135.2,164.49,2.18,417.86,220.88,286.54,417.86,102.25,225.55,417.86,102.25,199.02,417.86,81.04,167.14,417.86,52.03,137.1,417.86,22.16,95.42
AVB.N,190.9,0.45,195.1,184.9,195.1,176.39,186.35,0.5,206.24,169.9,188.1,230.0,169.9,199.12,239.01,169.63,201.6,239.01,153.2,193.46,258.91,153.2,199.68,258.91,118.26,190.37
AVDL.O,0.0,0.0,0.0,0.0,0.0,0.0,0.0,0.0,23.57,8.52,16.21,23.57,6.38,12.49,23.57,6.38,13.57,23.57,6.35,12.91,23.57,1.05,10.57,23.57,1.03,9.03
AVEX.N,18.77,0.96,22.4,15.08,24.39,15.08,19.44,0.71,0.0,0.0,0.0,0.0,0.0,0.0,0.0,0.0,0.0,0.0,0.0,0.0,0.0,0.0,0.0,0.0,0.0,0.0
AVGO.O,371.12,26.59,388.8,356.43,414.64,356.43,381.87,31.57,414.61,262.66,332.2,414.61,138.1,274.73,414.61,104.15,213.48,414.61,55.0,168.54,414.61,41.51,121.74,414.61,11.42,73.22
AVHNY.PK,0.0,0.0,0.0,0.0,0.0,0.0,0.0,0.0,26.3,26.3,26.3,26.3,26.3,26.3,26.3,26.3,26.3,26.3,26.3,26.3,26.3,15.63,18.2,26.3,12.3,16.05
AVIFY.PK,11.61,0.0,12.04,11.0,12.04,10.03,11.26,0.0,10.88,7.81,9.48,10.88,7.17,9.12,10.88,5.1,8.05,10.88,5.1,7.63,10.88,4.73,6.68,10.88,3.57,5.97
AVNS.N,24.88,0.37,24.95,24.46,25.1,24.46,24.93,0.31,12.98,9.31,11.58,17.69,9.31,12.79,25.3,9.31,16.6,31.94,9.31,19.28,53.55,9.31,24.86,72.93,9.31,32.56
AVNT.K,37.39,1.32,39.04,36.14,39.04,33.53,36.87,1.12,38.31,27.48,32.86,44.78,27.48,35.33,54.68,27.48,39.85,54.68,27.48,39.29,61.46,27.48,42.13,61.46,8.68,38.09
AVNT.N,37.39,0.53,39.03,36.17,39.03,33.96,36.87,0.43,,,,,,,,,,,,,,,,,,
AVPT.O,11.21,3.08,12.06,10.15,12.06,9.71,10.83,2.75,19.95,11.49,15.3,20.24,11.49,16.17,20.24,7.08,13.43,20.24,3.89,10.95,20.24,3.4,9.68,20.24,3.4,9.83
AVSFY.PK,0.0,0.0,0.0,0.0,0.0,0.0,0.0,0.0,,,,,,,,,,,,,,,,,,
AVT.O,86.51,1.28,91.77,81.1,93.37,81.1,88.33,1.44,57.24,44.25,51.47,57.24,39.22,50.82,59.24,39.22,51.05,59.24,39.22,49.42,59.24,34.82,46.11,59.24,17.85,42.83
AVTR.K,10.14,8.77,10.54,9.78,10.54,9.15,9.79,8.95,15.93,10.62,12.6,23.32,10.62,14.39,28.0,10.62,19.08,28.0,10.62,19.78,44.37,10.62,24.59,44.37,6.66,23.11
AVTR.N,10.14,2.65,10.54,9.78,10.54,9.15,9.79,2.63,,,,,,,,,,,,,,,,,,
AVVIY.PK,17.43,0.04,18.23,17.03,18.23,16.13,17.04,0.05,19.0,16.54,17.94,19.0,11.49,16.25,19.0,10.5,14.22,19.0,9.25,12.92,19.0,8.05,13.01,20.01,6.21,13.95
AVVSY.PK,8.75,0.0,9.73,8.16,11.28,0.0,9.1,0.0,15.03,0.0,4.71,15.03,0.0,2.41,15.03,0.0,1.2,15.03,0.0,0.8,15.03,0.0,0.48,15.03,0.0,0.24
AVY.N,164.6,0.26,167.81,161.65,167.81,152.42,160.9,0.28,189.0,156.7,172.63,196.3,156.7,176.0,231.53,156.7,194.25,231.53,156.7,189.57,231.53,147.52,190.11,231.53,57.07,145.59
AWATY.PK,0.0,0.0,0.0,0.0,0.0,0.0,0.0,0.0,0.0,0.0,0.0,0.0,0.0,0.0,0.0,0.0,0.0,0.0,0.0,0.0,0.0,0.0,0.0,0.0,0.0,0.0
AWI.N,159.97,0.15,163.16,156.36,163.16,151.68,157.15,0.14,205.91,162.21,188.41,205.91,123.45,168.63,205.91,95.31,146.44,205.91,62.13,122.72,205.91,62.13,110.74,205.91,31.16,87.12
AWK.N,132.64,0.98,136.91,128.75,136.91,122.01,128.46,0.89,147.82,124.0,137.45,155.29,118.84,137.53,155.29,113.39,134.59,162.55,113.39,136.48,189.65,113.39,145.06,189.65,58.9,121.45
AWR.N,82.84,0.23,85.2,79.59,85.2,76.31,79.75,0.17,78.78,69.55,74.01,82.8,69.55,75.44,87.39,66.03,76.59,99.15,66.03,79.88,103.72,66.03,82.17,103.72,37.28,71.73
AX.N,97.55,0.26,100.83,94.13,100.83,86.89,92.43,0.21,93.49,74.91,84.75,93.49,54.5,76.44,93.49,44.71,68.97,93.49,32.07,59.83,93.49,32.07,54.15,93.49,13.47,40.75
AXAHF.PK,42.63,0.0,50.8,0.0,50.8,0.0,30.79,0.02,50.76,43.32,46.74,50.76,34.12,44.71,50.76,31.1,39.9,50.76,27.5,36.54,50.76,20.46,32.15,50.76,12.52,28.09
AXAHY.PK,49.77,0.08,50.71,48.78,50.71,45.4,48.55,0.12,50.95,43.04,46.91,50.95,34.1,44.94,50.95,31.04,40.36,50.95,27.36,37.01,50.95,20.62,32.86,50.95,12.72,28.75
AXBKY.PK,0.0,0.0,0.0,0.0,0.0,0.0,0.0,0.0,,,,,,,,,,,,,,,,,,
AXFOY.PK,0.0,0.0,0.0,0.0,0.0,0.0,0.0,0.0,,,,,,,,,,,,,,,,,,
AXGN.O,45.17,1.82,46.95,42.18,46.95,40.33,44.0,1.66,34.24,10.58,19.55,34.24,9.22,17.59,34.24,5.55,13.92,34.24,3.45,11.86,34.24,3.45,12.53,56.85,3.45,15.27
AXIA.K,11.23,1.98,11.61,10.7,11.25,11.06,11.21,1.67,10.43,5.53,7.75,10.43,4.52,6.75,10.43,4.49,6.38,10.43,4.49,6.29,10.43,3.86,6.24,10.43,0.92,5.65
AXIA.N,10.56,0.84,10.82,10.22,10.82,9.63,10.32,0.83,10.43,5.53,7.75,10.43,4.52,6.75,10.43,4.5,6.38,10.43,4.5,6.29,10.43,3.86,6.24,10.43,0.93,5.72
AXIA_p.K,12.02,0.02,12.49,11.36,12.13,11.81,12.1,0.01,12.5,6.8,9.27,12.5,5.72,8.27,12.5,5.72,8.27,12.5,5.72,8.27,12.5,5.72,8.27,12.5,5.72,8.27
AXIA_P.K,11.9,0.02,12.49,10.98,12.49,11.86,11.99,0.01,12.5,6.8,9.27,12.5,5.63,8.21,12.5,5.56,7.87,12.5,5.56,7.78,12.5,4.59,7.5,12.5,1.76,6.95
AXIA_p.N,7.92,0.0,11.44,0.0,0.0,0.0,0.0,0.0,12.45,6.8,9.27,12.45,5.63,8.21,12.45,5.59,7.87,12.45,5.59,7.78,12.45,0.0,7.49,12.45,0.0,6.67
AXIA_pc.N,11.17,0.08,11.48,10.84,11.46,10.84,11.21,0.05,8.95,7.65,8.64,8.95,7.65,8.64,8.95,7.65,8.64,8.95,7.65,8.64,8.95,7.65,8.64,8.95,7.65,8.64
AXON.O,542.02,1.4,623.96,440.0,623.96,402.0,477.79,1.16,885.92,508.72,689.66,885.92,469.24,662.33,885.92,241.72,514.36,885.92,164.66,412.19,885.92,82.49,305.49,885.92,13.56,177.41
AXP.N,345.42,1.16,358.1,336.6,358.1,309.78,335.73,1.1,387.36,288.51,337.96,387.36,220.64,313.78,387.36,177.82,278.9,387.36,140.93,240.35,387.36,112.11,207.76,387.36,50.27,150.8
AXS.N,109.31,0.31,113.75,104.11,113.75,96.14,104.38,0.28,110.08,88.12,98.09,110.08,84.53,97.06,110.08,53.88,84.58,110.08,51.26,75.04,110.08,44.26,66.22,110.08,31.82,60.96
AXS_pe.N,19.04,0.04,19.34,18.71,19.7,18.71,19.3,0.02,21.96,19.88,20.92,21.96,19.6,20.77,23.66,19.6,21.38,23.71,18.82,21.23,25.93,18.82,22.36,26.67,14.0,23.34
AXSM.O,241.78,1.99,251.25,236.47,260.19,233.29,245.49,1.22,184.4,96.09,126.13,184.4,79.19,118.18,184.4,64.11,101.2,184.4,53.71,90.92,184.4,19.38,73.42,184.4,1.94,48.5
AXTA.K,34.54,1.52,35.43,33.44,35.43,31.84,33.83,2.26,33.11,26.28,29.72,38.37,26.28,31.47,41.66,26.28,33.2,41.66,25.03,32.06,41.66,20.66,30.47,41.66,12.92,29.15
AXTA.N,34.54,0.44,35.4,33.45,35.4,31.84,33.83,0.72,,,,,,,,,,,,,,,,,,
AXTI.O,66.85,9.46,73.58,53.36,116.75,53.36,80.46,10.16,17.25,1.85,6.26,17.25,1.13,4.05,17.25,1.13,3.52,17.25,1.13,3.44,17.25,1.13,5.39,17.25,1.13,5.45
AYAAY.PK,0.71,0.0,5.0,0.0,5.0,0.0,0.26,0.0,,,,,,,,,,,,,,,,,,
AYALY.PK,4.05,0.0,7.88,0.0,7.88,0.0,3.55,0.0,15.31,6.89,8.28,15.31,6.89,8.28,59.99,6.89,11.02,999.0,6.89,28.43,999.0,6.89,22.7,999.0,6.89,18.76
AYI.N,363.85,0.17,378.59,336.4,378.59,279.99,324.59,0.15,378.83,283.27,340.16,378.83,218.21,310.94,378.83,200.93,287.85,378.83,149.66,249.35,378.83,114.54,219.61,378.83,67.46,189.16
AZBLY.PK,0.0,0.0,0.0,0.0,0.0,0.0,0.0,0.0,,,,,,,,,,,,,,,,,,
AZLGY.PK,0.0,0.0,0.0,0.0,0.0,0.0,0.0,0.0,,,,,,,,,,,,,,,,,,
AZLUD.PK,9.18,0.04,9.83,8.65,9.83,7.84,8.87,0.06,0.0,0.0,0.0,0.0,0.0,0.0,0.0,0.0,0.0,0.0,0.0,0.0,0.0,0.0,0.0,0.0,0.0,0.0
AZLUY.PK,9.18,0.04,9.83,8.65,9.83,7.84,8.87,0.06,0.0,0.0,0.0,0.0,0.0,0.0,0.0,0.0,0.0,0.0,0.0,0.0,0.0,0.0,0.0,0.0,0.0,0.0
AZN.L,14425.43,3.28,15186.0,13686.0,15186.0,14812.0,15118.0,5.9,14206.0,10103.0,12193.18,14206.0,9573.5,11590.6,14206.0,9443.0,11490.21,14206.0,9443.0,11324.93,14206.0,6499.8,10449.38,14206.0,3680.0,8155.62
AZN.N,189.12,0.46,196.4,183.57,196.4,173.67,183.06,0.37,,,,,,,,,,,,,,,,,,
AZNCF.PK,189.12,2.24,196.41,183.49,196.41,173.66,183.06,2.0,188.5,134.9,162.99,188.5,122.26,152.38,188.5,118.16,148.33,188.5,118.16,144.27,188.5,93.13,133.32,188.5,49.89,113.52
AZO.N,3124.63,0.05,3238.35,2950.0,3238.35,2949.06,3096.47,0.06,4363.31,3347.47,3894.76,4363.31,3167.49,3736.37,4363.31,2512.69,3370.54,4363.31,2283.0,3088.87,4363.31,1115.66,2591.12,4363.31,491.75,1724.51
AZTA.O,25.55,0.71,27.05,24.03,27.05,21.77,23.8,0.75,38.22,26.46,31.84,55.64,23.91,34.33,69.16,23.91,44.02,69.16,23.91,45.83,124.79,23.91,59.9,124.79,8.33,44.85
AZZ.N,153.83,0.16,162.04,147.05,162.04,136.91,151.49,0.13,119.95,94.81,107.3,119.95,73.45,98.25,119.95,55.86,87.82,119.95,34.6,73.12,119.95,30.21,63.13,119.95,19.31,55.3
B.N,37.21,1.6,38.56,35.78,43.74,35.78,38.77,2.02,46.44,20.53,31.43,46.44,15.31,25.14,46.44,13.76,21.3,46.44,13.76,19.95,46.44,13.01,19.81,46.44,7.24,18.28
BA.N,220.88,1.92,234.81,214.0,234.81,208.0,220.46,1.64,242.59,176.87,215.57,242.59,128.92,198.75,258.5,128.92,188.19,267.54,128.92,196.13,278.5,113.03,195.84,445.95,89.0,223.44
BABA.K,96.2,14.86,99.46,91.99,122.42,91.99,105.24,13.33,192.67,103.71,146.94,192.67,79.43,131.86,192.67,65.54,106.2,192.67,65.54,100.23,269.82,57.07,118.24,314.12,57.07,139.58
BABA.N,96.2,2.39,99.43,92.87,122.41,92.87,105.24,2.3,,,,,,,,,,,,,,,,,,
BABAF.PK,12.47,0.1,13.5,10.98,16.19,10.98,13.59,0.34,23.99,12.6,18.53,23.99,9.94,16.59,23.99,7.95,13.36,23.99,7.95,12.57,34.5,7.23,14.86,40.5,7.23,17.21
BABWF.PK,2.64,0.01,6.65,0.0,6.65,0.0,2.14,0.0,5.65,4.65,5.12,5.65,2.9,4.42,5.65,1.64,3.23,5.65,1.57,2.7,5.65,1.05,2.38,6.38,1.05,2.87
BAC.N,58.27,12.58,59.94,56.85,59.94,53.58,56.85,12.59,56.53,44.75,50.82,56.53,33.07,47.15,56.53,31.27,43.18,56.53,24.96,38.82,56.53,24.96,38.81,56.53,10.99,31.97
BAC_pe.N,18.73,0.03,18.91,18.4,18.91,18.4,18.74,0.01,22.07,18.56,20.99,24.6,18.56,21.82,24.96,18.56,22.79,24.96,18.41,22.06,26.02,18.0,22.46,26.68,0.0,22.89
BAC_pl.N,1256.03,0.0,1266.91,1236.04,1266.91,1216.86,1244.94,0.0,1297.88,1195.31,1250.19,1297.88,1150.0,1227.31,1297.88,1148.15,1219.25,1297.88,1036.88,1200.19,1520.0,1036.88,1258.17,1610.0,1036.88,1282.87
BAC_pm.N,21.44,0.03,21.62,21.29,21.62,21.14,21.35,0.03,23.6,21.75,22.52,23.83,20.83,22.46,24.88,20.83,23.03,24.88,20.56,22.89,28.29,20.56,23.87,28.29,0.0,15.93
BACHF.PK,0.29,0.0,0.69,0.0,0.71,0.0,0.32,0.19,0.64,0.5,0.57,0.64,0.46,0.57,0.64,0.34,0.51,0.64,0.32,0.47,0.64,0.3,0.42,0.64,0.3,0.43
BACHY.PK,15.79,0.09,16.76,14.81,17.69,14.81,16.63,0.06,15.5,12.95,14.29,15.56,12.04,14.17,15.56,8.96,12.63,15.56,8.16,11.51,15.56,7.98,10.54,15.56,7.61,10.73
BACRP.PK,54.82,0.0,198.77,0.0,198.77,0.0,39.67,0.0,255.0,191.01,225.98,377.0,180.75,219.74,569.0,151.0,215.98,569.0,118.25,224.57,569.0,95.0,220.66,569.0,8.0,220.09
BAESF.PK,24.94,0.03,28.45,22.98,28.45,22.98,25.06,0.03,29.37,21.12,24.54,29.37,14.03,22.66,29.37,14.03,19.56,29.37,9.85,17.13,29.37,6.22,13.61,29.37,5.0,10.64
BAESY.PK,99.68,0.49,108.7,93.65,108.7,93.65,99.96,0.4,111.96,84.5,98.33,111.96,56.55,90.96,111.96,56.19,78.52,111.96,40.31,68.86,111.96,25.4,54.63,111.96,19.89,41.87
BAH.N,61.34,1.11,64.53,59.5,80.33,59.5,68.18,0.94,120.0,79.23,98.2,146.0,79.23,106.98,190.59,79.23,128.52,190.59,79.23,121.84,190.59,69.68,108.23,190.59,25.18,79.5
BAK.N,2.47,0.74,2.91,2.26,4.06,2.26,3.04,0.79,3.8,2.32,2.97,5.09,2.32,3.42,10.98,2.32,5.23,12.67,2.32,6.39,26.93,2.32,10.53,26.93,2.32,10.48
BALL.K,62.24,2.74,63.94,60.9,63.94,51.96,59.01,3.4,60.28,44.83,51.64,60.28,43.51,51.99,71.32,43.51,57.59,71.32,42.81,56.39,98.09,42.81,65.61,102.76,31.15,58.71
BALL.N,62.24,1.02,63.4,60.94,63.4,51.97,59.01,1.17,,,,,,,,,,,,,,,,,,
BAM.N,45.2,0.79,47.38,43.61,49.69,43.61,46.33,0.9,64.08,48.72,56.62,64.08,41.8,55.38,64.08,37.2,49.65,64.08,28.26,44.14,64.08,26.81,43.75,64.08,26.81,43.75
BANC.K,20.59,3.65,21.07,20.12,21.07,19.16,20.2,3.0,20.17,13.96,16.79,20.17,11.52,15.61,20.17,11.52,14.98,20.17,9.72,14.38,22.09,9.72,15.93,23.4,6.44,16.3
BANC.N,20.59,1.28,21.07,20.13,21.07,19.17,20.2,1.07,,,,,,,,,,,,,,,,,,
BANF.O,113.47,0.31,117.0,110.31,117.5,109.65,113.12,0.24,138.77,105.55,121.15,138.77,97.02,119.36,138.77,81.21,109.06,138.77,68.44,102.11,138.77,53.77,92.26,138.77,25.57,70.35
BANR.O,67.29,0.32,68.42,65.97,68.42,64.0,66.5,0.28,69.83,58.5,64.48,72.58,54.0,64.52,78.05,42.0,59.51,78.05,39.31,56.27,78.05,39.31,57.1,78.05,27.12,53.4
BAP.N,387.05,0.08,398.84,375.54,398.84,300.52,373.19,0.12,291.98,219.34,256.07,291.98,167.7,225.92,291.98,144.38,198.4,291.98,116.4,177.85,291.98,85.17,159.06,291.98,57.57,155.53
BASFY.PK,13.48,0.16,13.72,13.15,14.46,13.15,13.84,0.19,14.1,11.93,12.75,14.76,10.57,12.56,14.89,10.57,12.51,14.89,10.57,12.54,21.77,9.01,14.1,30.22,9.01,17.22
BATRA.O,56.57,0.07,57.83,55.53,57.83,52.0,55.56,0.06,50.5,41.74,45.13,50.5,38.67,44.29,50.5,38.67,43.39,54.94,31.53,41.88,54.94,24.5,36.4,54.94,13.13,30.1
BATRB.PK,10.0,0.0,70.0,0.0,70.0,0.0,10.55,0.0,62.75,51.75,56.98,62.75,45.04,55.92,62.75,42.0,52.26,63.0,36.0,51.89,63.0,25.4,44.67,63.0,14.5,35.74
BATRK.O,51.78,0.92,53.25,50.61,53.25,48.85,51.19,0.73,47.18,37.76,41.83,47.18,35.46,40.92,47.18,35.46,40.45,50.15,31.25,39.1,50.15,23.34,34.46,50.15,12.45,29.04
BAWAY.PK,49.96,0.0,53.76,48.07,53.76,42.55,48.32,0.02,39.73,0.0,1.4,39.73,0.0,1.93,39.73,0.0,0.96,39.73,0.0,0.64,39.73,0.0,0.38,39.73,0.0,0.19
BAX.N,21.98,2.48,22.81,21.24,22.81,19.05,20.85,2.48,31.75,17.4,22.69,37.73,17.4,26.98,44.0,17.4,31.98,53.1,17.4,34.97,89.69,17.4,50.64,95.17,17.4,58.91
BAYRY.PK,13.83,1.4,15.23,11.27,15.23,10.1,11.75,0.96,10.97,7.19,8.42,10.97,4.83,7.39,10.97,4.79,7.33,17.0,4.79,9.39,18.45,4.79,11.57,34.89,4.79,17.51
BB.N,11.8,7.26,13.59,9.7,13.59,8.2,9.99,6.32,5.08,3.56,4.18,6.24,2.81,4.17,6.24,2.02,3.42,6.24,2.02,3.74,28.77,2.02,5.55,28.77,2.02,6.77
BBAI.K,3.56,29.62,3.78,3.33,4.49,3.33,3.81,31.41,9.39,4.65,6.47,10.36,2.36,5.35,10.36,1.16,3.61,10.36,0.67,3.12,16.12,0.58,4.38,16.12,0.58,4.38
BBAI.N,3.56,5.4,3.78,3.35,4.48,3.35,3.81,4.85,,,,,,,,,,,,,,,,,,
BBAR.K,19.58,0.51,20.99,18.59,22.46,17.19,19.76,0.76,19.08,7.7,13.82,24.69,7.7,16.58,24.69,3.85,13.06,24.69,2.89,10.01,24.69,1.52,6.93,24.69,1.52,8.33
BBAR.N,19.58,0.1,20.97,18.59,22.45,17.21,19.76,0.14,,,,,,,,,,,,,,,,,,
BBD.N,3.46,6.21,3.52,3.34,3.6,3.28,3.42,4.89,3.76,2.73,3.21,3.76,1.85,2.79,3.76,1.84,2.7,3.76,1.84,2.81,5.18,1.84,3.17,7.91,1.84,4.14
BBDO.K,2.98,0.05,3.09,2.91,3.14,2.82,2.96,0.07,3.31,2.37,2.82,3.31,1.73,2.49,3.31,1.71,2.42,3.31,1.71,2.5,4.41,1.71,2.77,7.44,1.71,3.75
BBDO.N,2.98,0.01,3.06,2.94,3.12,2.82,2.96,0.01,,,,,,,,,,,,,,,,,,
BBIO.O,73.7,6.55,79.25,68.82,79.25,65.59,69.89,4.0,78.44,41.8,57.21,78.44,27.53,46.4,78.44,21.62,37.31,78.44,7.1,32.0,78.44,4.98,32.05,78.44,4.98,32.21
BBMPY.PK,0.0,0.0,0.0,0.0,0.0,0.0,0.0,0.0,,,,1.52,1.52,1.52,1.52,1.52,1.52,1.52,1.52,1.52,1.52,1.52,1.52,1.52,1.52,1.52
BBN.N,16.12,0.03,16.3,15.98,16.3,15.85,16.04,0.02,17.43,15.6,16.56,17.43,15.39,16.38,18.42,15.39,16.5,18.5,14.33,16.52,27.12,14.33,18.98,27.46,14.33,21.09
BBSEY.PK,7.57,0.18,7.7,7.25,8.0,6.92,7.5,0.19,6.88,5.8,6.26,8.08,5.74,6.53,8.08,5.38,6.43,8.08,5.38,6.46,8.08,3.37,5.76,9.66,3.37,6.48
BBT.N,30.69,0.5,31.34,29.96,31.34,28.98,30.15,0.39,28.37,23.0,25.49,30.49,22.3,25.92,32.33,20.5,25.45,32.33,18.07,24.72,32.33,16.35,25.51,44.1,8.56,27.59
BBU.N,0.0,0.0,0.0,0.0,0.0,0.0,0.0,0.0,36.89,23.31,30.49,36.89,18.71,26.99,36.89,16.85,24.09,36.89,12.24,21.85,36.89,12.24,23.42,36.89,11.56,22.33
BBUC.K,30.7,1.36,33.27,29.12,33.58,29.12,31.77,0.77,37.88,28.29,33.68,37.88,21.52,30.13,37.88,18.21,26.5,37.88,14.0,24.1,37.88,0.0,18.5,37.88,0.0,9.23
BBVA.K,25.06,1.19,26.14,24.24,26.14,22.0,24.19,1.79,23.59,14.63,19.19,23.59,9.44,16.38,23.59,8.63,13.31,23.59,6.15,11.43,23.59,3.93,9.1,23.59,2.46,7.59
BBVA.N,25.06,0.25,26.14,24.24,26.14,22.0,24.19,0.3,,,,,,,,,,,,,,,,,,
BBWI.K,22.51,5.89,23.72,20.97,23.72,17.29,20.75,5.84,33.96,14.28,25.86,41.87,14.28,29.0,52.98,14.28,34.15,52.98,14.28,35.14,82.0,14.28,41.11,82.0,6.47,37.33
BBWI.N,22.51,1.56,23.72,20.97,23.72,17.34,20.75,1.64,,,,,,,,,,,,,,,,,,
BBY.N,77.33,1.28,78.6,74.8,79.5,70.96,76.4,1.4,84.98,63.39,74.01,91.66,55.0,74.52,103.47,55.0,79.45,103.47,55.0,78.36,141.87,55.0,86.27,141.87,25.03,75.41
BC.N,83.56,0.23,88.5,78.3,88.5,78.3,82.52,0.23,76.7,55.0,64.91,76.7,41.05,60.8,96.92,41.05,71.09,99.6,41.05,74.56,117.6,41.05,79.9,117.6,25.24,67.41
BCAT.K,15.88,0.74,16.18,15.64,16.18,15.48,15.8,0.7,15.3,13.73,14.71,15.91,12.91,14.82,17.18,12.91,15.42,17.18,12.91,15.23,23.87,12.91,16.43,24.0,12.91,16.67
BCAT.N,15.88,0.12,16.16,15.64,16.16,15.49,15.8,0.09,,,,,,,,,,,,,,,,,,
BCC.N,77.77,0.2,81.44,73.75,81.44,67.43,73.85,0.17,94.75,65.49,79.27,131.03,65.49,90.25,155.26,65.49,110.97,155.26,52.49,100.9,155.26,35.9,82.1,155.26,9.93,52.76
BCCLF.PK,0.23,0.01,0.84,0.0,0.85,0.0,0.26,0.05,1.45,1.01,1.18,1.45,0.75,1.1,2.53,0.75,1.47,3.0,0.75,1.75,3.0,0.75,1.99,3.0,0.75,1.88
BCCMY.PK,0.0,0.0,0.0,0.0,1.14,0.0,0.06,0.0,2.96,2.46,2.76,3.25,2.28,2.71,3.25,2.25,2.72,3.25,2.21,2.73,4.73,2.21,3.02,14.0,2.21,3.78
BCE.N,21.89,1.32,23.27,20.87,24.88,20.87,23.11,1.22,26.02,22.14,23.69,26.02,20.28,23.2,41.77,20.28,28.38,48.38,20.28,33.27,59.34,20.28,39.71,59.34,20.28,42.02
BCH.N,39.26,0.08,40.36,38.15,41.8,35.9,39.35,0.09,39.16,27.16,32.29,39.16,22.06,29.98,39.16,20.97,26.66,39.16,17.98,24.8,39.16,15.6,22.76,39.16,12.5,23.74
BCHEY.PK,0.0,0.0,0.0,0.0,0.0,0.0,0.0,0.0,17.75,15.54,16.82,17.75,15.4,16.49,23.01,14.55,17.89,23.01,14.55,18.29,28.36,14.55,20.15,36.25,4.9,17.12
BCHMY.PK,9.68,0.02,10.85,8.52,10.85,8.09,9.07,0.01,8.77,0.0,1.55,8.77,0.0,2.02,10.18,0.0,2.63,10.61,0.0,1.88,10.61,0.0,1.13,10.61,0.0,0.56
BCKIY.PK,13.09,0.02,14.15,12.15,14.41,12.15,13.4,0.03,18.18,12.7,15.37,18.18,6.0,13.28,18.18,5.13,11.66,18.18,3.59,11.12,18.18,0.2,10.55,18.18,0.2,10.63
BCLYF.PK,6.81,0.07,7.28,6.5,7.28,5.68,6.56,0.09,6.48,4.24,5.18,6.48,3.0,4.54,6.48,1.71,3.62,6.48,1.53,3.08,6.48,1.46,2.74,6.48,0.87,2.49
BCMXY.PK,5.97,0.0,21.25,0.0,25.8,0.0,7.09,0.0,25.0,20.59,22.2,25.0,19.7,21.6,25.0,15.39,19.86,25.0,13.81,18.4,25.0,12.25,16.89,25.0,12.0,17.11
BCNAY.PK,0.0,0.0,0.0,0.0,0.0,0.0,0.0,0.0,8.46,7.1,7.82,8.46,4.94,7.2,8.94,4.94,7.39,14.73,4.94,8.53,14.73,4.94,8.66,16.96,4.9,9.99
BCO.N,97.28,0.25,104.82,91.07,104.82,91.07,98.69,0.2,122.32,84.99,109.5,122.32,80.2,99.42,122.32,79.1,97.82,122.32,53.99,88.53,122.32,48.39,79.84,122.32,25.88,71.14
BCOMF.PK,0.0,0.0,0.0,0.0,0.0,0.0,0.0,0.0,7.84,3.28,7.22,7.84,3.28,6.54,7.84,2.98,5.52,7.84,1.0,4.67,7.84,0.04,3.33,31.86,0.04,9.59
BCPC.O,169.04,0.35,174.09,164.96,174.09,158.0,166.07,0.27,166.47,139.17,155.09,177.4,139.17,158.98,186.03,135.84,159.93,186.03,110.74,149.87,186.03,106.29,143.78,186.03,53.11,115.29
BCRX.O,9.86,8.34,10.94,9.48,10.94,8.1,9.24,6.23,9.23,6.0,7.78,11.31,6.0,8.23,11.31,4.03,7.41,12.08,4.03,7.49,19.99,4.03,9.73,19.99,1.38,7.39
BCS.N,27.31,1.11,28.42,26.62,28.42,23.64,26.25,1.3,25.82,17.74,20.97,25.82,12.14,18.43,25.82,7.08,14.62,25.82,6.23,12.34,25.82,5.88,11.02,25.82,3.42,9.98
BCUCY.PK,9.37,0.04,9.65,9.01,10.38,9.01,9.67,0.13,13.4,9.51,11.21,14.19,9.51,11.57,14.19,8.84,10.93,14.19,7.13,10.3,14.19,3.95,8.42,14.19,1.78,7.46
BDC.N,117.85,0.27,124.99,113.23,128.4,105.15,116.38,0.2,133.74,105.74,121.28,133.74,83.18,114.78,133.74,71.34,106.47,133.74,60.55,99.03,133.74,40.22,82.31,133.74,25.78,70.66
BDJ.N,9.55,0.15,9.73,9.37,9.73,9.07,9.38,0.11,9.5,8.64,9.02,9.5,7.17,8.79,9.5,7.17,8.55,9.5,6.9,8.43,10.68,6.9,8.87,10.68,4.65,8.64
BDNNY.PK,110.86,0.02,113.84,107.46,124.74,104.47,113.1,0.02,112.88,61.13,80.94,112.88,53.0,72.79,112.88,49.82,66.58,112.88,48.66,66.19,112.88,48.66,69.16,112.88,28.48,65.81
BDORY.PK,3.91,0.27,4.01,3.81,4.01,3.71,3.87,0.43,5.48,3.35,3.97,5.51,3.35,4.31,6.22,3.35,4.7,6.22,3.0,4.66,6.22,2.46,4.07,7.5,0.5,4.31
BDOUY.PK,20.05,0.05,21.11,19.22,22.52,18.73,20.61,0.06,28.15,20.01,24.11,31.2,20.01,25.62,31.2,20.01,25.63,31.2,18.54,25.01,31.2,14.86,22.69,31.2,12.83,22.01
BDRAF.PK,230.49,0.0,241.5,211.14,241.5,0.0,212.68,0.0,175.58,92.64,132.28,175.58,53.38,106.07,175.58,33.37,76.07,175.58,29.16,66.22,175.58,15.25,45.21,175.58,7.02,43.96
BDRBF.PK,230.5,0.02,242.43,215.77,242.43,209.2,223.71,0.03,178.35,87.5,135.56,178.35,45.63,100.74,178.35,31.86,79.44,178.35,29.22,67.14,178.35,8.95,50.79,178.35,4.89,45.99
BDRFY.PK,17.33,1.08,17.78,16.75,17.78,15.78,16.72,0.56,26.41,20.14,22.56,29.73,20.14,24.64,31.91,20.14,26.76,31.91,20.14,26.51,31.91,17.24,24.49,31.91,16.2,23.55
BDUUY.PK,0.0,0.0,0.0,0.0,0.0,0.0,0.0,0.0,28.23,24.41,26.32,28.23,24.41,26.32,32.49,24.41,30.1,32.49,24.41,30.1,32.49,24.41,29.69,32.49,22.73,27.15
BDVSF.PK,0.0,0.0,0.0,0.0,0.0,0.0,0.0,0.0,14.05,13.1,13.43,14.05,13.1,13.48,14.15,12.9,13.58,14.25,12.9,13.52,15.43,11.3,13.16,20.85,5.01,11.0
BDVSY.PK,29.54,0.01,30.15,28.69,30.37,27.84,29.37,0.01,29.04,24.08,26.43,29.04,21.0,26.47,34.55,21.0,27.68,34.55,21.0,27.71,34.55,19.8,26.81,43.5,12.76,25.87
BDWBY.PK,3.22,0.0,3.49,3.03,4.07,0.0,2.67,0.0,4.79,3.91,4.15,5.01,3.49,4.16,7.31,3.49,4.69,14.25,3.49,6.55,17.0,3.49,8.58,17.12,3.49,8.94
BDX.N,154.33,1.32,158.69,147.2,158.69,140.11,149.07,1.06,159.17,127.7,147.78,197.96,127.7,155.14,197.96,127.7,169.97,225.09,127.7,179.78,225.09,127.7,185.05,225.09,99.28,176.01
BE.N,284.91,5.91,351.25,248.0,351.25,230.68,284.96,3.79,147.85,21.53,75.76,147.85,15.17,49.32,147.85,8.42,31.24,147.85,8.42,26.36,147.85,8.42,24.97,147.85,2.44,21.13
BEAM.O,34.51,2.63,37.3,32.84,37.3,28.67,32.69,2.39,31.54,15.6,22.7,35.25,13.52,22.23,49.5,13.52,24.49,50.74,13.52,26.6,138.52,13.52,44.42,138.52,13.0,42.22
BECTY.PK,3.11,0.0,7.35,0.0,8.05,0.0,3.87,0.0,,,,,,,,,,,,,,,,,,
BEKAY.PK,0.0,0.0,0.0,0.0,0.0,0.0,0.0,0.0,4.41,3.94,4.23,4.41,3.5,4.05,5.55,3.5,4.42,5.55,3.5,4.43,5.55,2.8,4.08,5.55,2.16,4.04
BEKE.K,14.69,3.86,15.27,13.81,16.98,13.81,15.37,4.2,20.98,15.38,17.96,25.16,15.38,18.72,26.04,12.44,17.5,26.04,12.44,17.14,77.17,7.23,21.16,78.55,7.23,23.98
BEKE.N,14.69,1.12,15.27,13.82,16.98,13.82,15.37,1.13,,,,,,,,,,,,,,,,,,
BELFA.O,263.76,0.27,293.51,228.25,293.51,226.87,260.45,0.25,159.52,87.67,122.06,159.52,53.95,99.28,159.52,51.0,90.75,159.52,29.82,76.41,159.52,12.38,55.23,159.52,6.08,38.38
BELFB.O,304.59,0.48,335.28,265.33,335.28,260.42,296.49,0.35,179.41,95.45,141.84,179.41,58.0,110.51,179.41,45.74,89.45,179.41,30.11,75.26,179.41,10.58,52.49,179.41,6.3,36.2
BEN.N,33.56,1.31,34.66,32.43,34.66,30.86,32.92,1.46,26.07,21.1,23.84,26.07,16.25,22.13,29.41,16.25,22.82,34.36,16.25,24.12,38.26,16.25,26.01,43.85,14.91,28.82
BEP.N,34.6,0.14,36.16,33.33,37.36,33.33,35.0,0.18,32.69,24.13,27.1,32.69,19.29,25.07,32.69,19.29,25.02,32.74,19.29,25.8,49.87,19.29,30.33,49.87,10.85,24.92
BEP_pa.N,16.91,0.01,17.5,16.15,17.64,16.15,17.12,0.0,19.63,17.33,18.5,20.16,16.19,18.37,22.29,0.0,18.6,22.29,0.0,18.61,27.38,0.0,20.53,27.5,0.0,12.42
BEPC.K,37.08,1.27,38.88,35.84,39.38,35.84,37.29,1.45,45.1,32.65,37.26,45.1,23.73,32.9,45.1,21.35,30.69,45.1,21.35,30.33,63.31,21.35,34.04,63.31,21.35,34.66
BEPC.N,37.08,0.38,38.88,35.84,39.35,35.84,37.29,0.41,,,,,,,,,,,,,,,,,,
BEPTF.PK,0.34,0.0,0.61,0.0,0.76,0.0,0.2,0.0,0.94,0.7,0.8,0.97,0.69,0.83,1.24,0.69,0.92,1.24,0.69,0.94,1.57,0.69,1.02,1.92,0.22,0.97
BESIY.PK,315.66,0.01,340.38,285.79,374.33,285.79,337.19,0.01,174.45,122.81,149.54,174.45,88.02,135.55,195.34,88.02,138.52,195.34,62.74,127.26,195.34,38.1,109.28,195.34,8.99,82.12
BETA.K,17.19,1.6,19.2,15.3,19.2,15.15,16.57,1.47,39.5,22.4,29.84,39.5,22.4,29.84,39.5,22.4,29.84,39.5,22.4,29.84,39.5,22.4,29.84,39.5,22.4,29.84
BETA.N,17.19,0.51,19.18,15.33,19.18,15.17,16.57,0.44,,,,,,,,,,,,,,,,,,
Bfa.N,27.44,0.1,28.62,25.67,28.62,25.5,27.17,0.09,31.61,26.0,28.49,38.3,26.0,30.59,61.27,26.0,39.44,72.49,26.0,47.67,76.6,26.0,55.34,81.7,26.0,52.46
BFa.N,30.71,0.07,31.06,30.14,31.06,30.14,30.84,0.08,,,,,,,,,,,,,,,,,,
BFAM.K,71.81,1.05,75.77,66.01,75.77,58.69,66.98,1.07,130.76,91.49,108.34,132.99,91.49,115.34,141.9,91.49,115.64,141.9,62.87,105.39,182.5,54.19,111.73,182.5,54.19,108.8
BFAM.N,71.81,0.35,75.77,66.01,75.77,58.88,66.98,0.34,,,,,,,,,,,,,,,,,,
BFb.N,26.82,0.98,28.05,25.0,28.05,25.0,26.8,1.0,31.89,25.99,28.56,38.85,25.53,30.67,60.97,25.53,39.28,71.27,25.53,47.22,80.43,25.53,56.44,82.04,25.53,53.43
BFC.O,149.3,0.12,154.29,143.38,154.29,137.76,145.73,0.1,139.71,115.29,125.89,139.71,89.73,115.28,139.71,72.67,100.4,139.71,63.06,92.73,139.71,61.84,84.35,139.71,24.15,68.93
BFFAF.PK,22.85,0.0,54.63,0.0,56.05,0.0,31.63,0.0,55.58,47.11,50.64,59.95,42.09,49.97,59.95,42.09,49.91,59.95,42.09,50.14,87.65,37.2,55.48,120.25,37.2,66.1
BFH.N,105.63,0.25,109.91,100.78,109.91,91.15,102.38,0.29,78.96,53.9,63.73,78.96,38.6,58.76,78.96,28.0,52.2,78.96,23.19,45.87,102.18,23.19,52.79,222.01,16.36,96.37
BFLBY.PK,8.15,0.0,19.9,0.0,20.05,0.0,10.08,0.0,27.94,19.92,22.88,27.94,11.35,19.55,27.94,8.18,18.07,27.94,6.37,15.51,27.94,4.97,12.11,27.94,2.95,10.34
BFLY.K,8.3,10.73,9.69,7.38,9.69,4.6,7.01,12.47,4.03,1.32,2.21,4.98,1.32,2.56,4.98,0.67,2.01,4.98,0.67,1.97,29.13,0.67,4.75,29.13,0.67,5.33
BFLY.N,8.3,2.89,9.69,7.38,9.69,4.6,7.01,2.78,,,,,,,,,,,,,,,,,,
BFS.N,37.39,0.07,38.09,36.66,38.22,35.34,36.98,0.05,35.75,29.16,31.87,38.89,29.16,33.47,42.34,29.16,36.0,43.82,29.16,36.49,56.02,29.16,39.85,68.72,23.5,45.96
BG.N,108.29,0.62,112.8,104.14,130.14,104.14,115.44,0.6,99.55,71.65,86.18,99.55,67.44,81.61,114.86,67.44,89.41,116.58,67.44,93.31,128.4,62.07,92.36,128.4,29.0,76.77
BGAOY.PK,0.76,0.0,1.38,0.0,1.51,0.0,0.59,0.0,2.05,1.54,1.71,2.07,0.94,1.55,2.07,0.93,1.51,2.13,0.93,1.57,4.52,0.93,2.57,7.58,0.93,3.83
BGC.O,11.1,4.9,12.78,10.32,12.88,10.32,11.51,4.17,10.96,8.26,9.51,10.96,7.24,9.4,11.79,6.58,9.03,11.79,3.82,7.71,11.79,3.0,6.42,11.79,2.07,6.29
BGCHY.PK,0.0,0.0,0.0,0.0,0.0,0.0,0.0,0.0,,,,,,,,,,,,,,,,,,
BGSI.K,96.01,0.04,99.16,93.51,103.6,88.97,95.42,0.05,173.25,137.83,159.12,177.2,136.81,157.27,244.81,136.81,169.89,244.81,136.81,170.66,244.81,90.19,164.65,244.81,37.51,137.51
BH.N,415.58,0.01,442.32,357.35,442.32,297.51,362.86,0.01,379.24,269.77,320.52,379.24,196.69,279.0,379.24,147.0,232.99,379.24,137.01,213.28,379.24,106.1,184.63,379.24,38.49,186.01
BHa.N,2075.25,0.01,2188.0,1792.0,2188.0,1555.0,1858.17,0.01,1897.52,1346.39,1579.05,1897.52,999.01,1380.02,1897.52,746.2,1215.87,1897.52,687.51,1102.3,1897.52,525.01,939.67,1897.52,254.99,812.81
BHC.N,4.9,1.25,5.94,4.64,5.94,4.57,4.94,0.82,8.68,5.54,6.71,8.68,4.25,6.43,11.41,3.96,7.11,11.41,3.96,7.35,34.79,3.96,12.76,105.93,3.96,17.94
BHE.N,92.83,0.28,100.33,84.92,100.33,81.87,90.76,0.25,49.83,34.57,41.44,50.0,30.73,40.41,52.57,25.37,39.48,52.57,20.61,34.59,52.57,20.61,31.44,52.57,14.07,29.04
BHF.O,63.64,0.46,64.96,62.49,64.96,62.24,63.3,0.49,66.33,42.07,53.79,66.33,42.07,54.88,66.33,40.0,51.11,66.33,39.24,50.33,66.33,34.86,49.39,75.0,12.05,46.14
BHFAM.O,10.56,0.11,10.72,10.29,10.99,10.29,10.71,0.07,14.2,10.21,12.11,17.17,10.21,13.45,18.95,10.21,15.09,18.95,10.21,15.13,26.24,10.21,16.32,26.24,10.21,16.32
BHFAN.O,12.05,0.1,12.33,11.66,12.4,11.66,12.16,0.09,15.65,11.51,13.58,19.72,11.51,15.03,21.63,11.51,17.28,21.63,11.51,17.36,27.59,11.51,19.89,27.69,11.51,20.06
BHFAO.O,15.02,0.05,15.28,14.78,15.82,14.78,15.24,0.04,20.2,14.19,16.84,23.75,14.19,18.9,26.0,14.19,21.75,26.84,14.19,22.34,29.34,14.19,24.04,29.34,14.19,24.34
BHFAP.O,14.7,0.05,14.99,14.5,15.5,14.5,14.88,0.03,19.18,14.02,16.53,22.95,14.02,18.51,25.51,14.02,21.13,26.24,14.02,21.59,28.67,14.02,23.38,29.4,13.01,24.22
BHKLY.PK,111.76,0.0,125.6,107.65,128.0,107.65,118.21,0.0,105.06,86.12,95.75,105.06,61.47,86.41,105.06,46.28,72.76,105.06,46.28,68.5,105.06,46.28,68.62,107.49,46.28,72.73
BHP.N,82.35,0.44,84.57,80.26,93.82,79.76,85.17,0.53,62.0,48.06,55.02,62.0,39.74,52.04,68.41,39.74,54.45,71.5,39.74,56.54,73.19,39.74,57.58,73.19,15.79,47.9
BHPLF.PK,11.66,0.05,41.48,0.0,45.91,0.0,24.76,0.23,32.27,22.42,26.98,32.27,19.04,25.57,34.55,19.04,27.04,35.6,19.04,28.14,41.46,19.04,29.63,41.46,9.24,25.95
BHVN.K,15.54,4.64,16.74,14.05,16.74,10.68,13.76,4.21,18.57,7.48,13.47,44.28,7.48,19.78,62.21,7.48,31.74,62.21,7.48,28.27,62.21,5.54,27.03,62.21,5.54,27.03
BHVN.N,15.54,1.24,16.7,14.26,16.7,10.69,13.76,1.04,,,,,,,,,,,,,,,,,,
BICEY.PK,33.12,0.0,34.78,31.8,34.78,31.6,32.71,0.0,32.55,26.56,30.08,34.88,26.56,31.11,39.57,0.0,31.29,39.57,0.0,30.25,40.41,0.0,29.53,73.14,0.0,25.93
BIDU.O,111.47,2.8,119.88,100.32,122.83,100.32,113.29,2.36,149.51,84.64,111.58,149.51,74.71,100.07,149.51,74.71,98.29,160.88,74.71,109.53,354.82,73.58,130.77,354.82,73.58,151.79
BIIB.O,212.14,1.37,219.72,200.2,219.72,192.18,203.0,1.23,185.17,121.05,149.27,185.17,110.04,141.64,268.3,110.04,174.45,319.76,110.04,206.67,468.55,110.04,227.85,468.55,110.04,254.91
BILI.O,17.0,2.05,18.04,15.85,18.64,15.79,17.24,2.5,32.5,20.56,25.44,32.5,14.47,22.2,32.5,8.8,18.72,32.5,8.8,18.36,157.66,8.23,34.89,157.66,8.23,31.02
BILL.K,37.21,2.6,40.83,32.53,40.83,31.41,34.58,2.74,57.21,38.7,48.91,100.19,36.55,52.14,100.19,36.55,57.64,139.5,36.55,70.36,348.5,36.55,114.34,348.5,23.61,108.06
BILL.N,37.21,0.72,40.83,32.56,40.83,31.48,34.58,0.74,,,,,,,,,,,,,,,,,,
BIO.N,296.73,0.1,305.0,283.71,305.0,270.28,290.15,0.1,342.3,240.5,292.08,370.25,213.25,280.37,380.0,213.25,299.85,509.17,213.25,330.9,832.7,213.25,435.17,832.7,123.0,360.67
BIOb.N,0.0,0.0,0.0,0.0,304.43,0.0,30.87,0.0,325.49,247.05,295.63,359.22,225.29,302.1,359.22,225.29,312.65,467.95,225.29,322.17,879.0,225.29,497.6,879.0,129.61,413.55
BIOGY.PK,0.0,0.0,0.0,0.0,0.0,0.0,0.0,0.0,11.46,8.79,10.21,11.46,8.79,10.1,12.09,8.79,10.37,12.09,8.38,9.94,17.14,7.5,10.15,17.14,4.67,10.05
BIP.N,36.61,0.2,37.5,35.84,39.42,35.84,37.36,0.21,36.58,29.64,33.15,36.58,25.75,32.28,36.58,24.91,31.69,37.32,21.03,31.91,46.01,21.03,34.32,46.01,12.09,29.27
BIP_pa.N,16.79,0.01,17.08,16.36,17.2,16.36,16.8,0.0,18.19,0.0,17.14,19.25,0.0,17.2,21.49,0.0,18.01,21.49,0.0,17.88,26.81,0.0,19.67,26.81,0.0,10.52
BIP_pb.N,16.13,0.01,16.26,15.76,16.36,15.76,16.15,0.0,17.65,15.92,16.84,18.41,15.1,16.87,21.34,15.1,17.49,21.34,14.7,17.36,26.32,0.0,18.9,26.32,0.0,9.43
BIPC.K,38.78,1.18,39.73,37.93,41.92,37.44,39.53,1.06,47.71,38.11,42.91,47.71,32.08,40.96,47.71,28.47,39.16,48.23,25.48,39.6,53.73,25.48,41.76,53.73,21.69,40.84
BIPC.N,38.78,0.48,39.73,37.94,41.88,37.48,39.53,0.34,,,,,,,,,,,,,,,,,,
BIREF.PK,4.42,0.17,4.66,4.33,5.06,4.32,4.54,0.16,5.9,4.07,4.8,5.9,3.34,4.6,5.9,3.15,4.34,7.1,3.15,4.82,9.77,1.37,5.02,9.77,0.39,4.15
BIRK.K,44.51,1.88,46.3,41.67,50.73,41.67,45.26,2.36,53.53,38.16,45.64,62.66,38.16,48.76,64.78,38.16,49.71,64.78,35.83,49.07,64.78,35.83,49.07,64.78,35.83,49.07
BIRK.N,44.51,0.63,46.28,41.67,50.71,41.67,45.26,0.71,,,,,,,,,,,,,,,,,,
BITF.O,5.46,53.02,6.41,4.52,7.37,4.52,5.73,62.69,6.6,0.8,2.49,6.6,0.67,1.82,6.6,0.67,2.04,6.6,0.42,1.79,9.36,0.38,2.47,10.0,0.0,1.28
BITW.K,38.71,0.05,41.33,37.2,43.2,37.2,39.82,0.07,86.7,53.92,71.4,86.7,42.8,64.64,86.7,42.8,64.64,86.7,42.8,64.64,86.7,42.8,64.64,86.7,42.8,64.64
BJ.N,87.86,0.78,90.1,85.06,93.23,83.25,88.4,0.68,110.9,86.8,97.01,121.02,86.8,102.64,121.02,64.07,92.06,121.02,60.33,84.45,121.02,37.06,74.35,121.02,18.85,59.01
BJCHY.PK,0.13,0.0,0.93,0.0,1.05,0.0,0.2,0.0,2.18,1.4,1.76,2.18,1.4,1.77,2.29,1.25,1.66,4.03,1.25,2.01,4.21,1.25,2.51,8.66,1.25,3.36
BJGPY.PK,0.0,0.0,0.0,0.0,0.0,0.0,0.0,0.0,,,,,,,,,,,,,,,,,,
BJWTY.PK,6.44,0.0,22.92,0.0,22.92,0.0,2.37,0.0,0.0,0.0,0.0,0.0,0.0,0.0,0.0,0.0,0.0,0.0,0.0,0.0,0.0,0.0,0.0,0.0,0.0,0.0
BK.N,145.71,2.18,149.97,141.86,149.97,139.68,144.46,1.56,119.39,89.66,106.32,119.39,70.46,95.66,119.39,51.79,79.83,119.39,39.66,68.42,119.39,36.23,60.57,119.39,26.4,53.2
BKAYY.PK,0.0,0.0,0.0,0.0,0.0,0.0,0.0,0.0,,,,,,,0.0,0.0,0.0,0.0,0.0,0.0,0.0,0.0,0.0,0.0,0.0,0.0
BKD.N,15.76,2.33,16.3,14.71,16.3,11.74,14.3,1.77,11.36,6.65,8.73,11.36,4.46,7.36,11.36,4.46,6.86,11.36,2.27,5.87,11.36,2.27,5.84,19.71,1.47,7.74
BKE.N,42.23,0.28,44.47,41.0,45.79,41.0,43.7,0.22,58.33,42.85,51.94,58.33,31.34,45.62,58.33,31.34,41.35,58.33,25.63,37.98,58.33,20.11,34.39,58.33,7.47,23.6
BKEAY.PK,0.47,0.0,1.68,0.0,1.76,0.0,0.45,0.0,1.98,1.34,1.64,1.98,1.13,1.48,1.98,1.06,1.34,1.98,1.06,1.32,2.35,0.9,1.4,4.36,0.9,2.23
BKFKY.PK,0.0,0.0,0.0,0.0,10.85,0.0,1.14,0.0,12.57,9.74,11.54,13.91,9.74,11.79,16.16,9.74,12.81,16.16,9.74,12.89,16.16,9.74,12.86,16.16,9.74,12.86
BKGFY.PK,9.4,0.06,10.11,8.88,10.11,8.85,9.31,0.08,11.33,9.34,10.15,12.35,8.48,10.18,15.11,8.48,11.41,15.11,8.48,11.26,16.45,7.17,11.36,16.45,6.47,11.3
BKH.N,74.23,0.39,76.3,72.13,76.3,67.49,73.17,0.38,74.02,55.79,63.12,74.02,54.97,61.05,74.02,49.36,58.79,74.02,46.46,58.96,80.9,46.46,62.97,86.74,44.65,63.57
BKHYY.PK,115.3,0.01,119.75,110.51,121.04,110.31,115.92,0.06,123.0,87.76,100.94,123.0,59.33,93.71,123.0,40.0,84.53,123.0,33.2,67.06,123.0,33.2,57.96,123.0,21.73,44.64
BKKLY.PK,28.52,0.01,30.35,27.5,30.35,26.18,27.77,0.01,27.9,21.43,24.76,27.9,18.7,23.78,27.9,16.75,22.35,27.9,16.75,22.66,27.9,14.9,21.34,37.56,13.04,23.19
BKNG.O,181.06,9.61,186.89,176.56,186.89,158.12,173.4,9.26,5839.41,4571.12,5362.98,5839.41,4096.23,5163.08,5839.41,3180.0,4570.5,5839.41,2005.57,3984.37,5839.41,1616.85,3259.7,5839.41,954.02,2501.17
BKNIY.PK,16.85,0.16,17.69,16.37,17.91,15.79,16.79,0.17,17.28,12.89,15.26,17.28,7.71,13.18,17.28,5.81,10.97,17.28,5.44,9.76,17.28,4.22,8.48,17.28,2.34,7.35
BKQNY.PK,0.0,0.0,0.0,0.0,9.33,0.0,1.36,0.0,10.42,8.22,9.19,10.45,7.11,8.86,10.45,7.11,8.6,10.45,6.72,8.35,14.19,6.72,9.44,21.05,5.43,13.81
BKR.O,55.02,11.08,57.8,52.27,65.44,52.27,58.94,9.2,51.12,37.76,45.77,51.12,33.6,43.5,51.12,28.32,39.15,51.12,26.12,36.86,51.12,18.75,32.58,51.12,9.12,30.57
BKRIF.PK,17.11,0.0,20.27,0.0,21.82,0.0,15.99,0.0,19.33,13.02,16.11,19.33,8.76,13.81,19.33,8.51,11.88,19.33,8.51,11.2,19.33,3.5,9.01,19.33,1.41,7.61
BKRIY.PK,19.96,0.02,20.34,19.47,22.19,19.42,20.19,0.02,19.64,13.08,16.23,19.64,8.81,14.09,19.64,8.38,12.11,19.64,8.38,11.39,19.64,0.0,8.32,19.64,0.0,5.59
BKRKY.PK,7.66,0.36,7.96,7.31,8.77,7.04,7.91,0.29,13.78,10.1,11.63,13.98,10.1,11.82,21.35,10.1,13.9,21.35,10.1,14.93,21.35,10.1,14.87,21.35,6.59,13.1
BKSY.N,27.02,0.53,30.5,23.63,36.66,23.63,29.18,0.6,33.13,12.45,19.94,33.13,6.15,15.89,33.13,3.86,12.53,33.13,3.86,12.38,139.52,3.86,26.73,139.52,0.0,20.91
BKU.N,49.0,0.48,50.96,47.44,50.96,46.44,48.54,0.42,46.87,34.85,39.64,46.87,28.28,37.66,46.87,28.28,37.66,46.87,28.28,37.66,46.87,28.28,37.66,46.87,28.28,37.66
BKV.N,26.68,0.48,28.03,25.55,28.03,23.72,25.66,0.38,29.55,19.6,23.45,29.55,15.02,22.53,29.55,15.02,22.53,29.55,15.02,22.53,29.55,15.02,22.53,29.55,15.02,22.53
BKZHY.PK,15.2,0.0,36.82,0.0,36.82,0.0,12.62,0.0,,,,,,,,,,,,,,,,,,
BL.O,28.48,1.22,30.07,26.2,30.07,25.4,27.88,1.28,59.57,47.94,54.55,66.25,40.82,53.88,69.31,40.82,54.98,77.9,40.82,56.29,154.61,40.82,70.96,154.61,21.66,61.52
BLBD.O,78.16,0.6,80.63,74.64,80.63,68.7,74.66,0.45,61.95,42.0,52.23,61.95,30.04,44.96,61.95,24.08,43.51,61.95,10.84,35.78,61.95,7.14,28.64,61.95,7.14,22.88
BLCO.K,16.61,0.4,17.25,15.64,17.25,14.65,15.69,0.39,17.7,12.72,15.13,18.55,10.45,14.68,21.69,10.45,15.68,21.95,10.45,16.27,21.95,10.45,16.16,21.95,10.45,16.16
BLCO.N,16.61,0.09,17.24,15.64,17.24,14.67,15.69,0.1,,,,,,,,,,,,,,,,,,
BLD.N,223.85,0.35,431.41,0.0,431.41,0.0,341.64,0.3,460.46,321.67,413.95,460.46,268.44,363.47,460.46,268.44,363.47,460.46,268.44,363.47,460.46,268.44,363.47,460.46,268.44,363.47
BLDR.K,87.09,2.32,90.96,80.83,90.96,71.5,81.26,2.42,151.03,94.35,122.52,175.12,94.35,126.27,214.7,94.35,150.34,214.7,64.54,138.75,214.7,37.46,106.42,214.7,6.5,61.92
BLDR.N,87.09,0.65,90.96,80.87,90.96,71.5,81.26,0.69,,,,,,,,,,,,,,,,,,
BLFBY.PK,23.51,0.0,24.5,22.36,24.5,0.0,20.83,0.0,20.1,12.59,16.69,20.1,10.7,15.41,20.1,9.15,14.71,20.1,9.15,14.71,20.1,9.15,14.71,20.1,9.15,14.71
BLFS.O,28.16,1.8,30.0,25.59,30.0,24.76,26.84,1.11,29.62,20.14,24.94,29.62,19.1,24.68,29.62,14.5,23.04,29.62,8.92,21.36,60.67,8.92,25.29,60.67,1.43,18.13
BLJZY.PK,0.0,0.0,0.0,0.0,0.0,0.0,0.0,0.0,0.0,0.0,0.0,0.0,0.0,0.0,0.0,0.0,0.0,0.0,0.0,0.0,0.0,0.0,0.0,0.0,0.0,0.0
BLK.N,976.53,0.28,1011.9,947.66,1076.01,947.66,1008.1,0.25,1218.19,991.0,1105.58,1218.19,775.0,1036.78,1218.19,775.0,1036.78,1218.19,775.0,1036.78,1218.19,775.0,1036.78,1218.19,775.0,1036.78
BLKB.O,29.18,0.8,31.3,26.54,31.3,25.58,28.1,1.08,74.88,54.56,63.68,81.39,54.56,65.17,88.95,54.56,71.99,88.95,53.39,71.29,88.95,43.54,68.87,120.35,38.22,72.8
BLLN.O,119.55,0.72,124.99,108.02,124.99,94.2,108.19,0.78,138.7,80.51,101.4,138.7,80.51,101.4,138.7,80.51,101.4,138.7,80.51,101.4,138.7,80.51,101.4,138.7,80.51,101.4
BLMOY.PK,6.44,0.0,11.73,0.0,12.75,0.0,6.79,0.0,,,,,,,,,,,,,,,,,,
BLRDY.PK,0.0,0.0,0.0,0.0,0.0,0.0,0.0,0.0,,,,,,,,,,,,,,,,,,
BLSFY.PK,15.96,0.0,111.72,0.0,121.37,0.0,12.27,0.0,82.12,65.39,74.59,82.12,57.72,72.39,82.12,56.42,71.63,82.12,56.42,70.67,90.25,49.14,69.03,90.25,17.37,64.01
BLSH.K,24.24,1.83,27.22,21.76,29.7,21.76,25.29,1.83,118.0,34.24,53.09,118.0,34.24,53.09,118.0,34.24,53.09,118.0,34.24,53.09,118.0,34.24,53.09,118.0,34.24,53.09
BLSH.N,24.24,0.62,27.21,21.76,29.68,21.76,25.29,0.53,,,,,,,,,,,,,,,,,,
BLTE.O,150.02,0.23,157.99,140.99,157.99,135.0,145.4,0.22,169.75,56.1,92.04,169.75,49.0,76.71,169.75,31.0,63.66,169.75,11.0,52.19,169.75,8.8,47.86,169.75,8.8,47.86
BLUMY.PK,0.0,0.0,0.0,0.0,0.0,0.0,0.0,0.0,2.3,1.84,2.02,2.3,1.84,2.03,2.3,1.17,1.78,3.44,1.17,2.15,11.25,1.17,5.74,11.25,1.17,5.74
BLWYY.PK,0.0,0.0,0.0,0.0,0.0,0.0,0.0,0.0,,,,,,,,,,,,,,,,,,
BLX.N,60.89,0.14,63.12,58.05,63.12,55.44,60.05,0.08,48.38,38.42,44.42,48.38,32.12,41.8,48.38,32.12,41.8,48.38,32.12,41.8,48.38,32.12,41.8,48.38,32.12,41.8
BMA.N,91.59,0.04,95.21,88.47,103.3,83.71,93.43,0.06,94.36,37.78,67.32,114.17,37.78,75.13,114.17,37.78,75.13,114.17,37.78,75.13,114.17,37.78,75.13,114.17,37.78,75.13
BMBOY.PK,9.3,0.0,13.14,0.0,14.22,0.0,9.63,0.0,14.88,10.6,12.89,14.88,9.68,12.05,20.9,9.68,13.28,22.76,9.68,14.83,22.76,7.3,13.92,22.76,5.25,11.85
BMI.N,144.39,0.17,151.37,133.9,151.37,126.2,136.76,0.17,248.54,167.18,188.37,255.98,162.89,202.47,255.98,162.89,202.47,255.98,162.89,202.47,255.98,162.89,202.47,255.98,162.89,202.47
BML_pg.N,18.76,0.0,18.87,18.61,19.14,18.61,18.92,0.0,21.58,18.37,20.32,23.3,18.37,21.05,23.4,18.37,21.71,23.4,18.37,21.31,24.58,17.54,21.28,24.58,11.6,21.0
BML_ph.N,18.71,0.04,19.02,18.46,19.38,18.46,19.01,0.02,20.86,18.4,20.13,23.23,18.4,20.9,23.4,18.4,21.49,23.4,18.4,21.08,24.25,17.0,21.12,24.25,0.0,20.77
BML_pj.N,20.1,0.02,20.25,19.88,20.25,19.69,19.96,0.01,22.3,19.42,20.99,23.58,19.42,21.81,24.62,19.42,22.43,24.62,19.0,21.97,26.25,18.46,22.45,26.96,0.0,22.68
BML_pl.N,19.18,0.04,19.35,19.0,19.56,19.0,19.35,0.02,21.02,18.79,20.28,24.3,18.79,21.23,24.77,18.79,22.04,24.77,18.79,21.55,25.93,18.2,22.15,25.93,0.0,22.45
BMNEP.PK,82.64,0.06,86.75,79.73,92.99,0.0,81.02,0.09,0.0,0.0,0.0,0.0,0.0,0.0,0.0,0.0,0.0,0.0,0.0,0.0,0.0,0.0,0.0,0.0,0.0,0.0
BMNP.N,82.64,0.01,86.41,79.99,92.99,0.0,57.93,0.01,0.0,0.0,0.0,0.0,0.0,0.0,0.0,0.0,0.0,0.0,0.0,0.0,0.0,0.0,0.0,0.0,0.0,0.0
BMNR.N,14.01,12.87,16.15,12.8,17.82,12.8,15.24,11.52,,,,,,,,,,,,,,,,,,
BMNR.PK,14.01,44.77,16.16,12.8,17.82,12.8,15.24,40.52,161.0,24.33,45.6,161.0,3.2,28.28,161.0,1.93,21.07,161.0,0.0,19.23,880.0,0.0,40.63,880.0,0.0,39.24
BMO.N,175.78,0.11,178.63,172.9,178.63,163.31,171.43,0.13,132.72,109.66,122.51,132.72,85.51,111.81,132.72,85.51,111.81,132.72,85.51,111.81,132.72,85.51,111.81,132.72,85.51,111.81
BMPSY.PK,12.45,0.07,12.84,12.18,12.84,11.49,12.32,0.07,0.0,0.0,0.0,0.0,0.0,0.0,0.0,0.0,0.0,0.0,0.0,0.0,0.0,0.0,0.0,0.0,0.0,0.0
BMRN.O,58.12,2.1,59.77,56.4,59.77,54.26,56.8,2.06,63.97,50.76,55.82,73.51,50.76,59.33,99.25,50.76,70.07,117.77,50.76,77.95,117.77,50.76,80.21,131.94,50.76,84.28
BMRRY.PK,10.47,0.0,10.94,9.98,11.19,0.0,9.86,0.0,15.79,8.11,11.31,18.47,8.11,13.43,27.27,8.11,18.06,28.47,8.11,20.01,30.84,8.11,21.22,30.84,8.11,18.15
BMWKY.PK,22.4,0.32,23.23,21.66,26.95,21.66,23.89,0.34,37.77,29.16,33.54,37.77,22.76,30.92,41.65,22.76,31.57,41.65,22.76,33.02,41.65,22.26,32.08,41.65,13.26,30.24
BMXXY.PK,6.79,0.0,8.33,0.0,8.43,0.0,5.37,0.0,14.62,0.0,0.73,14.62,0.0,0.43,14.62,0.0,0.21,14.62,0.0,0.15,100.91,0.0,0.19,100.91,0.0,0.1
BMY.N,57.19,5.15,58.84,55.02,58.84,53.44,56.25,4.76,55.03,42.52,47.4,63.33,42.52,50.28,63.33,42.52,50.28,63.33,42.52,50.28,63.33,42.52,50.28,63.33,42.52,50.28
BMYMP.PK,0.0,0.0,0.0,0.0,0.0,0.0,0.0,0.0,936.8,720.0,800.71,1200.0,720.0,849.85,1225.0,701.0,846.3,1255.01,700.0,890.7,2000.0,700.0,993.68,2000.0,700.0,1011.49
BN.N,42.97,0.81,44.3,41.9,46.5,41.9,44.05,0.98,49.45,40.56,44.95,49.45,29.07,41.36,49.45,29.07,41.36,49.45,29.07,41.36,49.45,29.07,41.36,49.45,29.07,41.36
BNCDY.PK,28.74,0.0,51.12,0.0,52.5,0.0,34.11,0.0,45.98,33.91,40.36,45.98,28.85,40.1,45.98,19.14,36.82,45.98,16.74,35.46,45.98,11.64,27.38,45.98,8.74,17.72
BNCZF.PK,2.44,0.0,17.05,0.0,17.05,0.0,1.77,0.0,15.7,11.75,14.18,15.7,8.56,12.42,15.7,5.57,11.29,15.7,4.37,10.86,15.7,3.26,10.61,15.7,1.38,6.98
BNDSY.PK,7.35,0.0,7.75,6.85,7.75,6.15,7.11,0.01,8.1,6.5,7.4,8.1,4.6,6.77,8.1,2.35,5.45,8.1,1.9,4.65,8.1,0.83,3.41,8.1,0.53,2.81
BNL.N,21.03,1.06,21.36,20.67,21.36,20.27,20.91,0.89,18.86,15.67,17.6,18.86,13.99,16.91,18.86,13.99,16.91,18.86,13.99,16.91,18.86,13.99,16.91,18.86,13.99,16.91
BNMDF.PK,0.0,0.0,0.0,0.0,0.0,0.0,0.0,0.0,24.75,18.35,21.58,24.75,15.7,20.6,24.75,9.37,16.53,24.75,8.43,14.34,24.75,5.47,10.39,24.75,4.2,8.05
BNNCY.PK,9.68,0.0,67.79,0.0,70.64,0.0,13.88,0.0,,,,,,,,,,,,,,,,,,
BNPJY.PK,0.0,0.0,0.0,0.0,0.0,0.0,0.0,0.0,0.0,0.0,0.0,0.0,0.0,0.0,0.0,0.0,0.0,0.0,0.0,0.0,0.0,0.0,0.0,0.0,0.0,0.0
BNPQF.PK,118.18,0.01,122.03,112.66,122.03,103.27,116.15,0.01,99.0,73.01,88.47,99.0,60.46,83.41,99.0,57.04,74.84,99.0,53.96,71.03,99.0,39.96,65.52,99.0,26.58,60.8
BNPQY.PK,58.13,0.31,59.55,57.1,59.55,52.48,56.88,0.39,49.32,37.5,44.37,49.32,29.92,42.13,49.32,28.53,37.84,49.32,26.72,35.78,49.32,20.19,33.19,49.32,13.18,30.67
BNS.N,86.56,1.04,87.79,85.03,87.98,80.62,85.21,0.93,74.52,54.3,63.46,74.52,44.09,57.27,74.52,44.09,57.27,74.52,44.09,57.27,74.52,44.09,57.27,74.52,44.09,57.27
BNT.N,42.95,0.01,44.26,41.96,46.45,41.96,44.01,0.01,49.41,40.61,44.94,49.41,29.13,41.34,49.41,29.13,41.34,49.41,29.13,41.34,49.41,29.13,41.34,49.41,29.13,41.34
BNTGY.PK,12.36,0.04,12.82,12.0,13.11,12.0,12.53,0.05,13.54,10.52,11.98,14.82,10.52,12.51,18.72,10.52,13.73,18.72,10.52,14.34,20.99,10.37,15.1,20.99,6.17,13.15
BNTX.O,93.42,0.83,98.81,88.82,98.81,84.96,90.87,1.05,115.54,90.12,103.83,129.27,81.2,105.08,131.49,76.53,101.72,156.28,76.53,106.21,457.93,76.53,139.05,457.93,12.36,122.68
BNY.N,145.71,2.18,149.97,141.86,149.97,139.68,144.46,1.56,,,,,,,,,,,,,,,,,,
BOBS.N,16.02,0.69,16.64,14.5,16.64,11.67,14.26,0.36,0.0,0.0,0.0,0.0,0.0,0.0,0.0,0.0,0.0,0.0,0.0,0.0,0.0,0.0,0.0,0.0,0.0,0.0
BOH.N,82.12,0.17,83.81,80.52,83.81,76.37,80.11,0.15,71.87,59.41,66.28,75.99,57.58,67.41,75.99,57.58,67.41,75.99,57.58,67.41,75.99,57.58,67.41,75.99,57.58,67.41
BOKF.O,139.37,0.26,142.0,135.89,142.0,128.57,135.01,0.28,122.16,96.89,109.5,122.16,85.08,105.17,122.16,77.86,101.08,122.16,62.42,95.74,122.16,62.42,94.34,122.16,34.57,85.59
BOLSY.PK,8.5,0.1,8.93,8.25,9.32,8.18,8.66,0.38,8.6,6.62,7.4,8.6,4.7,6.92,9.0,4.43,6.7,10.0,4.43,6.88,10.6,3.65,6.91,10.6,3.65,6.91
BOMXF.PK,0.87,0.0,2.06,0.0,2.18,0.0,1.2,0.0,2.32,1.82,2.05,2.34,1.5,1.95,2.34,1.38,1.84,2.35,1.38,1.88,2.4,1.38,1.91,2.4,1.23,1.9
BOND.N,92.16,0.04,92.64,91.57,92.64,91.13,91.93,0.04,94.55,90.77,92.91,94.55,89.07,92.05,95.32,88.9,91.95,95.32,85.1,91.57,113.04,85.1,96.45,113.98,85.1,101.43
BOOT.K,165.74,0.71,178.67,154.52,184.18,154.52,168.52,0.73,210.25,151.58,179.46,210.25,86.17,156.89,210.25,68.37,138.67,210.25,59.21,118.77,210.25,41.44,103.2,210.25,5.2,61.81
BOOT.N,165.74,0.26,178.48,154.52,184.18,154.52,168.52,0.23,,,,,,,,,,,,,,,,,,
BORAY.PK,0.0,0.0,0.0,0.0,2.59,0.0,0.25,0.0,,,,,,,,,,,,,,,,,,
BORR.K,4.34,6.28,4.63,4.09,4.95,4.05,4.42,7.1,4.48,1.82,2.9,4.48,1.55,2.68,7.46,1.55,4.21,9.01,1.55,5.12,9.01,1.12,4.24,20.24,0.49,4.72
BORR.N,4.34,2.21,4.62,4.1,4.94,4.06,4.42,1.97,,,,,,,,,,,,,,,,,,
BOSSY.PK,2.44,0.0,8.6,0.0,9.7,0.0,4.16,0.0,10.21,8.02,9.33,10.21,6.92,9.02,14.7,6.59,9.48,16.93,6.59,10.47,16.93,6.25,10.52,19.35,4.1,11.87
BOUYY.PK,11.05,0.14,11.44,10.77,11.77,10.77,11.29,0.21,10.53,8.19,9.22,10.53,5.76,8.47,10.53,5.52,7.75,10.53,5.52,7.46,10.53,4.96,7.23,10.53,4.96,7.24
BOW.N,30.31,0.1,32.15,28.17,32.15,25.45,28.43,0.07,37.64,23.5,28.92,42.29,23.5,32.48,42.29,0.0,25.21,42.29,0.0,16.83,42.29,0.0,10.08,42.29,0.0,5.03
BOX.N,26.88,0.8,28.4,24.82,28.4,24.07,26.02,0.73,33.98,28.87,31.87,38.79,28.02,32.25,38.79,28.02,32.25,38.79,28.02,32.25,38.79,28.02,32.25,38.79,28.02,32.25
BP.N,37.16,1.7,38.14,36.05,44.16,36.05,39.68,1.48,37.64,29.96,34.29,37.64,25.23,32.71,37.64,25.23,32.71,37.64,25.23,32.71,37.64,25.23,32.71,37.64,25.23,32.71
BPCGY.PK,1.71,0.0,12.0,0.0,12.0,0.0,2.42,0.0,11.65,8.4,9.79,11.65,5.08,8.38,11.65,2.61,7.7,11.65,2.61,7.61,11.65,2.61,7.61,11.65,1.7,6.96
BPHLY.PK,32.81,0.0,35.3,31.1,35.3,27.0,32.15,0.0,48.7,32.9,38.69,52.02,32.9,41.84,52.02,32.9,42.23,52.02,31.58,40.82,52.02,27.15,37.39,52.02,18.11,34.95
BPIRY.PK,0.0,0.0,0.0,0.0,0.0,0.0,0.0,0.0,10.65,6.84,8.09,10.65,3.95,6.8,10.65,3.29,5.42,10.65,1.4,4.57,24.74,0.66,4.39,111.18,0.66,26.97
BPOP.O,166.64,0.61,170.02,163.76,170.02,152.96,162.27,0.62,129.32,108.74,118.88,129.32,78.23,108.71,129.32,78.23,99.89,129.32,49.34,88.38,129.32,49.34,83.63,129.32,22.4,63.46
BPOPO.PK,14.47,0.0,25.4,0.0,25.56,0.0,10.65,0.0,25.49,24.25,24.98,25.75,24.15,24.84,25.75,23.4,24.6,25.75,17.0,24.34,34.0,17.0,24.84,34.0,10.0,23.71
BPRE.N,13.14,0.15,14.14,12.64,15.27,12.64,14.01,0.1,17.19,0.0,1.33,17.19,0.0,0.68,17.19,0.0,0.34,17.19,0.0,0.23,17.19,0.0,0.14,17.19,0.0,0.07
BPXXY.PK,8.78,0.0,31.4,0.0,33.0,0.0,8.39,0.0,25.94,19.04,21.76,25.94,13.22,19.55,25.94,6.61,17.33,25.94,4.13,14.71,25.94,2.97,10.94,25.94,2.25,8.99
BR.N,139.46,0.79,144.83,134.48,150.82,133.97,141.47,0.67,271.4,215.77,238.56,271.4,214.01,237.56,271.4,188.69,222.93,271.4,132.71,203.39,271.4,131.35,184.88,271.4,48.6,141.99
BRBR.K,12.7,7.53,14.05,11.11,14.05,7.82,10.59,7.4,59.45,22.45,38.11,80.67,22.45,53.68,80.67,22.45,56.97,80.67,22.45,50.67,80.67,20.2,40.76,80.67,13.56,36.7
BRBR.N,12.7,3.01,14.05,11.12,14.05,7.82,10.59,2.81,,,,,,,,,,,,,,,,,,
BRC.N,90.98,0.1,92.84,88.51,92.84,73.4,85.68,0.17,84.03,67.81,75.67,84.03,63.47,73.44,84.03,56.11,70.23,84.03,46.03,64.28,84.03,40.52,58.57,84.03,20.36,49.65
BRDCY.PK,10.7,0.17,11.17,10.42,11.17,9.15,10.67,0.22,12.27,9.9,11.19,12.27,7.95,10.53,12.27,7.95,10.26,12.27,7.95,10.13,12.45,7.95,10.13,12.54,6.5,9.82
BREJY.PK,0.0,0.0,0.0,0.0,0.0,0.0,0.0,0.0,,,,0.0,0.0,0.0,0.0,0.0,0.0,0.0,0.0,0.0,0.0,0.0,0.0,0.0,0.0,0.0
BRELY.PK,6.68,0.0,16.0,0.0,19.98,0.0,7.1,0.0,20.89,6.9,12.66,20.89,5.05,10.91,20.89,5.05,10.63,20.89,5.05,10.63,20.89,5.05,10.63,20.89,5.05,10.63
BRFNL.PK,25.03,0.01,25.4,24.89,25.4,24.8,25.02,0.01,,,,,,,,,,,,,,,,,,
BRGAY.PK,0.0,0.0,0.0,0.0,0.0,0.0,0.0,0.0,0.0,0.0,0.0,0.0,0.0,0.0,0.0,0.0,0.0,0.0,0.0,0.0,0.0,0.0,0.0,0.0,0.0,0.0
BRKa.N,748640.0,0.0,761579.98,731083.91,761579.98,722886.45,739639.46,0.0,775000.0,685260.0,736670.45,812855.0,661614.5,741139.68,812855.0,541080.01,691559.69,812855.0,442765.0,631065.03,812855.0,340850.0,552253.72,812855.0,186921.0,416393.3
BRKb.N,499.57,2.28,507.93,486.7,507.93,481.23,493.58,2.08,516.82,455.25,490.95,542.03,440.18,493.99,542.03,356.0,460.33,542.03,292.45,418.74,542.03,226.1,366.57,542.03,123.56,276.72
BRKR.O,60.76,2.58,63.04,58.69,63.04,52.9,57.77,2.34,49.72,28.53,38.95,64.64,28.53,42.01,94.86,28.53,55.91,94.86,28.53,60.56,94.86,28.53,63.69,94.86,19.58,48.85
BRO.N,65.56,1.07,70.07,60.79,70.07,57.37,61.78,1.17,110.98,76.17,90.45,125.67,76.17,100.99,125.67,69.24,97.25,125.67,52.83,86.87,125.67,42.75,75.48,125.67,14.2,52.22
BROS.K,70.79,3.52,74.02,65.77,74.02,54.0,66.91,3.78,74.65,47.16,60.02,86.88,47.16,62.71,86.88,25.46,49.25,86.88,22.66,42.78,86.88,20.05,43.09,86.88,20.05,43.09
BROS.N,70.79,1.16,73.88,65.8,73.88,54.0,66.91,1.12,,,,,,,,,,,,,,,,,,
BRRAY.PK,0.0,0.0,0.0,0.0,0.0,0.0,0.0,0.0,15.6,5.63,8.53,15.6,5.25,7.25,15.6,5.25,7.25,15.6,5.25,7.25,15.6,5.25,7.25,15.6,5.25,7.25
BRRLY.PK,14.21,0.02,14.79,13.64,14.79,13.64,14.14,0.03,16.66,10.25,13.86,16.66,8.68,12.54,19.51,0.0,12.48,23.74,0.0,9.37,27.65,0.0,6.77,27.65,0.0,3.47
BRSL.K,11.03,1.74,11.46,10.69,12.19,10.68,11.25,1.54,18.57,13.07,15.97,18.57,11.53,14.89,23.11,11.53,16.48,28.37,11.53,18.86,28.37,11.53,18.69,28.37,3.0,16.98
BRSL.N,11.03,0.76,11.45,10.69,12.17,10.68,11.25,0.56,,,,,,,,,,,,,,,,,,
BRTHY.PK,20.18,0.0,48.26,0.0,48.26,0.0,7.44,0.0,41.2,31.59,35.73,41.2,28.75,34.65,42.95,28.75,35.66,42.95,27.71,34.21,47.91,27.71,35.88,51.15,19.18,35.17
BRX.N,31.67,1.25,32.46,30.98,32.8,30.76,31.67,1.1,28.53,24.66,26.58,28.58,22.32,26.3,30.67,20.8,25.53,30.67,19.41,24.26,30.67,15.56,23.55,30.67,7.51,21.24
BRZE.O,22.02,2.36,24.4,18.65,24.4,18.65,21.34,2.41,37.33,23.91,28.99,48.33,23.91,32.34,61.53,23.91,37.33,61.53,23.67,38.11,98.78,22.54,39.4,98.78,22.54,39.4
BSAC.K,32.57,0.36,33.36,31.56,34.09,29.6,32.33,0.4,31.67,22.77,26.83,31.67,18.19,24.84,31.67,17.73,22.14,31.67,15.32,20.86,31.67,13.37,20.15,35.09,11.43,22.45
BSAC.N,32.57,0.09,33.32,31.56,33.83,29.65,32.33,0.1,,,,,,,,,,,,,,,,,,
BSBR.K,5.22,1.65,5.3,5.1,5.56,5.1,5.27,1.96,6.6,4.62,5.49,6.6,3.75,5.15,6.6,3.75,5.21,6.66,3.75,5.38,8.88,3.75,5.81,13.14,2.89,7.02
BSBR.N,5.22,0.47,5.3,5.11,5.56,5.11,5.27,0.56,,,,,,,,,,,,,,,,,,
BSDGY.PK,3.6,0.0,25.2,0.0,29.55,0.0,5.34,0.0,33.25,26.95,29.68,33.25,23.15,27.16,33.25,22.96,26.98,33.25,19.11,26.29,35.21,19.11,26.36,35.21,3.52,9.47
BSM.N,13.86,0.05,14.11,13.42,14.21,13.42,13.87,0.07,14.78,11.79,13.05,15.6,11.79,13.71,16.9,11.79,14.57,18.53,11.79,15.21,20.24,6.72,14.18,20.24,4.03,14.38
BSPDY.PK,0.0,0.0,0.0,0.0,0.0,0.0,0.0,0.0,,,,,,,,,,26.0,22.0,22.0,26.0,22.0,22.0,26.0,22.0,22.0
BST.N,49.14,0.03,51.28,48.02,51.28,44.52,48.01,0.02,44.32,37.63,40.27,44.32,27.9,38.05,44.32,27.9,37.03,44.32,27.9,35.56,61.37,27.5,39.55,61.37,13.83,33.89
BSTZ.K,29.58,0.47,30.75,27.59,31.88,27.59,30.01,0.28,23.3,20.17,21.89,23.3,15.22,20.71,23.3,15.22,19.91,23.3,14.11,19.0,43.76,14.11,23.7,43.76,12.0,23.5
BSTZ.N,29.58,0.08,30.7,27.72,31.84,27.72,30.01,0.05,,,,,,,,,,,,,,,,,,
BSX.N,43.91,6.57,45.8,42.25,49.85,42.25,45.57,5.57,109.5,90.42,100.8,109.5,86.0,100.87,109.5,57.11,88.51,109.5,44.36,76.14,109.5,34.59,62.35,109.5,15.68,46.91
BSY.O,30.64,4.15,32.8,28.08,33.52,28.08,30.51,3.99,59.25,38.1,50.18,59.25,36.51,47.89,59.25,36.51,48.97,59.25,33.75,48.33,71.92,26.32,47.43,71.92,26.32,46.78
BTDPY.PK,7.49,0.05,7.76,7.2,7.76,6.38,7.05,0.18,12.64,9.39,10.3,13.18,9.39,10.93,14.85,9.39,11.65,14.85,9.39,11.61,23.86,7.0,13.39,23.88,7.0,13.83
BTDR.O,15.54,11.01,17.9,13.48,19.38,13.48,16.89,10.37,27.8,9.65,15.07,27.8,6.84,14.17,27.8,5.23,11.49,27.8,2.77,10.63,27.8,2.77,10.47,27.8,2.77,10.47
BTE.N,3.95,3.08,4.08,3.85,4.93,3.85,4.21,3.65,3.32,1.76,2.47,3.32,1.38,2.27,4.07,1.38,2.77,4.65,1.38,3.07,4.65,1.38,3.07,4.65,1.38,3.07
BTG.N,3.91,1.09,4.17,3.71,4.66,3.71,4.09,1.22,5.94,3.31,4.3,5.94,2.2,3.66,5.94,2.2,3.23,5.94,2.2,3.32,6.04,2.2,3.61,7.54,2.1,3.69
BTGO.N,5.13,0.24,5.75,4.7,6.58,4.7,5.34,0.34,0.0,0.0,0.0,0.0,0.0,0.0,0.0,0.0,0.0,0.0,0.0,0.0,0.0,0.0,0.0,0.0,0.0,0.0
BTI.N,61.93,0.81,63.13,60.07,63.13,58.22,61.05,0.78,59.29,46.39,54.42,59.29,34.82,48.28,59.29,28.25,40.67,59.29,28.25,38.39,59.29,28.25,38.77,73.39,27.33,44.39
BTLCY.PK,5.48,0.01,5.55,5.43,5.68,5.22,5.44,0.01,5.62,4.26,4.88,5.62,4.13,4.86,6.31,4.13,4.98,6.31,3.48,4.82,7.74,3.48,5.45,11.7,3.48,6.6
BTSG.O,69.55,4.24,72.06,68.1,72.06,58.1,66.03,3.8,38.42,19.01,28.39,38.42,15.26,24.42,38.42,7.85,18.85,38.42,7.85,18.85,38.42,7.85,18.85,38.42,7.85,18.85
BTSGU.O,229.1,0.01,235.6,224.09,255.51,193.36,217.71,0.02,129.5,68.14,97.93,129.5,56.77,85.13,129.5,34.55,67.85,129.5,34.55,67.85,129.5,34.55,67.85,129.5,34.55,67.85
BTSGY.PK,0.0,0.0,0.0,0.0,0.0,0.0,0.0,0.0,,,,0.0,0.0,0.0,0.0,0.0,0.0,0.0,0.0,0.0,0.0,0.0,0.0,0.0,0.0,0.0
BTSNY.PK,0.0,0.0,0.0,0.0,0.0,0.0,0.0,0.0,,,,,,,,,,,,,,,,,,
BTT.N,22.73,0.02,22.99,22.57,22.99,22.49,22.69,0.01,22.87,21.81,22.38,22.87,20.23,21.8,22.87,20.23,21.41,22.87,18.9,21.21,26.5,18.9,22.43,26.5,18.69,22.63
BTTAY.PK,0.0,0.0,0.0,0.0,0.0,0.0,0.0,0.0,,,,24.23,23.1,24.23,24.23,23.1,24.23,24.23,23.1,24.23,24.23,23.1,24.23,24.23,23.1,24.23
BTU.N,22.97,0.96,24.07,22.05,28.96,22.05,24.72,0.89,35.98,12.78,23.6,35.98,9.65,19.22,35.98,9.65,21.58,35.98,9.65,22.32,35.98,2.46,19.71,44.94,0.8,20.65
BTX.A,6.56,0.0,6.76,6.28,6.51,6.48,6.51,0.0,7.46,6.28,6.93,8.26,5.41,6.98,8.26,5.41,7.26,8.27,5.41,7.31,22.98,5.41,9.29,22.98,5.41,9.29
BTX.N,8.86,0.14,9.14,8.59,9.44,8.55,8.96,0.15,7.5,6.14,6.94,8.3,5.1,6.97,8.3,5.1,7.26,8.35,5.1,7.31,23.05,5.1,9.61,23.05,5.1,9.61
BUD.N,82.34,0.48,85.56,78.91,85.56,77.74,81.89,0.38,70.73,56.98,62.49,72.12,45.95,61.78,72.12,45.95,61.3,72.12,45.95,60.59,79.67,44.51,60.43,136.07,32.61,77.61
BUGDF.PK,0.0,0.0,0.0,0.0,0.0,0.0,0.0,0.0,5.4,3.95,4.63,5.4,3.95,4.63,7.91,3.95,6.14,7.91,3.95,6.23,7.91,3.95,5.81,7.91,3.15,5.32
BUHPY.PK,0.0,0.0,0.0,0.0,0.0,0.0,0.0,0.0,,,,,,,,,,,,,,,,0.0,0.0,0.0
BULL.O,6.88,11.24,7.59,6.32,7.59,5.37,6.67,12.83,18.32,7.57,12.16,79.56,7.57,12.75,79.56,7.57,12.0,79.56,7.57,11.62,79.56,7.57,11.48,79.56,7.57,11.48
BUR.N,4.16,0.99,4.54,3.92,4.66,3.92,4.27,0.76,15.1,8.2,11.58,15.73,8.2,12.54,16.77,8.2,13.29,17.7,6.18,12.89,17.7,6.18,11.63,17.7,6.18,11.56
BURBY.PK,14.47,0.04,14.87,13.91,15.98,13.91,14.85,0.04,18.55,14.56,16.39,18.55,8.0,14.44,18.55,7.38,13.49,32.81,7.38,17.82,32.81,7.38,20.48,32.81,7.38,21.4
BURL.K,316.69,0.73,337.87,305.26,349.64,305.26,326.92,0.69,309.0,231.46,271.45,309.0,212.92,260.12,309.0,174.64,247.61,309.0,115.66,223.4,357.34,106.47,228.9,357.34,41.41,183.58
BURL.N,316.69,0.23,337.87,305.57,349.54,305.57,326.92,0.21,,,,,,,,,,,,,,,,,,
BUSE.O,29.65,1.12,30.52,29.15,30.52,27.47,28.88,0.92,25.62,21.63,23.67,25.62,18.4,23.06,28.97,18.4,23.8,28.97,16.26,22.92,29.73,16.26,23.7,33.25,11.0,24.64
BUSEP.O,25.85,0.02,25.99,25.7,25.85,25.7,25.77,0.01,,,,,,,,,,,,,,,,,,
BV.N,14.38,0.41,14.75,13.93,14.75,12.37,13.47,0.28,17.1,11.06,13.77,17.1,11.06,14.2,18.89,7.76,13.75,18.89,5.16,11.56,19.17,5.16,12.35,23.38,5.16,13.28
BVC.O,9.55,0.01,12.38,8.06,14.5,7.53,10.8,0.05,30.3,4.44,10.3,30.3,4.44,10.4,32.5,2.0,9.4,75.0,2.0,27.64,112.5,2.0,41.85,112.5,2.0,41.85
BVENY.PK,1.57,0.0,3.85,0.0,4.25,0.0,0.8,0.0,3.21,0.0,0.22,3.21,0.0,0.11,3.21,0.0,0.06,3.21,0.0,0.04,3.21,0.0,0.02,3.21,0.0,0.01
BVGLY.PK,0.0,0.0,0.0,0.0,9.4,0.0,0.49,0.0,,,,,,,,,,,,,,,,,,
BVHMY.PK,2.0,0.0,3.65,0.0,3.65,0.0,1.59,0.0,9.3,7.8,8.45,9.3,6.25,8.07,18.02,6.25,9.68,18.02,6.25,9.68,18.02,6.25,9.68,18.02,6.25,9.68
BVILY.PK,0.0,0.0,0.0,0.0,0.0,0.0,0.0,0.0,,,,,,,,,,,,,,,,,,
BVN.N,29.69,0.27,31.63,28.5,36.79,28.5,31.41,0.45,30.0,16.1,21.85,30.0,11.52,18.18,30.0,11.5,16.55,30.0,6.46,13.79,30.0,5.09,11.65,30.0,3.3,12.24
BVNRY.PK,9.33,0.01,9.75,9.0,9.75,8.67,9.26,0.0,13.0,8.73,11.1,13.0,6.6,9.74,14.6,6.6,9.42,14.6,5.95,9.19,19.31,5.85,10.01,20.27,4.95,10.2
BVRDF.PK,0.0,0.0,0.0,0.0,30.75,0.0,3.17,0.0,33.16,29.97,31.78,34.15,29.27,31.59,34.15,26.83,30.87,34.15,23.07,28.63,34.34,21.68,29.08,34.34,16.91,24.61
BVVBY.PK,60.48,0.01,62.47,58.85,62.47,57.35,59.52,0.02,68.1,59.37,63.22,69.58,54.06,63.24,69.58,49.35,61.53,69.58,44.55,58.73,69.58,0.0,51.97,69.58,0.0,25.95
BW.N,13.33,2.78,14.91,11.24,18.07,11.24,15.1,1.48,7.76,0.88,3.35,7.76,0.22,2.18,7.76,0.22,1.84,7.76,0.22,2.83,10.36,0.22,4.57,239.8,0.22,32.77
BWA.N,66.24,1.09,69.78,62.7,76.5,62.7,70.16,1.07,46.37,33.51,41.88,46.37,24.5,36.33,46.37,24.5,34.96,47.04,24.5,36.67,48.86,24.5,36.97,51.21,14.95,36.14
BWERY.PK,0.0,0.0,0.0,0.0,0.0,0.0,0.0,0.0,,,,,,,,,,,,,,,,,,
BWIN.O,26.5,2.06,28.46,23.84,28.46,16.84,22.49,2.26,43.64,21.26,30.09,47.15,21.26,35.25,55.82,21.26,36.12,55.82,17.33,32.23,55.82,17.08,30.94,55.82,8.35,28.63
BWLP.K,17.9,0.31,19.18,17.2,22.24,17.2,19.22,0.45,16.6,11.58,13.63,16.6,7.86,12.47,22.31,7.86,13.44,22.31,6.78,12.9,22.31,4.45,11.28,22.31,2.32,10.75
BWNB.N,25.0,0.0,25.03,24.98,25.06,24.67,25.01,0.0,24.74,15.31,21.56,24.74,6.27,19.52,24.74,6.27,19.16,24.74,6.27,19.63,24.95,0.0,16.55,24.95,0.0,8.26
BWOFY.PK,1.32,0.0,9.25,0.0,9.25,0.0,0.49,0.0,9.56,6.18,7.76,9.56,5.01,7.17,9.56,5.01,6.63,538.73,5.01,57.36,538.73,5.01,57.36,538.73,5.01,57.36
BWVTF.PK,0.0,0.0,0.0,0.0,0.0,0.0,0.0,0.0,118.0,115.0,116.97,118.0,115.0,117.23,118.0,80.0,104.71,118.0,80.0,97.61,118.0,65.0,85.33,118.0,51.24,73.68
BWXT.K,195.11,1.09,211.02,186.86,215.38,179.46,196.75,1.04,218.5,133.84,174.23,218.5,84.21,144.22,218.5,74.69,122.58,218.5,55.47,104.68,218.5,42.58,85.04,218.5,26.89,68.3
BWXT.N,195.11,0.45,210.59,186.97,215.0,179.56,196.75,0.37,,,,,,,,,,,,,,,,,,
BX.N,118.27,1.44,124.45,112.85,129.78,112.06,120.11,1.43,190.02,135.63,161.65,190.02,115.66,155.79,200.76,114.9,148.11,200.76,74.05,131.06,200.76,61.27,119.7,200.76,22.32,78.83
BXBLY.PK,27.19,0.15,28.44,26.39,28.44,23.1,26.36,0.17,35.27,29.21,31.61,35.27,22.6,29.16,35.27,17.89,25.31,35.27,15.32,22.9,35.27,13.11,20.04,35.27,9.97,18.01
BXCAP.PK,0.0,0.0,0.0,0.0,0.0,0.0,0.0,0.0,,,,,,,,,,,,,,,,,,
BXDC.N,21.67,0.26,22.31,20.93,22.6,20.7,21.74,0.5,0.0,0.0,0.0,0.0,0.0,0.0,0.0,0.0,0.0,0.0,0.0,0.0,0.0,0.0,0.0,0.0,0.0,0.0
BXMT.K,17.26,2.05,17.67,16.88,18.58,16.88,17.79,1.66,20.66,17.66,19.13,21.24,16.51,19.13,22.04,16.51,18.94,24.8,16.51,19.58,34.04,16.51,23.71,40.62,12.67,27.2
BXMT.N,17.26,0.79,17.66,16.9,18.55,16.9,17.79,0.6,,,,,,,,,,,,,,,,,,
BXMX.K,0.0,0.0,0.0,0.0,0.0,0.0,0.0,0.0,14.71,13.6,14.25,14.71,11.25,13.85,14.71,11.25,13.6,14.71,11.25,13.4,15.22,11.25,13.54,15.22,7.77,13.28
BXMX.N,0.0,0.0,0.0,0.0,0.0,0.0,0.0,0.0,,,,,,,,,,,,,,,,,,
BXP.N,67.64,0.58,70.22,64.37,70.22,62.22,66.08,0.64,79.33,61.99,70.83,79.33,54.25,69.62,90.09,54.25,69.85,90.09,46.19,66.6,133.06,46.19,81.33,147.79,46.19,101.44
BXSL.K,23.87,2.12,24.71,23.17,24.71,23.15,23.76,1.97,32.81,24.85,28.44,34.64,24.85,30.04,34.64,24.85,30.28,34.64,22.11,28.99,37.37,21.81,28.23,37.37,21.81,28.23
BXSL.N,23.87,0.37,24.71,23.18,24.71,23.17,23.76,0.47,,,,,,,,,,,,,,,,,,
BY.N,37.54,0.22,38.72,36.16,38.72,33.67,36.04,0.15,31.22,25.4,27.99,31.22,22.72,27.44,32.89,19.7,26.15,32.89,16.4,24.38,32.89,14.6,24.04,32.89,8.23,21.76
BYD.N,88.73,0.31,90.86,86.06,90.86,83.76,87.3,0.33,88.41,76.33,83.2,88.41,59.25,77.91,88.41,49.34,70.18,88.41,49.34,68.04,88.41,41.15,64.46,88.41,6.44,45.27
BYDDF.PK,9.79,0.3,10.8,9.25,11.48,9.25,10.31,0.37,17.75,11.5,13.82,20.5,9.73,14.62,20.5,7.27,12.25,20.5,7.27,11.53,20.5,5.8,10.95,20.5,1.36,6.69
BYDDY.PK,9.74,1.99,10.69,9.21,11.32,9.21,10.26,2.01,17.07,11.81,13.77,20.05,10.58,14.62,20.05,7.27,12.25,20.05,7.27,11.53,20.05,5.8,10.94,20.05,1.39,6.68
BYDIY.PK,137.68,0.0,149.15,125.41,189.2,125.41,150.88,0.0,,,,,,,,,,,,,,,,,,
BYITY.PK,0.0,0.0,0.0,0.0,10.63,0.0,1.08,0.0,,,,,,,,,,,,,,,,,,
BYSD.PK,0.0,0.0,0.0,0.0,0.0,0.0,0.0,0.0,1.43,0.67,0.95,1.43,0.66,0.93,3.16,0.56,1.31,3.16,0.19,1.03,3.16,0.05,0.69,13.5,0.01,1.65
BZ.O,13.13,3.77,13.69,12.57,14.5,12.57,13.38,3.69,25.26,17.05,21.53,25.26,12.85,19.09,25.26,10.57,17.68,25.97,10.57,17.55,44.46,9.64,20.77,44.46,9.64,20.77
BZLEY.PK,4.9,0.0,34.27,0.0,34.27,0.0,1.8,0.0,,,,,,,,,,,,,,,,,,
BZLFY.PK,17.64,0.04,18.0,17.43,18.0,16.29,17.27,0.05,17.73,13.52,15.5,21.94,13.52,16.92,24.56,13.52,18.88,24.56,13.52,18.77,24.56,13.52,18.32,24.56,7.27,16.36
BZQIY.PK,0.0,0.0,0.0,0.0,12.4,0.0,0.65,0.0,10.99,8.4,9.61,10.99,6.13,8.72,10.99,4.93,7.8,10.99,4.93,7.18,10.99,4.59,7.21,11.9,2.33,6.97
BZZUY.PK,25.94,0.0,26.7,24.81,28.0,0.0,20.74,0.0,31.85,23.4,28.73,31.85,18.01,26.12,31.85,14.85,22.42,31.85,9.85,20.35,31.85,6.74,17.61,31.85,6.74,16.69
C.N,141.88,3.56,147.79,138.24,147.9,131.98,140.93,3.93,122.84,84.78,99.37,122.84,55.53,87.1,122.84,50.51,74.35,122.84,38.17,64.93,122.84,38.17,63.14,122.84,32.0,61.87
CAAP.K,25.5,0.24,26.77,24.75,28.73,24.68,26.13,0.22,26.97,17.36,21.27,26.97,15.01,20.31,26.97,13.74,18.65,26.97,8.46,16.4,26.97,3.5,12.18,26.97,1.61,10.11
CAAP.N,25.5,0.07,26.69,24.81,28.72,24.69,26.13,0.07,,,,,,,,,,,,,,,,,,
CABGY.PK,27.14,0.04,28.77,26.14,28.77,25.36,26.52,0.04,29.53,23.1,25.09,30.22,18.21,25.21,30.22,18.21,24.93,33.7,18.21,26.11,38.75,18.21,27.71,38.75,15.04,25.54
CACC.O,642.51,0.17,668.86,605.19,668.86,525.1,597.02,0.22,549.75,401.9,481.27,560.0,401.9,486.95,616.66,401.9,494.85,616.66,358.0,485.26,703.26,320.19,493.69,703.26,160.63,410.74
CACI.K,470.35,0.31,508.56,439.16,537.8,434.7,487.12,0.29,632.77,450.95,524.25,632.77,318.6,470.13,632.77,314.06,449.71,632.77,275.79,405.32,632.77,215.18,350.97,632.77,78.08,258.61
CACI.N,470.35,0.08,508.52,441.0,536.9,434.98,487.12,0.07,,,,,,,,,,,,,,,,,,
CAE.N,25.4,0.19,26.82,24.61,26.82,24.61,25.31,0.2,31.67,25.52,28.09,31.67,20.38,26.49,31.67,15.96,23.03,31.67,15.96,22.73,34.19,15.23,23.91,34.19,9.34,21.16
CAG.N,13.96,13.34,14.53,13.4,14.53,12.82,13.58,7.46,21.36,16.6,18.46,28.52,16.6,21.46,33.23,16.6,25.46,41.29,16.6,27.95,41.29,16.6,30.68,41.68,16.6,32.31
CAH.N,237.23,0.83,240.84,232.41,240.84,201.65,227.68,0.79,214.9,137.91,171.33,214.9,117.54,155.12,214.9,93.17,131.36,214.9,68.57,116.76,214.9,45.86,93.35,214.9,39.24,77.37
CAHPF.PK,7.13,0.02,8.65,0.0,9.91,0.0,7.59,0.02,9.2,4.36,6.56,9.2,3.0,5.61,9.2,1.86,4.17,9.2,1.74,3.54,9.2,1.17,3.21,9.2,0.96,2.88
CAI.O,18.31,4.05,19.97,17.5,19.97,15.78,17.89,3.08,42.5,22.86,30.03,42.5,22.86,29.85,42.5,22.86,29.85,42.5,22.86,29.85,42.5,22.86,29.85,42.5,22.86,29.85
CAIXY.PK,4.69,0.2,4.83,4.59,4.89,4.28,4.62,0.24,4.25,2.8,3.43,4.25,1.73,2.95,4.25,1.33,2.36,4.25,1.08,2.01,4.25,0.75,1.62,4.25,0.47,1.36
CAJPY.PK,26.14,0.08,26.95,25.49,27.51,25.49,26.6,0.09,31.5,26.25,29.2,34.69,26.25,30.26,35.52,25.14,30.17,35.52,21.0,28.13,35.52,18.17,26.21,40.67,15.46,27.51
CAKE.O,79.15,1.33,80.93,76.46,80.93,65.43,75.89,1.46,69.7,43.07,55.69,69.7,42.69,53.99,69.7,31.24,46.48,69.7,28.58,42.3,69.7,26.05,42.0,69.7,14.52,43.77
CALM.O,81.12,1.03,85.72,75.96,85.72,74.87,79.38,0.84,126.4,79.24,97.3,126.4,79.24,97.21,126.4,53.02,83.63,126.4,42.25,72.55,126.4,33.85,61.27,126.4,30.74,52.0
CALX.K,36.88,1.54,39.47,34.86,40.16,34.86,37.48,1.31,71.22,49.64,57.92,71.22,28.6,49.17,71.22,26.76,42.23,71.59,26.76,43.8,80.95,26.76,46.37,80.95,4.65,27.59
CALX.N,36.88,0.56,39.44,34.87,40.12,34.87,37.48,0.46,,,,,,,,,,,,,,,,,,
CALY.K,18.7,2.39,19.36,17.95,19.36,14.69,17.7,2.61,13.0,7.93,9.92,13.0,5.42,8.55,16.89,5.42,10.71,25.96,5.42,13.21,37.75,5.42,18.25,37.75,4.75,16.85
CALY.N,18.7,1.01,19.36,17.96,19.36,14.7,17.7,0.97,,,,,,,,,,,,,,,,,,
CALY.O,50.47,0.11,50.55,50.39,50.58,50.33,50.47,0.09,,,,,,,,,,,,,,,,,,
CAMT.O,154.58,0.62,179.53,137.28,204.49,137.28,170.96,0.51,129.41,75.75,100.95,129.41,47.41,87.73,140.5,47.41,87.67,140.5,21.63,72.32,140.5,20.53,56.17,140.5,1.54,31.86
CAOVY.PK,7.79,0.0,8.35,7.43,10.45,7.25,8.92,0.01,9.6,7.3,8.73,9.94,7.1,8.67,11.87,6.55,8.54,14.23,6.55,9.18,17.2,6.55,10.28,20.5,6.55,13.13
CAPMF.PK,103.18,0.0,108.82,97.25,123.36,97.21,107.19,0.0,183.1,134.5,153.42,200.2,128.6,158.55,248.85,128.6,181.97,248.85,128.6,183.03,249.31,128.6,187.82,249.31,60.1,161.11
CAPR.O,24.78,2.46,30.93,21.64,30.93,21.64,26.28,1.68,40.37,4.3,10.21,40.37,4.3,11.18,40.37,3.52,9.72,40.37,2.68,7.95,40.37,2.56,6.54,54.0,0.88,10.48
CAR.O,157.64,1.17,176.5,144.4,197.28,144.4,174.97,0.77,212.81,124.85,154.01,212.81,54.03,124.86,212.81,54.03,116.15,238.72,54.03,139.51,517.91,33.24,142.21,517.91,6.03,86.45
CARCY.PK,0.0,0.0,0.0,0.0,4.68,0.0,0.25,0.0,7.4,5.72,6.78,7.4,5.72,6.53,8.81,3.86,6.02,18.18,3.86,7.67,36.45,3.86,17.53,46.68,3.86,24.97
CARG.O,34.17,1.5,36.35,30.74,36.35,26.93,30.88,1.43,39.4,28.8,35.1,41.33,24.65,33.85,41.33,21.18,30.47,41.33,14.12,26.64,50.03,9.14,26.96,57.25,9.14,29.4
CARR.K,72.66,5.62,76.76,69.15,76.76,66.56,71.32,5.95,81.09,50.3,61.77,81.09,50.3,64.4,83.32,50.3,65.1,83.32,40.28,59.82,83.32,33.1,53.78,83.32,11.5,50.11
CARR.N,72.66,1.92,76.76,69.15,76.76,66.99,71.32,2.01,,,,,,,,,,,,,,,,,,
CART.O,46.69,4.63,49.21,42.24,49.21,39.89,44.55,4.63,53.5,34.78,43.49,53.5,34.78,43.71,53.5,22.13,39.64,53.5,22.13,37.91,53.5,22.13,37.91,53.5,22.13,37.91
CASH.O,87.98,0.28,90.83,85.0,90.83,79.7,84.65,0.25,84.83,65.87,74.79,86.0,64.45,75.58,86.0,46.68,68.32,86.0,39.75,61.48,86.0,31.16,55.79,86.0,12.07,41.09
CASY.O,789.61,0.72,810.0,763.25,927.85,749.45,824.36,0.73,575.98,490.0,536.75,575.98,372.08,487.48,575.98,268.07,419.19,575.98,202.13,360.69,575.98,170.82,297.76,575.98,90.42,214.87
CAT.N,1011.06,1.6,1073.46,948.89,1073.46,854.73,968.12,1.21,626.82,384.48,491.35,626.82,267.31,419.72,626.82,267.31,384.85,626.82,204.04,339.68,626.82,160.65,287.1,626.82,56.36,204.23
CATY.O,62.28,0.62,63.72,61.22,63.72,57.26,60.78,0.57,51.94,43.66,48.07,51.94,36.06,46.16,55.29,33.88,43.94,55.29,27.24,41.47,55.29,27.24,41.55,55.29,17.58,38.08
CAVA.K,79.37,2.77,85.73,71.61,92.32,71.61,82.16,3.09,93.69,43.41,65.76,144.49,43.41,80.84,172.43,39.05,86.42,172.43,29.05,76.34,172.43,29.05,76.34,172.43,29.05,76.34
CAVA.N,79.37,0.81,85.62,71.61,92.28,71.61,82.16,0.82,,,,,,,,,,,,,,,,,,
CB.N,346.53,0.7,361.27,330.03,361.27,319.82,334.69,0.6,315.05,264.21,283.81,315.05,252.17,283.37,315.05,222.91,274.38,315.05,183.41,251.9,315.05,144.04,225.95,315.05,87.41,180.77
CBC.O,30.66,0.93,31.95,28.84,31.95,27.1,29.28,0.97,25.0,9.8,20.86,25.0,9.8,19.46,25.0,9.8,17.03,25.0,9.8,16.56,25.0,9.8,16.05,25.0,7.14,15.58
CBGPY.PK,3.14,0.0,11.3,0.0,12.12,0.0,2.43,0.0,15.03,9.76,12.49,15.03,5.03,9.88,20.21,4.62,10.05,27.15,4.62,14.44,53.1,4.62,27.31,53.1,4.62,30.84
CBL.N,53.35,0.19,55.56,51.21,55.56,46.51,50.63,0.15,38.62,25.36,30.88,38.62,21.5,28.82,38.62,20.39,26.49,38.62,19.39,25.2,38.62,19.39,25.33,38.62,19.39,25.33
CBLNY.PK,1.29,0.0,9.0,0.0,11.25,0.0,3.09,0.0,,,,,,,,,,,,,,,,,,
CBLUY.PK,0.0,0.0,0.0,0.0,0.0,0.0,0.0,0.0,,,,0.0,0.0,0.0,0.0,0.0,0.0,0.0,0.0,0.0,0.0,0.0,0.0,0.0,0.0,0.0
CBOE.K,243.31,1.65,254.33,227.15,306.19,227.15,262.68,1.91,262.98,227.43,244.5,262.98,187.3,230.18,262.98,166.13,210.63,262.98,116.11,188.89,262.98,87.0,159.97,262.98,58.43,127.32
CBRE.K,137.6,1.98,142.57,133.76,142.57,128.55,134.71,2.06,171.0,135.44,155.96,171.0,108.45,143.83,171.0,82.75,124.27,171.0,64.63,109.32,171.0,58.74,99.73,171.0,22.74,71.03
CBRE.N,137.6,0.73,142.1,134.1,142.1,128.65,134.71,0.73,,,,,,,,,,,,,,,,,,
CBSH.O,58.08,1.4,59.21,56.53,59.21,53.05,56.13,1.42,63.19,48.69,55.54,65.59,48.69,57.61,69.29,44.84,55.43,69.29,37.11,52.49,69.29,37.11,54.46,69.29,22.98,47.06
CBT.N,89.76,0.31,94.5,85.16,94.5,81.53,88.4,0.28,83.64,58.4,72.28,92.81,58.4,76.67,117.46,58.4,86.62,117.46,58.4,81.93,117.46,42.83,73.7,117.46,20.01,61.39
CBU.N,67.54,0.23,68.87,66.3,68.87,60.78,65.46,0.19,62.32,51.16,57.71,68.06,49.58,58.18,73.33,41.5,55.79,73.33,36.2,53.85,82.53,36.2,60.41,82.53,34.3,58.53
CBUMY.PK,4.28,0.0,29.97,0.0,33.02,0.0,4.86,0.0,,,,,,,,,,,,,,,,,,
CBZ.N,33.02,0.37,35.78,29.43,35.78,27.86,32.84,0.3,77.84,47.91,58.54,90.02,47.91,67.22,90.02,47.91,70.2,90.02,45.27,64.32,90.02,25.27,53.76,90.02,9.3,36.12
CC.N,20.03,1.26,21.81,17.87,23.29,17.87,20.82,0.91,18.07,10.44,13.67,20.1,9.13,13.78,32.52,9.13,18.7,39.05,9.13,22.86,44.94,9.13,26.45,58.07,3.06,27.18
CCB.O,77.91,0.14,80.65,74.62,80.65,69.45,74.23,0.12,120.05,91.25,107.55,120.05,76.11,97.41,120.05,35.67,73.88,120.05,29.91,62.91,120.05,19.61,52.77,120.05,8.41,40.47
CCC.O,5.17,11.32,5.74,4.37,5.74,4.23,4.78,10.23,10.5,6.96,8.9,11.8,6.96,9.27,12.88,6.96,10.28,13.41,6.96,10.31,16.11,6.96,10.29,16.11,6.96,10.38
CCEC.O,21.25,0.01,22.5,20.27,22.85,19.79,21.09,0.02,24.83,18.56,21.8,24.83,14.09,20.82,24.83,14.09,19.17,24.83,11.93,17.4,24.83,8.0,15.93,26.01,5.18,14.49
CCEP.O,103.19,2.27,108.07,98.86,108.07,94.4,99.75,2.06,100.67,85.72,91.56,100.67,73.4,88.67,100.67,64.25,81.16,100.67,53.53,74.47,100.67,41.8,66.06,100.67,28.35,54.32
CCHGY.PK,65.71,0.01,68.71,62.62,68.71,57.37,62.69,0.01,54.6,44.37,49.69,55.6,32.89,47.54,55.6,27.39,41.0,55.6,22.99,36.54,55.6,18.89,33.47,55.6,17.25,31.34
CCI.N,77.79,1.55,82.75,73.76,94.07,73.76,84.25,1.56,115.76,84.22,96.59,115.76,84.21,96.96,120.91,84.21,101.24,153.89,84.21,106.05,209.82,84.21,133.3,209.82,75.72,125.42
CCJ.N,100.69,0.6,107.46,94.82,111.49,93.83,103.01,0.63,110.15,68.98,83.8,110.15,35.0,67.44,110.15,35.0,57.78,110.15,22.17,49.53,110.15,12.17,38.47,110.15,5.31,24.37
CCK.N,111.64,0.4,113.36,108.72,113.36,91.9,104.46,0.46,109.48,89.5,98.88,109.48,76.45,95.19,109.48,70.84,90.06,109.48,70.84,88.49,130.32,66.0,93.65,130.32,39.06,76.05
CCL.N,28.46,6.52,29.89,27.38,31.58,25.75,28.78,6.61,32.89,24.61,29.04,32.89,15.08,25.88,32.89,13.78,21.95,32.89,7.92,19.08,32.89,6.12,18.91,72.7,6.12,33.86
CCO.N,2.41,5.95,2.43,2.4,2.43,2.39,2.41,2.58,2.25,1.0,1.55,2.25,0.82,1.38,2.25,0.82,1.47,2.25,0.82,1.45,4.1,0.82,1.78,6.35,0.36,2.8
CCOEY.PK,9.47,0.18,10.16,8.84,10.16,8.63,9.09,0.24,17.1,11.06,13.39,17.2,10.39,13.27,17.2,7.73,11.62,17.2,7.53,10.78,17.2,4.74,9.27,17.2,1.18,6.6
CCOI.O,13.29,1.95,14.68,12.12,17.95,12.12,14.45,1.48,54.37,15.96,35.63,84.06,15.96,48.54,86.76,15.96,59.47,86.76,15.96,61.47,86.76,15.96,63.06,92.96,15.96,57.48
CCOJY.PK,1.98,0.0,13.85,0.0,13.85,0.0,0.73,0.0,11.05,7.15,8.75,11.05,7.14,8.39,11.05,5.66,7.55,11.05,4.92,6.88,11.05,4.3,6.61,22.33,4.3,9.71
CCOZY.PK,4.23,0.0,29.59,0.0,29.59,0.0,3.08,0.0,,,,,,,,,,,,,,,,,,
CCS.N,70.32,0.17,72.58,66.97,72.58,55.17,64.37,0.15,71.13,55.61,61.97,81.04,50.48,62.99,108.24,50.48,76.04,108.24,50.12,73.29,108.24,39.05,67.64,108.24,9.05,46.98
CCU.N,11.17,0.02,11.5,10.77,12.06,10.77,11.28,0.02,13.69,11.36,12.44,15.7,11.19,13.07,15.7,10.0,12.37,17.74,10.0,13.1,21.78,9.32,14.08,30.23,9.32,18.44
CCZ.N,28.46,0.0,66.5,0.0,66.5,0.0,37.77,0.0,64.0,59.0,61.56,65.0,53.14,60.79,66.8,53.14,59.3,66.8,51.13,57.81,73.0,50.5,59.91,73.0,40.6,57.51
CDDRF.PK,8.35,0.07,8.53,8.06,9.77,8.06,8.79,0.06,7.18,4.77,5.54,7.18,3.17,5.05,7.18,3.17,5.07,7.18,3.17,5.02,7.18,1.84,4.7,7.18,0.27,3.22
CDE.N,16.5,16.59,17.94,15.38,19.46,15.16,16.79,15.76,23.61,8.57,14.81,23.61,4.59,10.87,23.61,2.42,8.03,23.61,2.0,6.38,23.61,2.0,6.18,23.61,1.62,6.66
CDEVY.PK,4.37,0.0,6.47,0.0,6.96,0.0,5.01,0.0,6.5,3.87,5.29,6.5,3.24,4.56,6.5,3.24,4.35,6.51,3.24,4.63,6.64,3.24,4.98,9.95,3.24,5.85
CDGLY.PK,2.91,0.0,23.07,0.0,23.07,0.0,6.83,0.0,26.76,19.79,23.55,26.76,18.07,23.21,26.76,18.07,22.49,26.76,16.74,21.46,26.76,16.74,21.47,44.53,16.74,24.67
CDLR.K,21.9,0.14,23.65,20.5,23.78,20.5,22.22,0.11,22.57,15.37,19.78,23.09,15.37,19.99,28.75,15.37,21.26,28.75,15.37,21.21,28.75,15.37,21.21,28.75,15.37,21.21
CDLR.N,21.9,0.05,23.64,20.92,23.73,20.92,22.22,0.03,,,,,,,,,,,,,,,,,,
CDNA.O,28.85,0.92,30.0,27.24,30.0,21.62,25.84,0.96,20.92,10.96,15.5,25.95,10.96,17.51,34.84,7.42,17.73,34.84,4.8,15.04,99.83,4.8,28.45,99.83,0.76,22.9
CDNS.O,374.31,2.47,387.19,358.76,406.67,358.76,382.05,2.52,376.44,295.18,335.17,376.44,221.56,310.46,376.44,221.56,300.02,376.44,154.88,275.01,376.44,118.11,226.45,376.44,18.32,139.19
CDP.N,36.62,0.65,37.88,34.49,37.88,32.77,34.95,0.47,31.03,26.91,28.78,31.07,23.95,28.22,34.2,22.2,27.71,34.2,21.63,26.69,34.2,21.63,26.83,36.02,15.24,27.44
CDPYF.PK,24.87,0.03,25.32,24.39,25.9,0.0,23.66,0.04,33.89,25.53,29.17,33.89,25.53,29.42,41.55,25.53,31.96,41.55,25.53,32.89,50.47,25.53,36.6,50.47,18.0,33.81
CDRE.K,28.63,0.46,30.91,27.29,31.5,26.87,28.94,0.49,46.64,28.22,36.91,46.64,27.07,35.18,46.64,27.07,34.96,46.64,16.58,31.46,46.64,14.16,29.26,46.64,14.16,29.26
CDRE.N,28.63,0.21,30.9,27.32,31.37,26.93,28.94,0.19,,,,,,,,,,,,,,,,,,
CDW.O,135.39,1.79,144.33,127.57,144.33,123.08,131.94,1.98,183.91,135.63,158.69,222.92,135.63,166.98,263.37,135.63,194.19,263.37,135.63,194.68,263.37,125.46,186.8,263.37,30.4,134.9
CE.N,47.26,0.79,49.52,44.41,53.93,44.41,49.49,0.59,63.55,35.16,45.28,75.84,35.16,50.53,172.16,35.16,91.87,172.16,35.16,101.01,176.46,35.16,116.55,176.46,35.16,106.43
CECO.O,88.02,0.95,99.9,78.72,101.24,78.5,92.09,0.92,63.98,28.26,47.91,63.98,17.57,37.1,63.98,17.57,31.23,63.98,10.68,25.72,63.98,4.09,18.45,63.98,3.53,13.17
CEF.A,50.44,0.01,53.09,46.83,50.6,50.24,50.24,0.0,47.82,30.06,36.17,47.82,24.08,32.04,47.82,18.06,27.1,47.82,16.6,24.26,47.82,15.12,21.62,47.82,11.5,18.99
CEF.N,40.58,0.04,42.04,39.45,45.73,38.79,42.11,0.04,48.96,30.03,36.3,48.96,24.07,32.16,48.96,18.04,27.2,48.96,16.59,24.26,48.96,15.12,21.69,48.96,11.39,19.18
CEG.O,251.72,4.56,275.81,228.63,282.77,228.63,257.5,4.13,412.7,293.15,343.08,412.7,161.35,305.61,412.7,109.44,252.17,412.7,71.16,200.26,412.7,38.0,168.54,412.7,38.0,168.54
CELC.O,103.43,1.34,111.04,95.0,111.04,82.55,94.64,1.33,112.64,12.48,61.12,112.64,7.58,36.71,112.64,7.58,26.22,112.64,7.58,21.1,112.64,4.81,18.39,112.64,4.03,17.57
CELH.O,30.74,8.58,34.19,27.89,34.19,27.55,29.64,8.92,66.74,37.45,51.33,66.74,21.1,42.38,99.62,21.1,48.06,99.62,21.1,47.14,99.62,12.77,37.98,99.62,0.52,19.99
CELJF.PK,2.87,0.0,12.53,0.0,12.53,0.0,5.81,0.0,13.42,3.0,9.81,13.42,3.0,8.58,13.42,3.0,6.28,13.42,2.33,5.27,13.42,2.33,4.93,13.42,1.8,5.68
CENT.O,44.21,0.1,45.78,42.6,45.78,39.92,43.2,0.09,41.25,28.77,34.41,41.25,28.77,35.17,47.48,28.77,37.33,47.48,27.86,35.72,49.24,27.86,36.07,49.24,9.13,30.58
CENTA.O,38.67,0.6,39.99,37.21,39.99,35.21,37.88,0.46,37.35,25.97,31.11,37.35,25.97,31.3,41.03,25.97,32.71,41.03,25.97,32.11,44.66,25.97,33.05,44.66,8.8,28.53
CENX.O,45.47,2.95,47.5,42.62,64.75,42.62,51.54,2.7,40.83,17.75,26.96,40.83,13.05,22.62,40.83,9.64,19.2,40.83,5.7,15.72,40.83,5.27,14.8,40.83,2.63,12.53
CEPU.K,14.72,0.28,15.36,13.91,16.23,13.91,15.12,0.3,18.5,7.43,12.29,18.5,7.43,12.39,18.5,7.05,11.2,18.5,4.23,9.46,18.5,1.71,6.88,18.5,1.68,6.74
CEPU.N,14.72,0.07,15.3,13.94,16.22,13.94,15.12,0.08,,,,,,,,,,,,,,,,,,
CERT.O,6.44,6.49,7.28,5.38,7.28,4.96,5.8,5.27,13.88,8.02,10.62,15.69,8.02,11.29,19.87,8.02,12.85,24.96,8.02,14.58,45.48,8.02,18.83,45.48,8.02,19.03
CESDF.PK,11.71,0.23,12.38,11.28,12.49,10.57,11.64,0.27,9.86,4.95,6.7,9.86,3.98,5.96,9.86,2.54,5.45,9.86,1.7,4.39,9.86,1.0,3.29,9.86,0.4,3.12
CET.N,44.98,0.0,53.24,0.0,53.24,0.0,46.91,0.0,52.19,47.86,50.28,52.19,40.62,48.25,52.19,37.2,46.18,52.19,34.1,44.02,52.19,32.09,42.66,52.19,19.81,37.85
CEVIY.PK,0.0,0.0,0.0,0.0,0.0,0.0,0.0,0.0,,,,,,,,,,,,,,,,,,
CEVMY.PK,8.3,0.0,15.8,0.0,15.8,0.0,5.42,0.0,30.5,0.0,3.06,31.86,0.0,4.66,31.86,0.0,3.54,31.86,0.0,2.8,31.86,0.0,2.17,31.86,0.0,1.08
CEZZY.PK,0.0,0.0,0.0,0.0,0.0,0.0,0.0,0.0,,,,,,,,,,,,,,,,,,
CF.N,108.11,0.84,114.41,101.18,114.41,100.8,106.85,0.91,99.22,75.43,85.67,104.29,67.34,85.12,104.29,67.34,82.71,104.29,60.08,80.99,119.57,38.07,77.78,119.57,19.73,57.12
CFACY.PK,2.56,0.0,17.9,0.0,18.66,0.0,1.92,0.0,,,,,,,,,,,,,,,,,,
CFEIY.PK,0.0,0.0,0.0,0.0,0.0,0.0,0.0,0.0,6.3,4.9,5.36,8.13,4.9,5.93,8.13,4.24,5.62,10.27,4.24,6.1,32.25,4.24,13.77,32.25,4.24,14.57
CFG.N,70.92,1.31,72.46,69.5,72.46,63.79,68.41,1.42,60.05,44.64,51.75,60.05,32.62,46.97,60.05,30.24,42.54,60.05,22.77,38.6,60.05,22.77,40.55,60.05,14.13,36.73
CFIGY.PK,0.0,0.0,0.0,0.0,0.0,0.0,0.0,0.0,,,,,,,,,,,,,,,,,,
CFLT.O,0.0,0.0,0.0,0.0,0.0,0.0,0.0,0.0,30.33,15.64,22.73,37.9,15.64,24.18,37.9,15.64,25.35,41.22,14.69,25.97,94.97,14.69,31.51,94.97,14.69,31.51
CFR.N,155.0,0.22,157.34,150.68,157.34,140.41,149.52,0.26,140.27,119.16,127.71,146.44,100.31,127.95,147.0,94.29,120.54,147.0,82.32,115.98,160.49,82.32,119.63,160.49,42.42,103.18
CFRUY.PK,22.94,0.9,23.55,22.4,23.55,20.53,22.43,0.62,22.0,15.58,19.1,22.0,14.63,18.69,22.0,11.96,16.79,22.0,11.41,16.05,22.0,8.72,14.2,22.0,4.65,10.74
CG.O,42.16,4.39,44.83,39.6,47.63,39.6,43.7,3.82,69.85,50.39,59.64,69.85,33.02,53.12,69.85,33.02,48.94,69.85,25.2,43.28,69.85,24.59,42.37,69.85,11.25,31.89
CGASY.PK,5.38,0.0,21.27,0.0,21.27,0.0,1.98,0.0,,,,,,,,,,,,,,,,,,
CGAU.K,16.09,1.37,17.13,15.5,18.42,14.69,16.15,1.81,15.47,6.71,10.25,15.47,5.41,8.41,15.47,4.46,7.36,15.47,4.46,6.9,15.47,3.77,7.21,15.47,3.5,6.87
CGEMY.PK,20.54,0.35,21.23,19.78,23.84,19.77,21.34,0.39,35.9,27.36,30.49,39.07,25.98,31.64,49.7,25.98,36.44,49.7,25.98,36.66,49.7,25.98,37.48,49.7,10.98,29.84
CGHLY.PK,5.24,0.0,18.7,0.0,21.7,0.0,6.2,0.0,27.64,24.0,25.87,27.64,20.04,22.92,27.64,18.37,22.77,39.87,18.37,25.19,109.63,18.37,48.62,117.12,18.37,64.7
CGKEY.PK,0.0,0.0,0.0,0.0,0.0,0.0,0.0,0.0,,,,,,,,,,,,,,,,,,
CGNX.O,68.93,3.3,72.88,64.32,72.88,58.06,65.68,2.49,49.76,31.5,40.47,49.76,22.67,36.28,53.13,22.67,38.74,59.51,22.67,41.64,101.82,22.67,52.37,101.82,13.64,48.63
CGON.O,71.44,1.6,77.0,65.86,77.0,53.21,64.49,1.27,46.01,23.65,35.23,46.01,14.8,30.76,50.23,14.8,33.22,50.23,14.8,33.22,50.23,14.8,33.22,50.23,14.8,33.22
CGXYY.PK,0.0,0.0,0.0,0.0,0.0,0.0,0.0,0.0,,,,,,,,,,,,,,,,,,
CHA.O,11.68,0.84,12.49,11.0,12.49,10.84,11.62,0.79,27.26,10.26,17.24,39.16,10.26,20.46,39.16,10.26,20.46,39.16,10.26,20.46,39.16,10.26,20.46,39.16,10.26,20.46
CHBAY.PK,32.76,0.0,78.67,0.0,78.67,0.0,12.07,0.0,56.18,47.0,51.55,56.18,33.94,45.52,56.18,33.94,44.15,56.18,33.94,43.07,56.18,25.95,39.26,56.18,18.4,32.75
CHBBY.PK,0.0,0.0,0.0,0.0,0.0,0.0,0.0,0.0,,,,,,,,,,0.0,0.0,0.0,0.0,0.0,0.0,0.0,0.0,0.0
CHCJY.PK,4.94,0.0,17.41,0.0,19.5,0.0,3.83,0.0,21.68,15.92,18.55,21.68,11.98,17.44,21.68,9.07,15.18,21.68,8.56,13.45,21.68,7.44,10.9,21.68,7.44,10.98
CHCLY.PK,0.0,0.0,0.0,0.0,74.0,0.0,7.63,0.0,,,,,,,,,,,,,,,,,,
CHCO.O,133.74,0.2,136.17,130.13,136.17,125.57,130.39,0.16,133.59,116.0,123.55,133.59,102.22,120.67,137.28,97.5,116.04,137.28,82.53,108.72,137.28,68.28,97.85,137.28,40.74,82.19
CHD.N,97.97,0.67,99.9,96.0,100.01,93.67,97.35,0.77,99.84,81.34,89.58,116.17,81.34,96.01,116.17,81.34,99.77,116.17,78.66,96.93,116.17,70.16,93.27,116.17,38.44,76.92
CHDN.O,88.96,1.31,91.53,83.35,94.0,83.35,88.24,1.15,118.46,86.11,103.29,136.34,85.58,105.84,150.21,85.58,119.17,150.45,85.58,121.09,150.45,85.58,115.13,150.45,19.79,80.19
CHDRF.PK,74.38,0.0,520.63,0.0,551.14,0.0,112.96,0.0,708.37,502.87,614.65,725.5,484.53,596.18,880.0,484.53,660.03,962.1,484.53,712.99,962.1,484.53,710.83,962.1,151.52,615.6
CHDRY.PK,93.76,0.0,136.85,0.0,146.7,0.0,97.29,0.0,179.98,121.0,149.23,210.8,118.78,147.6,232.03,118.78,165.31,243.35,118.78,178.88,243.35,118.78,177.04,243.35,38.21,143.44
CHE.N,470.44,0.06,492.3,449.52,492.3,411.97,447.91,0.07,486.7,409.09,444.1,622.47,409.09,505.11,652.0,409.09,541.4,652.0,409.09,538.95,652.0,405.0,516.15,652.0,124.81,405.52
CHEF.O,95.38,0.49,97.34,93.62,97.63,80.75,92.4,0.6,68.94,53.2,61.93,68.94,45.0,59.82,68.94,27.64,49.28,68.94,17.29,43.11,68.94,17.29,38.88,68.94,3.55,30.81
CHEOY.PK,41.74,0.05,44.42,40.15,44.42,34.68,39.21,0.09,105.6,85.1,94.67,105.6,74.76,91.61,115.85,74.76,97.41,115.85,67.27,91.96,115.85,57.62,86.42,115.85,30.49,77.08
CHFFF.PK,0.0,0.0,0.0,0.0,0.0,0.0,0.0,0.0,0.67,0.55,0.61,0.67,0.43,0.54,0.67,0.32,0.43,0.67,0.32,0.42,0.79,0.32,0.55,1.61,0.32,0.85
CHFFY.PK,0.0,0.0,0.0,0.0,0.0,0.0,0.0,0.0,,,,,,,,,,,,,,,,,,
CHFHY.PK,0.0,0.0,0.0,0.0,0.0,0.0,0.0,0.0,,,,,,,,,,,,,,,,,,
CHGCY.PK,23.17,0.17,23.74,22.25,24.37,22.25,23.27,0.27,28.46,19.5,23.91,31.26,19.5,24.21,31.26,14.52,22.15,31.26,11.93,19.55,31.26,10.99,18.54,100.0,4.49,16.95
CHH.N,110.78,0.2,114.15,105.74,117.46,102.71,110.58,0.19,136.29,84.17,108.65,157.3,84.17,121.18,157.3,84.17,123.69,157.3,84.17,122.46,157.34,84.17,123.19,157.34,40.88,98.21
CHHQY.PK,7.52,0.0,27.01,0.0,36.48,0.0,9.87,0.0,45.0,23.82,31.93,45.0,16.5,28.14,45.0,8.59,22.79,45.0,8.59,22.26,45.0,8.11,18.09,45.0,8.11,18.09
CHJTF.PK,0.0,0.0,0.0,0.0,0.98,0.0,0.05,0.0,1.28,0.95,1.13,1.28,0.54,0.99,1.28,0.54,0.84,1.28,0.54,0.88,1.42,0.54,0.95,1.74,0.41,1.01
CHKP.O,131.83,1.25,139.93,121.84,139.93,117.52,126.89,1.22,232.07,178.68,197.43,234.36,178.64,206.5,234.36,145.75,189.24,234.36,117.18,170.03,234.36,107.54,151.01,234.36,71.64,127.71
CHLLY.PK,0.0,0.0,0.0,0.0,0.0,0.0,0.0,0.0,4.1,4.1,4.1,4.1,4.1,4.1,4.1,4.1,4.1,4.1,4.1,4.1,4.1,4.1,4.1,4.1,4.1,4.1
CHLSY.PK,11.78,0.13,12.2,11.11,12.2,10.99,11.61,0.17,17.18,13.5,15.29,17.18,10.43,14.54,17.18,0.0,10.98,17.18,0.0,7.87,99.29,0.0,4.79,99.29,0.0,2.39
CHNEY.PK,0.0,0.0,0.0,0.0,0.0,0.0,0.0,0.0,0.0,0.0,0.0,0.0,0.0,0.0,0.0,0.0,0.0,0.0,0.0,0.0,0.0,0.0,0.0,0.0,0.0,0.0
CHRD.O,114.7,0.89,120.62,111.25,141.22,111.25,123.99,0.91,114.42,84.24,98.91,129.32,79.83,101.51,190.23,79.83,127.95,190.23,79.83,135.41,190.23,29.12,122.34,190.23,16.84,120.35
CHRW.O,186.06,1.69,193.98,177.53,195.0,175.84,186.59,1.45,167.9,96.24,132.52,167.9,84.68,115.34,167.9,65.0,103.06,167.9,65.0,99.73,167.9,65.0,99.19,167.9,56.94,90.08
CHRYY.PK,0.0,0.0,0.0,0.0,28.45,0.0,8.91,0.0,30.0,23.5,26.27,30.0,20.7,24.93,30.0,20.7,24.57,30.0,19.95,24.5,31.9,19.95,24.32,31.9,11.53,19.81
CHT.N,44.37,0.04,45.04,43.79,46.45,43.79,45.04,0.04,46.95,40.6,43.34,47.01,36.62,42.02,47.01,35.94,40.17,47.01,35.45,39.45,47.01,32.91,39.8,47.01,29.35,37.58
CHTR.O,137.74,4.3,168.11,129.33,168.11,124.05,136.15,4.14,422.29,193.0,263.57,437.06,193.0,315.72,437.06,193.0,319.52,458.3,193.0,341.22,825.62,193.0,434.58,825.62,172.67,401.48
CHVKY.PK,0.0,0.0,0.0,0.0,0.14,0.0,0.01,0.0,0.35,0.15,0.25,0.41,0.15,0.3,0.82,0.15,0.36,0.96,0.15,0.38,1.61,0.15,0.46,2.2,0.15,0.51
CHWY.K,19.79,11.2,21.58,18.05,21.58,17.4,19.25,12.18,43.5,31.16,36.64,48.62,29.82,37.25,48.62,14.68,30.49,52.88,14.68,30.68,120.0,14.68,42.36,120.0,14.68,42.43
CHWY.N,19.79,3.04,21.58,18.05,21.58,17.4,19.25,2.99,,,,,,,,,,,,,,,,,,
CHYCY.PK,0.0,0.0,0.0,0.0,0.0,0.0,0.0,0.0,4.52,3.0,3.76,4.52,1.95,2.96,4.52,1.53,2.23,4.52,1.53,2.48,5.27,1.53,3.14,10.35,1.53,5.56
CHYM.O,20.49,8.48,21.64,17.24,21.64,15.88,18.33,6.26,38.67,16.17,24.83,44.94,16.17,25.52,44.94,16.17,25.52,44.94,16.17,25.52,44.94,16.17,25.52,44.94,16.17,25.52
CHYYY.PK,0.0,0.0,0.0,0.0,0.0,0.0,0.0,0.0,,,,,,,,,,,,,,,,,,
CI.N,280.84,0.67,289.0,273.67,299.24,273.67,285.99,0.54,338.76,239.51,288.12,350.0,239.51,299.76,370.3,239.51,317.09,370.3,239.51,305.54,370.3,191.74,282.91,370.3,115.06,226.81
CIADY.PK,21.15,0.01,22.31,20.45,22.31,19.8,20.83,0.01,22.2,17.81,19.6,26.54,17.81,21.07,29.0,15.06,20.97,50.27,15.06,26.54,66.75,15.06,36.65,66.75,13.47,37.26
CIB.N,79.38,0.08,81.18,77.94,87.47,70.88,79.03,0.11,65.61,43.2,54.07,65.61,31.66,47.42,65.61,30.25,40.15,65.61,21.56,35.78,65.61,21.56,34.51,65.61,16.27,37.49
CIBEY.PK,2.59,0.01,2.69,2.51,2.7,2.4,2.56,0.01,2.24,1.51,1.84,2.24,1.22,1.6,2.24,0.95,1.48,2.24,0.95,1.38,2.24,0.91,1.44,2.5,0.91,1.57
CICB.N,24.79,0.01,25.02,24.56,25.21,24.56,24.91,0.0,,,,,,,,,,,,,,,,,,
CICC.N,24.51,0.01,24.73,24.3,25.07,24.3,24.71,0.0,,,,,,,,,,,,,,,,,,
CICHF.PK,1.06,0.08,1.12,0.99,1.18,0.0,1.02,0.15,1.31,0.89,0.99,1.31,0.72,0.94,1.31,0.54,0.85,1.31,0.5,0.79,1.31,0.5,0.76,1.31,0.5,0.79
CICHY.PK,20.64,0.11,21.36,19.59,22.95,19.59,21.65,0.08,22.27,18.21,20.12,22.27,14.75,18.75,22.27,11.01,16.31,22.27,10.01,14.91,22.27,10.01,14.61,23.35,10.01,15.36
CICOY.PK,8.5,0.0,8.79,8.32,9.52,8.32,8.75,0.0,9.9,7.43,8.75,9.9,6.28,8.34,9.9,4.76,7.58,9.9,4.31,6.79,14.72,3.37,7.11,14.72,0.93,5.83
CIEN.K,464.63,3.48,494.53,414.17,494.53,414.17,454.03,3.85,248.0,76.89,147.92,248.0,49.21,112.5,248.0,43.3,84.26,248.0,39.94,71.5,248.0,38.33,64.72,248.0,15.62,48.02
CIEN.N,464.63,0.88,494.5,414.25,494.5,414.25,454.03,0.99,,,,,,,,,,,,,,,,,,
CIFR.O,23.65,27.12,28.08,19.39,30.14,19.39,24.78,24.57,25.52,4.55,12.6,25.52,1.86,8.34,25.52,1.86,6.36,25.52,0.58,5.11,25.52,0.38,5.4,25.52,0.38,5.47
CIG.N,2.1,0.8,2.15,2.06,2.21,2.02,2.08,1.06,2.3,1.8,2.01,2.3,1.6,1.93,2.3,1.6,1.92,2.3,1.45,1.88,2.3,1.03,1.73,2.3,0.52,1.53
CIGc.N,3.05,0.0,3.1,2.93,3.12,2.91,3.05,0.0,3.3,2.35,2.66,3.3,2.23,2.62,3.3,1.99,2.49,3.34,1.99,2.58,3.34,1.25,2.39,4.89,0.55,2.0
CIGI.O,94.55,0.34,99.39,88.38,101.09,88.38,94.5,0.23,171.51,128.28,152.02,171.51,100.86,139.49,171.51,100.86,134.05,171.51,83.38,123.94,171.51,83.38,121.34,171.51,30.76,90.11
CIHKY.PK,28.56,0.06,29.61,27.26,32.0,27.26,29.86,0.05,35.75,28.47,32.04,37.15,24.08,30.78,37.15,15.9,26.19,37.15,15.57,25.19,46.46,15.57,29.33,46.46,8.22,25.09
CII.N,25.53,0.01,26.15,24.85,26.15,23.91,24.86,0.01,26.1,21.0,22.85,26.1,15.24,21.31,26.1,15.24,20.37,26.1,15.24,19.64,26.1,15.24,19.62,26.1,9.56,17.39
CIIHY.PK,0.0,0.0,0.0,0.0,0.0,0.0,0.0,0.0,40.25,28.97,35.76,40.25,20.98,30.85,40.25,13.52,25.41,40.25,13.52,23.93,40.25,13.52,22.57,40.25,13.52,22.34
CILJF.PK,3.56,0.01,3.76,3.42,4.1,3.42,3.67,0.02,3.81,2.34,3.06,3.81,1.35,2.54,3.81,1.05,2.03,3.81,1.05,1.9,3.81,1.05,1.83,3.81,1.05,2.0
CIM.N,13.39,0.42,13.7,13.04,13.7,13.03,13.34,0.3,14.88,11.69,13.31,15.36,9.85,13.36,16.89,9.85,13.75,23.4,9.85,14.81,50.52,9.85,23.02,68.94,9.85,36.36
CIM_pa.N,21.08,0.01,21.51,20.58,21.6,20.58,21.21,0.0,23.15,21.04,22.27,23.21,19.9,22.14,24.62,19.9,22.23,24.62,17.48,21.48,26.0,17.24,22.42,27.2,0.0,21.55
CIM_pb.N,23.45,0.03,23.87,23.12,24.36,23.12,23.59,0.03,25.07,22.46,24.31,25.27,21.61,24.42,25.58,21.61,24.55,25.58,18.26,23.4,26.54,16.7,23.54,27.53,0.0,21.18
CIM_pc.N,22.49,0.03,23.13,21.9,23.13,21.79,22.41,0.02,23.45,21.11,22.61,23.93,20.4,22.72,24.4,19.91,22.39,24.4,17.02,21.25,26.69,15.41,21.96,26.69,0.0,16.21
CIM_pd.N,23.39,0.01,23.97,22.94,24.46,22.94,23.57,0.01,24.77,22.52,24.1,25.07,20.77,24.18,25.24,20.77,24.28,25.24,18.14,23.12,26.52,16.35,23.22,26.81,0.0,16.11
CIMN.N,21.74,0.0,25.5,0.0,25.5,0.0,23.91,0.0,25.55,24.74,25.26,25.55,24.15,25.12,25.85,0.0,20.11,25.85,0.0,13.42,25.85,0.0,8.04,25.85,0.0,4.01
CIMO.N,25.39,0.0,25.45,25.28,25.45,25.05,25.31,0.0,25.8,24.8,25.38,25.8,0.0,25.17,26.05,0.0,17.16,26.05,0.0,11.46,26.05,0.0,6.86,26.05,0.0,3.43
CIMP.N,25.14,0.01,25.27,24.9,25.27,24.9,25.11,0.0,25.25,0.0,14.27,25.25,0.0,7.31,25.25,0.0,3.64,25.25,0.0,2.43,25.25,0.0,1.46,25.25,0.0,0.73
CINF.O,185.99,0.82,192.09,177.05,192.09,162.15,175.86,0.92,169.86,143.87,156.87,169.86,123.02,149.61,169.86,103.26,138.03,169.86,95.01,127.3,169.86,82.62,121.59,169.86,46.07,100.48
CION.N,6.25,0.17,6.59,5.96,7.19,5.96,6.55,0.25,,,,,,,,,,,,,,,,,,
CITAY.PK,0.0,0.0,0.0,0.0,0.0,0.0,0.0,0.0,,,,,,,,,,,,,,,,,,
CIVI.K,0.0,0.0,0.0,0.0,0.0,0.0,0.0,0.0,37.45,25.77,30.47,55.35,22.79,33.03,55.35,22.79,33.03,55.35,22.79,33.03,55.35,22.79,33.03,55.35,22.79,33.03
CJEWF.PK,0.2,0.0,1.4,0.0,1.58,0.0,0.15,0.0,2.17,1.59,1.88,2.17,0.85,1.58,2.17,0.81,1.46,2.17,0.81,1.55,2.2,0.81,1.65,2.2,0.5,1.07
CJEWY.PK,5.92,0.0,15.12,0.0,15.12,0.0,2.18,0.0,21.0,15.6,17.94,21.0,8.4,14.6,21.0,7.76,12.67,21.3,7.76,14.34,22.25,7.76,15.95,22.25,5.1,11.54
CJPRY.PK,10.61,0.27,10.97,10.17,10.97,10.03,10.51,0.28,14.88,10.74,13.22,14.88,8.74,11.67,14.88,8.74,11.49,14.88,8.74,11.69,17.18,8.74,12.44,24.38,8.74,15.28
CKHGY.PK,103.35,0.0,147.06,0.0,147.06,0.0,117.83,0.0,128.15,93.94,106.67,128.15,68.65,96.19,128.15,50.97,82.75,128.15,34.09,72.89,128.15,34.09,72.5,128.15,16.86,63.07
CKHUY.PK,8.45,0.31,8.7,8.19,8.93,8.19,8.59,0.29,7.35,6.0,6.62,7.35,4.8,6.08,7.35,4.46,5.61,7.35,4.46,5.67,8.44,4.46,6.15,13.88,4.46,8.35
CKISF.PK,1.04,0.0,7.3,0.0,7.3,0.0,0.38,0.01,7.52,6.25,6.89,7.52,6.25,6.79,7.52,5.58,6.48,7.52,4.47,5.59,7.52,4.47,5.63,10.1,4.47,6.64
CKISY.PK,0.0,0.0,0.0,0.0,0.0,0.0,0.0,0.0,,,,,,,,,,,,,,,,,,
CKNHY.PK,0.0,0.0,0.0,0.0,0.0,0.0,0.0,0.0,23.5,23.5,23.5,23.5,23.5,23.5,23.5,23.5,23.5,23.5,23.5,23.5,23.5,23.5,23.5,23.5,23.5,23.5
CKSNY.PK,0.0,0.0,0.0,0.0,0.0,0.0,0.0,0.0,5.61,5.01,5.25,5.61,4.84,5.22,5.61,4.84,5.22,5.61,4.84,5.26,5.61,4.34,5.19,5.61,4.34,5.14
CL.N,92.64,1.92,95.42,90.57,95.42,85.1,90.76,2.02,94.17,74.55,81.85,100.18,74.55,86.04,109.3,74.55,89.88,109.3,67.63,85.08,109.3,67.63,82.46,109.3,57.41,76.56
CLBEY.PK,3.17,0.0,4.69,0.0,4.92,0.0,3.01,0.0,5.35,4.16,4.61,6.58,4.16,4.72,6.58,4.16,5.05,6.58,4.16,5.02,7.86,4.16,5.29,9.52,4.16,6.06
CLBK.O,21.01,0.51,21.59,19.81,21.59,19.56,20.56,0.47,17.4,13.66,15.2,17.4,12.64,15.04,20.46,12.64,15.9,22.22,12.64,16.59,22.86,12.64,17.8,22.86,10.27,16.88
CLBT.O,14.7,2.74,16.64,12.35,16.64,12.16,13.52,2.26,19.98,13.1,16.83,26.3,13.1,18.09,26.3,7.91,16.0,26.3,4.26,12.89,26.3,3.8,10.79,26.3,3.8,10.77
CLCGY.PK,28.16,0.03,29.15,26.76,29.69,26.76,28.4,0.03,44.41,38.19,41.41,44.89,33.74,40.69,47.2,29.7,39.61,47.2,24.1,36.65,47.2,24.1,36.7,47.2,9.54,29.39
CLDX.O,36.73,1.72,39.16,33.7,39.16,28.38,33.46,1.29,30.5,19.72,24.76,30.5,14.4,22.86,53.18,14.4,29.43,53.18,14.4,31.07,57.2,14.4,32.1,234.15,1.5,30.62
CLEGF.PK,2.45,0.0,17.14,0.0,17.14,0.0,0.9,0.0,16.8,13.0,14.46,16.8,9.97,13.57,16.8,7.69,12.27,16.8,7.69,11.21,16.8,7.69,11.81,16.8,7.69,11.6
CLF.N,9.79,5.26,10.92,9.11,14.22,9.11,11.54,4.95,16.7,7.42,11.57,16.7,5.63,10.21,22.97,5.63,13.01,22.97,5.63,14.37,34.03,5.63,16.56,34.03,1.2,12.01
CLH.N,296.58,0.15,304.9,286.27,304.9,278.19,291.27,0.15,251.34,201.56,232.62,251.34,179.49,225.91,266.03,161.51,222.3,266.03,110.97,199.06,266.03,73.69,159.29,266.03,29.46,109.25
CLLNY.PK,15.16,0.23,16.2,14.5,16.83,14.5,15.94,0.34,20.09,14.18,16.87,20.45,14.18,17.39,20.77,14.18,17.73,22.0,13.69,18.14,36.87,13.56,20.98,45.53,9.19,21.62
CLM.A,8.06,0.12,8.15,7.92,8.06,7.92,8.04,0.16,8.51,7.92,8.2,8.95,6.06,8.0,9.14,6.06,7.78,9.14,6.06,7.77,14.51,6.06,9.27,18.07,5.43,11.25
CLM.N,7.5,0.02,7.63,7.4,7.63,7.34,7.47,0.02,8.52,7.92,8.2,8.96,6.07,8.0,9.15,6.07,7.79,9.15,6.07,7.77,14.53,6.07,9.28,15.75,5.54,10.09
CLMT.O,35.85,0.97,37.42,32.15,37.42,31.66,34.48,0.86,22.1,12.94,17.85,23.75,7.68,16.06,25.29,7.68,16.64,25.29,7.68,16.74,25.29,2.96,14.46,25.29,0.82,9.82
CLOEF.PK,0.8,0.0,5.6,0.0,5.6,0.0,0.29,0.0,4.45,3.51,3.76,4.45,3.51,3.75,4.45,1.54,3.04,4.45,1.54,2.57,4.45,1.0,2.59,4.45,1.0,2.88
CLOV.O,5.27,7.86,5.59,5.02,5.59,3.81,4.98,9.54,3.92,2.12,2.79,4.87,2.12,3.21,4.87,0.61,2.57,4.87,0.61,2.06,28.85,0.61,3.5,28.85,0.61,4.26
CLPBY.PK,5.86,0.49,6.14,5.64,6.14,5.64,5.87,0.53,10.03,8.43,9.22,11.9,8.43,9.82,14.34,8.43,11.27,14.77,8.43,11.5,18.9,8.43,12.69,18.9,6.14,11.44
CLPHF.PK,1.33,0.0,9.28,0.0,9.3,0.0,1.45,0.01,8.84,7.9,8.48,8.84,7.57,8.32,9.75,7.57,8.37,9.75,7.08,8.15,10.53,6.44,8.57,12.29,6.44,9.3
CLPHY.PK,9.47,0.12,9.62,9.3,9.78,9.29,9.44,0.15,9.33,7.99,8.55,9.33,7.74,8.43,9.54,7.57,8.41,9.54,7.03,8.13,10.79,6.48,8.6,12.65,6.48,9.46
CLPXY.PK,6.42,0.01,6.87,5.9,8.55,5.9,6.99,0.01,10.91,8.28,9.29,10.91,7.01,8.51,10.91,5.62,8.23,14.74,5.62,8.92,24.92,5.62,12.48,24.92,4.86,12.38
CLS.N,350.72,0.31,372.52,322.59,414.11,322.59,367.58,0.3,363.4,144.56,251.49,363.4,58.1,180.59,363.4,26.66,117.44,363.4,10.5,84.41,363.4,7.01,54.54,363.4,2.63,32.12
CLSK.O,14.55,19.14,17.07,12.28,19.05,12.28,15.85,20.19,23.61,8.88,13.13,23.61,6.45,11.21,24.72,6.41,12.54,24.72,1.96,9.89,42.6,1.74,10.86,150.1,0.97,13.18
CLUS.PK,0.0,0.0,0.0,0.0,0.0,0.0,0.0,0.0,,,,,,,,,,,,,,,,,,
CLVT.K,2.24,16.88,2.62,1.91,2.62,1.9,2.18,9.68,4.77,3.2,3.88,5.74,3.04,4.12,9.6,3.04,5.41,11.99,3.04,6.45,34.79,3.04,11.67,34.79,3.04,13.9
CLVT.N,2.24,7.58,2.62,1.92,2.62,1.9,2.18,3.7,,,,,,,,,,,,,,,,,,
CLX.N,96.61,0.72,98.05,93.22,100.71,90.5,96.17,0.77,132.03,96.72,116.34,164.08,96.72,129.3,171.31,96.72,139.71,178.2,96.72,142.82,230.98,96.72,150.5,239.8,96.72,150.46
CLZNY.PK,0.0,0.0,0.0,0.0,0.0,0.0,0.0,0.0,11.67,8.45,9.48,13.4,8.45,10.75,17.47,8.45,12.49,17.91,8.45,13.32,23.32,8.45,14.87,24.53,8.45,15.44
CM.N,114.58,0.41,116.78,112.46,116.78,109.16,113.3,0.46,93.66,70.68,80.53,93.66,53.64,71.67,93.66,43.86,62.52,93.66,34.37,55.65,93.66,34.37,54.75,93.66,23.22,47.63
CMA.N,0.0,0.0,0.0,0.0,0.0,0.0,0.0,0.0,90.44,59.44,73.91,90.44,48.22,66.88,90.44,48.22,66.88,90.44,48.22,66.88,90.44,48.22,66.88,90.44,48.22,66.88
CMAKY.PK,0.58,0.0,4.04,0.0,4.79,0.0,1.08,0.0,6.72,4.5,5.7,6.72,3.73,5.34,6.72,3.15,4.63,6.72,3.13,4.37,6.72,2.76,4.25,9.59,2.76,5.3
CMBT.K,14.37,1.39,15.45,13.9,16.07,13.9,14.81,1.31,11.32,7.78,9.44,12.0,7.65,9.53,18.43,7.65,12.17,18.43,7.65,12.64,18.43,5.87,11.14,18.43,5.17,9.02
CMC.N,65.19,0.81,74.31,60.93,79.77,60.93,71.04,0.61,71.99,48.28,58.93,71.99,37.93,53.33,71.99,37.93,54.0,71.99,37.93,52.54,71.99,19.45,45.62,71.99,10.76,32.29
CMCLY.PK,0.0,0.0,0.0,0.0,0.0,0.0,0.0,0.0,,,,,,,,,,,,,,,,,,
CMCSA.O,23.65,57.61,27.1,22.62,27.1,22.12,23.48,43.86,34.34,24.12,29.07,35.97,24.12,31.03,44.13,24.12,34.64,44.46,24.12,35.98,57.9,24.12,39.42,57.9,24.12,37.6
CME.O,226.82,4.62,237.42,218.31,270.0,218.31,244.05,4.3,288.28,257.17,271.91,290.79,224.62,265.86,290.79,190.7,239.55,290.79,166.54,224.59,290.79,166.54,216.6,290.79,73.98,181.26
CMG.N,33.85,8.31,35.47,31.64,35.47,28.72,32.26,6.31,58.4,29.75,40.6,61.14,29.75,46.46,69.15,29.75,51.89,69.15,26.95,47.24,69.15,23.94,40.74,69.15,4.96,26.36
CMGMY.PK,5.83,0.0,7.92,0.0,7.92,0.0,5.99,0.0,8.5,6.0,7.25,8.5,3.76,6.51,8.5,3.76,6.16,8.5,3.1,5.91,22.41,2.96,5.55,22.41,1.64,5.33
CMHHY.PK,0.0,0.0,0.0,0.0,18.64,0.0,3.71,0.0,21.81,0.0,1.42,21.81,0.0,0.92,21.81,0.0,0.91,21.81,0.0,0.72,21.81,0.0,0.71,24.05,0.0,1.67
CMI.N,691.43,0.44,728.22,654.84,737.76,630.21,687.42,0.35,526.34,325.0,425.4,526.34,260.21,379.13,526.34,226.74,338.54,526.34,203.2,304.07,526.34,184.41,274.1,526.34,79.89,214.37
CMP.N,30.5,0.25,31.95,28.71,32.48,27.64,30.14,0.22,22.67,16.43,19.19,22.67,8.6,16.57,25.52,7.51,15.44,47.68,7.51,21.17,75.4,7.51,34.86,84.25,7.51,48.91
CMPCY.PK,0.0,0.0,0.0,0.0,0.0,0.0,0.0,0.0,,,,,,,,,,,,,,,,,,
CMPGY.PK,32.51,0.21,33.69,31.45,34.29,31.45,32.84,0.28,36.32,30.71,33.78,36.7,29.88,33.95,36.7,26.55,32.06,36.7,22.4,29.87,36.7,17.6,26.55,36.7,11.12,23.42
CMPO.O,15.9,1.81,17.33,14.24,17.33,11.22,14.29,1.99,26.78,13.68,18.63,26.78,9.24,15.52,26.78,3.65,11.62,26.78,3.57,9.46,26.78,3.38,8.27,26.78,3.38,8.26
CMPR.O,96.78,0.29,105.73,88.54,105.73,79.46,91.37,0.28,76.65,42.08,61.94,76.65,35.21,56.04,104.92,35.21,70.46,104.92,24.68,65.29,128.87,18.0,66.9,171.76,18.0,85.14
CMPRY.PK,0.0,0.0,0.0,0.0,0.0,0.0,0.0,0.0,,,,,,,,,,0.0,0.0,0.0,0.0,0.0,0.0,0.0,0.0,0.0
CMPX.O,2.18,3.52,2.3,2.02,2.3,1.88,2.08,3.46,5.86,2.5,3.89,5.86,1.33,3.14,5.86,0.76,2.33,5.86,0.76,2.49,11.0,0.76,2.77,11.0,0.76,2.77
CMRE.K,14.28,0.46,15.0,13.88,16.75,13.88,15.18,0.46,16.4,8.95,12.38,16.4,6.02,10.28,16.4,6.02,10.05,16.4,5.72,9.09,16.4,5.53,8.89,16.4,2.27,6.83
CMRE.N,14.28,0.23,15.0,13.88,16.65,13.88,15.18,0.21,,,,,,,,,,,,,,,,,,
CMRE_pb.K,25.83,0.0,25.87,25.8,25.82,25.82,25.82,0.0,27.1,24.91,25.81,27.1,24.02,25.57,28.16,24.02,25.62,28.16,22.13,25.12,28.16,21.6,25.14,28.16,10.64,23.64
CMRE_PB.K,25.67,0.0,25.8,25.54,25.8,25.61,25.76,0.0,27.1,24.91,25.81,27.1,24.02,25.57,28.16,24.02,25.62,28.16,22.13,25.12,28.16,21.6,25.14,28.16,10.64,23.64
CMRE_pb.N,25.76,0.0,25.76,25.69,25.76,25.69,25.76,0.0,,,,,,,,,,,,,,,,,,
CMRE_pc.K,26.91,0.0,27.14,26.57,27.14,26.83,26.98,0.0,27.0,25.51,26.29,27.0,25.05,26.11,27.19,25.05,26.06,27.19,23.56,25.74,27.19,22.8,25.7,27.19,12.28,24.34
CMRE_PC.K,26.71,0.0,26.95,26.49,26.82,26.72,26.81,0.0,27.0,25.51,26.29,27.0,25.05,26.11,27.19,25.05,26.06,27.19,23.56,25.74,27.19,22.8,25.7,27.19,12.28,24.34
CMRE_pc.N,26.75,0.0,26.81,26.65,26.81,26.78,26.81,0.0,,,,,,,,,,,,,,,,,,
CMRE_pd.K,28.14,0.0,28.3,28.0,28.2,28.0,28.12,0.0,28.19,26.1,27.07,28.19,25.42,26.69,28.19,24.54,26.43,28.19,23.85,26.03,28.19,23.85,25.97,28.19,12.41,24.69
CMRE_PD.K,27.76,0.0,28.1,27.35,28.1,27.96,28.1,0.01,28.19,26.1,27.07,28.19,25.42,26.69,28.19,24.54,26.43,28.19,23.85,26.03,28.19,23.85,25.97,28.19,12.41,24.69
CMRE_pd.N,27.95,0.0,28.1,27.78,28.1,28.0,28.1,0.0,,,,,,,,,,,,,,,,,,
CMRF.PK,0.89,0.01,2.15,0.0,2.5,0.0,0.92,0.01,3.7,0.0,0.71,3.9,0.0,0.63,4.21,0.0,0.57,5.0,0.0,0.46,5.76,0.0,0.29,5.76,0.0,0.14
CMS.N,77.18,1.07,78.87,75.78,78.87,70.91,74.93,1.21,76.05,68.65,72.28,76.39,64.03,71.44,76.39,55.11,67.35,76.39,49.91,64.53,76.39,49.91,63.91,76.39,34.96,57.38
CMSA.N,20.94,0.02,21.18,20.66,21.26,20.66,21.01,0.01,24.67,21.32,22.74,24.67,20.69,22.35,25.49,20.69,23.36,25.49,20.69,23.45,28.48,20.69,24.29,28.5,0.0,19.39
CMSC.N,21.95,0.03,22.13,21.54,22.52,21.54,22.16,0.01,24.49,22.05,23.46,24.49,21.66,23.1,25.35,21.66,23.82,25.35,21.66,23.87,28.4,21.35,24.69,28.67,0.0,18.3
CMSD.N,22.01,0.07,22.29,21.76,22.57,21.76,22.15,0.03,24.76,22.24,23.71,24.76,21.62,23.3,25.31,21.62,23.95,25.37,21.62,23.97,28.17,21.42,24.73,28.25,0.0,17.39
CMSQY.PK,26.27,0.04,28.08,25.29,28.08,24.15,25.79,0.06,27.53,22.01,24.35,27.98,19.51,24.2,27.98,14.73,20.63,27.98,12.6,18.75,27.98,9.64,16.82,27.98,4.53,13.62
CMTOY.PK,11.6,0.0,23.69,0.0,23.69,0.0,6.81,0.0,16.78,9.87,12.5,16.78,8.35,11.74,16.78,6.4,10.19,16.78,1.42,8.98,16.78,1.42,8.61,24.99,1.42,9.85
CMWAY.PK,112.92,0.05,115.21,110.2,117.99,109.0,113.14,0.06,121.28,96.94,110.04,127.74,85.22,106.85,127.74,71.3,96.39,127.74,59.95,86.81,127.74,58.14,80.45,127.74,31.0,67.86
CNA.N,49.34,0.23,51.76,46.34,51.76,43.13,46.7,0.28,49.77,43.29,46.24,51.32,43.29,46.87,51.32,38.29,45.67,51.32,33.26,42.74,51.32,31.71,40.98,51.32,19.36,36.66
CNC.N,65.93,1.54,69.22,63.1,69.22,59.92,64.37,1.87,57.44,25.08,33.82,66.81,25.08,46.36,81.41,25.08,58.9,83.61,25.08,62.28,98.52,25.08,67.73,98.52,23.68,58.95
CNGKY.PK,11.36,0.0,11.55,10.92,12.09,10.92,11.48,0.01,11.0,0.0,9.28,11.0,0.0,8.81,11.0,0.0,8.39,13.27,0.0,7.78,13.27,0.0,4.68,13.27,0.0,2.34
CNGO.PK,0.0,0.0,0.0,0.0,0.0,0.0,0.0,0.0,0.0,0.0,0.0,0.0,0.0,0.0,0.0,0.0,0.0,0.0,0.0,0.0,0.0,0.0,0.0,0.0,0.0,0.0
CNH.N,11.01,3.84,11.5,10.37,11.5,9.98,10.64,3.5,14.26,9.0,11.1,14.26,9.0,11.76,14.26,9.0,11.49,17.98,9.0,12.26,17.98,9.0,12.99,17.98,4.4,10.73
CNHHY.PK,0.0,0.0,0.0,0.0,0.0,0.0,0.0,0.0,0.0,0.0,0.0,0.0,0.0,0.0,0.0,0.0,0.0,0.0,0.0,0.0,0.0,0.0,0.0,0.0,0.0,0.0
CNI.N,120.51,0.28,122.22,117.9,122.22,112.51,118.35,0.29,107.17,90.76,96.32,108.71,90.76,98.82,134.02,90.76,109.26,134.02,90.76,111.56,137.18,90.76,113.91,137.18,46.23,97.41
CNK.N,31.92,0.97,33.54,29.49,34.73,29.49,32.65,0.79,31.1,21.6,26.96,34.01,21.6,27.98,36.28,13.2,25.31,36.28,8.33,21.97,36.28,8.28,20.09,44.79,5.71,26.73
CNL.N,12.88,0.0,13.62,12.32,16.01,12.2,13.54,0.0,15.38,8.51,11.73,15.38,4.45,10.45,15.38,2.69,9.39,15.38,2.69,9.39,15.38,2.69,9.39,15.38,2.69,9.39
CNM.N,47.14,1.11,49.14,44.69,53.69,44.69,48.1,0.95,67.17,43.98,55.93,67.17,43.24,54.34,67.17,37.22,51.71,67.17,19.2,43.96,67.17,18.78,37.5,67.17,18.78,37.5
CNMD.K,34.19,0.56,36.19,32.1,37.48,31.44,34.28,0.62,56.64,38.32,47.67,74.7,38.32,53.49,113.68,38.32,64.5,138.47,38.32,79.39,159.11,38.32,95.99,159.11,35.51,81.22
CNMD.N,34.19,0.21,36.17,32.15,37.07,31.68,34.28,0.22,,,,,,,,,,,,,,,,,,
CNO.N,52.1,0.46,53.03,50.97,53.03,47.67,51.12,0.36,43.99,35.24,39.47,43.99,34.73,39.24,43.99,24.93,35.08,43.99,19.96,31.35,43.99,16.56,27.98,43.99,8.8,23.32
CNOB.O,33.12,0.71,33.97,31.2,33.97,30.83,32.65,0.56,28.47,22.06,24.99,28.47,20.61,24.29,29.31,17.07,23.22,29.31,13.11,21.85,37.0,13.11,24.25,37.0,8.86,22.74
CNOBP.O,24.95,0.01,25.0,24.85,25.02,0.0,23.64,0.01,24.49,22.86,23.78,24.49,20.6,23.22,24.49,18.45,21.81,24.49,14.0,20.39,27.26,14.0,21.35,27.26,14.0,21.35
CNP.N,44.35,2.32,45.21,43.59,45.21,41.6,43.43,2.03,40.49,35.46,38.38,40.49,30.61,36.88,40.49,25.41,32.97,40.49,25.41,31.6,40.49,19.31,29.83,40.49,11.59,27.6
CNQ.N,39.4,1.99,39.95,38.84,46.75,38.84,41.9,2.91,35.11,29.3,31.87,35.11,24.66,31.11,41.29,24.66,33.01,41.29,24.4,32.0,41.29,10.97,28.1,41.29,3.29,20.88
CNR.N,80.14,0.29,83.33,77.55,96.02,77.55,84.62,0.28,102.75,64.58,80.08,109.12,58.28,78.91,134.56,58.28,88.64,134.56,49.48,84.26,134.56,6.45,64.41,134.56,3.3,48.32
CNS.N,77.4,0.17,80.14,74.72,80.14,73.63,76.39,0.15,78.78,58.77,69.16,93.22,58.77,74.95,110.64,58.77,78.38,110.64,50.21,73.22,110.64,50.21,74.32,110.64,22.74,58.32
CNSWF.PK,1940.44,0.01,2064.37,1850.03,2278.0,1850.03,2019.36,0.01,3936.74,2235.0,2923.91,3998.72,2235.0,3150.83,3998.72,2235.0,3044.77,3998.72,1531.54,2696.81,3998.72,1200.45,2240.81,3998.72,307.38,1483.68
CNSWY.PK,9.69,0.19,10.4,9.39,11.47,9.36,10.17,0.11,16.0,0.0,1.16,16.0,0.0,0.59,16.0,0.0,0.3,16.0,0.0,0.2,16.0,0.0,0.12,16.0,0.0,0.06
CNTA.O,0.0,0.0,0.0,0.0,40.56,0.0,23.09,1.8,30.58,12.9,21.55,30.58,9.6,18.1,30.58,6.65,15.03,30.58,3.0,11.86,30.58,2.88,11.38,30.58,2.88,11.38
CNVVY.PK,11.42,0.02,11.94,10.99,11.94,10.63,11.08,0.03,15.53,11.66,12.87,16.65,10.86,13.28,16.65,10.77,12.91,16.65,9.9,12.74,16.65,8.69,12.23,18.52,6.03,11.57
CNX.N,33.62,1.04,34.82,32.97,34.82,32.07,33.3,0.96,42.06,27.86,33.23,42.06,27.02,32.06,42.06,19.08,29.68,42.06,14.37,25.98,42.06,10.41,21.82,42.06,3.79,16.81
CNXC.O,23.8,3.97,25.7,19.12,28.39,19.12,25.02,2.6,62.14,31.62,46.96,66.0,31.62,48.63,106.1,31.62,55.82,151.82,31.62,70.04,208.48,31.62,102.57,208.48,31.62,102.53
CNXN.O,72.51,0.2,75.3,69.94,75.3,68.5,71.8,0.18,68.14,54.96,61.69,74.84,54.96,63.56,77.19,54.96,65.78,77.19,37.76,60.51,77.19,37.76,54.99,77.19,17.81,43.22
COCO.O,70.98,1.68,84.16,65.61,85.83,65.61,77.14,1.27,55.29,31.79,41.99,55.29,25.79,38.34,55.29,19.41,32.88,55.29,12.5,29.76,55.29,7.39,24.59,55.29,7.39,24.59
CODLY.PK,0.0,0.0,0.0,0.0,0.0,0.0,0.0,0.0,,,,,,,,,,,,,0.0,0.0,0.0,0.0,0.0,0.0
CODYY.PK,18.15,0.33,18.71,17.58,18.71,16.77,17.87,0.47,24.52,18.14,21.31,24.52,16.66,21.02,24.52,13.28,18.8,24.52,10.12,16.55,24.52,6.82,14.59,24.52,3.51,11.65
COF.N,204.03,1.11,210.08,199.95,210.08,174.42,196.47,1.4,249.74,199.17,220.77,249.74,143.33,204.64,249.74,123.23,176.2,249.74,83.93,152.5,249.74,83.93,144.43,249.74,37.86,113.66
COGNY.PK,0.37,0.0,0.46,0.0,0.49,0.0,0.38,0.0,0.71,0.33,0.51,0.99,0.16,0.41,0.99,0.16,0.38,0.99,0.16,0.4,0.99,0.16,0.45,6.19,0.16,1.78
COGT.O,38.59,4.02,40.09,37.0,40.09,30.93,35.5,3.24,43.73,7.07,19.98,43.73,3.72,13.49,43.73,3.72,10.93,43.73,3.67,10.93,43.73,3.67,10.28,70.64,1.18,13.2
COHR.N,373.03,1.27,418.95,325.71,439.3,325.71,380.88,1.53,200.19,84.43,124.64,200.19,45.6,101.55,200.19,40.31,87.06,200.19,26.3,70.99,200.19,26.3,67.16,200.19,16.2,51.79
COHU.O,65.79,1.69,74.6,57.38,74.6,51.11,63.25,1.52,25.63,17.8,21.54,28.03,12.57,20.21,36.6,12.57,24.82,43.99,12.57,28.53,51.86,12.57,30.7,51.86,8.89,24.27
COIHY.PK,20.11,0.0,21.12,19.76,21.12,19.05,20.3,0.0,21.14,16.26,18.26,21.67,16.26,19.15,32.32,16.26,23.14,45.07,16.26,27.43,71.42,16.26,36.31,71.42,16.26,33.75
COIN.O,154.72,8.91,173.09,139.18,176.48,139.18,158.68,8.39,444.64,225.47,318.53,444.64,142.58,279.17,444.64,114.51,247.68,444.64,31.55,191.4,444.64,31.55,184.13,444.64,31.55,184.13
COKE.O,189.69,0.59,199.62,172.93,199.62,172.93,185.96,0.54,169.49,109.42,131.28,169.49,105.21,129.43,169.49,80.08,118.07,169.49,45.86,99.42,169.49,24.6,76.95,169.49,11.69,48.83
COLB.O,32.1,3.23,32.77,31.3,32.77,29.53,31.22,3.21,29.61,22.77,26.23,29.61,19.61,25.57,32.85,17.08,24.31,33.24,17.08,23.87,50.68,17.08,28.46,50.68,17.08,31.98
COLD.K,15.87,5.84,16.42,14.04,16.42,13.9,14.93,4.72,17.12,10.1,13.58,23.52,10.1,16.67,30.59,10.1,21.42,33.9,10.1,24.26,40.85,10.1,27.33,41.29,10.1,28.47
COLD.N,15.87,1.53,16.41,14.04,16.41,13.9,14.93,1.31,,,,,,,,,,,,,,,,,,
COLL.O,36.28,0.61,38.26,34.54,38.26,31.69,35.01,0.46,50.79,29.19,38.3,50.79,23.23,34.02,50.79,23.23,34.31,50.79,20.83,30.97,50.79,14.04,26.64,50.79,7.37,21.6
COLM.O,63.16,0.56,65.33,60.39,69.06,60.39,64.58,0.54,65.24,47.47,54.82,92.88,47.47,64.04,92.88,47.47,72.61,98.32,47.47,75.12,114.98,47.47,81.6,114.98,43.94,78.85
COMP.K,12.13,19.86,13.19,10.63,13.19,7.51,10.21,16.18,11.07,6.09,8.61,11.07,5.1,8.01,11.07,2.89,6.31,11.07,1.82,5.27,22.11,1.82,6.52,22.11,1.82,6.52
COMP.N,12.13,6.9,13.18,10.63,13.18,7.51,10.21,5.17,,,,,,,,,,,,,,,,,,
CON.N,30.55,0.58,32.33,29.23,32.33,25.25,28.8,0.41,23.99,18.55,20.66,24.14,18.55,21.16,24.78,18.55,21.32,24.78,18.55,21.32,24.78,18.55,21.32,24.78,18.55,21.32
COO.O,71.93,3.49,74.45,69.29,74.45,64.94,68.87,3.5,89.83,61.78,72.84,100.24,61.78,77.79,112.38,61.78,87.61,112.38,61.78,88.05,115.9,61.05,89.88,115.9,29.82,76.16
COP.N,104.58,2.57,107.19,102.69,121.52,102.69,109.95,2.62,99.64,85.57,92.49,106.2,79.88,93.6,135.18,79.88,103.26,135.18,79.88,105.95,138.45,39.19,96.16,138.45,20.85,73.93
COR.N,288.74,0.53,299.82,278.67,299.82,270.08,282.52,0.54,377.54,274.39,317.57,377.54,223.92,294.33,377.54,205.0,263.16,377.54,147.56,234.84,377.54,94.94,194.11,377.54,68.38,140.59
CORT.O,88.17,1.04,92.83,80.12,92.83,72.62,83.26,1.03,91.0,32.99,75.45,117.33,32.99,71.22,117.33,20.84,52.99,117.33,17.86,43.8,117.33,15.82,35.51,117.33,3.22,24.04
CORZ.O,24.85,14.43,28.48,21.06,30.43,21.06,26.76,12.35,23.63,12.42,16.05,23.63,6.2,13.43,23.63,2.61,11.19,23.63,2.61,11.19,23.63,2.61,11.19,23.63,2.61,11.19
CORZR.PK,0.01,0.17,0.02,0.0,0.02,0.0,0.01,0.07,0.29,0.0,0.07,0.44,0.0,0.1,1.25,0.0,0.18,1.25,0.0,0.12,1.25,0.0,0.07,1.25,0.0,0.04
COST.O,943.36,3.44,969.86,920.55,995.38,920.55,960.08,2.6,999.3,844.06,932.35,1078.23,844.06,957.85,1078.23,640.51,890.64,1078.23,437.94,768.7,1078.23,300.17,642.94,1078.23,126.9,427.44
COTY.K,2.11,23.43,2.4,1.82,2.4,1.82,2.03,18.4,5.33,2.94,4.11,7.71,2.94,4.83,13.3,2.94,7.43,13.46,2.94,8.7,13.46,2.94,8.52,31.6,2.65,11.68
COTY.N,2.11,8.03,2.4,1.82,2.4,1.82,2.03,6.35,,,,,,,,,,,,,,,,,,
COUR.K,5.8,7.7,6.26,5.5,6.26,5.08,5.55,7.99,13.56,7.3,9.79,13.56,5.76,8.95,20.73,5.76,9.7,21.26,5.76,11.47,62.53,5.76,16.53,62.53,5.76,16.53
COUR.N,5.8,2.83,6.26,5.5,6.26,5.08,5.55,2.81,,,,,,,,,,,,,,,,,,
COVTY.PK,33.45,0.0,34.88,32.91,34.9,32.91,33.74,0.0,35.97,31.62,34.7,35.97,28.48,33.36,35.97,24.12,30.97,35.97,18.47,28.72,38.05,13.7,28.07,62.08,13.18,29.87
CP.N,87.15,0.56,88.88,85.62,91.52,84.46,87.64,0.49,83.65,68.43,75.0,83.65,66.5,75.73,91.58,66.5,78.43,91.58,66.5,78.01,91.58,64.38,76.41,91.58,19.47,57.9
CPA.N,155.12,0.06,160.0,151.08,160.0,128.44,147.68,0.07,130.0,106.8,118.38,130.0,82.54,107.37,130.0,80.59,101.69,130.0,78.12,99.99,130.0,55.26,90.85,141.33,24.0,90.31
CPAC.N,11.92,0.01,12.19,11.77,12.7,10.28,11.48,0.05,11.3,0.0,7.01,11.3,0.0,6.38,11.3,0.0,5.97,11.3,0.0,5.71,11.3,0.0,5.89,14.04,0.0,6.95
CPAY.K,339.55,1.01,357.73,321.19,364.29,321.19,346.47,0.8,345.46,252.84,304.55,400.81,252.84,323.52,400.81,247.1,313.76,400.81,179.21,287.69,400.81,161.69,268.45,400.81,107.56,237.3
CPAY.N,339.55,0.34,357.73,321.99,363.81,321.99,346.47,0.29,,,,,,,,,,,,,,,,,,
CPB.N,22.85,0.13,23.72,22.12,23.72,20.39,22.22,0.17,34.15,27.65,31.2,43.81,27.65,34.1,52.78,27.65,37.59,52.78,27.65,37.59,52.78,27.65,37.59,52.78,27.65,37.59
CPCAY.PK,8.24,0.01,8.49,7.95,8.49,0.0,7.12,0.01,8.19,6.51,7.22,8.19,5.48,6.81,8.19,4.84,6.05,8.19,4.5,5.72,8.19,3.74,5.28,9.54,3.25,6.1
CPF.N,38.31,0.07,39.2,37.47,39.2,37.47,38.31,0.07,,,,,,,,,,,,,,,,,,
CPK.N,123.55,0.13,126.26,121.02,126.26,118.97,122.52,0.09,140.59,118.94,128.07,140.59,115.12,126.54,140.59,98.4,119.69,140.59,83.92,118.04,146.04,83.92,120.69,146.04,52.34,100.19
CPNG.K,17.92,17.38,19.34,16.92,19.6,14.92,17.38,28.35,34.08,22.08,29.34,34.08,19.02,26.95,34.08,13.51,24.1,34.08,12.66,21.6,69.0,8.98,23.09,69.0,8.98,23.09
CPNG.N,17.92,4.69,19.34,16.92,19.6,14.92,17.38,5.99,,,,,,,,,,,,,,,,,,
CPPBY.PK,0.0,0.0,0.0,0.0,0.0,0.0,0.0,0.0,,,,,,,,,,,,,,,,23.4,23.4,23.4
CPPCY.PK,0.0,0.0,0.0,0.0,0.0,0.0,0.0,0.0,14.73,12.0,13.51,15.64,12.0,13.88,19.52,12.0,15.65,24.99,12.0,16.22,28.45,12.0,17.43,37.11,12.0,21.83
CPRI.K,18.88,3.01,19.46,18.06,21.95,18.06,19.62,2.78,28.26,16.84,21.59,28.26,11.86,20.45,51.23,11.86,28.45,69.25,11.86,34.67,72.37,11.86,41.77,75.96,5.42,42.26
CPRI.N,18.88,0.98,19.42,18.06,21.94,18.06,19.62,0.87,,,,,,,,,,,,,,,,,,
CPRT.O,29.28,17.15,30.93,27.84,31.62,27.84,30.03,14.09,50.11,38.18,44.3,63.85,38.18,50.07,64.38,38.18,51.91,64.38,30.25,48.56,64.38,25.48,41.73,64.38,4.03,27.76
CPRX.O,31.46,2.16,31.5,31.4,31.5,31.28,31.4,1.89,25.14,19.05,21.42,26.58,19.05,22.23,26.58,13.12,19.96,26.58,11.09,18.13,26.58,3.27,14.02,26.58,0.51,8.49
CPT.N,115.86,0.4,117.51,111.49,117.51,108.07,113.63,0.51,115.91,97.2,106.95,126.53,97.2,111.59,127.69,90.57,110.64,127.69,82.81,108.81,180.33,82.81,120.39,180.33,62.49,105.58
CPYYY.PK,9.27,0.1,9.56,8.99,10.62,8.99,9.6,0.1,9.61,7.97,8.93,9.61,6.51,8.38,9.61,5.8,7.54,9.61,4.15,7.16,9.61,2.45,5.67,14.14,1.48,6.57
CQP.N,60.86,0.02,62.58,57.71,67.45,57.06,61.35,0.07,58.1,49.77,53.71,68.2,49.77,56.94,68.2,45.54,53.62,68.2,42.96,52.77,68.2,34.58,50.44,68.2,17.85,42.13
CR.N,220.5,0.16,226.09,214.94,226.09,189.39,211.74,0.16,203.39,174.66,187.07,203.39,130.47,175.45,203.39,110.96,160.36,203.39,67.41,140.64,203.39,67.41,140.64,203.39,67.41,140.64
CRAI.O,145.45,0.21,151.47,139.32,154.24,133.96,145.73,0.18,215.03,167.82,190.23,215.03,152.57,186.15,215.03,97.31,172.95,215.03,81.29,150.38,215.03,49.43,125.53,215.03,16.25,82.78
CRARY.PK,9.98,0.17,10.2,9.79,10.2,9.22,9.82,0.32,10.36,8.8,9.57,10.36,6.71,9.12,10.36,6.43,8.22,10.36,5.23,7.5,10.36,3.92,6.98,10.36,3.15,6.63
CRAUY.PK,6.23,0.0,16.0,0.0,16.0,0.0,5.35,0.0,,,,,,,,,,,,,,,,,,
CRBD.N,22.85,0.03,22.97,22.72,23.28,22.15,22.79,0.02,25.31,22.91,24.24,25.53,22.56,24.23,25.64,0.0,12.93,25.64,0.0,8.63,25.64,0.0,5.17,25.64,0.0,2.58
CRBG.K,29.08,4.07,31.0,27.78,31.0,26.73,28.71,5.36,36.57,27.29,32.46,36.57,23.69,32.1,36.57,21.58,30.14,36.57,12.72,25.99,36.57,12.72,25.37,36.57,12.72,25.37
CRBG.N,29.08,1.34,31.0,27.78,31.0,26.73,28.71,1.64,,,,,,,,,,,,,,,,,,
CRBJY.PK,5.82,0.0,40.73,0.0,46.0,0.0,8.76,0.0,40.25,35.4,37.63,40.25,28.5,34.28,40.25,26.13,32.92,51.89,26.13,36.18,51.89,26.13,37.4,51.89,21.23,34.61
CRC.N,52.33,0.45,54.29,50.11,60.35,50.11,54.93,0.43,58.39,43.28,48.77,58.39,31.01,46.5,60.23,31.01,49.27,60.23,31.01,48.52,60.23,21.97,44.17,60.23,11.0,43.28
CRCBY.PK,0.0,0.0,0.0,0.0,0.0,0.0,0.0,0.0,,,,33.84,31.0,32.24,33.84,23.5,28.86,33.84,17.55,25.85,33.84,16.75,22.64,37.18,16.75,23.99
CRCCY.PK,1.47,0.0,10.28,0.0,10.28,0.0,0.54,0.0,,,,,,,,,,,,,,,,,,
CRCL.K,68.03,18.3,76.15,61.77,87.38,61.77,75.25,13.78,262.97,64.92,130.79,298.99,64.0,134.56,298.99,64.0,134.56,298.99,64.0,134.56,298.99,64.0,134.56,298.99,64.0,134.56
CRCL.N,68.03,3.94,76.14,61.8,87.3,61.8,75.25,2.93,,,,,,,,,,,,,,,,,,
CRDIY.PK,33.82,0.01,36.1,31.76,36.1,31.14,33.29,0.01,26.11,0.0,11.27,26.11,0.0,7.04,26.11,0.0,3.79,26.11,0.0,2.86,26.11,0.0,1.79,26.11,0.0,0.92
CRDO.O,255.74,12.79,290.43,225.66,308.67,209.55,255.96,10.99,213.8,84.25,138.08,213.8,29.09,100.08,213.8,16.82,65.3,213.8,7.2,48.35,213.8,7.2,39.98,213.8,7.2,39.98
CRF.A,7.67,0.06,7.8,7.5,7.61,7.5,7.6,0.09,8.24,7.58,7.92,8.93,5.71,7.76,9.54,5.71,7.71,9.54,5.71,7.62,13.9,5.71,9.03,17.28,5.4,11.05
CRF.N,7.15,0.01,7.26,7.06,7.26,7.0,7.13,0.01,8.24,7.58,7.92,8.94,5.74,7.76,9.54,5.74,7.71,9.54,5.74,7.62,13.91,5.74,9.01,15.63,5.43,9.79
CRGY.K,9.71,6.88,10.26,9.14,12.0,9.14,10.54,6.43,10.22,7.93,8.93,16.94,6.83,10.05,16.94,6.83,11.04,16.94,6.83,11.22,19.65,6.83,12.18,19.65,6.83,12.18
CRGY.N,9.71,2.64,10.26,9.14,11.94,9.14,10.54,2.28,,,,,,,,,,,,,,,,,,
CRH.N,108.79,1.56,116.9,105.06,116.9,99.95,108.14,1.59,129.26,91.23,112.37,129.26,76.75,103.75,129.26,65.79,93.95,129.26,51.6,89.9,129.26,51.6,89.9,129.26,51.6,89.9
CRHKY.PK,5.51,0.18,6.0,5.25,6.15,5.25,5.68,0.25,7.69,6.33,7.04,7.75,5.76,6.86,10.05,5.45,7.24,16.49,5.45,9.04,18.78,5.45,10.69,18.78,3.01,9.71
CRI.N,41.47,0.37,43.58,39.0,44.26,38.23,41.44,0.32,34.88,23.39,29.96,56.89,23.39,35.28,88.03,23.39,51.42,88.03,23.39,58.01,116.92,23.39,70.83,128.21,23.39,82.98
CRK.N,14.4,0.81,15.22,13.4,15.22,12.44,13.65,0.81,28.09,14.66,20.27,31.15,14.66,20.62,31.15,7.08,15.66,31.15,7.08,14.18,31.15,4.37,12.82,31.15,2.65,9.81
CRL.N,224.58,0.33,236.28,203.8,236.28,178.92,201.11,0.29,204.53,144.3,170.11,204.53,91.9,160.4,274.69,91.9,188.39,274.69,91.9,194.52,460.21,91.9,237.1,460.21,65.7,180.16
CRLFF.PK,7.58,0.53,7.76,7.27,8.69,7.27,7.85,0.63,6.71,4.9,5.67,6.71,3.28,5.09,6.71,3.28,4.97,6.71,3.28,5.06,7.93,0.65,4.7,8.51,0.05,3.96
CRM.N,159.73,4.25,167.7,148.83,185.01,147.6,161.51,5.52,276.78,222.0,250.36,367.04,222.0,269.13,369.0,212.0,276.01,369.0,133.03,252.07,369.0,126.34,236.05,369.0,52.6,183.28
CRML.O,9.78,4.45,10.4,8.78,10.64,8.78,9.82,4.7,32.15,2.8,8.01,32.15,1.23,5.65,32.15,1.23,7.46,32.15,1.23,8.14,32.15,1.23,8.49,32.15,1.23,8.49
CRMLY.PK,0.0,0.0,0.0,0.0,0.0,0.0,0.0,0.0,,,,,,,,,,,,,,,,,,
CRNX.O,38.43,2.42,44.11,34.7,44.11,32.7,36.26,1.59,50.98,25.83,38.25,53.55,24.1,36.2,62.53,24.1,42.29,62.53,15.23,35.7,62.53,13.29,29.26,62.53,10.63,26.55
CROX.O,123.98,1.12,127.99,117.49,129.79,117.49,124.11,1.22,110.18,73.2,87.46,122.84,73.2,94.93,165.32,73.2,110.96,165.32,73.2,110.2,183.88,46.08,105.19,183.88,5.93,62.72
CRPAY.PK,0.0,0.0,0.0,0.0,12.83,0.0,0.68,0.0,,,,,,,,,,,,,,,,,,
CRPFY.PK,0.0,0.0,0.0,0.0,0.0,0.0,0.0,0.0,8.4,8.4,8.4,8.4,8.4,8.4,8.4,8.4,8.4,8.4,8.4,8.4,8.4,8.4,8.4,8.4,8.4,8.4
CRPHY.PK,3.3,0.01,3.64,2.88,4.53,2.88,3.68,0.01,2.93,0.0,0.96,2.93,0.0,0.52,2.93,0.0,0.33,3.32,0.0,0.38,9.72,0.0,0.52,9.72,0.0,0.26
CRPJY.PK,0.0,0.0,0.0,0.0,0.0,0.0,0.0,0.0,,,,,,,,,,,,,,,,,,
CRRFY.PK,3.67,0.23,3.75,3.52,3.86,3.47,3.69,0.26,3.44,2.8,3.04,3.44,2.49,2.96,3.69,2.49,3.09,4.14,2.49,3.3,4.7,2.49,3.44,5.93,2.49,3.74
CRS.N,605.93,0.42,625.95,572.22,625.95,487.19,576.07,0.3,341.9,228.89,278.25,341.9,138.83,242.8,341.9,58.99,180.06,341.9,35.78,138.7,341.9,24.79,97.55,341.9,13.61,68.87
CRSP.O,56.77,2.07,63.45,53.31,63.45,49.02,53.88,1.69,78.48,46.6,58.65,78.48,30.04,49.8,91.1,30.04,53.25,91.1,30.04,53.18,220.2,30.04,68.55,220.2,11.63,58.16
CRTO.O,18.96,0.64,25.29,17.25,25.29,16.48,17.98,0.42,26.52,19.0,22.05,47.26,19.0,27.6,49.93,19.0,32.67,49.93,19.0,31.76,49.93,17.64,31.68,56.0,5.89,30.27
CRUS.O,148.12,0.7,163.76,142.05,171.11,142.05,157.08,0.6,136.92,92.02,117.23,136.92,75.83,109.05,147.46,75.83,108.85,147.46,65.02,100.33,147.46,61.94,92.52,147.46,25.09,72.51
CRVL.O,63.07,0.27,66.47,60.58,66.47,56.29,61.01,0.25,104.99,66.49,80.81,128.61,66.49,95.5,128.61,66.49,94.71,128.61,46.59,85.28,128.61,32.46,71.13,128.61,10.33,45.45
CRWCY.PK,0.0,0.0,0.0,0.0,0.0,0.0,0.0,0.0,66.17,66.17,66.17,66.17,66.17,66.17,66.17,66.17,66.17,66.17,66.17,66.17,66.17,66.17,66.17,66.17,66.17,66.17
CRWD.O,578.84,5.47,786.0,188.55,786.0,188.55,639.33,3.87,566.9,402.66,481.99,566.9,298.0,445.76,566.9,200.81,379.55,566.9,92.25,304.96,566.9,92.25,263.75,566.9,31.95,222.15
CRWV.O,92.04,32.26,106.54,80.56,122.0,80.56,100.62,30.91,166.22,63.8,109.85,187.0,33.52,103.41,187.0,33.52,103.41,187.0,33.52,103.41,187.0,33.52,103.41,187.0,33.52,103.41
CRYCY.PK,0.0,0.0,0.0,0.0,4.48,0.0,0.24,0.0,,,,,,,,,,,,,,,,,,
CRZBY.PK,42.76,0.04,43.99,42.06,44.68,41.07,42.64,0.06,44.85,31.45,37.91,44.85,15.83,31.58,44.85,10.98,23.27,44.85,9.48,19.22,44.85,5.67,14.45,44.85,3.08,11.49
CSAN.K,2.89,1.33,3.05,2.71,3.05,2.52,2.78,1.99,6.0,3.8,4.59,6.25,3.8,4.95,16.45,3.8,7.76,17.5,3.8,9.69,21.3,3.8,12.1,21.3,3.8,12.1
CSAN.N,2.89,0.45,3.04,2.72,3.04,2.52,2.78,0.67,,,,,,,,,,,,,,,,,,
CSCO.O,115.94,30.38,121.14,111.9,126.44,111.9,118.78,26.18,80.82,65.75,71.18,80.82,52.11,66.46,80.82,44.5,58.6,80.82,44.5,56.0,80.82,38.6,53.96,80.82,22.46,46.95
CSGP.O,29.23,6.5,30.7,28.18,34.77,28.18,30.82,7.29,97.43,62.0,79.6,97.43,62.0,78.33,100.38,62.0,79.4,100.38,62.0,79.18,101.05,49.0,78.4,101.05,14.65,60.23
CSGS.O,0.0,0.0,0.0,0.0,0.0,0.0,0.0,0.0,79.2,60.54,68.75,79.2,49.23,64.93,79.2,39.56,56.59,79.2,39.56,55.42,79.2,39.56,54.72,79.2,30.4,48.86
CSGYY.PK,0.0,0.0,0.0,0.0,0.0,0.0,0.0,0.0,,,,,,,,,,,,,,,,,,
CSIOY.PK,86.47,0.0,125.3,0.0,125.3,0.0,67.92,0.0,89.2,72.17,81.21,89.2,68.08,80.15,92.02,67.46,80.01,106.03,67.46,83.32,202.58,67.46,102.24,228.49,67.46,126.06
CSIQ.O,15.32,3.08,16.28,13.85,17.99,13.85,15.77,2.58,34.59,9.41,16.88,34.59,6.56,13.57,34.59,6.56,15.01,45.29,6.56,20.98,67.39,6.56,27.55,67.39,6.56,23.04
CSL.N,373.25,0.17,396.78,352.94,396.78,327.76,358.78,0.15,435.58,293.56,352.67,435.58,293.56,358.66,481.26,293.56,378.72,481.26,204.01,336.66,481.26,143.57,291.94,481.26,75.19,204.23
CSLLY.PK,20.48,0.39,21.93,19.71,21.93,16.01,19.38,0.5,89.71,54.1,69.38,90.04,54.1,74.89,109.0,54.1,85.28,110.25,54.1,87.68,117.49,54.1,93.48,117.98,33.95,80.45
CSNVY.PK,0.0,0.0,0.0,0.0,24.1,0.0,1.27,0.0,22.19,0.0,3.3,24.0,0.0,3.39,28.56,0.0,4.41,40.02,0.0,4.15,60.31,0.0,4.03,60.31,0.0,4.56
CSPCY.PK,3.61,0.0,4.2,3.26,4.2,0.0,3.38,0.0,5.83,0.0,4.33,5.83,0.0,3.47,5.83,0.0,3.23,5.83,0.0,3.35,6.58,0.0,3.67,6.58,0.0,1.91
CSPKY.PK,0.78,0.0,6.23,0.0,6.23,0.0,0.61,0.0,,,,,,,,,,,,,,,,,,
CSQ.O,20.42,0.17,20.81,19.97,20.81,19.37,20.24,0.22,19.71,17.8,18.81,19.71,13.11,17.95,19.71,13.11,17.29,19.71,12.5,16.25,19.89,11.98,16.33,19.89,6.2,14.11
CSR.N,56.72,0.09,57.95,55.91,59.8,54.53,56.79,0.09,68.8,52.95,60.31,68.8,52.95,61.22,75.92,52.28,63.65,75.92,46.76,62.22,112.04,46.76,70.85,112.04,43.87,66.77
CSTL.O,24.06,0.39,24.98,22.24,24.98,19.86,22.08,0.36,42.18,14.59,26.28,42.18,14.59,23.99,42.18,14.59,24.51,42.18,9.26,22.99,107.69,9.26,32.78,107.69,9.26,33.41
CSTM.K,31.21,2.49,34.03,28.72,36.73,28.72,32.99,1.98,19.38,13.04,15.45,19.38,7.32,13.25,23.2,7.32,15.29,23.2,7.32,15.62,23.2,7.32,15.79,23.2,3.9,12.45
CSTM.N,31.21,0.89,33.99,28.73,36.65,28.73,32.99,0.62,,,,,,,,,,,,,,,,,,
CSUAY.PK,20.7,0.03,21.51,19.57,23.77,19.57,21.73,0.03,22.92,15.4,19.37,22.92,14.5,17.79,22.92,13.32,17.32,22.92,10.9,15.72,22.92,7.08,13.45,22.92,5.14,10.92
CSW.N,278.39,0.07,294.18,267.94,294.18,264.56,275.2,0.06,328.6,230.96,267.5,401.02,230.96,289.76,435.4,200.84,291.89,435.4,115.0,247.9,435.4,96.19,197.44,435.4,28.01,125.15
CSWC.O,23.61,0.73,24.13,22.89,24.13,22.78,23.38,0.71,23.49,19.37,21.94,23.86,17.46,21.76,27.23,17.46,23.25,27.23,16.34,22.24,27.66,16.28,22.27,27.66,6.97,18.7
CSWYY.PK,0.0,0.0,0.0,0.0,0.0,0.0,0.0,0.0,,,,,,,,,,,,,,,,,,
CSX.O,48.1,12.68,49.29,46.01,49.29,45.15,47.17,12.37,37.54,31.8,34.97,37.54,26.22,32.99,40.12,26.22,33.82,40.12,26.22,33.04,40.12,25.8,32.82,40.12,7.11,26.05
CSXXY.PK,14.4,0.0,33.84,0.0,39.94,0.0,20.94,0.0,57.95,40.0,48.34,57.95,36.0,46.2,57.95,36.0,46.39,57.95,18.96,41.51,57.95,18.96,34.17,57.95,11.06,26.29
CSYJY.PK,1.46,0.0,10.42,0.0,10.42,0.0,0.54,0.0,,,,,,,,,,,,,,,,,,
CTAS.O,173.43,1.98,181.71,167.82,184.48,167.82,174.06,2.19,226.75,180.39,200.96,229.24,180.39,204.08,229.24,143.64,193.18,229.24,105.76,169.37,229.24,78.66,140.79,229.24,20.0,93.75
CTBI.O,72.57,0.17,74.57,70.41,74.57,67.45,70.59,0.13,61.55,50.25,55.69,61.55,44.6,53.72,61.66,38.44,50.06,61.66,32.68,46.26,61.66,32.68,44.81,61.66,26.45,42.97
CTIHY.PK,0.0,0.0,0.0,0.0,0.0,0.0,0.0,0.0,,,,,,,,,,,,,,,,,,
CTOS.K,11.24,1.44,12.23,9.91,12.23,9.74,10.96,1.17,6.78,4.84,5.95,6.78,3.18,5.27,7.0,3.03,5.1,7.64,3.03,5.57,11.36,3.03,6.45,11.36,1.38,6.59
CTOS.N,11.24,0.59,12.21,9.92,12.21,9.76,10.96,0.45,,,,,,,,,,,,,,,,,,
CTOWY.PK,0.0,0.0,0.0,0.0,0.0,0.0,0.0,0.0,0.0,0.0,0.0,0.0,0.0,0.0,0.0,0.0,0.0,0.0,0.0,0.0,0.0,0.0,0.0,0.0,0.0,0.0
CTPCY.PK,4.15,0.0,7.6,0.0,8.71,0.0,3.26,0.0,8.49,6.54,7.46,8.49,5.27,6.47,8.49,4.27,5.95,8.49,4.08,5.76,8.49,3.61,5.46,8.67,3.42,6.03
CTRA.K,0.0,0.0,0.0,0.0,0.0,0.0,0.0,0.0,28.0,22.33,24.66,29.95,22.33,25.61,29.95,22.3,25.66,29.95,22.25,25.73,36.55,13.95,24.54,36.55,12.76,23.15
CTRA.N,0.0,0.0,0.0,0.0,0.0,0.0,0.0,0.0,,,,,,,,,,,,,,,,,,
CTRE.K,40.79,3.56,42.05,39.16,42.05,36.05,38.67,3.78,38.32,30.21,34.37,38.32,24.79,31.19,38.32,20.1,28.8,38.32,17.86,26.0,38.32,15.9,23.93,38.32,7.16,20.89
CTRE.N,40.79,1.6,41.98,39.19,41.98,36.08,38.67,1.34,,,,,,,,,,,,,,,,,,
CTRI.K,29.52,2.04,32.8,27.01,32.8,27.01,29.97,1.46,27.5,19.04,21.79,27.5,14.46,20.62,28.64,14.46,20.51,28.64,14.46,20.51,28.64,14.46,20.51,28.64,14.46,20.51
CTRI.N,29.52,0.71,32.69,27.03,32.69,27.03,29.97,0.54,,,,,,,,,,,,,,,,,,
CTRYQ.PK,0.0,0.0,0.0,0.0,0.0,0.0,0.0,0.0,0.15,0.0,0.06,0.15,0.0,0.04,0.27,0.0,0.09,0.39,0.0,0.13,1.35,0.0,0.42,2.46,0.0,0.91
CTS.N,63.75,0.19,69.49,60.0,69.49,60.0,65.31,0.14,45.66,36.04,41.69,53.48,34.05,42.6,59.65,34.05,45.61,59.65,34.05,44.75,59.65,28.83,41.3,59.65,12.9,33.21
CTSH.O,40.15,11.62,42.59,37.08,54.37,37.08,45.3,14.72,86.94,65.15,73.56,90.82,65.15,76.21,90.82,63.79,75.22,90.82,56.45,72.05,93.47,51.33,72.93,93.47,40.01,69.31
CTTAY.PK,8.37,0.14,8.65,8.1,8.71,7.8,8.31,0.1,8.06,6.21,7.09,8.06,4.84,6.49,8.06,4.29,5.86,8.06,4.29,5.79,12.5,3.3,6.6,23.81,3.3,10.33
CTTPY.PK,0.0,0.0,0.0,0.0,0.0,0.0,0.0,0.0,,,,,,,,,,,,,,,,,,
CTVA.K,84.0,4.07,86.51,79.96,86.51,74.42,79.52,4.83,77.41,60.54,68.56,77.41,53.4,66.46,77.41,44.01,60.79,77.41,43.22,58.86,77.41,36.54,55.81,77.41,20.38,49.19
CTVA.N,84.0,1.69,86.49,80.0,86.49,74.42,79.52,2.0,,,,,,,,,,,,,,,,,,
CTXAY.PK,39.06,0.0,46.64,0.0,53.45,0.0,37.5,0.0,44.85,33.17,38.98,44.85,23.99,35.83,55.0,23.99,39.87,55.0,23.99,40.47,55.0,23.99,41.1,55.0,23.99,41.11
CUBB.N,21.63,0.0,21.88,21.12,22.2,0.0,20.52,0.0,,,,,,,,,,,,,,,,,,
CUBE.K,40.53,2.09,41.29,39.2,42.62,39.2,40.84,2.1,43.63,35.25,39.38,44.13,34.24,40.47,55.14,34.24,43.4,55.14,33.17,43.24,57.34,31.44,44.23,57.34,19.61,36.81
CUBE.N,40.53,0.74,41.29,39.25,42.6,39.25,40.84,0.73,,,,,,,,,,,,,,,,,,
CUBI.K,79.19,0.48,81.44,76.94,81.44,74.17,77.45,0.35,78.33,58.52,67.18,78.33,40.75,59.56,78.33,40.75,55.03,78.33,6.87,47.5,78.33,6.87,44.72,78.33,6.87,34.16
CUBI.N,79.19,0.17,81.42,76.96,81.42,74.18,77.45,0.13,,,,,,,,,,,,,,,,,,
CUCSY.PK,0.0,0.0,0.0,0.0,13.5,0.0,1.37,0.0,,,,,,,,,,,,,,,,,,
CUK.N,0.0,0.0,0.0,0.0,0.0,0.0,0.0,0.0,32.65,22.74,26.67,32.65,13.65,23.63,32.65,12.51,20.0,32.65,7.04,17.34,32.65,5.43,17.08,72.27,5.43,32.65
CURB.K,30.73,2.31,31.87,29.75,31.87,28.98,30.43,1.51,24.97,21.59,22.9,25.66,20.88,23.19,25.66,18.57,23.19,25.66,18.57,23.19,25.66,18.57,23.19,25.66,18.57,23.19
CURB.N,30.73,0.75,31.86,29.84,31.86,28.98,30.43,0.51,,,,,,,,,,,,,,,,,,
CURLF.PK,10.11,0.27,11.13,9.1,11.8,9.08,10.05,0.28,5.05,0.8,2.46,5.05,0.68,1.78,6.4,0.68,2.83,6.4,0.68,3.04,18.38,0.68,5.64,18.38,0.0,4.36
CURYY.PK,0.0,0.0,0.0,0.0,0.0,0.0,0.0,0.0,19.8,19.8,19.8,19.8,19.8,19.8,19.8,19.8,19.8,19.8,19.8,19.8,19.8,19.8,19.8,19.8,19.8,19.8
CUYTY.PK,4.43,0.0,10.5,0.0,10.5,0.0,2.17,0.0,,,,,,,,,,,,,,,,,,
CUZ.N,30.24,0.68,31.12,28.56,31.12,27.56,29.24,0.7,30.57,24.22,27.19,31.34,24.16,28.1,32.55,21.58,27.06,32.55,17.4,25.43,42.41,17.4,29.03,42.86,17.4,31.45
CVBF.O,22.65,1.95,23.34,21.89,23.34,20.44,21.63,1.91,21.34,17.94,19.52,21.71,16.01,19.39,24.58,15.71,18.87,25.98,10.66,18.52,29.25,10.66,20.33,29.25,10.66,20.46
CVCO.O,606.02,0.12,630.48,580.0,630.48,547.39,595.15,0.13,618.03,397.38,527.79,618.03,393.53,507.07,618.03,304.1,450.06,618.03,224.62,394.33,618.03,170.86,331.67,618.03,70.28,241.53
CVE.N,24.69,2.23,25.34,24.24,29.21,24.24,26.03,2.37,18.74,13.48,16.49,18.74,10.24,15.12,21.9,10.24,16.56,21.9,10.24,17.09,24.9,5.57,15.65,24.9,1.41,12.54
CVI.N,28.01,0.47,29.58,26.32,34.23,26.05,28.81,0.45,41.41,24.34,31.99,41.41,15.1,26.53,41.41,15.1,26.79,41.41,15.1,27.67,41.41,9.35,24.51,41.41,6.56,21.92
CVLG.N,44.4,0.08,45.38,43.41,47.03,42.1,44.16,0.07,26.42,18.03,22.43,29.43,17.46,23.04,56.88,17.46,31.26,57.55,17.46,34.55,57.55,14.09,30.69,57.55,6.54,25.49
CVLG.O,44.4,0.19,45.52,43.02,47.08,42.0,44.16,0.19,26.62,18.0,22.43,29.47,17.46,23.04,30.77,17.46,24.11,30.77,14.67,22.93,30.77,7.04,18.74,30.77,3.27,14.44
CVLT.O,143.85,0.96,153.39,129.02,153.39,116.97,132.76,0.97,200.68,114.46,160.49,200.68,114.46,163.99,200.68,73.33,144.61,200.68,53.2,118.73,200.68,50.26,97.64,200.68,24.26,74.7
CVNA.K,66.42,13.42,70.75,61.85,73.55,61.85,66.89,11.76,485.33,285.02,364.67,485.33,148.25,307.81,485.33,40.21,220.28,485.33,4.23,155.65,485.33,3.55,163.29,485.33,3.55,123.81
CVNA.N,66.42,5.14,70.75,61.85,73.53,61.85,66.89,3.57,,,,,,,,,,,,,,,,,,
CVS.N,103.95,2.3,106.14,101.8,106.14,94.95,101.36,2.75,85.12,58.55,73.68,85.12,44.12,68.35,85.12,43.58,65.76,93.4,43.58,68.58,111.24,43.58,77.63,111.24,43.58,75.52
CVSA.N,126.84,0.2,131.77,122.73,132.9,115.2,124.5,0.15,,,,,,,,,,,,,,,,,,
CVTV.PK,0.0,0.0,0.0,0.0,0.0,0.0,0.0,0.0,0.0,0.0,0.0,0.0,0.0,0.0,0.0,0.0,0.0,0.0,0.0,0.0,0.0,0.0,0.0,0.0,0.0,0.0
CVX.N,168.65,3.72,172.72,165.21,192.67,165.21,176.5,3.17,161.85,142.51,153.59,168.95,132.06,151.17,168.95,132.06,152.12,187.81,132.06,154.79,189.67,83.89,145.47,189.67,51.62,126.63
CW.N,760.13,0.12,792.96,731.56,800.0,703.29,757.81,0.12,610.85,464.47,525.22,610.85,270.01,447.79,610.85,213.39,368.44,610.85,156.84,308.1,610.85,103.66,238.99,610.85,62.67,173.24
CWAN.K,0.0,0.0,0.0,0.0,24.56,0.0,15.39,6.49,24.28,15.74,20.15,32.0,15.74,22.76,35.71,15.62,22.34,35.71,13.02,20.79,35.71,11.23,19.95,35.71,11.23,19.95
CWAN.N,0.0,0.0,0.0,0.0,24.56,0.0,15.39,0.93,,,,,,,,,,,,,,,,,,
CWEN.K,39.34,0.9,40.92,37.16,40.92,39.5,40.78,0.84,36.89,27.67,31.78,36.89,24.4,30.21,36.89,20.63,28.12,36.89,18.59,28.0,41.79,18.59,29.88,41.79,10.49,24.21
CWEN.N,34.63,0.55,37.5,32.61,40.59,32.61,36.51,0.67,36.83,27.67,31.78,36.83,24.41,30.21,36.83,20.63,28.12,36.83,18.59,28.0,41.79,18.59,29.88,41.79,10.5,24.21
CWENa.K,36.75,0.23,38.26,34.72,38.26,37.05,38.18,0.18,,,,,,,,,,,,,,,,,,
CWENA.K,36.27,0.25,37.79,34.16,37.79,37.24,37.4,0.29,34.7,26.36,29.94,34.7,23.03,28.44,34.7,19.33,26.32,34.7,17.47,26.32,38.65,17.47,27.95,38.65,9.83,22.89
CWENa.N,0.0,0.0,0.0,0.0,0.0,0.0,0.0,0.0,34.67,26.37,29.94,34.67,23.06,28.44,34.67,19.34,26.32,34.67,17.47,26.32,38.62,17.47,27.95,38.62,9.83,22.89
CWH.N,7.48,0.78,8.1,6.88,8.63,6.48,7.46,0.72,19.37,9.49,14.75,24.34,9.49,16.32,28.68,9.49,19.56,32.88,9.49,21.02,49.19,9.49,26.1,49.19,3.27,24.38
CWK.N,13.63,1.39,14.04,12.88,14.16,12.67,13.35,0.97,17.32,10.95,14.97,17.32,7.65,13.01,17.32,7.65,12.39,17.32,6.24,11.5,23.54,6.24,13.71,23.54,6.24,14.45
CWQXY.PK,0.0,0.0,0.0,0.0,0.0,0.0,0.0,0.0,,,,,,,,,,,,,,,,,,
CWST.O,95.29,0.87,97.7,89.93,97.7,84.23,90.5,0.76,115.93,82.22,96.75,121.24,82.22,104.45,121.24,80.04,101.66,121.24,72.33,95.34,121.24,53.43,87.08,121.24,4.97,57.88
CWT.N,48.99,0.38,50.41,47.15,50.41,44.77,46.91,0.3,50.44,41.3,45.82,51.58,41.3,46.22,56.17,41.3,47.99,63.86,41.3,49.99,72.01,41.3,53.58,72.01,22.46,47.69
CWYUF.PK,18.35,0.02,21.73,0.0,21.73,0.0,15.71,0.03,19.86,17.28,18.92,19.86,15.99,18.4,20.23,15.82,18.03,21.4,14.98,18.2,27.86,14.98,20.17,29.77,10.12,21.0
CX.N,12.22,1.03,12.56,11.84,13.4,11.66,12.37,0.96,12.03,6.89,9.44,12.03,4.89,7.86,12.03,4.89,7.37,12.03,4.08,7.06,12.03,3.2,6.57,12.03,1.55,6.23
CXM.N,5.22,1.66,5.54,4.86,5.56,4.82,5.22,1.63,9.4,6.86,8.02,9.68,6.75,8.19,13.9,6.75,9.17,17.14,6.75,10.37,26.4,6.75,11.37,26.4,6.75,11.37
CXT.N,50.49,0.92,53.62,46.3,53.62,36.15,45.46,0.52,69.0,46.03,59.34,69.0,41.68,57.08,69.0,41.68,57.97,69.0,34.66,55.45,69.0,25.41,46.63,69.0,12.8,36.15
CXW.N,30.47,0.54,32.6,29.09,32.6,23.23,28.71,0.51,23.19,15.96,19.52,23.81,15.96,20.17,24.99,10.95,17.68,24.99,7.85,15.35,24.99,5.93,13.18,35.33,5.79,17.19
CYATY.PK,22.1,0.24,23.74,21.0,24.0,20.56,22.25,1.27,20.26,0.0,14.89,20.26,0.0,7.62,20.26,0.0,3.8,20.26,0.0,2.53,20.26,0.0,1.52,20.26,0.0,0.76
CYBR.O,0.0,0.0,0.0,0.0,0.0,0.0,0.0,0.0,,,,,,,,,,,,,,,,,,
CYD.N,45.94,0.05,48.03,41.81,58.75,41.81,48.61,0.06,42.5,21.33,33.34,42.5,9.4,25.1,42.5,7.95,17.3,42.5,6.98,14.59,42.5,6.73,13.7,42.5,6.73,14.48
CYFWY.PK,0.0,0.0,0.0,0.0,0.0,0.0,0.0,0.0,,,,,,,,,,,,,,,,,,
CYGIY.PK,0.0,0.0,0.0,0.0,4.72,0.0,1.82,0.0,6.25,4.75,5.34,6.25,3.12,4.17,6.25,2.88,3.66,6.25,2.54,3.65,11.1,2.54,5.66,11.1,2.44,5.6
CYJBY.PK,0.0,0.0,0.0,0.0,0.0,0.0,0.0,0.0,35.52,25.18,29.62,35.52,25.18,29.73,35.52,20.77,27.01,35.52,12.49,25.85,35.52,6.29,24.67,35.52,6.29,17.28
CYRBY.PK,4.35,0.0,4.55,4.01,5.95,3.74,4.44,0.01,7.92,4.04,5.42,7.92,2.61,4.75,7.92,2.61,4.35,7.92,2.3,4.16,7.92,2.19,3.87,8.31,1.72,4.01
CYTK.O,84.68,3.14,88.31,80.04,88.31,66.63,77.87,2.65,70.98,32.66,51.7,70.98,29.31,46.13,110.25,29.31,53.67,110.25,25.98,48.07,110.25,17.72,42.85,110.25,5.75,27.22
CZMWY.PK,31.35,0.0,33.0,29.95,33.0,27.98,30.26,0.0,66.74,44.74,52.22,76.28,44.74,57.5,134.6,44.74,72.08,153.84,44.74,86.28,235.5,44.74,110.27,235.5,28.43,99.2
CZR.O,30.22,5.16,30.83,29.77,30.83,29.18,29.7,5.14,31.58,18.25,24.78,40.0,18.25,27.24,48.57,18.25,33.36,60.27,18.25,38.23,119.81,18.25,53.37,119.81,6.02,43.4
D.N,69.02,1.48,70.14,67.38,70.14,65.47,68.17,2.11,62.86,55.36,59.85,62.86,48.07,57.43,62.86,43.54,54.91,63.94,39.18,53.86,88.78,39.18,62.72,90.89,39.18,69.31
DAC.N,123.34,0.02,126.08,121.5,132.21,121.5,126.67,0.02,99.79,83.57,92.15,99.79,65.41,86.79,99.79,65.41,83.8,99.79,51.28,76.92,107.47,21.01,73.24,107.47,2.5,47.82
DAKT.O,19.78,0.87,20.77,18.97,21.86,18.97,19.99,0.63,24.38,14.86,18.53,24.38,10.24,16.52,24.38,7.2,14.26,24.38,2.76,11.8,24.38,1.46,8.97,24.38,1.46,8.28
DAL.N,92.71,2.34,95.67,91.05,95.67,76.44,86.67,2.55,72.34,48.25,59.77,72.34,34.74,56.22,72.34,34.74,52.35,72.34,30.61,47.72,72.34,27.21,44.28,72.34,17.51,45.92
DAN.N,26.79,1.04,29.24,24.6,37.43,24.6,29.53,0.9,24.22,15.31,19.85,24.22,10.22,17.32,24.22,7.58,14.56,24.22,7.58,14.78,28.34,7.58,16.96,35.23,4.23,17.49
DANOY.PK,16.5,0.86,17.05,15.87,17.05,14.69,15.75,0.69,18.63,15.12,17.29,18.63,7.08,16.4,18.63,7.08,14.85,18.63,7.08,13.9,18.63,7.08,13.29,18.63,7.08,14.06
DAO.N,11.95,0.02,12.98,10.61,12.98,10.61,11.72,0.03,11.5,8.35,9.45,11.82,6.32,8.93,11.82,2.86,6.57,11.82,2.86,6.19,42.17,2.86,9.15,47.7,2.86,12.13
DAR.N,54.91,0.9,57.95,51.93,60.55,50.93,55.32,0.72,39.52,29.2,33.63,42.14,26.03,33.77,51.11,26.03,37.0,71.6,26.03,43.94,87.59,26.03,54.85,87.59,7.78,37.43
DASH.O,185.53,4.94,196.79,172.36,196.79,146.11,171.67,5.31,285.5,182.04,242.7,285.5,155.4,219.14,285.5,93.33,174.97,285.5,45.93,141.24,285.5,41.36,134.82,285.5,41.36,135.14
DASTF.PK,8.76,0.0,21.31,0.0,22.32,0.0,13.91,0.02,38.4,25.42,31.05,44.78,25.42,34.73,53.39,25.42,37.71,53.39,25.42,39.05,64.47,25.42,42.05,64.47,14.02,38.03
DASTY.PK,20.64,0.2,21.39,19.83,23.08,19.3,20.65,0.25,38.49,26.33,31.36,44.18,26.33,34.84,53.0,26.33,37.53,53.0,26.33,38.8,64.0,26.33,41.65,64.0,13.98,33.32
DATWY.PK,0.0,0.0,0.0,0.0,0.0,0.0,0.0,0.0,0.0,0.0,0.0,0.0,0.0,0.0,0.0,0.0,0.0,0.0,0.0,0.0,0.0,0.0,0.0,0.0,0.0,0.0
DAVE.O,368.88,0.68,404.44,312.09,404.44,253.05,322.78,0.66,286.45,175.01,215.53,286.45,65.46,171.93,286.45,7.73,106.67,286.45,4.47,73.39,491.07,4.47,110.72,491.07,4.47,110.72
DAWN.O,0.0,0.0,0.0,0.0,0.0,0.0,0.0,0.0,10.9,5.64,7.62,13.53,5.64,8.19,18.07,5.64,11.33,25.77,5.64,12.36,28.7,5.44,14.51,28.7,5.44,14.51
DAY.N,0.0,0.0,0.0,0.0,0.0,0.0,0.0,0.0,,,,,,,,,,,,,,,,,,
DB.N,34.61,0.77,37.1,33.42,37.1,30.94,34.05,1.06,39.77,28.44,35.09,39.77,17.06,29.55,39.77,12.44,22.67,39.77,8.86,18.88,39.77,7.24,15.96,39.77,4.99,14.14
DBD.N,84.09,0.16,86.91,81.01,86.91,77.7,82.85,0.15,69.66,53.93,60.86,69.66,35.0,53.25,69.66,27.57,46.22,69.66,16.52,42.21,69.66,16.52,42.21,69.66,16.52,42.21
DBOEY.PK,27.57,1.21,29.12,27.0,29.12,27.0,28.02,0.67,32.74,23.37,27.51,33.52,22.73,28.14,33.52,19.11,24.67,33.52,16.12,22.51,33.52,14.76,20.26,33.52,7.18,16.32
DBRG.K,15.78,4.08,15.82,15.7,15.82,15.66,15.74,2.95,15.55,8.94,11.59,15.55,6.41,10.82,20.99,6.41,12.97,20.99,6.41,13.47,34.78,6.41,17.8,59.88,5.32,24.57
DBRG.N,15.78,0.95,15.82,15.7,15.82,15.66,15.74,0.86,,,,,,,,,,,,,,,,,,
DBRG_ph.K,17.25,0.02,17.59,17.03,17.59,17.03,17.24,0.01,23.75,20.39,22.01,25.23,20.2,22.5,25.8,20.2,23.19,25.8,17.5,22.39,26.0,17.5,22.98,26.0,6.92,22.73
DBRG_PH.K,18.75,0.02,19.26,18.0,18.5,18.18,18.18,0.03,23.75,20.39,22.01,25.23,20.2,22.5,25.8,20.2,23.19,25.8,17.5,22.39,26.0,17.5,22.98,26.0,6.92,22.73
DBRG_ph.N,18.29,0.01,18.88,18.0,18.41,18.18,18.18,0.0,,,,,,,,,,,,,,,,,,
DBRG_pi.K,17.22,0.02,17.49,17.0,17.49,17.21,17.36,0.02,23.96,20.45,21.94,25.06,20.28,22.47,25.86,20.28,23.19,25.86,17.15,22.34,26.24,17.15,22.99,26.24,6.75,22.67
DBRG_PI.K,18.86,0.02,19.3,18.31,18.75,18.31,18.34,0.02,23.96,20.45,21.94,25.06,20.28,22.47,25.86,20.28,23.19,25.86,17.15,22.34,26.24,17.15,22.99,26.24,6.75,22.67
DBRG_pi.N,18.42,0.0,18.82,18.32,18.52,18.32,18.34,0.0,,,,,,,,,,,,,,,,,,
DBRG_pj.K,17.17,0.03,17.36,17.01,17.36,17.01,17.18,0.03,24.1,20.49,21.87,25.15,20.3,22.38,25.66,20.3,23.09,25.66,17.4,22.27,26.47,17.4,22.97,26.47,7.32,22.53
DBRG_PJ.K,18.77,0.02,19.26,18.22,18.5,18.22,18.36,0.03,24.1,20.49,21.87,25.15,20.3,22.38,25.66,20.3,23.09,25.66,17.4,22.27,26.47,17.4,22.97,26.47,7.32,22.53
DBRG_pj.N,18.38,0.01,18.76,18.26,18.5,18.26,18.36,0.01,,,,,,,,,,,,,,,,,,
DBSDY.PK,204.3,0.03,209.0,199.62,209.0,190.36,201.17,0.04,181.23,139.73,159.85,181.23,108.36,146.47,181.23,83.48,126.28,181.23,80.18,113.58,181.23,66.26,100.92,181.23,32.09,78.81
DBVT.O,15.94,0.33,17.24,15.04,18.5,15.04,16.2,0.32,26.18,8.51,12.68,26.18,3.15,9.75,26.18,2.2,7.63,26.18,2.2,9.93,73.8,2.2,19.38,505.7,2.2,111.7
DBX.O,27.44,3.58,28.9,25.06,28.9,25.06,27.06,4.08,32.4,25.75,28.86,33.33,24.42,28.78,33.43,20.68,27.12,33.43,18.71,26.4,33.43,18.71,25.78,43.5,14.55,24.72
DCBG.N,26.38,0.0,26.68,26.06,26.74,0.0,24.98,0.0,,,,,,,,,,,,,,,,,,
DCCPY.PK,0.0,0.0,0.0,0.0,42.3,0.0,2.23,0.0,,,,,,,,,,,,,,,,,,
DCH.N,5.39,1.93,5.98,4.92,6.79,4.92,5.89,1.46,6.81,3.95,5.79,6.81,3.0,5.19,8.95,3.0,6.06,10.11,3.0,6.65,13.06,3.0,7.65,21.24,2.51,10.57
DCI.N,89.25,0.28,91.45,86.68,91.45,83.46,86.9,0.34,94.98,68.96,81.12,94.98,57.46,74.82,94.98,57.46,73.36,94.98,57.06,69.6,94.98,46.02,64.73,94.98,25.22,55.25
DCO.N,183.39,0.14,196.63,166.64,196.63,149.21,169.55,0.1,101.13,81.89,91.76,101.13,51.88,78.61,101.13,47.7,68.38,101.13,40.35,61.92,101.13,38.99,57.16,101.13,12.29,44.99
DCOM.N,40.5,0.21,41.6,39.38,41.6,38.03,39.73,0.14,,,,,,,,,,,,,,,,,,
DCOM.O,40.5,0.47,41.62,39.38,41.62,38.02,39.73,0.36,32.32,25.62,29.1,34.0,23.25,28.64,37.6,17.29,26.4,37.6,15.57,25.13,38.35,15.57,28.16,38.95,15.57,29.11
DCOMP.O,17.73,0.01,17.96,17.36,18.19,17.21,17.81,0.01,20.75,17.77,19.15,20.75,17.05,19.09,21.44,14.86,18.7,22.4,13.2,18.1,26.5,13.2,20.28,26.5,13.2,20.28
DCYHY.PK,0.0,0.0,0.0,0.0,0.0,0.0,0.0,0.0,,,,,,,,,,,,,,,,,,
DD.N,137.98,0.61,141.99,131.52,144.75,44.95,85.52,1.07,41.85,28.69,34.45,41.85,22.53,32.31,41.85,22.53,32.53,41.85,22.53,31.75,41.85,20.71,30.95,45.87,0.0,26.0
DDOG.O,249.98,4.95,271.26,212.73,271.26,212.73,235.74,4.79,201.69,123.42,147.86,201.69,81.63,133.44,201.69,81.63,129.32,201.69,61.34,116.19,201.69,61.34,115.65,201.69,27.55,105.11
DDS.N,546.85,0.03,585.67,515.0,624.45,515.0,568.7,0.03,707.84,400.89,552.51,707.84,271.06,470.64,707.84,271.06,420.67,707.84,234.41,376.12,707.84,41.87,298.65,707.84,16.96,173.27
DE.N,627.01,0.43,638.7,605.86,638.7,557.03,598.74,0.39,528.77,433.0,481.15,533.72,403.03,480.04,533.72,340.8,436.35,533.72,340.8,423.09,533.72,263.85,398.9,533.72,70.16,269.73
DEA.N,25.0,0.25,25.67,22.89,25.67,22.89,24.26,0.21,23.8,20.56,22.21,29.72,19.34,23.38,36.3,19.34,27.36,41.95,19.34,29.6,59.12,19.34,37.92,74.15,19.34,44.43
DEC.N,13.45,0.5,14.32,12.48,14.52,12.48,13.41,0.52,16.85,12.33,14.5,17.7,10.08,14.3,17.7,10.08,13.88,18.05,0.0,9.45,18.05,0.0,5.66,18.05,0.0,2.83
DECK.K,102.63,2.84,106.2,98.78,116.5,98.78,106.97,2.28,126.5,78.91,101.4,223.98,78.91,118.14,223.98,78.91,137.48,223.98,63.76,120.18,223.98,35.49,94.52,223.98,6.79,56.91
DECK.N,102.63,1.02,106.17,98.8,116.5,98.8,106.97,0.83,,,,,,,,,,,,,,,,,,
DEI.N,12.06,1.04,12.71,11.24,12.81,11.24,12.04,0.94,16.98,10.92,14.08,19.02,10.92,14.87,20.48,10.92,15.12,20.48,10.09,14.48,36.96,10.09,20.18,45.4,10.09,28.34
DELHY.PK,4.08,0.08,4.21,3.86,4.48,3.86,4.19,0.08,3.47,1.76,2.65,3.47,1.76,2.68,4.47,1.73,2.83,6.3,1.73,3.15,15.01,0.0,3.22,15.01,0.0,1.61
DELKY.PK,24.18,0.0,29.78,0.0,37.14,0.0,22.48,0.0,28.9,19.15,23.71,28.9,13.2,19.61,28.9,9.5,15.3,28.9,8.35,14.05,28.9,3.55,12.65,28.9,3.55,12.65
DELL.K,412.34,8.23,438.52,378.66,444.0,357.07,407.81,8.3,168.08,116.56,135.31,168.08,66.24,120.01,179.7,66.24,118.78,179.7,35.96,97.32,179.7,32.9,77.43,179.7,11.78,52.4
DELL.N,412.34,2.04,438.51,378.68,443.98,357.36,407.81,2.12,,,,,,,,,,,,,,,,,,
DEO.N,81.75,0.18,84.79,77.8,84.79,77.8,81.08,0.18,116.41,85.12,98.53,126.99,85.12,104.48,154.71,85.12,119.89,190.0,85.12,135.7,223.05,85.12,156.18,223.05,85.12,146.17
DFH.N,16.89,0.27,17.9,15.77,17.9,14.15,15.68,0.26,31.35,17.07,23.96,31.35,17.07,23.45,44.3,17.07,27.74,44.3,8.85,25.23,44.3,8.19,24.14,44.3,8.19,24.14
DFIHY.PK,0.0,0.0,0.0,0.0,0.0,0.0,0.0,0.0,,,,,,,,,,,,,,,,,,
DFIN.K,42.89,0.33,46.8,39.6,46.8,36.11,40.31,0.38,66.25,44.1,52.7,69.93,37.8,53.06,71.01,37.8,57.91,71.01,35.71,54.65,71.01,16.73,46.28,71.01,4.04,32.37
DFIN.N,42.89,0.14,46.79,39.6,46.79,36.13,40.31,0.15,,,,,,,,,,,,,,,,,,
DFKCY.PK,22.23,0.04,23.42,20.86,23.42,18.88,21.61,0.04,17.57,11.22,15.19,17.57,9.76,13.66,17.57,7.05,11.81,17.57,6.35,11.0,21.33,0.0,10.99,21.33,0.0,6.54
DFTX.O,45.04,5.29,49.2,41.37,49.2,21.69,33.95,4.97,14.43,6.4,10.85,14.43,4.7,8.91,14.43,3.49,7.99,14.43,2.2,6.49,86.55,2.12,14.61,86.55,0.0,11.46
DG.N,117.05,0.83,120.85,113.32,120.85,103.75,114.38,0.93,139.78,95.35,110.59,139.78,66.45,99.41,167.85,66.45,108.33,250.98,66.45,129.78,262.1,66.45,167.75,262.1,66.45,142.0
DGII.O,72.48,0.65,76.41,67.15,76.41,63.15,69.56,0.43,48.0,30.69,37.21,48.0,22.39,34.04,48.0,20.17,31.05,48.0,20.17,31.34,48.0,16.33,28.59,48.0,6.18,20.34
DGX.N,212.27,0.34,217.3,203.14,217.3,192.98,204.64,0.34,196.76,164.76,179.78,196.76,148.75,174.55,196.76,123.3,158.75,196.76,119.65,151.31,196.76,113.44,146.0,196.76,59.66,122.12
DHC.O,9.34,2.08,9.66,9.02,9.66,8.1,9.04,2.12,5.16,3.18,4.17,5.16,2.0,3.44,5.16,2.0,3.19,5.16,0.64,2.74,5.58,0.61,2.83,23.01,0.61,8.13
DHI.N,161.84,0.81,170.59,154.83,170.59,143.86,157.04,0.87,184.54,128.21,154.75,184.54,110.66,141.96,199.6,110.66,151.06,199.6,89.09,138.06,199.6,59.26,116.38,199.6,22.97,79.71
DHLGY.PK,30.58,0.62,31.97,29.61,31.97,28.82,30.02,0.84,56.38,43.55,47.88,56.38,33.89,44.79,56.38,33.89,43.53,56.38,33.89,44.1,72.04,28.66,47.28,72.04,20.14,41.43
DHR.N,193.99,1.37,198.18,189.14,198.18,175.06,186.2,1.25,234.52,180.15,209.4,258.04,171.0,207.71,281.38,171.0,229.87,281.38,171.0,226.16,295.99,171.0,232.3,295.99,54.58,167.58
DHRPY.PK,0.72,0.0,5.06,0.0,5.06,0.0,0.27,0.0,,,,0.0,0.0,0.0,0.0,0.0,0.0,0.0,0.0,0.0,0.0,0.0,0.0,0.0,0.0,0.0
DHT.N,17.17,1.54,19.64,16.35,20.08,16.29,17.75,1.13,13.84,10.62,12.09,13.84,9.0,11.51,13.84,8.7,11.25,13.84,7.61,10.71,13.84,4.55,9.01,13.84,3.27,7.01
DIDIY.PK,3.45,4.76,3.69,3.3,3.74,3.3,3.53,7.01,6.99,4.75,5.81,6.99,3.15,5.26,6.99,0.32,4.75,6.99,0.28,4.37,18.01,0.28,4.5,18.01,0.28,4.5
DIFTY.PK,4.78,0.39,4.99,4.49,5.03,4.49,4.73,0.37,7.0,4.48,5.17,7.0,4.48,5.26,7.0,4.48,5.43,7.0,4.48,5.32,7.0,3.95,5.31,10.49,3.8,6.08
DINO.K,70.86,2.29,75.07,65.3,75.07,63.82,69.02,2.32,56.58,40.68,49.48,56.58,24.66,42.28,64.16,24.66,46.32,64.16,24.66,47.92,66.19,24.6,44.71,83.28,16.81,42.48
DINO.N,70.86,0.72,75.03,65.33,75.03,63.83,69.02,0.84,,,,,,,,,,,,,,,,,,
DIOD.O,104.53,0.92,121.0,94.45,125.99,94.45,108.15,0.69,58.9,42.28,52.11,67.12,32.93,50.54,86.74,32.93,59.38,97.45,32.93,67.44,113.98,32.93,73.46,113.98,16.58,53.88
DIS.N,97.76,3.35,101.54,95.65,104.52,95.65,99.81,3.27,124.6,101.9,113.95,124.67,80.1,109.9,124.67,80.1,106.06,124.67,78.74,101.46,203.02,78.74,119.0,203.02,78.74,116.44
DJT.O,7.85,7.53,8.96,6.96,8.96,6.96,7.99,5.27,20.92,10.18,15.69,43.46,10.18,20.17,79.38,10.18,27.17,79.38,10.18,23.12,175.0,9.84,28.52,175.0,9.84,28.52
DK.N,50.87,0.61,54.59,44.17,54.59,41.3,47.2,0.51,43.39,19.84,30.91,43.39,11.03,24.15,43.39,11.03,23.77,43.39,11.03,24.28,43.39,11.03,23.52,61.05,7.73,25.54
DKILY.PK,15.3,0.24,16.18,14.61,16.18,14.22,14.87,0.24,14.03,11.02,12.42,14.03,9.9,11.86,17.14,9.9,12.72,21.66,9.9,14.26,27.32,9.9,16.27,27.32,6.18,14.21
DKL.N,51.5,0.01,53.17,49.0,54.47,48.0,51.1,0.04,47.47,41.86,44.56,47.47,34.6,43.08,47.67,34.6,42.0,57.82,34.6,43.76,64.46,31.19,44.54,64.46,5.6,36.84
DKNG.O,25.39,11.11,26.4,23.08,30.13,23.08,26.49,13.42,48.78,26.23,38.61,53.61,26.23,38.52,53.61,26.23,39.0,53.61,10.98,34.59,74.38,9.77,34.25,74.38,9.76,33.06
DKS.N,232.94,0.36,241.33,225.05,244.38,212.57,228.39,0.33,236.97,197.49,217.9,254.57,166.73,211.1,254.57,137.06,206.01,254.57,100.98,180.57,254.57,52.85,148.4,254.57,12.91,93.68
DLAKY.PK,11.24,0.1,11.53,10.9,11.53,9.24,10.48,0.13,10.16,7.91,8.98,10.16,5.69,8.14,10.16,5.69,7.61,11.67,5.69,8.23,11.67,5.4,8.03,26.65,5.4,10.79
DLB.N,52.06,0.39,53.9,50.03,54.68,50.03,52.51,0.36,77.0,64.17,70.34,89.53,64.17,74.16,89.53,64.17,76.28,90.97,64.17,78.55,104.69,61.55,81.14,104.69,30.38,70.3
DLICY.PK,22.05,0.05,23.44,20.97,23.59,20.97,22.02,0.06,23.11,11.15,15.69,23.11,6.03,15.04,23.11,0.0,13.76,23.11,0.0,12.22,23.11,0.0,9.26,23.11,0.0,4.64
DLMAY.PK,1.69,0.0,12.77,0.0,15.62,0.0,2.94,0.0,,,,,,,,,,,,,,,,,,
DLO.O,13.67,5.86,15.43,12.12,15.43,11.13,12.79,3.39,16.78,9.81,13.41,16.78,7.26,11.82,17.91,6.28,11.45,23.12,6.28,12.71,70.1,6.28,19.4,70.1,6.28,19.4
DLR.N,182.7,1.72,195.55,172.14,197.0,172.14,185.68,1.25,182.44,146.39,167.59,187.64,129.95,165.4,198.0,129.95,159.73,198.0,86.35,144.59,198.0,85.82,142.45,198.0,69.9,128.81
DLR_pj.N,19.97,0.01,20.17,19.73,20.42,19.73,20.16,0.01,23.14,20.4,22.0,23.14,20.05,21.65,24.63,20.05,22.11,24.63,19.07,21.9,26.94,19.07,23.07,27.06,0.0,19.88
DLR_pk.N,22.11,0.01,22.45,21.76,22.66,21.76,22.33,0.01,25.04,22.95,24.13,25.04,22.1,23.81,25.61,22.1,24.12,25.66,21.47,23.89,28.51,20.68,24.84,28.51,0.0,17.23
DLR_pl.N,19.69,0.04,19.87,19.45,20.36,19.45,19.92,0.02,22.62,19.98,21.42,22.62,19.62,21.06,24.45,19.62,21.73,24.45,19.11,21.61,28.36,18.75,23.05,28.36,0.0,14.69
DLTR.O,121.76,5.7,126.62,114.05,126.62,105.22,115.78,3.81,132.48,84.71,107.08,132.48,61.8,93.39,151.22,60.49,98.43,161.1,60.49,110.94,177.19,60.49,118.48,177.19,60.2,104.41
DLX.N,24.02,0.23,24.88,23.12,24.88,21.84,23.45,0.19,23.53,15.41,19.17,23.87,13.61,18.1,24.87,13.61,19.51,24.87,13.61,19.01,48.38,13.61,24.13,78.84,13.61,39.26
DMC.N,28.28,0.22,29.3,27.41,29.3,27.41,28.35,0.24,,,,,,,,,,,,,,,,,,
DMCHY.PK,0.0,0.0,0.0,0.0,1.48,0.0,0.15,0.0,,,,,,,,,,,,,,,,,,
DMLP.O,25.41,0.11,26.32,25.1,28.16,24.81,26.03,0.18,28.13,20.85,24.75,34.88,20.85,27.19,35.74,20.85,29.53,35.74,20.85,29.53,35.74,10.96,26.28,35.74,8.52,20.89
DMZPY.PK,0.0,0.0,0.0,0.0,5.7,0.0,0.59,0.0,7.39,3.96,5.73,12.46,3.96,7.29,19.29,3.96,9.32,25.85,3.96,10.44,59.9,3.96,17.3,59.9,3.96,17.92
DNBBY.PK,29.79,0.05,30.63,29.43,31.19,29.43,30.06,0.05,29.34,24.77,26.53,29.34,19.72,25.52,29.34,17.4,22.78,29.34,16.34,21.52,29.34,15.58,21.27,29.34,8.51,18.89
DNERY.PK,0.0,0.0,0.0,0.0,0.0,0.0,0.0,0.0,,,,,,,7.68,7.68,7.68,7.68,7.68,7.68,7.68,7.68,7.68,7.68,7.68,7.68
DNFGF.PK,0.0,0.0,0.0,0.0,0.0,0.0,0.0,0.0,1.58,0.5,1.02,1.58,0.36,0.87,1.58,0.23,0.62,1.58,0.23,0.56,1.58,0.23,0.75,1.58,0.23,0.84
DNFGY.PK,0.0,0.0,0.0,0.0,0.0,0.0,0.0,0.0,63.47,21.07,52.83,63.47,18.01,34.3,63.47,11.36,25.06,63.47,11.36,24.43,63.47,11.36,28.26,66.69,11.36,42.39
DNIYY.PK,0.0,0.0,0.0,0.0,0.0,0.0,0.0,0.0,,,,,,,,,,,,,,,,,,
DNKEY.PK,26.97,0.02,28.23,26.25,28.23,25.14,26.54,0.04,25.5,19.68,21.72,25.5,13.93,19.55,25.5,13.25,17.12,25.5,9.59,15.21,25.5,5.96,12.52,25.5,4.85,12.6
DNLI.O,25.64,2.28,26.8,24.59,26.8,19.19,23.56,2.06,20.61,12.58,15.62,24.34,10.57,16.09,33.33,10.57,19.13,33.33,10.57,21.14,84.25,10.57,30.46,93.94,10.57,27.98
DNLMY.PK,0.0,0.0,0.0,0.0,11.15,0.0,1.16,0.0,16.1,14.13,15.64,17.25,11.63,15.27,17.25,11.63,14.71,17.25,11.63,14.15,19.81,7.33,13.68,19.81,6.16,11.44
DNLZY.PK,2.31,0.0,2.81,0.0,2.81,0.0,2.11,0.0,2.32,1.4,1.95,2.32,1.31,1.83,2.32,1.31,1.87,2.48,1.31,1.87,2.86,1.31,1.95,2.94,0.8,2.06
DNN.A,3.79,1.39,4.02,3.44,3.93,3.74,3.78,1.6,3.41,1.68,2.47,3.41,1.1,2.04,3.41,1.1,2.0,3.41,0.93,1.79,3.41,0.63,1.58,3.41,0.19,1.03
DNN.N,3.13,1.23,3.36,3.0,3.46,2.81,3.15,1.07,3.42,1.68,2.47,3.42,1.1,2.04,3.42,1.1,2.0,3.42,0.93,1.79,3.42,0.62,1.57,3.42,0.2,1.23
DNNGY.PK,7.52,0.12,7.88,7.28,8.4,7.28,7.69,0.13,18.22,5.11,7.27,18.22,5.11,7.48,18.22,5.11,8.99,18.86,5.11,10.63,42.19,5.11,15.76,42.19,5.11,16.54
DNOPY.PK,7.69,0.06,8.09,7.25,8.51,7.25,7.85,0.08,15.62,10.12,12.5,15.62,9.4,12.53,15.62,7.8,11.1,15.62,7.63,10.85,15.62,5.2,10.46,15.62,3.8,10.41
DNOW.K,13.04,2.94,13.63,12.43,14.16,12.43,13.39,3.45,16.34,12.01,14.57,18.45,12.01,14.88,18.45,9.44,14.06,18.45,8.83,13.1,18.45,6.83,11.87,23.53,4.03,12.7
DNOW.N,13.04,1.08,13.62,12.47,14.16,12.47,13.39,1.03,,,,,,,,,,,,,,,,,,
DNP.N,10.85,0.09,10.93,10.73,10.93,10.6,10.78,0.08,10.35,9.62,9.95,10.35,8.71,9.74,10.35,8.03,9.38,11.84,8.03,9.66,12.0,8.03,10.13,13.22,6.76,10.55
DNPLY.PK,9.0,0.01,9.74,8.37,9.74,7.91,8.52,0.01,9.0,7.34,8.34,9.0,6.07,7.78,9.45,6.07,7.85,9.45,4.74,7.49,9.45,4.28,6.7,9.45,4.15,6.08
DNTH.O,94.0,1.88,98.7,87.4,98.7,68.85,86.85,1.62,45.46,17.77,32.16,45.46,13.36,26.41,45.46,10.22,25.64,45.46,5.89,20.95,227.2,5.14,47.22,336.0,5.14,88.81
DNTUF.PK,0.0,0.0,0.0,0.0,0.0,0.0,0.0,0.0,24.07,17.07,21.47,26.51,17.07,22.41,34.0,17.07,24.45,36.45,17.07,26.03,38.76,17.07,27.87,54.92,16.82,30.17
DNTUY.PK,10.79,0.01,19.43,0.0,19.94,0.0,7.96,0.0,23.56,18.37,20.83,24.39,18.01,21.29,32.7,18.01,24.43,36.91,18.01,26.75,41.5,18.01,28.97,49.5,16.85,30.09
DNZOY.PK,11.7,0.2,12.31,11.33,12.45,11.18,11.73,0.28,15.85,12.53,14.01,15.85,10.96,13.56,19.74,10.96,14.72,19.74,10.96,14.9,22.42,10.96,15.29,22.42,6.66,13.23
DOC.N,21.62,2.64,22.03,20.8,22.03,19.32,20.74,2.76,19.67,15.71,17.78,21.28,15.71,18.36,23.26,15.71,19.26,28.42,15.25,19.81,37.68,15.25,24.32,37.93,15.25,26.95
DOCN.K,142.51,5.13,158.16,126.05,187.5,126.05,159.5,3.7,52.2,25.56,37.87,52.2,25.45,36.01,52.2,25.45,36.46,52.2,19.39,35.26,133.4,19.39,42.06,133.4,19.39,42.06
DOCN.N,142.51,1.66,158.0,126.08,187.2,126.08,159.5,1.05,,,,,,,,,,,,,,,,,,
DOCS.K,21.2,4.77,23.05,19.75,23.05,19.45,20.7,3.77,76.51,43.25,60.67,85.21,43.25,60.05,85.21,22.96,47.18,85.21,19.71,41.24,107.79,19.71,43.99,107.79,19.71,43.99
DOCS.N,21.2,1.73,23.04,19.76,23.04,19.45,20.7,1.37,,,,,,,,,,,,,,,,,,
DOCU.O,45.12,4.14,46.98,42.27,47.96,41.37,44.53,4.71,86.65,63.41,73.11,99.3,63.41,78.52,107.86,48.7,70.36,107.86,38.11,64.21,314.76,38.11,102.6,314.76,35.06,99.46
DOGEF.PK,16.03,0.0,23.86,0.0,25.0,0.0,20.93,0.0,51.15,16.34,27.36,51.15,16.34,34.41,69.41,16.34,45.5,103.3,16.34,55.92,226.79,16.34,85.31,226.79,16.34,88.01
DOLE.K,13.88,1.55,14.19,13.57,14.43,13.57,14.03,1.21,15.73,12.52,13.98,15.73,12.2,13.98,17.12,10.71,13.76,17.12,9.5,13.18,17.66,7.2,12.75,17.66,7.2,12.75
DOLE.N,13.88,0.63,14.19,13.57,14.41,13.57,14.03,0.45,,,,,,,,,,,,,,,,,,
DOO.O,60.57,0.22,63.59,56.69,63.59,56.69,60.2,0.23,81.67,47.74,62.17,81.67,31.78,52.16,81.67,31.78,57.53,92.74,31.78,64.09,102.96,31.78,69.59,102.96,10.0,57.48
DORM.O,135.93,0.41,140.65,129.48,140.65,118.96,130.3,0.33,166.89,117.86,139.22,166.89,106.95,132.05,166.89,79.2,117.45,166.89,60.01,105.76,166.89,60.01,102.9,166.89,40.17,87.78
DOV.N,221.51,0.37,233.44,210.92,233.44,210.92,221.18,0.36,203.6,159.18,180.81,222.31,143.15,181.87,222.31,143.15,180.77,222.31,127.5,168.4,222.31,114.49,159.56,222.31,41.1,120.4
DOW.N,27.96,3.23,29.52,26.8,36.0,26.8,30.83,3.36,30.92,20.4,23.95,42.17,20.4,28.69,60.68,20.4,40.85,60.88,20.4,45.07,71.85,20.4,50.44,71.85,20.4,49.47
DOX.O,51.15,1.87,53.0,49.8,59.51,49.8,53.57,1.81,93.44,74.32,83.54,95.41,74.32,85.89,95.41,74.32,86.08,99.75,74.32,87.4,99.75,67.4,84.22,99.75,44.05,73.23
DPC.N,48.46,1.8,52.8,43.0,52.8,0.0,37.69,1.4,,,,,,,,,,,,,,,,,,
DPMAY.PK,23.55,0.01,25.38,22.78,25.38,22.25,23.41,0.01,19.5,15.72,17.88,19.5,10.72,16.03,19.5,0.0,14.0,19.5,0.0,9.66,19.5,0.0,5.79,19.5,0.0,2.89
DPMLF.PK,33.09,0.05,36.35,29.76,36.35,29.0,32.63,0.1,33.0,15.5,22.01,33.0,9.13,17.52,33.0,5.78,12.92,33.0,4.72,10.86,33.0,3.95,8.89,33.0,0.62,6.11
DPUKY.PK,4.82,0.0,5.0,4.71,5.25,0.0,3.89,0.0,6.99,0.0,4.35,8.07,0.0,3.14,9.65,0.0,2.74,10.5,0.0,2.4,12.45,0.0,3.03,15.4,0.0,4.48
DPZ.N,299.3,0.01,312.0,285.25,326.7,282.54,305.63,0.01,494.0,392.96,435.4,500.0,392.96,447.92,500.0,392.96,447.92,500.0,392.96,447.92,500.0,392.96,447.92,500.0,392.96,447.92
DQ.N,12.81,0.37,13.67,12.14,16.81,12.14,13.94,0.43,36.55,14.88,26.98,36.55,12.4,22.03,36.55,12.4,20.99,55.6,12.4,26.36,130.1,12.4,40.12,130.1,2.34,24.86
DQJCY.PK,10.17,0.31,10.75,9.38,11.52,9.38,10.31,0.41,15.97,9.49,13.14,15.97,9.49,12.45,15.97,8.0,11.15,15.97,6.71,10.04,15.97,5.06,8.98,15.97,2.98,7.23
DRD.N,21.41,0.09,22.47,20.57,25.92,20.5,22.65,0.1,34.8,13.18,23.23,34.8,8.63,18.32,34.8,6.49,13.58,34.8,6.49,12.23,34.8,4.67,10.73,34.8,1.64,7.88
DRDGF.PK,0.3,0.0,2.17,0.0,2.17,0.0,0.11,0.0,3.3,1.31,2.56,3.3,1.14,2.26,3.3,0.69,1.78,3.3,0.69,1.54,3.3,0.0,1.3,3.3,0.0,0.94
DRH.N,12.17,0.07,12.51,11.86,12.51,11.54,12.04,0.04,9.37,8.57,9.03,9.37,8.57,9.03,9.37,8.57,9.03,9.37,8.57,9.03,9.37,8.57,9.03,9.37,8.57,9.03
DRI.N,206.81,0.59,215.9,199.96,219.12,194.1,207.85,0.5,222.47,169.0,193.92,228.0,169.0,197.08,228.0,136.11,178.09,228.0,133.41,170.0,228.0,110.9,156.73,228.0,26.19,123.81
DRMKY.PK,13.45,0.01,15.39,12.43,15.39,11.83,13.23,0.01,20.17,0.0,4.57,20.17,0.0,2.53,20.17,0.0,1.64,20.17,0.0,1.31,20.17,0.0,0.92,20.17,0.0,0.53
DROSY.PK,0.88,0.0,2.08,0.0,2.18,0.0,1.05,0.0,,,,,,,,,,,,,,,,,,
DRPRY.PK,5.03,0.07,5.36,4.8,5.8,4.8,5.34,0.06,5.66,4.61,5.13,6.64,4.39,5.28,10.4,4.39,6.63,13.58,4.39,8.16,13.58,4.39,8.28,13.58,4.39,8.28
DRS.O,43.18,1.95,45.43,40.4,50.59,40.4,45.31,1.29,49.31,32.43,40.24,49.31,28.17,38.48,49.31,18.6,32.2,49.31,10.8,26.83,49.31,7.51,20.63,49.31,0.54,11.88
DRVN.O,14.17,1.34,15.62,12.9,15.62,12.12,13.51,1.17,19.74,13.44,16.15,19.74,13.44,16.45,19.74,10.59,15.21,31.47,10.59,17.36,35.56,10.59,22.11,35.56,10.59,22.11
DRXGY.PK,0.0,0.0,0.0,0.0,0.0,0.0,0.0,0.0,22.89,17.16,19.18,22.89,14.24,17.9,22.89,10.8,15.89,22.89,9.74,15.48,22.89,9.74,15.57,22.89,6.57,15.28
DSCSY.PK,49.32,0.59,52.91,44.17,58.0,42.58,49.44,0.4,37.0,24.94,30.26,37.0,16.1,27.44,42.93,16.1,29.12,42.93,8.84,24.59,42.93,6.83,18.6,42.93,2.82,13.65
DSDVY.PK,121.67,0.16,128.1,117.56,128.1,115.83,120.69,0.3,128.67,97.9,112.77,128.67,77.78,109.45,128.67,70.19,99.97,128.67,67.23,97.0,133.78,56.02,96.38,133.78,18.0,71.39
DSEEY.PK,10.1,0.04,10.97,9.54,10.97,9.47,10.07,0.06,9.34,6.62,7.88,9.34,5.52,7.31,9.34,5.52,7.24,9.34,4.19,6.58,9.34,3.7,6.0,9.34,3.33,5.7
DSFGY.PK,0.0,0.0,0.0,0.0,16.53,0.0,0.87,0.0,14.89,11.0,13.3,14.89,9.15,11.58,14.89,5.7,8.36,14.89,5.55,7.52,14.89,5.55,8.34,21.2,5.55,10.56
DSFIY.PK,9.3,0.34,9.53,8.88,9.53,7.56,8.8,0.4,10.97,7.75,9.02,11.57,7.75,9.76,13.98,0.0,9.76,13.98,0.0,6.52,13.98,0.0,3.91,13.98,0.0,1.95
DSGR.O,27.27,0.08,27.92,26.75,28.75,26.75,27.52,0.07,33.8,25.33,29.32,36.1,21.87,29.12,41.47,21.87,31.83,41.47,17.65,29.44,41.47,12.83,26.97,41.47,7.62,20.87
DSGX.O,70.37,0.58,73.73,66.04,76.22,65.81,70.87,0.58,109.0,78.88,95.8,124.31,78.88,101.74,124.31,78.88,100.04,124.31,66.46,92.2,124.31,56.18,82.96,124.31,15.01,57.66
DSL.N,10.94,0.08,11.07,10.79,11.07,10.76,10.89,0.07,12.67,11.08,11.92,12.92,10.61,12.13,13.23,10.61,12.38,13.23,10.22,12.17,17.81,10.22,13.25,20.59,9.95,15.63
DSNKY.PK,16.23,0.29,17.16,15.65,17.16,15.37,16.03,0.34,27.5,20.51,23.85,29.68,20.51,24.31,42.48,20.51,28.82,42.48,20.51,29.45,42.48,18.05,28.2,42.48,6.29,21.31
DSVSF.PK,6.07,0.38,7.05,5.33,7.05,5.03,5.91,0.45,6.91,1.99,3.81,6.91,0.46,2.71,6.91,0.38,1.65,6.91,0.38,1.34,6.91,0.38,1.33,6.91,0.12,1.18
DT.N,43.92,2.38,46.38,39.67,46.38,39.67,42.03,1.93,57.52,42.75,48.61,63.0,39.35,50.44,63.0,39.35,50.25,63.0,35.41,49.1,80.1,29.43,49.31,80.1,17.06,45.39
DTB.N,16.76,0.02,17.18,16.54,17.18,16.54,16.88,0.01,19.14,16.95,17.87,19.3,16.93,17.91,21.9,16.93,19.04,22.86,16.93,19.5,27.14,16.57,20.92,27.29,0.0,11.07
DTCWY.PK,1.51,0.0,11.26,0.0,11.26,0.0,0.56,0.0,13.88,12.1,12.83,13.88,10.52,12.43,15.85,9.27,11.74,15.85,8.88,11.49,32.26,8.15,17.84,32.26,8.15,20.06
DTE.N,152.8,0.55,155.0,150.57,155.0,143.08,149.3,0.58,143.78,126.23,136.4,143.78,116.3,133.81,143.78,102.17,124.87,143.78,90.15,119.38,143.78,90.15,119.06,143.78,60.59,106.01
DTEGF.PK,28.83,0.02,29.89,26.65,33.5,26.65,30.58,0.01,37.64,30.0,34.18,39.7,29.26,34.86,39.7,22.22,30.91,39.7,19.92,28.08,39.7,16.31,24.54,39.7,10.99,21.34
DTEGY.PK,28.68,0.96,30.06,26.9,33.17,26.9,30.48,0.74,37.76,30.31,34.12,39.04,29.73,34.8,39.04,22.03,30.65,39.04,20.03,27.91,39.04,16.32,24.49,39.04,11.3,20.69
DTG.N,17.01,0.03,17.1,16.94,17.1,16.7,16.93,0.02,18.88,17.03,17.8,19.38,16.71,17.85,22.25,16.71,19.1,22.25,16.71,19.4,26.51,0.0,16.16,26.51,0.0,8.07
DTM.N,146.81,0.25,151.96,142.77,151.96,139.2,144.09,0.27,122.64,98.22,109.71,122.64,83.31,105.3,122.64,51.2,89.09,122.64,45.14,76.67,122.64,38.21,68.03,122.64,38.21,68.03
DTNOF.PK,0.7,0.0,1.66,0.0,2.08,0.0,0.77,0.0,1.67,1.2,1.43,1.67,1.01,1.31,1.67,0.84,1.14,1.67,0.83,1.09,1.81,0.79,1.14,2.39,0.26,1.2
DTNOY.PK,2.42,0.0,17.09,0.0,21.02,0.0,6.15,0.0,15.0,13.54,14.27,15.0,10.32,12.06,15.0,8.49,10.36,15.0,8.49,10.3,17.2,8.49,10.71,21.98,4.15,11.58
DTRUY.PK,24.01,0.05,25.15,22.93,25.15,22.85,23.92,0.05,26.4,19.43,22.11,26.4,16.94,21.61,26.4,16.31,20.9,26.4,14.69,19.56,26.4,0.0,14.82,26.4,0.0,7.4
DTTLY.PK,0.0,0.0,0.0,0.0,0.0,0.0,0.0,0.0,,,,,,,,,,,,,,,,,,
DTW.N,20.57,0.04,20.87,20.3,21.11,20.3,20.79,0.02,23.14,20.87,22.09,23.48,20.56,21.97,25.17,20.56,22.87,25.17,20.42,23.0,27.18,20.32,23.76,28.15,0.0,19.72
DUAVF.PK,329.73,0.0,356.21,308.5,365.1,308.5,335.87,0.0,374.96,297.7,324.06,383.58,191.28,320.24,383.58,178.0,281.2,383.58,154.71,263.86,383.58,90.0,214.38,383.58,68.4,198.11
DUFRY.PK,6.68,0.04,6.81,6.55,6.81,5.82,6.41,0.04,6.01,5.0,5.49,6.01,3.73,5.08,6.01,3.46,4.48,6.01,3.17,4.4,7.5,2.91,4.58,17.59,2.1,5.45
DUK.N,127.39,1.31,129.63,125.27,129.63,121.61,125.57,1.34,130.02,113.9,121.73,130.02,105.22,118.95,130.02,90.13,111.95,130.02,83.08,105.96,130.02,83.08,104.28,130.02,62.14,94.19
DUKB.N,23.29,0.05,23.54,23.01,23.9,23.01,23.5,0.02,25.3,23.6,24.63,25.3,23.3,24.54,25.49,23.3,24.67,25.58,21.87,24.61,28.76,21.87,25.21,28.84,0.0,18.67
DUOL.O,121.31,1.5,134.67,113.49,137.97,107.0,123.63,1.61,468.0,166.27,285.04,544.93,166.27,336.84,544.93,145.05,284.92,544.93,68.93,239.09,544.93,60.5,195.71,544.93,60.5,195.71
DURYY.PK,0.55,0.0,4.31,0.0,4.31,0.0,0.43,0.0,5.8,4.4,5.0,5.8,4.18,4.99,5.8,3.8,4.79,7.65,3.8,5.09,10.4,3.8,6.36,21.02,3.8,7.02
DV.N,10.98,2.87,11.74,9.9,11.74,9.9,10.57,1.65,16.82,7.92,12.93,23.11,7.92,14.46,43.0,7.92,19.59,43.0,7.92,23.37,48.41,7.92,25.44,48.41,7.92,25.44
DVA.N,224.46,0.34,238.06,208.0,238.06,190.61,212.81,0.3,151.85,112.7,129.45,179.27,112.7,139.12,179.27,103.4,139.98,179.27,71.51,123.99,179.27,65.28,116.42,179.27,43.4,92.71
DVAX.O,0.0,0.0,0.0,0.0,0.0,0.0,0.0,0.0,,,,,,,,,,,,,,,,,,
DVCMY.PK,6.19,0.07,6.32,6.0,6.45,6.0,6.21,0.09,8.12,6.04,6.89,8.12,5.25,6.54,11.28,0.0,7.33,14.15,0.0,5.88,15.5,0.0,4.24,15.5,0.0,2.12
DVDCF.PK,0.92,0.0,6.42,0.0,6.5,0.0,2.98,0.01,8.1,6.19,6.91,8.1,5.34,6.52,11.08,5.34,7.55,14.45,5.34,8.95,15.23,5.34,9.93,15.23,3.83,9.02
DVN.N,41.31,3.95,43.64,40.0,47.25,40.0,42.9,4.47,38.48,31.45,34.47,38.87,25.91,34.07,55.09,25.91,39.02,66.95,25.91,42.94,79.4,15.71,44.08,79.4,4.6,36.72
DWAHY.PK,27.39,0.13,28.21,26.71,28.21,26.28,27.04,0.16,38.72,31.49,34.61,38.72,27.96,34.01,38.72,24.12,31.57,38.72,21.62,29.72,38.72,18.86,28.79,42.41,18.86,29.65
DWVYF.PK,0.0,0.0,0.0,0.0,24.36,0.0,1.28,0.0,24.28,22.86,23.57,24.28,22.86,23.57,30.3,22.86,26.01,32.8,22.86,26.24,51.62,21.0,32.4,51.62,21.0,35.2
DX.N,13.1,1.94,13.26,12.92,13.31,12.72,13.01,1.54,14.06,11.82,13.01,14.52,10.8,12.89,14.52,10.8,12.59,15.0,9.58,12.49,20.5,9.58,14.15,22.83,7.08,16.35
DX_pc.N,25.77,0.0,26.05,25.4,26.12,25.4,25.91,0.0,26.2,25.1,25.82,26.2,24.56,25.62,26.2,23.06,25.18,26.2,20.53,24.27,26.4,0.0,24.33,26.4,0.0,14.05
DXC.N,9.18,3.99,10.25,8.15,10.25,7.94,8.92,2.42,16.45,11.82,13.98,23.75,11.82,15.63,24.75,11.82,18.02,30.25,11.82,20.11,44.18,11.82,24.73,96.71,7.9,38.3
DXCM.O,69.8,4.57,72.77,67.3,78.91,67.3,71.98,5.19,89.98,54.11,71.89,93.25,54.11,75.83,142.0,54.11,88.81,142.0,54.11,96.49,164.86,54.11,100.7,164.86,10.66,68.87
DXPE.O,164.07,0.23,175.12,155.16,175.12,155.16,165.45,0.18,130.97,84.04,110.35,130.97,67.68,99.3,130.97,30.08,75.12,130.97,22.06,60.77,130.97,21.49,48.02,130.97,10.44,38.86
DXYZ.N,25.3,0.21,26.3,23.63,42.71,23.63,28.78,0.58,40.86,19.8,28.3,67.68,19.8,35.25,104.56,0.0,26.27,104.56,0.0,17.54,104.56,0.0,10.51,104.56,0.0,5.25
DY.N,476.22,0.45,513.03,429.25,513.03,429.25,468.57,0.25,366.24,233.82,288.85,366.24,133.11,238.05,366.24,108.14,199.69,366.24,77.5,165.43,366.24,62.88,134.9,366.24,12.24,103.15
DYLLF.PK,0.86,0.03,1.06,0.88,1.2,0.88,0.97,0.06,1.72,0.85,1.15,1.72,0.45,0.96,1.72,0.45,0.92,1.72,0.32,0.8,1.72,0.32,0.72,1.72,0.0,0.51
DYN.O,21.82,2.6,23.32,20.25,23.32,16.56,19.92,2.33,25.0,8.06,15.17,26.22,6.36,13.93,47.45,6.36,22.18,47.45,6.36,18.57,47.45,4.3,16.56,47.45,4.3,16.75
E.N,46.47,0.1,47.05,45.54,55.3,45.54,49.53,0.1,38.46,32.33,35.62,38.46,24.67,32.6,38.46,24.67,31.79,38.46,24.67,31.34,38.46,19.78,29.2,40.15,12.12,29.6
EA.O,205.13,2.11,206.0,204.12,206.0,201.8,203.87,2.14,204.88,146.97,183.68,204.88,115.21,163.13,204.88,115.21,152.56,204.88,108.53,143.58,204.88,108.53,139.39,204.88,53.01,121.04
EADSF.PK,225.13,0.0,240.0,215.73,240.0,198.75,216.99,0.0,255.0,191.56,225.47,255.0,143.94,202.13,255.0,135.21,179.73,255.0,117.41,165.57,255.0,81.55,145.09,255.0,50.18,122.42
EADSY.PK,56.44,0.42,60.02,54.21,60.02,50.11,54.22,0.41,63.1,48.42,56.22,63.1,36.03,50.19,63.1,33.86,44.67,63.1,29.45,41.09,63.1,20.64,36.26,63.1,12.63,30.08
EAT.N,172.37,0.37,180.0,164.05,180.0,138.79,163.21,0.3,186.85,100.32,143.53,192.18,100.32,149.32,192.18,37.29,110.35,192.18,28.25,85.84,192.18,21.47,69.1,192.18,7.0,55.37
EBAY.O,111.17,2.81,115.98,107.2,115.98,104.88,109.36,3.42,101.15,74.66,87.51,101.15,58.71,78.37,101.15,40.16,66.53,101.15,37.17,59.06,101.15,35.92,58.28,101.15,21.52,47.26
EBC.O,22.28,2.97,22.89,21.43,22.89,20.02,21.25,5.35,20.19,14.88,17.4,20.19,13.51,16.81,20.19,12.22,15.93,20.19,9.93,15.06,23.03,9.93,16.96,23.03,9.93,16.84
EBCOY.PK,19.22,0.51,19.9,17.99,21.77,15.8,18.79,0.28,14.85,9.03,11.37,14.85,6.13,9.71,14.85,5.44,8.63,14.85,3.48,7.38,14.85,3.12,6.27,14.85,1.47,4.84
EBCRY.PK,0.0,0.0,0.0,0.0,0.0,0.0,0.0,0.0,,,,,,,,,,,,,,,,,,
EBKDY.PK,66.52,0.04,68.28,65.34,68.28,57.74,64.43,0.04,61.05,41.61,50.21,61.05,29.5,43.26,61.05,19.71,34.01,61.05,15.07,28.68,61.05,10.57,24.26,61.05,8.43,20.71
EBKOF.PK,114.74,0.0,136.56,0.0,136.56,0.0,102.38,0.0,123.42,83.23,100.58,123.42,58.66,88.04,123.42,39.53,71.22,123.42,30.55,60.59,123.42,20.55,49.75,123.42,16.4,41.8
EBLMY.PK,6.33,0.0,44.29,0.0,52.42,0.0,9.92,0.0,,,,,,,,,,,,,,,,,,
EBOSY.PK,0.0,0.0,0.0,0.0,0.0,0.0,0.0,0.0,,,,,,,,,,,,,,,,,,
EC.N,14.51,0.56,14.92,14.05,17.74,14.05,15.37,0.78,10.64,8.26,9.25,11.04,7.8,9.22,12.72,7.21,9.78,12.96,7.21,10.18,19.54,7.21,11.29,26.86,4.97,12.41
ECAT.K,15.64,0.53,15.95,15.29,15.95,15.02,15.46,0.5,17.14,14.8,16.23,17.16,13.35,16.13,18.14,13.35,16.63,18.14,13.35,16.14,20.19,12.74,16.07,20.19,12.74,16.07
ECAT.N,15.64,0.06,15.95,15.3,15.95,15.03,15.46,0.06,,,,,,,,,,,,,,,,,,
ECG.N,154.01,0.32,166.96,138.02,166.96,135.08,153.0,0.25,102.6,60.79,81.89,102.6,31.46,67.4,102.6,31.46,66.72,102.6,31.46,66.72,102.6,31.46,66.72,102.6,31.46,66.72
ECL.N,281.07,0.58,284.25,276.45,284.25,255.19,272.12,0.59,286.0,251.84,268.98,286.0,222.22,261.25,286.0,193.52,247.76,286.0,144.0,222.73,286.0,131.04,210.54,286.0,98.65,182.44
ECO.N,51.13,0.1,55.57,48.88,56.66,47.2,51.64,0.11,39.75,21.51,29.98,39.75,18.15,26.44,39.75,18.15,28.04,39.75,18.15,28.0,39.75,18.15,28.0,39.75,18.15,28.0
ECPG.O,91.15,0.45,94.6,85.42,94.6,77.71,85.85,0.38,56.67,35.67,44.63,56.67,26.45,42.31,56.67,26.45,44.57,58.46,26.45,45.99,72.73,26.45,48.26,72.73,15.27,40.9
ECVT.K,12.1,3.13,12.62,11.72,13.2,11.72,12.58,2.0,10.01,7.38,8.77,10.01,5.24,8.01,11.35,5.24,8.27,12.35,5.24,8.96,15.31,5.24,9.81,15.31,5.24,10.11
ECVT.N,12.1,1.01,12.62,11.72,13.19,11.72,12.58,0.73,,,,,,,,,,,,,,,,,,
ED.N,111.8,0.86,114.05,109.89,114.05,104.22,109.02,0.98,106.16,95.0,99.79,114.82,87.31,100.89,114.82,85.85,97.94,114.82,80.5,96.1,114.82,65.64,91.13,114.82,62.05,85.37
EDESY.PK,0.0,0.0,0.0,0.0,0.0,0.0,0.0,0.0,,,,,,,,,,,,,,,,,,
EDN.N,24.82,0.02,26.04,23.85,29.0,23.8,26.07,0.03,36.55,14.43,25.67,47.76,14.43,29.56,51.52,13.97,25.85,51.52,6.63,21.2,51.52,3.27,14.91,63.02,2.61,18.8
EDNMY.PK,12.84,0.07,13.6,12.36,14.0,11.7,12.67,0.03,17.0,10.0,13.12,19.0,10.0,14.62,32.15,10.0,18.5,34.35,10.0,22.29,40.55,10.0,23.78,40.55,7.8,20.84
EDPFY.PK,51.66,0.02,52.87,50.17,52.87,49.2,51.25,0.03,51.99,42.31,45.7,51.99,29.88,40.73,51.99,29.88,40.55,57.63,29.88,43.19,69.49,29.88,46.87,69.49,27.57,42.26
EDRVF.PK,2.35,0.0,16.43,0.0,16.43,0.0,0.86,0.0,15.63,11.12,12.61,15.63,7.87,10.53,19.64,7.87,13.07,23.44,7.87,15.66,30.1,7.87,18.5,30.1,2.32,15.77
EDRVY.PK,4.83,0.0,33.85,0.0,33.85,0.0,10.51,0.0,,,,,,,,,,,,,,,,,,
EDRWY.PK,0.0,0.0,0.0,0.0,0.0,0.0,0.0,0.0,19.8,18.6,19.3,19.8,14.83,17.08,19.8,14.83,17.18,19.8,14.2,16.86,19.8,13.29,16.33,35.06,13.29,21.84
EDU.N,46.59,0.11,48.59,44.25,48.59,44.25,46.0,0.12,61.2,41.69,52.09,64.36,40.7,50.78,97.23,40.7,62.46,97.23,33.33,58.37,197.77,8.32,56.15,197.77,8.32,71.02
EDVMF.PK,50.54,0.03,53.4,47.58,60.5,47.58,51.81,0.03,55.5,29.0,39.43,55.5,17.81,32.31,55.5,15.6,26.43,55.5,15.6,25.23,55.5,15.6,24.04,55.5,4.78,20.87
EE.N,37.83,0.22,39.46,35.86,39.46,31.6,35.54,0.18,30.37,21.3,26.01,32.99,21.3,27.46,32.99,13.38,23.57,32.99,13.38,22.27,32.99,13.38,22.82,32.99,13.38,22.82
EEFT.O,73.34,0.64,78.08,66.69,78.08,62.5,68.68,0.71,107.91,68.56,86.92,114.25,68.56,94.47,117.66,68.56,99.39,121.55,68.56,99.41,167.71,68.56,107.99,171.25,52.0,105.22
EFC.N,13.58,0.63,13.81,13.41,13.81,13.25,13.55,0.49,14.07,12.6,13.46,14.39,11.12,13.15,14.39,10.89,12.71,14.41,10.82,12.77,19.59,10.81,14.25,19.59,3.29,15.02
EFC_pa.N,0.0,0.0,0.0,0.0,0.0,0.0,0.0,0.0,25.68,24.7,25.26,25.68,21.52,25.14,25.68,21.52,24.84,25.68,18.58,23.75,26.8,18.0,23.83,26.8,5.43,23.41
EFC_pb.N,24.58,0.0,24.88,24.12,24.9,0.0,23.38,0.0,24.15,22.38,23.45,24.15,21.52,23.14,24.15,19.7,22.35,24.15,17.15,21.35,27.1,16.14,21.33,27.1,16.14,21.33
EFC_pc.N,25.35,0.0,25.75,24.83,25.75,0.0,20.1,0.0,25.7,24.37,25.18,25.7,22.68,25.07,26.0,22.68,24.86,26.0,20.1,24.13,26.0,20.1,24.13,26.0,20.1,24.13
EFGSY.PK,29.75,0.0,30.48,28.37,31.0,0.0,26.56,0.0,29.96,23.65,26.66,29.96,16.63,24.88,29.96,16.54,22.54,29.96,16.54,22.03,29.96,15.15,21.23,29.96,9.98,20.57
EFGXY.PK,2.97,0.0,20.8,0.0,21.33,0.0,4.39,0.0,,,,,,,,,,,,,,,,,,
EFSC.O,66.11,0.34,67.53,64.87,67.53,61.16,64.24,0.3,62.3,51.18,56.54,62.6,45.22,55.7,63.13,37.28,50.99,63.13,32.97,48.28,63.13,32.97,47.59,63.13,21.7,43.51
EFSCP.O,17.11,0.0,20.51,0.0,20.51,0.0,17.86,0.0,20.95,18.55,20.15,20.95,17.2,19.61,22.22,16.23,19.47,22.22,13.68,18.38,26.0,13.68,19.14,26.0,13.68,19.14
EFX.N,161.98,0.57,173.05,151.55,173.05,151.2,161.27,0.6,275.56,201.64,235.15,281.07,200.0,243.81,309.0,200.0,252.4,309.0,160.03,237.1,309.0,146.01,230.02,309.0,88.77,180.07
EFXT.K,24.02,0.41,25.42,22.5,25.91,22.5,24.25,0.47,16.01,7.59,11.29,16.01,6.18,9.68,16.01,4.31,7.89,16.01,3.94,7.23,16.01,3.86,6.88,16.01,3.0,7.54
EG.N,360.11,0.19,374.26,340.27,374.26,330.58,345.99,0.22,366.97,302.46,333.93,373.23,302.46,341.35,407.26,302.46,359.31,417.48,302.46,362.11,417.48,209.82,326.08,417.48,157.49,275.23
EGFEY.PK,0.0,0.0,0.0,0.0,0.0,0.0,0.0,0.0,4.89,1.65,1.96,4.89,1.0,1.66,4.89,0.8,1.35,4.89,0.51,1.16,4.89,0.29,0.88,4.89,0.15,0.62
EGIEY.PK,6.65,0.07,7.24,6.2,7.24,6.2,6.77,0.07,9.5,5.05,5.53,9.5,3.96,5.21,9.5,3.96,5.42,10.71,3.96,5.63,17.86,3.96,5.6,17.86,3.96,5.82
EGO.N,31.82,0.52,34.48,29.87,36.34,27.74,31.56,0.68,37.59,19.62,26.74,37.59,13.3,22.12,37.59,9.72,18.65,37.59,8.23,15.85,37.59,5.06,13.16,37.59,2.52,11.75
EGP.N,207.22,0.17,212.96,201.23,212.96,195.4,204.05,0.14,187.25,159.46,171.85,188.38,138.08,170.99,192.2,138.08,173.35,192.2,138.08,172.04,229.72,131.45,171.27,229.72,49.35,133.91
EGRAY.PK,0.0,0.0,0.0,0.0,0.0,0.0,0.0,0.0,,,,0.01,0.01,0.01,0.08,0.01,0.03,0.22,0.01,0.06,0.22,0.01,0.08,0.43,0.01,0.15
EH.O,6.3,1.27,6.98,5.38,8.9,5.38,6.76,1.62,20.45,12.71,16.65,29.76,12.71,17.61,29.76,9.51,16.18,29.76,8.52,15.62,129.8,3.32,17.83,129.8,3.32,16.73
EHC.N,102.55,0.53,107.18,98.87,107.18,96.44,101.39,0.41,127.73,105.71,117.48,127.73,88.26,111.91,127.73,65.99,99.13,127.73,51.15,87.33,127.73,42.16,75.07,127.73,24.06,60.09
EIG.N,50.73,0.16,51.93,48.22,51.93,45.58,48.12,0.18,47.91,35.73,42.14,52.22,35.73,45.44,54.34,35.73,45.54,54.34,35.45,43.66,54.34,28.72,41.46,54.34,21.48,38.82
EIPAF.PK,0.0,0.0,0.0,0.0,24.76,0.0,3.78,0.13,19.34,16.19,18.02,19.34,12.56,16.45,19.34,12.56,15.94,19.34,12.09,15.44,19.34,10.05,14.28,19.86,6.62,13.89
EIX.N,74.9,0.94,76.19,73.25,76.19,70.54,73.14,1.01,60.69,49.14,55.67,81.02,47.74,55.89,88.77,47.74,66.25,88.77,47.74,66.94,88.77,47.74,65.0,88.77,43.66,66.29
EJPRY.PK,10.47,0.19,10.78,10.08,11.05,10.08,10.48,0.23,13.59,10.42,12.07,13.59,8.09,11.06,13.59,7.68,10.21,13.59,7.68,9.87,13.59,7.68,9.98,17.61,7.68,12.31
EKIVY.PK,2.31,0.0,8.43,0.0,8.43,0.0,0.85,0.0,7.34,7.34,7.34,7.34,7.34,7.34,7.34,7.34,7.34,7.34,7.34,7.34,7.34,7.34,7.34,7.34,7.34,7.34
EKTAY.PK,5.08,0.0,5.37,4.85,5.72,0.0,4.93,0.0,6.17,4.35,5.14,6.29,4.35,5.25,8.36,4.35,6.01,8.65,4.35,6.52,15.56,4.35,8.0,15.56,4.35,9.28
EL.N,81.63,1.0,85.46,76.83,91.54,76.83,84.32,1.09,110.27,80.8,93.04,110.27,48.43,80.95,159.75,48.43,96.17,283.49,48.43,127.72,373.99,48.43,190.66,373.99,48.43,166.26
ELALF.PK,2.12,0.0,5.05,0.0,5.05,0.0,2.27,0.05,5.85,3.44,4.43,5.85,2.27,4.05,5.85,0.9,3.52,5.85,0.85,3.24,5.85,0.05,2.13,7.22,0.05,2.08
ELAN.K,24.64,4.45,25.29,23.9,25.29,22.76,24.16,5.14,23.7,13.39,19.26,23.7,8.02,15.47,23.7,8.02,15.06,23.7,7.88,13.71,37.49,7.88,18.66,37.61,7.88,21.85
ELAN.N,24.64,1.4,25.25,23.97,25.25,22.76,24.16,1.58,,,,,,,,,,,,,,,,,,
ELE.O,16.79,1.03,18.79,15.02,18.79,14.26,16.01,0.63,20.19,12.58,15.45,20.19,7.66,12.6,20.19,6.35,10.43,20.19,6.35,9.97,20.19,6.35,10.34,20.19,6.35,10.5
ELEZY.PK,22.57,0.02,23.1,22.04,23.1,20.86,22.1,0.02,18.95,14.33,16.51,18.95,10.38,14.9,18.95,8.54,12.44,18.95,8.54,11.78,18.95,6.89,11.37,18.95,6.89,11.4
ELF.N,72.16,0.91,80.4,63.55,80.4,49.22,65.35,0.86,150.93,67.4,110.88,150.93,49.45,98.84,221.04,49.45,128.4,221.04,48.15,119.05,221.04,20.49,83.91,221.04,6.71,53.73
ELFIF.PK,10.25,0.01,12.05,0.0,12.34,0.0,10.74,0.01,13.27,10.35,11.49,13.27,7.82,10.74,13.27,6.38,9.59,13.27,5.27,8.63,13.27,4.81,7.63,13.27,2.76,6.0
ELMTY.PK,0.0,0.0,0.0,0.0,0.0,0.0,0.0,0.0,,,,,,,,,,,,,,,,,,
ELMUY.PK,12.66,0.0,23.09,0.0,25.58,0.0,15.79,0.0,30.0,21.13,24.21,30.0,21.13,24.35,30.0,21.13,23.91,32.35,21.13,24.71,32.35,21.13,26.01,32.35,17.75,26.1
ELPC.K,11.67,0.35,11.84,11.34,11.96,10.98,11.52,0.37,10.51,7.32,8.93,10.51,5.04,7.89,10.51,5.04,7.19,10.51,5.04,7.19,10.51,5.04,7.19,10.51,5.04,7.19
ELPC.N,11.67,0.08,11.84,11.34,11.92,10.98,11.52,0.1,,,,,,,,,,,,,,,,,,
ELS.N,64.65,0.61,66.41,62.23,66.41,61.48,63.79,0.6,63.94,58.16,61.26,70.34,58.16,63.2,76.48,58.16,65.27,76.48,58.16,66.02,88.66,57.01,68.95,88.66,31.67,59.47
ELUXY.PK,7.83,0.0,12.12,5.95,13.0,0.0,8.61,0.01,15.6,10.8,12.48,20.11,10.8,13.99,21.31,10.8,15.87,34.64,10.8,18.77,55.74,10.8,27.1,58.3,10.8,34.16
ELV.N,399.93,0.69,427.19,383.77,427.19,381.46,400.17,0.66,400.16,273.73,324.47,458.73,273.73,362.23,567.03,273.73,428.62,567.03,273.73,440.13,567.03,273.73,436.29,567.03,114.85,330.6
ELVN.O,49.91,2.25,52.39,47.19,52.39,33.45,45.25,2.56,24.64,15.14,20.04,25.37,13.3,20.12,30.03,10.9,20.78,30.03,9.8,19.65,96.4,3.9,19.2,250.84,3.9,29.58
ELVR.O,68.07,0.06,72.42,65.66,102.8,65.66,77.04,0.22,54.95,15.54,30.98,54.95,15.54,30.98,54.95,15.54,30.98,54.95,15.54,30.98,54.95,15.54,30.98,54.95,15.54,30.98
EMA.N,53.07,0.06,53.8,52.13,53.8,50.92,52.48,0.07,49.75,45.04,47.55,49.75,43.92,47.15,49.75,43.92,47.15,49.75,43.92,47.15,49.75,43.92,47.15,49.75,43.92,47.15
EMBJ.K,63.84,1.05,67.56,61.15,67.56,53.56,60.77,1.22,67.44,46.54,59.58,67.44,36.67,52.9,67.44,16.88,40.79,67.44,10.46,32.17,67.44,6.23,24.19,67.44,3.96,21.44
EMBJ.N,63.84,0.19,67.51,61.27,67.51,53.62,60.77,0.23,,,,,,,,,,,,,,,,,,
EME.N,810.19,0.21,875.92,763.85,875.92,763.85,822.63,0.16,777.48,517.75,627.09,777.48,321.73,534.3,777.48,209.67,453.44,777.48,141.9,364.27,777.48,87.36,265.74,777.48,41.01,167.81
EMN.N,68.58,0.53,71.23,66.0,77.11,66.0,71.03,0.43,82.3,56.11,65.71,103.73,56.11,75.8,114.49,56.11,86.71,114.49,56.11,85.3,130.46,56.11,93.24,130.46,34.44,86.58
EMO.N,49.53,0.01,50.17,49.18,51.35,48.5,49.61,0.01,47.93,41.55,44.9,50.44,38.62,45.46,50.44,32.79,42.72,50.44,24.87,38.36,50.44,13.04,32.36,69.45,3.45,39.41
EMR.N,142.13,1.02,147.32,137.3,152.87,136.75,143.6,0.96,150.26,123.45,134.5,150.26,90.11,126.25,150.26,90.11,118.41,150.26,76.96,108.84,150.26,72.43,101.79,150.26,37.75,82.52
EMSCY.PK,0.0,0.0,0.0,0.0,0.0,0.0,0.0,0.0,,,,,,,,,,0.0,0.0,0.0,0.0,0.0,0.0,0.0,0.0,0.0
ENB.N,54.7,0.7,56.38,53.2,56.99,53.2,55.24,0.78,50.53,43.59,47.4,50.53,39.8,45.96,50.53,32.85,41.93,50.53,31.03,40.17,50.53,31.03,40.21,50.53,22.57,38.32
ENDTF.PK,5.2,0.02,12.19,0.0,12.52,0.0,7.72,0.02,11.78,10.4,11.18,11.89,9.41,10.98,11.89,8.06,10.67,11.89,8.06,10.28,11.89,7.45,10.07,11.89,3.55,9.07
ENEAY.PK,0.0,0.0,0.0,0.0,0.0,0.0,0.0,0.0,,,,,,,,,,,,,,,,,,
ENGGY.PK,9.83,0.0,10.29,9.45,10.29,9.45,9.99,0.0,8.38,7.42,7.83,8.44,5.91,7.46,8.67,5.91,7.42,10.09,5.91,7.95,12.14,5.91,9.0,16.01,5.91,11.09
ENGIY.PK,31.05,0.13,31.64,30.12,32.05,30.0,31.1,0.12,26.38,20.18,23.13,26.38,15.79,21.28,26.38,13.98,18.76,26.38,12.91,17.57,26.38,10.03,15.9,26.38,8.84,15.17
ENGQF.PK,31.06,0.0,32.07,29.92,32.54,29.76,31.05,0.0,26.53,19.78,23.26,26.53,15.55,21.29,26.53,13.73,18.76,26.53,12.77,17.58,26.53,9.89,15.91,26.53,8.85,15.2
ENIC.K,4.42,0.56,4.53,4.33,4.72,4.05,4.43,0.62,4.05,3.1,3.68,4.05,2.82,3.53,4.05,2.51,3.19,4.05,2.02,3.09,4.5,0.98,2.78,6.81,0.98,3.82
ENIC.N,4.42,0.14,4.53,4.33,4.72,4.05,4.43,0.18,,,,,,,,,,,,,,,,,,
ENLAY.PK,11.46,0.32,11.61,11.23,11.61,10.96,11.31,0.35,10.55,8.7,9.64,10.55,6.84,8.85,10.55,6.04,7.96,10.55,5.41,7.43,11.01,3.82,7.45,11.01,3.75,6.77
ENLT.O,87.23,0.33,91.96,82.42,99.7,80.51,89.57,0.31,45.82,22.95,31.98,45.82,14.01,24.88,45.82,14.01,20.73,45.82,12.11,19.57,45.82,12.11,19.58,45.82,12.11,19.58
ENOV.K,22.27,1.63,26.15,19.14,26.15,19.14,21.98,1.32,36.82,25.46,29.93,49.38,25.46,33.71,65.03,25.46,41.85,66.71,25.46,46.47,94.03,25.46,55.66,94.03,21.03,55.32
ENOV.N,22.27,0.54,26.12,19.14,26.12,19.14,21.98,0.43,,,,,,,,,,,,,,,,,,
ENPH.O,46.69,8.18,54.1,41.76,60.0,41.76,49.87,7.55,43.89,25.78,34.77,76.9,25.78,44.44,141.63,25.78,75.29,271.72,25.78,103.67,339.92,25.78,142.65,339.92,0.65,80.83
ENR.N,21.88,0.39,23.24,20.92,23.24,19.23,21.01,0.4,30.29,16.77,23.97,35.9,16.77,25.91,39.52,16.77,28.45,39.52,16.77,30.19,52.84,16.77,32.92,65.57,16.77,40.34
ENS.N,220.95,0.3,234.15,205.01,237.2,205.01,224.14,0.23,152.01,85.21,115.94,152.01,76.6,104.39,152.01,76.6,100.99,152.01,71.98,98.17,152.01,55.82,90.16,152.01,35.22,79.97
ENSG.O,163.88,1.8,168.38,156.52,169.7,141.58,158.1,1.49,194.0,134.79,169.55,194.0,118.73,153.38,194.0,110.71,142.6,194.0,85.5,127.1,194.0,68.29,109.56,194.0,15.43,71.51
ENTG.O,163.66,4.08,184.0,142.18,186.94,123.77,158.49,3.92,101.48,67.97,85.98,110.46,60.75,87.07,147.57,60.75,104.0,147.57,60.75,100.51,158.0,60.75,104.66,158.0,10.37,70.17
ENVA.K,234.42,0.58,246.38,216.5,246.38,169.19,208.73,0.5,168.68,99.61,122.22,168.68,79.41,110.95,168.68,53.17,92.06,168.68,35.3,77.32,168.68,22.01,60.31,168.68,4.64,39.14
ENVA.N,234.42,0.18,246.28,217.04,246.28,169.52,208.73,0.14,,,,,,,,,,,,,,,,,,
ENVX.O,5.86,5.55,6.34,5.32,7.68,5.32,6.4,5.13,16.49,6.68,10.52,16.49,5.27,9.67,18.68,5.27,10.01,23.9,5.27,10.86,39.48,5.27,13.19,39.48,5.27,13.19
EOG.N,130.94,1.28,134.54,127.39,142.44,127.39,133.53,1.45,126.11,101.6,113.34,138.15,101.6,117.25,139.64,101.6,120.98,139.64,97.86,120.7,145.87,43.81,109.17,145.87,24.35,93.15
EONGY.PK,20.69,0.21,21.75,20.03,21.75,19.61,20.76,0.21,19.43,17.05,18.44,19.43,10.65,16.76,19.43,10.65,15.11,19.43,10.11,14.12,19.43,7.11,12.92,19.43,6.38,11.41
EOS.N,21.83,0.02,22.19,21.18,22.44,21.18,21.87,0.02,24.48,21.74,23.63,24.68,17.57,23.17,24.98,17.57,22.16,24.98,15.33,20.52,25.63,15.1,20.61,25.63,10.67,18.17
EOSE.O,5.69,22.02,6.23,5.04,8.23,5.04,6.29,23.39,19.86,4.45,10.61,19.86,3.07,7.82,19.86,0.61,4.8,19.86,0.61,3.94,31.95,0.61,6.01,31.95,0.61,6.57
EPAC.K,35.75,0.65,37.39,34.16,37.39,33.24,35.54,0.52,45.0,35.01,39.98,47.47,35.01,41.56,51.91,28.25,40.21,51.91,22.94,35.74,51.91,16.09,30.4,51.91,13.28,27.12
EPAC.N,35.75,0.31,37.38,34.18,37.38,33.27,35.54,0.23,,,,,,,,,,,,,,,,,,
EPAM.K,82.54,1.84,89.0,76.72,99.15,73.06,85.95,1.81,214.52,140.84,171.23,269.0,138.15,182.05,317.5,138.15,207.09,385.96,138.15,227.53,725.4,138.15,311.53,725.4,54.53,227.67
EPAM.N,82.54,0.65,88.95,76.98,98.97,73.06,85.95,0.58,,,,,,,,,,,,,,,,,,
EPC.N,27.03,0.47,28.0,25.16,28.0,19.79,24.38,0.46,27.24,15.88,20.98,34.65,15.88,25.16,41.5,15.88,31.35,46.13,15.88,34.1,51.86,15.88,36.17,87.99,15.88,44.51
EPD.N,36.65,0.41,37.01,36.15,38.15,35.98,36.82,0.43,32.95,30.02,31.58,34.52,27.78,31.89,34.62,26.12,30.46,34.62,24.04,29.08,34.62,19.28,27.03,34.62,10.27,26.27
EPDU.PK,0.0,0.0,0.0,0.0,0.0,0.0,0.0,0.0,,,,0.0,0.0,0.0,0.0,0.0,0.0,0.0,0.0,0.0,0.0,0.0,0.0,0.0,0.0,0.0
EPOAY.PK,26.89,0.05,27.66,26.15,29.26,26.04,27.59,0.05,24.11,19.55,21.59,24.11,16.79,21.08,24.11,16.79,20.11,24.11,16.14,19.75,26.33,12.96,20.04,26.33,0.0,12.58
EPOBY.PK,0.0,0.0,0.0,0.0,23.0,0.0,1.21,0.0,,,,,,,,,,,,,,,,,,
EPR.N,58.83,0.25,59.81,57.74,61.02,57.27,58.72,0.27,61.24,48.21,54.13,61.24,41.98,52.55,61.24,39.66,48.29,61.24,33.95,46.43,61.24,30.87,46.74,84.65,12.57,55.13
EPR_pc.N,26.09,0.01,26.53,25.56,27.0,25.31,26.08,0.0,26.83,0.0,23.71,26.83,0.0,23.26,26.83,0.0,21.78,26.83,0.0,21.03,27.54,0.0,22.18,34.58,0.0,21.04
EPR_pe.N,32.39,0.0,32.91,31.77,33.25,31.01,32.62,0.0,32.68,29.43,31.11,32.68,27.12,30.37,32.68,26.94,29.41,32.68,24.84,28.58,40.64,24.84,30.4,40.64,13.35,32.09
EPR_pg.N,20.8,0.01,21.23,20.25,21.53,20.21,21.02,0.01,22.6,19.52,20.93,22.6,18.21,20.55,23.4,18.21,20.59,23.4,16.7,20.05,26.7,15.5,21.4,26.89,0.0,17.54
EPRT.K,30.49,2.97,31.42,29.84,31.42,29.23,30.3,2.43,32.47,28.95,30.55,33.35,27.44,31.18,34.88,23.58,30.04,34.88,20.49,28.03,34.88,18.88,26.84,34.88,6.08,24.01
EPRT.N,30.49,1.47,31.28,29.84,31.28,29.23,30.3,1.04,,,,,,,,,,,,,,,,,,
EQBK.N,49.17,0.1,50.54,47.89,50.54,46.01,48.04,0.07,47.97,36.1,41.63,47.97,34.33,41.01,50.83,30.67,39.23,50.83,0.0,31.42,50.83,0.0,18.82,50.83,0.0,9.4
EQH.N,44.72,1.16,47.68,43.34,47.68,40.66,44.23,1.09,56.5,42.34,50.19,56.61,41.39,51.02,56.61,31.76,45.57,56.61,21.89,39.76,56.61,21.89,36.08,56.61,9.89,30.85
EQH_pc.N,16.29,0.03,16.43,16.17,16.44,15.92,16.26,0.01,17.76,15.83,16.9,18.88,15.83,17.06,20.69,15.83,17.75,20.69,13.39,17.4,25.84,0.0,19.13,25.84,0.0,9.55
EQIX.O,1045.85,0.79,1106.46,993.8,1123.99,993.8,1065.66,0.7,853.82,720.62,782.68,964.73,701.41,826.86,994.03,684.14,830.97,994.03,650.61,802.32,994.03,494.89,768.74,994.03,255.45,622.06
EQNR.K,31.5,2.97,32.2,30.83,38.44,30.83,33.5,3.83,27.18,22.26,24.33,28.26,21.4,24.27,32.66,21.4,25.35,34.73,21.4,27.07,42.53,16.61,27.58,42.53,8.41,23.26
EQNR.N,31.5,0.61,32.19,30.84,38.42,30.84,33.5,0.71,,,,,,,,,,,,,,,,,,
EQR.N,68.6,1.01,70.18,66.53,70.18,63.62,67.1,1.13,68.49,58.4,63.37,75.69,58.4,66.44,78.81,57.33,67.22,78.81,52.58,65.35,94.3,52.58,69.96,94.3,45.43,68.49
EQT.N,52.33,2.48,53.72,51.03,54.02,50.25,51.93,2.36,62.21,48.48,54.51,62.21,43.65,53.55,62.21,30.02,45.53,62.21,28.1,42.82,62.21,12.97,37.04,62.21,4.21,30.87
EQUEY.PK,2.15,0.0,7.59,0.0,7.59,0.0,3.14,0.0,7.79,6.02,6.81,7.79,4.15,6.21,7.79,4.03,6.11,7.79,4.03,6.14,7.79,3.27,5.29,8.81,1.7,4.55
EQX.A,15.27,0.92,16.47,13.74,16.0,15.39,15.8,0.69,15.1,5.66,10.29,15.1,5.08,8.42,15.1,3.96,6.89,15.1,3.32,6.15,15.1,2.35,6.32,15.1,2.35,6.89
EQX.N,9.83,0.4,10.48,9.22,12.04,9.22,10.22,0.45,15.07,5.66,10.28,15.07,5.08,8.41,15.07,3.96,6.89,15.07,3.32,6.15,15.07,2.36,6.32,15.07,2.36,6.9
ERAS.O,17.54,7.2,18.89,14.44,18.89,12.26,15.33,5.83,3.8,1.24,2.2,3.8,1.01,1.87,3.8,1.01,2.15,4.6,1.01,2.36,24.47,1.01,5.4,24.47,1.01,5.4
ERBKY.PK,7.39,0.0,10.93,0.0,17.66,0.0,9.67,0.0,0.0,0.0,0.0,0.0,0.0,0.0,0.0,0.0,0.0,0.0,0.0,0.0,0.0,0.0,0.0,0.0,0.0,0.0
ERELY.PK,0.0,0.0,0.0,0.0,9.0,0.0,0.95,0.0,4.96,4.96,4.96,7.1,4.96,6.03,8.54,4.96,6.68,13.53,4.96,8.06,13.53,4.96,9.14,13.75,4.96,8.92
ERIC.O,10.98,8.05,11.31,10.72,12.71,10.72,11.49,9.94,10.35,7.16,8.65,10.35,6.64,8.4,10.35,4.77,7.5,10.35,4.33,6.77,15.32,4.33,8.09,15.32,4.33,8.1
ERIE.O,244.51,0.23,259.8,227.79,259.8,210.78,231.76,0.24,380.66,273.59,321.9,456.93,273.59,354.74,547.0,273.59,384.15,547.0,199.49,341.39,547.0,158.46,287.31,547.0,87.97,215.9
ERIXF.PK,1.56,0.51,10.91,0.0,12.7,0.0,3.75,0.58,10.25,7.16,8.7,10.25,6.73,8.41,10.25,4.92,7.41,10.25,4.33,6.75,14.4,4.33,8.62,14.4,4.33,8.42
ERMAY.PK,3.03,0.0,5.49,0.0,6.25,0.0,2.99,0.0,7.71,5.35,6.28,7.71,4.44,5.98,12.21,4.44,7.09,12.21,4.44,7.84,17.68,4.44,8.39,18.13,2.2,7.76
ERNXY.PK,23.5,0.0,34.48,0.0,36.99,0.0,28.54,0.0,35.9,27.04,31.03,35.9,19.8,29.86,35.9,15.79,24.73,35.9,13.2,22.09,35.9,11.36,21.24,35.9,11.36,21.24
ERO.N,26.28,0.28,27.36,25.58,32.22,25.19,27.66,0.29,29.01,12.79,19.26,29.01,9.3,16.41,29.01,9.3,17.57,29.01,9.3,17.5,29.01,8.07,16.43,29.01,8.07,16.43
EROC.N,14.57,0.65,16.17,13.05,20.7,0.0,14.11,1.11,0.0,0.0,0.0,0.0,0.0,0.0,0.0,0.0,0.0,0.0,0.0,0.0,0.0,0.0,0.0,0.0,0.0,0.0
EROK.N,20.98,0.15,22.34,20.06,22.34,19.75,20.8,0.1,,,,,,,,,,,,,,,,,,
ERPSY.PK,0.0,0.0,0.0,0.0,0.0,0.0,0.0,0.0,,,,,,,,,,,,,,,,,,
ERRFY.PK,0.0,0.0,0.0,0.0,0.0,0.0,0.0,0.0,,,,,,,,,,,,,11.99,11.99,11.99,11.99,11.99,11.99
ES.N,73.07,1.08,74.63,71.49,74.63,67.36,70.83,1.23,75.25,61.53,67.89,75.25,52.31,64.36,75.25,52.09,62.66,86.83,52.09,64.9,94.63,52.09,73.14,98.88,50.01,70.51
ESAB.K,97.12,0.68,101.44,91.46,107.01,82.18,95.8,0.89,135.84,103.49,116.69,135.84,100.17,118.96,135.97,82.44,111.63,135.97,47.17,96.42,135.97,32.12,85.87,135.97,32.12,85.87
ESAB.N,97.12,0.25,101.31,91.61,106.93,82.33,95.8,0.27,,,,,,,,,,,,,,,,,,
ESAIY.PK,6.34,0.21,6.66,6.0,6.66,5.69,6.05,0.35,9.22,6.37,7.59,9.22,5.94,7.29,13.15,5.94,8.58,21.0,5.94,10.48,21.0,5.94,10.48,21.0,5.94,10.48
ESBA.K,4.59,0.01,6.42,0.0,6.42,0.0,4.71,0.01,8.3,5.98,7.21,10.85,5.98,7.65,11.5,5.98,8.78,11.5,5.08,8.35,13.05,5.08,8.77,22.19,5.08,12.56
ESE.N,343.7,0.14,362.11,325.13,362.11,292.09,332.49,0.11,228.88,174.93,204.32,228.88,127.23,182.96,228.88,96.78,149.16,228.88,85.67,132.57,228.88,60.26,113.84,228.88,31.53,89.59
ESI.N,45.59,1.6,48.36,41.13,49.21,39.09,44.66,1.28,27.97,22.44,25.45,27.97,16.77,24.36,29.77,16.77,24.83,29.77,16.77,23.07,29.77,15.32,22.19,29.77,5.25,16.48
ESLOY.PK,96.41,0.14,100.58,91.57,108.32,91.57,99.66,0.17,186.81,137.59,162.09,186.81,118.18,151.58,186.81,94.55,131.76,186.81,82.24,119.03,186.81,66.6,106.42,186.81,48.79,85.87
ESLT.O,759.15,0.1,821.25,710.0,916.51,710.0,795.41,0.11,586.34,422.84,484.95,586.34,258.71,426.58,586.34,175.3,316.56,586.34,162.01,275.4,586.34,122.85,233.54,586.34,79.71,179.58
ESNT.K,64.12,1.21,65.19,61.65,65.19,56.83,60.75,1.01,67.09,55.22,61.42,67.09,51.61,59.35,67.09,50.66,58.34,67.09,36.53,54.18,67.09,34.27,49.87,67.09,16.48,43.72
ESNT.N,64.12,0.57,65.11,61.68,65.11,56.83,60.75,0.46,,,,,,,,,,,,,,,,,,
ESRT.K,5.45,2.63,5.72,5.07,5.84,5.07,5.37,3.01,8.38,6.37,7.39,10.42,6.37,7.84,11.62,6.37,8.99,11.62,5.39,8.55,13.11,5.39,8.87,22.3,5.19,12.42
ESS.N,294.28,0.19,300.0,281.99,300.0,272.46,285.42,0.2,293.34,243.51,264.56,316.29,243.51,275.23,316.81,223.19,272.85,316.81,195.29,256.47,362.84,195.29,271.17,362.84,176.0,260.77
ESTA.O,88.67,1.37,92.84,84.83,92.84,72.21,85.07,0.88,78.24,33.35,50.62,78.24,26.56,43.51,78.24,24.42,44.01,79.88,16.96,48.19,93.8,16.96,54.84,93.8,7.56,44.21
ESTC.K,56.98,2.06,59.79,53.04,63.39,53.04,58.94,1.95,96.06,68.1,82.89,118.84,68.1,88.32,136.06,68.1,95.52,136.06,46.18,86.79,189.84,46.18,95.81,189.84,39.01,92.14
ESTC.N,56.98,0.73,59.76,53.08,63.36,53.08,58.94,0.68,,,,,,,,,,,,,,,,,,
ESYJY.PK,7.64,0.03,8.21,7.26,8.21,6.22,7.05,0.03,7.42,5.91,6.52,8.04,5.19,6.59,8.04,5.19,6.55,8.04,3.9,6.29,13.59,3.05,6.97,22.55,3.05,9.97
ET.N,19.17,1.18,19.54,18.86,19.54,18.46,19.04,1.31,18.17,16.18,17.09,21.45,14.61,17.75,21.45,13.6,16.89,21.45,11.46,15.61,21.45,6.04,13.36,21.45,3.75,13.6
ETCMY.PK,0.71,0.03,0.77,0.6,0.91,0.6,0.78,0.04,1.04,0.45,0.75,2.09,0.26,0.79,2.09,0.26,0.79,2.09,0.26,0.95,3.08,0.26,1.4,6.66,0.26,2.86
ETG.N,23.31,0.01,23.75,22.75,23.75,22.25,23.04,0.02,23.12,20.2,21.4,23.12,15.04,20.19,23.12,15.04,19.28,23.12,14.11,18.24,23.12,14.11,18.62,23.12,9.09,17.22
ETN.N,411.6,0.78,427.93,392.4,436.54,375.04,407.28,0.77,398.0,311.95,359.05,398.0,234.0,334.94,398.0,231.91,324.24,398.0,151.0,281.23,398.0,114.02,228.09,398.0,46.19,153.33
ETOR.O,40.17,0.89,42.28,36.47,42.28,35.72,39.03,0.74,65.95,32.66,45.05,79.96,32.66,48.92,79.96,32.66,48.92,79.96,32.66,48.92,79.96,32.66,48.92,79.96,32.66,48.92
ETR.N,114.9,1.32,116.46,112.12,116.46,107.85,112.61,1.28,98.55,80.11,91.41,98.55,74.77,87.04,98.55,48.1,72.99,98.55,43.56,65.55,98.55,42.9,60.91,98.55,32.7,52.61
ETSY.N,76.51,1.07,80.38,72.81,80.38,66.03,73.61,0.87,55.0,52.34,53.98,55.0,52.34,53.98,55.0,52.34,53.98,55.0,52.34,53.98,55.0,52.34,53.98,55.0,52.34,53.98
ETSY.O,76.51,3.12,80.41,72.78,80.41,65.9,73.61,3.08,76.52,49.76,60.37,76.52,40.05,55.53,82.84,40.05,58.44,149.91,40.05,69.61,307.75,40.05,106.6,307.75,6.04,75.09
ETV.N,14.81,0.03,15.14,14.5,15.14,14.45,14.77,0.02,14.59,13.59,14.12,14.63,10.64,13.85,14.63,10.64,13.59,14.63,10.64,13.24,16.84,10.64,14.05,16.84,8.62,14.44
ETW.N,9.5,0.07,9.64,9.3,9.64,9.18,9.42,0.06,9.28,8.5,8.97,9.28,6.94,8.66,9.28,6.94,8.44,9.28,6.94,8.27,11.37,6.94,8.92,12.72,5.49,9.68
ETY.N,14.38,0.04,14.71,13.86,14.71,13.86,14.42,0.03,16.03,14.85,15.63,16.03,11.85,15.16,16.03,11.81,14.48,16.03,10.59,13.57,16.03,10.59,13.41,16.03,6.69,12.38
EUTLF.PK,2.68,0.01,2.97,2.47,3.54,2.47,2.92,0.02,4.75,1.72,3.55,9.22,1.45,3.88,9.22,1.45,3.9,9.22,1.45,4.44,15.3,1.45,6.21,33.12,1.45,12.98
EVC.N,12.71,0.92,13.73,11.03,13.73,8.44,10.81,0.72,3.43,1.95,2.52,3.43,1.59,2.31,4.41,1.34,2.37,7.31,1.34,3.18,9.34,1.34,4.09,9.34,1.1,4.37
EVCM.O,9.8,0.2,11.0,8.6,11.0,8.54,9.29,0.17,14.41,7.66,10.9,14.41,7.66,10.52,14.41,6.22,10.44,14.41,6.22,10.44,23.41,5.87,11.33,23.41,5.87,11.33
EVEX.K,2.53,1.59,2.82,2.32,2.98,2.32,2.67,1.19,7.7,3.49,4.86,7.7,2.83,4.63,7.7,2.33,4.54,11.05,2.33,5.61,14.95,2.33,7.23,14.95,2.33,7.23
EVEX.N,2.53,0.69,2.82,2.32,2.98,2.32,2.67,0.51,,,,,,,,,,,,,,,,,,
EVKIY.PK,9.03,0.0,9.31,8.73,9.32,8.46,8.95,0.0,10.8,0.0,8.82,12.33,0.0,9.04,12.7,0.0,7.42,12.7,0.0,6.09,18.5,0.0,4.54,18.5,0.0,2.3
EVLV.O,5.87,3.31,6.66,5.16,6.66,5.16,5.84,2.82,8.91,5.49,7.2,8.91,2.64,5.68,8.91,2.01,4.66,8.91,2.01,4.61,12.9,1.57,5.05,12.9,1.57,5.28
EVMN.N,16.54,0.5,25.78,12.08,25.78,12.08,19.51,0.28,23.67,0.0,5.58,23.67,0.0,2.86,23.67,0.0,1.42,23.67,0.0,0.95,23.67,0.0,0.57,23.67,0.0,0.28
EVMNY.PK,83.52,0.01,86.68,80.86,95.58,72.83,84.54,0.01,88.86,0.0,33.56,88.86,0.0,21.14,88.86,0.0,10.53,88.86,0.0,7.03,88.86,0.0,4.21,88.86,0.0,2.1
EVO.O,2.82,0.04,2.93,2.67,2.93,2.56,2.73,0.04,4.42,2.86,3.62,4.8,2.84,3.8,11.66,2.84,4.6,13.49,2.84,6.54,26.57,2.84,9.82,26.57,1.64,9.44
EVR.N,343.52,0.12,357.83,329.97,380.9,329.97,354.06,0.13,362.79,266.8,317.39,362.79,149.62,276.84,362.79,149.62,250.74,362.79,104.81,210.61,362.79,78.76,174.92,362.79,33.32,125.19
EVRG.O,86.84,2.21,88.18,85.48,88.18,81.17,84.63,2.1,79.32,67.3,73.57,79.32,59.67,70.04,79.32,48.04,63.07,79.32,46.92,61.07,79.32,46.92,62.06,79.32,40.01,59.0
EVT.N,27.48,0.02,27.88,26.72,27.88,26.17,26.91,0.02,25.32,23.0,24.28,25.32,19.26,23.81,25.71,19.26,23.7,25.71,18.7,23.2,30.2,18.7,24.43,30.2,11.9,23.08
EVTC.K,28.07,0.62,29.88,25.8,29.88,22.1,26.43,0.75,37.78,26.72,32.29,38.56,26.72,33.61,42.21,26.72,34.69,42.21,26.72,35.26,51.06,26.72,37.18,51.06,11.26,30.15
EVTC.N,28.07,0.28,29.86,25.8,29.86,22.1,26.43,0.3,,,,,,,,,,,,,,,,,,
EVTR.N,50.88,0.02,51.2,50.63,51.2,50.41,50.79,0.02,52.14,50.33,51.39,52.14,49.27,50.87,52.34,0.0,44.9,52.34,0.0,29.97,52.34,0.0,17.96,52.34,0.0,8.97
EVV.N,9.34,0.0,9.42,9.22,9.42,9.15,9.26,0.01,10.41,9.82,10.11,10.41,8.84,10.06,10.54,8.84,9.99,10.54,8.52,9.81,13.48,8.52,10.62,13.54,7.4,11.2
EVVTY.PK,68.94,0.02,71.27,65.28,77.75,65.28,72.05,0.02,92.84,64.56,78.26,92.84,64.56,76.94,134.71,64.56,91.49,138.4,64.56,99.8,201.76,64.56,110.16,201.76,5.1,75.37
EW.N,91.95,2.03,95.57,89.66,95.57,83.23,88.7,1.66,87.88,72.32,80.1,87.88,65.96,76.68,96.06,58.94,77.7,96.06,58.94,78.07,131.67,58.94,86.82,131.67,24.07,69.29
EWBC.O,129.93,1.03,132.08,128.0,136.0,125.18,129.58,1.13,117.0,92.67,105.69,117.0,68.27,98.98,117.0,67.27,90.23,117.0,33.86,79.86,117.0,33.86,77.48,117.0,22.55,62.76
EWTX.O,40.5,1.3,43.93,38.36,43.93,30.84,37.5,1.63,27.39,12.3,17.13,30.48,10.6,18.64,38.12,9.0,20.0,38.12,5.12,15.97,40.49,5.12,15.59,40.49,5.12,15.59
EXAS.O,0.0,0.0,0.0,0.0,0.0,0.0,0.0,0.0,102.66,38.81,65.13,102.66,38.81,58.1,102.66,38.81,58.66,102.66,38.81,63.49,159.54,29.27,70.98,159.54,4.67,65.16
EXC.O,47.02,10.69,47.95,46.07,47.95,44.6,46.32,9.27,48.5,42.47,44.78,48.5,37.12,44.0,48.5,33.34,40.63,48.5,33.34,40.61,50.71,27.35,39.72,50.71,18.73,34.1
EXE.O,89.26,4.42,93.01,87.3,93.01,86.37,88.68,4.04,126.62,91.02,105.62,126.62,91.02,106.72,126.62,69.12,95.49,126.62,69.12,91.1,126.62,40.0,84.01,126.62,40.0,84.01
EXEL.O,54.58,3.1,56.21,51.77,56.21,50.8,53.21,2.8,48.74,33.76,40.78,49.62,31.9,39.34,49.62,19.2,32.38,49.62,16.03,28.22,49.62,14.87,24.89,49.62,3.55,21.99
EXETF.PK,18.0,0.19,26.14,0.0,26.14,0.0,17.91,0.23,16.59,8.62,11.62,16.59,6.72,10.37,16.59,4.74,8.37,16.59,4.1,7.27,16.59,4.1,6.66,16.59,3.45,6.44
EXG.N,9.69,0.12,9.87,9.43,9.87,9.28,9.58,0.1,9.53,8.54,9.03,9.53,6.75,8.68,9.53,6.75,8.46,9.53,6.75,8.21,10.81,6.75,8.62,10.81,4.71,8.56
EXK.N,8.33,1.33,9.0,7.71,9.65,7.36,8.34,2.01,10.36,4.76,7.19,10.36,2.96,5.62,10.36,1.43,4.46,10.36,1.43,3.97,10.36,1.43,4.18,10.36,0.99,3.49
EXLS.O,26.23,4.22,27.62,24.85,30.38,24.85,27.28,3.08,47.11,37.3,42.09,52.43,37.3,44.43,52.43,28.16,39.64,52.43,25.17,36.62,52.43,15.28,32.36,52.43,8.12,22.03
EXP.N,225.52,0.13,245.53,215.2,245.53,206.76,221.17,0.14,243.6,198.01,223.69,265.22,191.91,224.88,320.73,191.91,240.09,320.73,129.76,215.05,320.73,98.98,182.66,320.73,41.97,134.8
EXPD.K,163.92,1.04,168.12,159.67,168.52,158.96,163.62,1.34,155.04,110.48,127.5,155.04,100.47,120.67,155.04,100.47,120.89,155.04,100.47,118.87,155.04,86.08,115.38,155.04,40.41,90.69
EXPD.N,163.92,0.39,168.0,159.75,168.52,159.01,163.62,0.49,,,,,,,,,,,,,,,,,,
EXPE.O,262.13,1.5,271.59,249.28,271.59,216.18,245.61,1.66,292.42,167.35,223.95,292.42,130.01,198.61,292.42,107.25,170.52,292.42,86.31,150.06,292.42,82.39,148.75,292.42,40.76,132.79
EXPGF.PK,19.77,0.0,36.0,0.0,36.0,0.0,14.52,0.0,55.2,42.81,49.15,55.2,39.84,48.4,55.2,39.31,47.17,55.2,28.95,43.68,55.2,27.65,40.91,55.2,15.45,32.27
EXPGY.PK,33.95,1.0,36.02,32.25,36.02,32.25,33.92,0.51,55.21,41.64,48.9,55.21,39.08,48.5,55.21,38.06,47.0,55.21,28.8,43.1,55.21,27.58,40.93,55.21,15.52,33.16
EXPI.O,5.39,1.5,5.79,4.97,5.79,4.5,4.99,1.5,12.23,8.94,10.57,12.23,6.9,10.13,16.48,6.9,11.23,25.39,6.9,12.73,90.0,6.9,19.56,90.0,0.31,12.67
EXPO.O,59.91,0.62,61.6,57.17,61.6,54.07,58.11,0.67,77.92,63.81,70.85,97.56,63.81,76.4,115.75,63.81,85.59,115.75,63.81,87.72,127.61,63.81,92.45,127.61,22.41,70.42
EXR.N,147.53,0.48,149.58,144.05,151.66,142.78,147.29,0.53,153.6,125.72,139.99,162.76,121.18,144.15,184.5,121.18,150.23,184.5,101.23,147.54,228.82,101.23,157.58,228.82,68.18,125.04
EXSNY.PK,0.0,0.0,0.0,0.0,16.15,0.0,0.85,0.0,,,,,,,,,,,,,,,,,,
EXTR.O,31.37,2.65,33.1,29.4,33.1,27.59,30.96,2.33,22.89,16.54,19.11,22.89,10.1,17.2,22.89,10.1,15.53,32.73,10.1,17.37,32.73,6.73,15.17,32.73,1.43,10.93
EXXRF.PK,77.6,0.0,79.72,73.7,80.16,73.49,76.88,0.01,106.75,81.23,91.88,106.75,81.23,93.61,114.92,81.23,98.31,114.92,73.05,94.6,114.92,58.02,86.79,114.92,34.0,79.48
EYE.O,19.06,1.89,20.21,17.44,20.21,15.35,17.92,2.38,29.87,21.51,25.73,29.87,10.15,20.24,29.87,9.56,17.58,43.82,9.56,19.5,65.92,9.56,29.18,65.92,9.56,30.91
EYPT.O,13.91,1.99,15.92,13.01,15.92,11.3,13.3,1.5,19.11,8.96,12.84,19.11,3.91,9.97,30.99,3.91,12.03,30.99,2.21,10.68,30.99,2.19,10.34,48.2,2.19,14.34
EYUBY.PK,0.0,0.0,0.0,0.0,0.0,0.0,0.0,0.0,,,,,,,,,,,,,,,,,,
EZPW.O,34.3,1.32,36.63,31.71,36.63,27.86,32.42,1.25,21.49,13.08,17.26,21.49,11.6,15.59,21.49,8.2,13.19,21.49,7.7,11.67,21.49,4.47,9.81,21.49,2.44,9.1
F.N,13.86,9.54,14.48,13.23,15.48,13.23,14.21,10.58,13.98,10.69,12.21,13.98,8.44,11.12,14.85,8.44,11.37,15.2,8.44,11.61,24.27,7.91,12.42,24.27,3.72,10.97
FA.O,18.62,2.05,20.97,16.45,20.97,15.45,17.1,2.43,18.55,11.95,15.33,20.27,11.95,15.89,20.79,11.95,16.61,20.79,10.72,15.47,22.27,9.07,15.34,22.27,9.07,15.34
FAF.N,68.55,0.31,70.9,65.31,70.9,64.44,67.56,0.35,68.59,53.13,62.89,68.59,53.13,62.12,70.88,51.6,61.18,70.88,49.57,60.04,81.43,43.59,60.73,81.43,29.37,54.77
FANDY.PK,8.42,0.0,58.95,0.0,59.35,0.0,9.19,0.0,54.4,40.81,47.06,54.4,32.82,41.51,54.4,32.2,42.01,54.4,30.6,41.11,54.4,30.6,40.34,65.54,18.59,42.05
FANG.O,176.64,2.62,183.92,170.1,200.35,170.1,185.02,2.69,164.44,134.3,144.92,180.91,114.0,147.26,214.5,114.0,165.9,214.5,114.0,158.76,214.5,45.89,138.07,214.5,14.04,112.55
FANUY.PK,22.44,0.52,23.52,21.43,25.04,20.52,22.6,0.53,20.86,12.27,15.51,20.86,10.54,14.59,20.86,10.54,14.26,20.86,10.54,14.72,28.5,10.54,16.77,30.42,10.51,17.83
FAST.O,47.73,8.74,48.83,46.01,48.83,44.64,46.66,7.61,50.63,38.97,44.67,50.63,35.3,41.93,50.63,30.66,38.7,50.63,22.71,35.05,50.63,21.55,31.52,50.63,8.65,22.99
FAURY.PK,0.0,0.0,0.0,0.0,0.0,0.0,0.0,0.0,,,,,,,,,,,,,,,,,,
FBAK.PK,317.94,0.0,320.0,304.0,335.0,300.3,320.33,0.0,,,,,,,,,,,,,,,,,,
FBASF.PK,0.74,0.01,1.8,0.0,1.8,0.0,1.07,0.01,1.88,1.31,1.45,1.88,0.93,1.3,1.88,0.93,1.31,1.94,0.93,1.35,1.94,0.8,1.23,2.25,0.59,1.32
FBBPF.PK,4.41,0.01,4.62,4.2,4.8,0.0,3.77,0.0,4.48,3.42,3.87,4.48,2.54,3.56,5.74,2.54,3.52,5.74,2.54,3.51,5.74,1.68,3.17,5.74,0.8,2.56
FBGBY.PK,0.0,0.0,0.0,0.0,0.0,0.0,0.0,0.0,,,,,,,,,,,,,18.38,18.38,18.38,18.38,18.38,18.38
FBIN.K,51.01,4.2,55.15,44.22,55.15,38.46,45.24,3.1,61.83,44.04,53.3,75.82,44.04,56.38,90.54,44.04,66.79,90.54,44.04,66.14,97.43,44.04,68.46,97.43,28.97,59.63
FBIN.N,51.01,1.16,55.12,44.99,55.12,38.54,45.24,0.91,,,,,,,,,,,,,,,,,,
FBK.N,55.85,0.21,56.96,54.88,56.96,52.9,54.68,0.18,60.5,45.1,53.34,60.5,38.95,50.12,60.5,33.36,46.44,60.5,24.37,41.67,60.5,24.37,41.65,60.5,14.38,38.18
FBNC.O,63.85,0.42,66.06,62.18,66.06,58.83,62.0,0.32,56.45,43.84,50.97,56.45,34.5,46.27,56.45,29.53,42.04,56.45,26.0,39.15,56.45,26.0,40.14,56.45,17.15,35.45
FBOHY.PK,0.0,0.0,0.0,0.0,0.0,0.0,0.0,0.0,,,,,,,,,,,,,,,,,,
FBP.N,26.37,0.7,26.87,25.96,26.87,24.45,25.7,0.68,22.6,19.16,21.12,22.6,16.4,20.35,22.6,15.17,19.52,22.6,10.18,17.47,22.6,8.88,15.78,22.6,2.06,11.36
FCELB.PK,450.18,0.0,459.0,420.5,459.0,0.0,414.56,0.0,,,,,,,,,,,,,,,,,,
FCF.N,20.47,0.41,20.86,20.14,20.86,19.15,19.95,0.37,18.28,15.01,16.73,18.28,13.56,16.29,19.96,12.43,15.81,19.96,11.16,15.01,19.96,10.7,14.74,19.96,6.78,13.49
FCFS.O,217.99,0.62,226.6,206.41,232.49,206.41,221.06,0.57,166.08,119.2,148.71,166.08,102.42,135.09,166.08,100.24,124.37,166.08,85.3,115.5,166.08,54.85,99.52,166.08,29.64,84.0
FCN.N,149.78,0.14,155.79,139.78,162.74,138.04,151.44,0.16,179.67,149.31,165.47,204.04,149.31,168.35,243.6,149.31,189.71,243.6,149.31,189.5,243.6,105.12,173.36,243.6,29.96,121.18
FCNCA.O,2092.94,0.09,2150.0,2054.7,2155.28,2049.64,2094.87,0.09,2201.78,1623.76,1928.17,2412.93,1473.62,1925.96,2412.93,1363.97,1862.2,2412.93,505.84,1632.5,2412.93,505.84,1292.05,2412.93,217.41,840.54
FCNCB.PK,1056.29,0.0,1899.0,0.0,1955.0,0.0,1572.96,0.0,,,,,,,,,,,,,,,,,,
FCNCO.O,20.49,0.03,20.9,20.05,20.9,20.05,20.52,0.02,23.91,20.89,22.53,23.91,20.57,22.48,24.83,20.57,22.75,24.83,16.58,22.06,27.85,16.58,23.11,27.85,9.97,23.15
FCNCP.O,19.98,0.03,20.38,19.67,20.73,19.67,20.11,0.02,22.93,19.97,21.67,23.5,19.3,21.66,24.42,19.3,22.01,24.42,18.69,21.52,29.3,18.69,22.87,29.3,16.55,23.21
FCPT.K,25.02,1.31,25.6,24.45,25.6,24.18,24.9,1.02,27.47,22.8,24.82,29.81,22.8,26.24,30.93,22.38,26.17,30.93,20.51,25.9,30.93,20.51,26.53,32.5,12.8,25.39
FCPT.N,25.02,0.61,25.6,24.46,25.6,24.18,24.9,0.45,,,,,,,,,,,,,,,,,,
FCX.N,61.75,3.75,63.24,59.44,72.26,59.44,64.77,3.75,53.76,35.15,43.36,53.76,27.92,40.8,55.23,27.92,43.0,55.23,27.92,41.74,55.23,24.71,39.69,55.23,3.52,26.34
FDP.N,28.28,0.22,29.3,27.41,29.53,26.47,28.33,0.23,40.74,31.9,35.55,40.74,26.74,33.73,40.74,21.25,30.3,40.74,21.25,29.15,40.74,21.25,28.84,66.51,20.26,34.53
FDS.N,236.02,0.35,255.59,208.1,255.59,208.1,234.09,0.38,453.27,250.5,331.37,484.33,250.5,387.56,499.87,250.5,417.7,499.87,250.5,419.81,499.87,250.5,407.92,499.87,135.99,314.95
FDX.N,317.62,0.7,329.49,307.76,345.0,306.74,324.75,0.64,297.0,216.14,246.59,297.0,194.34,242.77,313.8,194.34,256.75,313.8,174.76,250.06,319.59,141.95,244.59,319.59,88.79,218.37
FDXF.N,153.2,0.73,164.0,144.45,194.27,144.45,163.86,0.65,0.0,0.0,0.0,0.0,0.0,0.0,0.0,0.0,0.0,0.0,0.0,0.0,0.0,0.0,0.0,0.0,0.0,0.0
FE.N,47.91,1.22,48.61,46.95,48.61,45.51,47.2,1.33,47.98,39.36,44.3,47.98,37.58,42.47,47.98,35.41,41.26,47.98,32.26,40.26,48.84,29.25,39.66,52.52,22.86,37.9
FEGE.N,49.27,0.03,50.15,48.67,50.3,48.29,49.24,0.03,47.14,40.01,43.5,47.14,32.69,40.6,47.14,0.0,20.71,47.14,0.0,13.82,47.14,0.0,8.28,47.14,0.0,4.14
FEHZY.PK,0.0,0.0,0.0,0.0,0.0,0.0,0.0,0.0,,,,,,,,,,,,,,,,,,
FELE.O,106.46,0.35,109.32,103.86,109.32,98.38,104.25,0.34,102.76,88.63,95.01,108.08,78.87,94.27,111.94,78.87,97.48,111.94,78.38,95.88,111.94,67.68,90.35,111.94,23.75,67.84
FELTY.PK,21.21,0.04,21.97,20.37,23.65,20.07,21.76,0.04,19.62,10.68,16.13,19.62,7.92,13.76,19.62,7.92,13.99,19.62,7.92,12.83,19.62,7.92,12.24,19.62,4.03,10.3
FEOE.N,53.49,0.04,54.26,52.88,54.41,52.17,53.4,0.03,49.32,41.62,45.47,49.32,34.3,42.26,49.32,0.0,21.53,49.32,0.0,14.37,49.32,0.0,8.61,49.32,0.0,4.3
FER.O,68.39,1.6,70.94,66.99,70.94,64.1,68.24,1.76,68.09,50.28,58.84,68.09,39.5,52.47,68.09,34.23,47.11,68.09,26.12,46.19,68.09,20.56,42.78,68.09,16.17,37.68
FERG.K,234.81,1.27,245.15,226.07,245.15,222.41,233.28,1.38,256.93,207.64,232.66,256.93,146.0,206.38,256.93,146.0,204.46,256.93,123.17,187.05,256.93,99.16,166.22,256.93,43.75,143.56
FERG.N,234.81,0.41,244.64,226.12,244.64,222.41,233.28,0.44,,,,,,,,,,,,,,,,,,
FFBC.O,34.1,1.38,35.0,32.66,35.0,30.79,32.66,1.07,27.21,23.06,25.15,29.21,21.1,25.17,31.18,20.59,24.69,31.18,17.23,23.67,31.18,17.18,23.5,33.7,10.83,23.47
FFIN.O,34.91,1.5,35.77,33.7,35.77,32.27,33.84,1.18,38.74,29.8,33.73,39.12,29.8,34.67,44.66,27.06,34.19,44.66,22.84,32.69,55.0,22.84,37.65,55.0,12.06,31.56
FFIV.O,408.34,0.67,427.54,381.67,427.54,374.4,397.48,0.63,346.0,223.76,291.03,346.0,223.76,284.63,346.0,159.0,241.31,346.0,127.05,211.48,346.0,127.05,201.85,346.0,79.78,170.3
FFPP.PK,0.0,0.0,0.0,0.0,0.0,0.0,0.0,0.0,,,,,,,,,,,,,,,,,,
FG.N,27.24,0.22,28.65,26.13,29.44,26.13,27.6,0.35,36.16,28.74,32.16,47.5,28.74,34.77,50.5,28.74,38.21,50.5,14.76,34.16,50.5,9.03,33.69,50.5,9.03,33.69
FGHRY.PK,0.0,0.0,0.0,0.0,0.0,0.0,0.0,0.0,,,,,,,0.0,0.0,0.0,0.0,0.0,0.0,0.0,0.0,0.0,0.0,0.0,0.0
FGN.N,24.66,0.02,24.99,24.31,24.99,24.03,24.59,0.02,26.99,25.22,26.31,27.1,24.26,26.14,27.65,24.26,26.26,27.65,0.0,17.98,27.65,0.0,10.77,27.65,0.0,5.38
FGROY.PK,0.71,0.0,2.55,0.0,2.55,0.0,0.26,0.0,3.31,2.36,2.85,3.31,1.6,2.52,3.31,1.51,2.3,3.31,1.17,2.02,3.31,0.9,1.65,3.31,0.37,1.38
FGRS.PK,0.0,0.01,0.0,0.0,0.0,0.0,0.0,0.01,0.0,0.0,0.0,0.0,0.0,0.0,0.0,0.0,0.0,0.0,0.0,0.0,0.0,0.0,0.0,0.0,0.0,0.0
FGSN.N,20.72,0.02,21.03,20.2,21.75,20.2,21.16,0.01,24.98,21.93,23.84,25.05,0.0,22.88,25.05,0.0,11.39,25.05,0.0,7.61,25.05,0.0,4.56,25.05,0.0,2.28
FHB.O,29.7,2.13,30.56,28.54,30.56,27.41,28.75,1.74,26.72,22.64,25.06,28.28,20.32,24.89,28.8,19.48,23.9,28.8,15.08,22.8,31.16,15.08,24.45,35.47,13.56,25.26
FHI.N,56.46,0.21,58.31,54.55,60.16,54.55,57.59,0.26,54.48,44.18,50.75,54.48,35.14,45.55,54.48,31.27,40.5,54.48,29.33,38.71,54.48,25.64,36.0,54.48,12.16,31.1
FHN.N,25.71,1.49,26.26,25.34,26.26,24.16,25.16,1.57,24.74,19.8,22.26,24.74,15.19,21.06,24.74,12.96,18.56,24.9,8.99,17.37,24.9,8.99,18.22,24.9,6.27,16.87
FHNGY.PK,0.0,0.0,0.0,0.0,3.91,0.0,0.56,0.0,7.72,4.53,6.42,9.06,4.53,6.96,10.09,4.53,6.86,10.09,3.93,6.22,11.5,3.93,6.97,11.5,3.93,6.97
FIBK.O,38.86,1.19,39.65,37.68,39.65,35.14,37.4,1.07,36.35,27.6,31.91,36.35,22.95,30.46,36.77,22.95,29.76,39.76,20.81,29.21,51.24,20.81,34.15,51.24,20.81,35.33
FICO.K,1208.94,0.26,1295.57,1113.17,1295.57,1065.69,1179.03,0.31,1998.01,1300.0,1612.6,2217.6,1300.0,1735.78,2402.52,1105.65,1669.07,2402.52,575.39,1387.07,2402.52,340.48,1016.51,2402.52,80.2,622.47
FICO.N,1208.94,0.09,1295.01,1124.68,1295.01,1066.66,1179.03,0.11,,,,,,,,,,,,,,,,,,
FIG.N,19.22,4.97,21.88,16.81,21.94,16.81,19.19,3.9,142.88,32.84,54.62,142.88,32.84,54.62,142.88,32.84,54.62,142.88,32.84,54.62,142.88,32.84,54.62,142.88,32.84,54.62
FIGR.O,30.36,5.5,35.2,25.45,35.2,25.45,29.05,4.87,49.5,30.01,39.79,49.5,30.01,39.79,49.5,30.01,39.79,49.5,30.01,39.79,49.5,30.01,39.79,49.5,30.01,39.79
FIGS.K,10.56,3.63,12.02,9.82,12.95,9.82,11.32,3.24,12.35,5.58,7.98,12.35,3.56,6.51,12.35,3.56,6.07,12.35,3.56,6.42,50.4,3.56,11.76,50.4,3.56,11.76
FIGS.N,10.56,1.21,12.02,9.82,12.94,9.82,11.32,1.07,,,,,,,,,,,,,,,,,,
FIHL.K,24.69,0.61,25.6,23.51,25.6,21.7,23.77,0.45,19.82,14.8,17.66,19.82,14.17,16.99,21.32,11.8,17.09,21.32,11.55,16.41,21.32,11.55,16.41,21.32,11.55,16.41
FIHL.N,24.69,0.27,25.6,23.57,25.6,21.73,23.77,0.18,,,,,,,,,,,,,,,,,,
FINGF.PK,58.77,0.06,70.67,0.0,74.72,0.0,66.0,0.05,56.45,39.35,47.55,56.45,23.89,39.27,56.45,23.82,34.35,56.45,23.6,32.48,56.45,17.0,29.54,56.45,7.83,25.16
FINMY.PK,27.75,0.07,31.51,25.84,31.51,25.84,29.0,0.07,33.16,25.58,28.59,33.16,13.17,25.89,33.16,8.35,18.8,33.16,4.17,14.69,33.16,3.24,10.53,33.16,2.31,8.14
FINN.PK,13392.86,0.0,19000.0,0.0,19000.0,0.0,10774.95,0.0,,,,,,,,,,,,,,,,,,
FINV.K,4.81,0.65,5.0,4.58,5.13,4.58,4.84,0.7,10.9,4.7,7.32,11.08,4.7,7.84,11.08,4.45,6.61,11.08,3.55,6.01,11.08,2.51,5.74,14.63,1.22,5.15
FINV.N,4.81,0.15,5.0,4.58,5.13,4.58,4.84,0.2,,,,,,,,,,,,,,,,,,
FIRRY.PK,0.0,0.0,0.0,0.0,0.0,0.0,0.0,0.0,9.5,9.5,9.5,9.5,9.5,9.5,9.5,9.5,9.5,9.5,9.5,9.5,9.5,9.5,9.5,9.5,9.5,9.5
FIS.N,39.7,1.71,41.84,37.81,41.84,37.43,39.14,2.01,82.74,59.62,69.43,83.96,59.62,72.89,91.97,58.25,74.54,91.97,46.92,69.08,155.96,46.92,86.48,158.2,46.92,95.66
FISK.K,1.58,0.0,5.61,0.0,5.61,0.0,1.4,0.0,8.16,6.23,7.1,9.86,6.23,7.84,11.39,6.23,9.16,11.39,4.73,8.64,13.57,4.73,8.95,22.98,4.73,12.69
FISV.O,49.96,8.69,53.15,47.24,54.39,47.04,50.19,9.32,175.92,59.56,113.51,238.59,59.56,155.63,238.59,59.56,161.26,238.59,59.56,147.02,238.59,59.56,130.47,238.59,42.82,103.9
FITB.N,56.92,2.35,58.14,55.14,58.14,52.3,55.1,2.41,,,,,,,,,,,,,,,,,,
FITB.O,56.92,7.73,58.15,55.07,58.15,51.79,54.68,7.79,48.71,40.04,43.9,48.71,32.25,41.9,49.07,32.25,40.59,49.07,22.11,36.54,50.64,22.11,37.37,50.64,11.1,31.28
FITBO.O,18.1,0.07,18.42,17.9,18.71,17.9,18.28,0.05,21.4,19.19,20.25,23.16,19.19,20.82,24.15,19.19,21.52,24.15,17.58,21.47,28.17,17.58,22.74,28.49,10.5,23.26
FITBP.O,23.32,0.01,24.0,22.73,24.0,22.73,23.56,0.01,25.5,23.95,24.64,25.5,23.04,24.57,25.9,22.66,24.51,25.9,20.87,24.24,27.5,20.87,24.81,31.19,14.5,25.18
FIVE.O,182.06,1.17,191.66,175.56,203.93,175.56,188.63,1.28,192.45,126.1,152.03,192.45,52.38,123.08,216.18,52.38,125.02,220.19,52.38,146.51,237.86,52.38,156.65,237.86,31.46,120.54
FIVN.O,22.03,2.59,24.15,19.1,24.15,18.15,21.05,2.65,29.71,17.71,23.83,49.9,17.71,27.46,81.24,17.71,37.84,92.4,17.71,48.79,211.68,17.71,81.9,211.68,6.14,64.28
FIX.N,1885.99,0.19,2038.46,1712.51,2072.31,1707.21,1895.8,0.19,1035.52,511.26,800.5,1035.52,276.44,614.69,1035.52,194.78,475.02,1035.52,111.49,370.24,1035.52,51.3,257.07,1035.52,24.23,149.17
FIZZ.O,32.22,0.93,35.5,30.75,38.2,30.75,34.59,0.58,47.89,31.71,38.83,47.89,31.71,40.68,53.48,31.71,43.32,53.48,31.71,44.05,86.32,31.71,44.04,86.32,12.37,36.29
FJIKY.PK,18.13,0.41,20.67,15.74,23.7,12.31,16.69,0.45,72.92,0.0,41.7,72.92,0.0,28.13,72.92,0.0,14.01,72.92,0.0,9.35,72.92,0.0,5.6,72.92,0.0,2.8
FJTCY.PK,0.0,0.0,0.0,0.0,0.0,0.0,0.0,0.0,43.95,34.31,38.07,43.95,34.31,39.13,43.95,24.38,34.63,43.95,22.73,32.1,43.95,19.9,25.94,43.95,9.17,21.92
FJTNY.PK,0.0,0.0,0.0,0.0,0.0,0.0,0.0,0.0,13.13,10.5,11.7,13.13,5.24,9.62,13.13,5.24,7.89,13.13,3.88,6.85,13.13,3.39,6.11,13.13,3.39,6.57
FJTSY.PK,20.18,0.6,20.95,19.1,22.07,19.1,20.41,0.44,28.5,20.82,24.82,28.5,16.5,22.82,28.5,13.08,19.87,28.5,10.94,17.65,28.5,10.39,16.65,28.5,3.16,12.23
FKKFY.PK,6.65,0.0,24.05,0.0,24.05,0.0,10.22,0.0,16.58,12.22,14.72,16.58,10.0,13.72,16.58,10.0,13.4,16.58,9.2,12.71,16.58,8.09,11.64,16.58,7.28,11.61
FKURF.PK,37.42,0.02,40.87,32.43,47.5,24.83,33.92,0.04,135.0,51.7,97.19,135.0,25.62,68.37,135.0,8.09,56.74,135.0,7.0,53.71,135.0,7.0,53.71,135.0,7.0,53.71
FLDAY.PK,0.0,0.0,0.0,0.0,0.0,0.0,0.0,0.0,,,,,,,10.24,10.24,10.24,10.24,10.24,10.24,10.24,10.24,10.24,10.24,10.24,10.24
FLEX.O,151.23,6.48,165.89,134.82,165.89,134.82,149.64,10.05,72.22,47.83,57.45,72.22,25.11,48.48,72.22,21.47,39.73,72.22,14.14,32.57,72.22,9.91,24.71,72.22,3.9,17.09
FLG.N,14.97,2.32,15.3,14.52,15.36,14.02,14.81,2.15,13.84,10.56,11.92,13.84,8.56,11.64,31.84,5.1,12.0,42.63,5.1,18.29,42.99,5.1,24.23,53.01,5.1,30.6
FLGZY.PK,0.0,0.0,0.0,0.0,12.3,0.0,1.25,0.0,,,,,,,,,,,,,,,,,,
FLIDY.PK,2.08,0.0,7.75,0.0,7.75,0.0,1.16,0.0,7.85,6.53,7.28,7.85,6.06,7.07,7.85,3.98,5.73,7.85,3.56,4.92,7.85,2.2,4.11,7.85,2.14,4.34
FLMNY.PK,0.0,0.0,0.0,0.0,0.0,0.0,0.0,0.0,,,,,,,,,,,,,,,,,,
FLNC.O,18.69,8.64,20.96,16.41,27.98,16.41,21.6,10.62,25.85,6.5,13.6,25.85,3.46,10.44,26.12,3.46,14.63,31.32,3.46,17.17,39.4,3.46,17.23,39.4,3.46,17.23
FLNG.K,29.23,0.56,30.48,27.78,31.33,27.78,29.9,0.46,27.67,21.72,25.15,27.67,19.46,24.42,31.41,19.46,25.36,35.82,19.46,27.31,38.09,7.78,25.02,38.09,1.03,20.06
FLNG.N,29.23,0.2,30.45,27.78,31.33,27.78,29.9,0.16,,,,,,,,,,,,,,,,,,
FLO.N,8.17,5.18,8.7,7.5,8.7,7.18,7.82,3.35,16.85,10.34,13.38,20.92,10.34,15.72,26.11,10.34,19.27,29.23,10.34,21.13,30.16,10.34,22.95,30.16,10.34,21.6
FLOC.K,20.81,1.26,22.05,18.96,24.75,18.96,22.27,0.89,20.48,14.03,16.79,30.5,14.03,19.42,30.5,14.03,19.42,30.5,14.03,19.42,30.5,14.03,19.42,30.5,14.03,19.42
FLOC.N,20.81,0.65,21.98,18.96,24.5,18.96,22.27,0.4,,,,,,,,,,,,,,,,,,
FLR.N,52.09,0.82,54.54,49.02,54.76,46.71,51.53,1.0,57.5,37.65,45.13,57.5,29.34,43.36,60.06,29.34,44.21,60.06,25.7,40.62,60.06,14.42,33.66,62.09,2.85,35.84
FLS.N,73.49,0.61,76.82,71.61,82.54,71.61,76.31,0.57,74.6,48.72,59.28,74.6,37.34,55.65,74.6,37.34,52.3,74.6,29.99,46.98,74.6,23.92,41.97,74.6,19.02,42.52
FLUT.K,103.65,3.06,108.6,95.11,119.44,95.11,104.81,2.97,313.68,189.33,258.79,313.68,189.33,255.52,313.68,158.43,234.75,313.68,137.0,215.04,313.68,88.3,191.44,313.68,70.25,180.15
FLUT.N,103.65,0.92,108.5,95.21,119.4,95.21,104.81,0.83,,,,,,,,,,,,,,,,,,
FLY.O,27.7,6.63,31.09,23.89,39.53,23.89,30.3,7.36,73.8,16.0,31.27,73.8,16.0,31.27,73.8,16.0,31.27,73.8,16.0,31.27,73.8,16.0,31.27,73.8,16.0,31.27
FLYW.O,17.89,3.39,18.92,16.33,18.92,13.74,16.16,2.67,15.17,10.1,12.99,21.31,8.2,12.96,31.54,8.2,16.38,35.8,8.2,20.37,57.41,8.2,23.77,57.41,8.2,23.77
FMBL.PK,9045.43,0.0,9257.0,8808.0,9257.0,8591.0,8813.99,0.0,8375.0,5499.6,6987.43,8375.0,5265.05,6342.09,8375.0,4153.31,5687.38,8375.0,4153.31,5633.66,8375.0,4153.31,6459.2,9030.41,4153.31,6784.48
FMC.N,11.4,2.62,12.3,10.76,12.66,10.72,11.39,1.64,44.68,12.18,29.04,57.0,12.18,35.38,68.71,12.18,47.47,133.34,12.18,63.44,140.69,12.18,82.88,140.69,12.18,77.84
FMCC.PK,6.01,2.04,6.81,5.62,6.81,5.3,5.93,2.42,14.99,5.65,9.8,14.99,3.18,7.9,14.99,0.77,4.67,14.99,0.36,3.29,14.99,0.35,2.39,14.99,0.35,2.3
FMCCG.PK,8.86,0.0,12.72,0.0,12.97,0.0,5.87,0.0,23.16,15.95,19.79,23.16,14.24,18.55,23.16,3.9,13.3,23.16,2.03,9.69,23.16,2.0,7.77,23.16,2.0,9.64
FMCCH.PK,6.12,0.0,14.65,0.0,15.26,0.0,9.23,0.0,25.0,17.3,22.0,25.0,14.75,19.66,25.0,4.39,14.43,25.0,2.15,11.22,25.0,2.12,8.8,25.0,2.12,10.39
FMCCI.PK,10.55,0.0,12.66,0.0,13.24,0.0,10.34,0.0,22.7,15.53,19.72,22.7,14.36,18.39,22.7,3.65,13.27,22.7,1.98,9.89,22.7,1.43,7.82,22.73,1.43,9.7
FMCCJ.PK,8.85,0.0,12.97,0.0,12.97,0.0,9.73,0.0,22.79,16.01,19.74,22.79,14.32,18.35,22.79,3.91,13.91,22.79,1.98,10.05,22.79,1.98,7.94,23.2,1.98,9.66
FMCCK.PK,4.3,0.0,15.98,0.0,16.0,0.0,7.29,0.0,27.2,18.5,23.59,27.2,14.75,20.71,27.2,4.25,15.13,27.2,2.26,12.08,27.2,2.26,9.15,27.2,2.26,10.76
FMCCL.PK,9.2,0.0,13.05,0.0,13.19,0.0,10.12,0.0,23.01,15.38,20.28,23.01,14.5,18.8,23.01,3.8,13.77,23.01,2.02,10.01,23.01,2.02,7.84,23.12,2.02,9.66
FMCCM.PK,5.34,0.0,13.25,0.0,14.25,0.0,8.11,0.0,23.0,16.67,19.95,23.0,14.96,18.88,23.0,3.81,13.19,23.0,1.91,9.5,23.0,1.91,7.72,23.0,1.91,9.66
FMCCN.PK,3.39,0.0,12.0,0.0,12.52,0.0,4.43,0.0,23.1,15.59,19.81,23.1,14.55,18.68,23.1,3.96,13.92,23.1,2.05,10.38,23.1,2.05,8.13,23.1,2.05,10.06
FMCCO.PK,6.51,0.0,15.55,0.0,16.3,0.0,4.05,0.0,27.52,17.94,23.41,27.52,14.43,20.35,27.52,4.2,14.84,27.52,2.1,10.83,27.52,2.1,8.48,27.52,2.1,10.55
FMCCP.PK,8.49,0.0,15.52,0.0,16.21,0.0,7.25,0.0,28.32,18.5,24.09,28.32,14.76,20.96,28.32,4.11,14.92,28.32,2.2,11.56,28.32,2.2,9.11,28.32,2.2,10.85
FMCCS.PK,7.96,0.0,14.2,0.0,14.84,0.0,6.66,0.0,25.19,17.05,20.88,25.19,14.51,18.94,25.19,4.15,14.93,25.19,2.27,12.51,25.19,2.27,9.3,25.19,2.27,10.65
FMCCT.PK,13.63,0.0,16.27,0.0,17.25,0.0,12.05,0.0,29.67,19.84,25.81,29.67,14.85,22.18,29.67,4.24,15.14,29.67,2.27,11.51,29.67,2.27,9.01,29.67,2.27,10.62
FMCKI.PK,3.52,0.0,8.3,0.0,9.0,0.0,6.73,0.03,14.67,10.52,13.03,14.67,8.0,11.33,14.67,2.31,8.0,14.67,1.2,6.1,14.67,1.2,4.78,14.67,1.2,5.64
FMCKJ.PK,10.15,0.31,10.72,9.72,11.43,9.72,10.51,0.29,17.04,13.11,15.24,17.04,9.14,13.47,17.04,2.66,9.28,17.04,1.3,6.86,17.04,1.3,5.51,17.04,0.0,6.5
FMCKK.PK,8.03,0.0,14.25,0.0,15.02,0.0,9.03,0.0,25.56,17.25,22.27,25.56,14.64,19.4,25.56,4.17,13.51,25.56,2.16,11.14,25.56,2.16,8.85,25.56,2.16,10.7
FMCKL.PK,1.24,0.0,8.71,0.0,9.0,0.0,5.05,0.0,14.96,10.83,13.21,14.96,8.0,11.34,14.96,2.3,8.1,14.96,1.28,6.36,14.96,1.25,4.95,14.96,1.25,6.01
FMCKM.PK,5.83,0.0,8.3,0.0,8.75,0.0,7.03,0.01,14.43,10.54,12.8,14.43,7.46,11.21,14.43,2.2,7.88,14.43,1.13,6.11,14.43,1.13,4.69,15.5,1.13,5.51
FMCKN.PK,1.25,0.0,8.76,0.0,9.35,0.0,2.88,0.0,14.7,10.51,13.24,14.7,7.85,11.28,14.7,2.24,7.78,14.7,1.16,6.2,14.7,1.16,4.63,15.0,1.16,5.55
FMCKO.PK,6.98,0.0,8.35,0.0,9.0,0.0,5.27,0.0,15.0,10.65,13.41,15.0,7.8,11.18,15.0,2.25,7.66,15.0,1.21,5.43,15.0,1.2,4.34,15.0,1.2,5.42
FMCKP.PK,6.58,0.0,15.52,0.0,15.83,0.0,7.29,0.0,26.5,17.91,23.95,26.5,14.62,20.76,26.5,4.13,15.13,26.5,2.16,11.72,26.5,2.16,8.87,26.5,2.16,10.57
FMOCY.PK,0.0,0.0,0.0,0.0,0.0,0.0,0.0,0.0,2.74,1.35,2.11,2.74,1.35,2.11,2.74,1.35,1.91,2.74,1.35,1.91,2.74,1.21,1.76,3.22,0.59,1.3
FMS.N,23.11,0.16,23.76,22.36,23.99,21.73,23.1,0.14,28.86,22.51,25.29,30.41,22.05,25.32,30.41,17.94,22.85,30.41,15.76,22.37,43.32,12.79,25.73,57.94,12.79,34.36
FMX.N,128.71,0.17,131.66,122.73,131.66,120.4,126.72,0.16,107.16,83.08,95.04,108.7,80.73,95.96,142.74,80.73,103.65,142.74,76.9,103.8,142.74,58.47,92.54,142.74,52.69,89.51
FN.N,532.92,0.68,582.0,489.28,657.59,489.28,571.8,0.38,530.8,272.49,382.14,530.8,148.55,303.29,530.8,148.55,262.27,530.8,90.19,220.11,530.8,74.69,171.8,530.8,21.31,108.95
FNB.N,19.18,1.43,19.58,18.92,19.58,17.65,18.64,1.61,17.92,14.46,16.12,17.92,10.89,15.13,17.92,10.89,14.64,17.92,10.1,13.78,17.92,9.3,13.18,17.92,5.05,12.62
FNBKY.PK,7.08,0.0,49.54,0.0,53.45,0.0,13.61,0.0,,,,,,,,,,,,,,,,,,
FNCDY.PK,0.0,0.0,0.0,0.0,0.0,0.0,0.0,0.0,,,,,,,,,,,,,,,,,,
FND.N,58.68,0.84,60.22,56.14,60.22,45.87,54.25,0.88,92.34,55.31,73.39,108.73,55.31,78.66,135.55,55.31,94.35,135.55,55.31,94.53,145.87,55.31,95.71,145.87,23.33,74.91
FNEVY.PK,0.0,0.0,0.0,0.0,0.0,0.0,0.0,0.0,,,,,,,,,,,,,,,,,,
FNF.N,47.58,0.68,49.2,45.09,49.2,45.09,47.45,0.66,59.13,48.91,55.59,64.31,48.91,56.34,64.31,45.18,54.35,64.31,30.69,48.93,64.31,30.69,45.53,64.31,17.62,38.49
FNLPF.PK,37.83,0.0,39.58,36.0,45.85,35.14,39.31,0.01,46.75,18.31,29.1,46.75,7.43,20.94,46.75,5.35,14.13,46.75,5.35,12.1,46.75,5.35,11.48,46.75,5.35,12.65
FNMA.PK,6.59,3.52,7.5,6.12,7.5,5.92,6.5,4.19,15.99,7.3,10.84,15.99,3.21,8.98,15.99,0.93,5.26,15.99,0.35,3.69,15.99,0.35,2.64,15.99,0.35,2.47
FNMAG.PK,2.29,0.0,16.0,0.0,16.58,0.0,4.29,0.0,28.33,20.25,25.48,28.33,16.25,22.48,28.33,4.5,14.97,28.33,2.31,11.12,28.33,2.31,8.59,28.33,2.31,10.82
FNMAH.PK,7.06,0.01,8.5,0.0,8.99,0.0,7.61,0.0,14.5,8.0,12.55,14.5,7.73,11.02,14.5,2.6,7.8,14.5,1.16,6.04,14.5,1.16,4.78,14.5,1.16,5.6
FNMAI.PK,8.45,0.15,8.8,8.02,9.25,0.0,8.26,0.06,15.6,10.9,13.98,15.6,8.22,11.98,15.6,2.4,8.3,15.6,1.18,6.52,15.6,1.18,5.23,15.6,1.18,6.04
FNMAJ.PK,8.62,0.01,8.99,8.2,9.57,8.2,8.92,0.03,16.77,11.78,14.15,16.77,8.25,12.26,16.77,2.41,8.3,16.77,1.28,6.14,16.77,1.28,4.9,16.77,1.28,5.86
FNMAK.PK,4.43,0.0,16.35,0.0,16.67,0.0,10.15,0.0,27.5,15.35,24.69,27.5,15.35,21.74,27.5,4.4,15.18,27.5,2.04,11.16,27.5,2.04,8.79,27.5,2.04,10.77
FNMAL.PK,2.01,0.0,14.05,0.0,15.53,0.0,4.53,0.0,27.04,19.76,24.18,27.04,14.86,21.23,27.04,4.6,13.9,27.04,2.22,10.4,27.04,2.22,7.89,27.04,2.22,10.35
FNMAM.PK,11.23,0.0,16.15,0.0,16.99,0.0,12.54,0.0,28.85,20.79,25.58,28.85,15.69,22.19,28.85,4.5,15.48,28.85,2.26,12.13,28.85,2.26,9.23,28.85,2.26,10.94
FNMAN.PK,4.45,0.0,15.73,0.0,16.74,0.0,4.92,0.0,27.62,19.62,24.15,27.62,15.26,20.96,27.62,4.64,14.93,27.62,2.5,11.86,27.62,2.35,9.39,27.62,2.35,11.08
FNMAO.PK,9.19,0.0,13.13,0.0,13.25,0.0,8.83,0.0,26.36,16.25,21.16,26.36,14.42,19.49,26.36,4.48,14.1,26.36,2.0,10.33,26.36,1.75,8.08,26.36,1.75,9.91
FNMAP.PK,12.69,0.01,13.02,12.02,13.54,11.29,12.81,0.01,25.03,16.76,21.32,25.03,14.5,19.62,25.03,3.9,13.98,25.03,2.03,10.33,25.03,2.03,8.12,25.03,2.03,10.1
FNMAS.PK,11.0,0.44,11.59,10.5,12.17,10.5,11.41,0.67,18.0,13.82,16.05,18.0,9.09,14.16,18.0,3.02,9.76,18.0,1.45,7.22,18.0,1.45,5.82,18.0,1.45,6.73
FNMAT.PK,8.85,0.1,9.2,8.5,9.8,8.5,9.18,0.1,16.97,12.57,14.83,16.97,8.7,13.04,16.97,2.75,8.96,16.97,1.35,6.65,16.97,1.35,5.3,16.97,1.35,6.33
FNMFM.PK,6.1,0.0,14.25,0.0,15.45,0.0,6.88,0.0,26.5,17.99,23.52,26.5,13.0,20.88,26.5,2.15,17.07,26.5,2.0,14.31,26.5,1.05,10.66,26.5,1.05,11.89
FNMFN.PK,17.4,0.06,18.0,16.75,18.95,16.75,17.99,0.03,31.0,22.7,27.68,31.0,16.63,24.27,31.0,4.95,17.27,31.0,2.49,13.2,31.0,2.49,10.19,31.0,2.49,11.63
FNMFO.PK,5285.71,0.0,39000.0,0.0,40000.0,0.0,8000.0,0.0,,,,,,,,,,,,,,,,,,
FNV.N,211.38,0.16,219.17,203.93,237.11,203.93,214.5,0.22,225.6,152.89,191.49,225.6,119.15,172.67,225.6,103.64,146.18,225.6,102.29,143.48,225.6,102.29,141.07,225.6,41.47,112.86
FOJCF.PK,3.25,0.0,22.78,0.0,24.0,0.0,7.22,0.0,22.83,17.06,19.12,22.83,13.62,17.58,22.83,11.36,15.64,22.83,10.39,14.85,30.67,9.25,15.96,30.67,9.25,17.1
FOJCY.PK,4.52,0.01,4.63,4.31,4.95,4.27,4.61,0.01,4.66,3.27,3.88,4.66,2.51,3.53,4.66,2.29,3.19,4.66,2.11,3.05,6.5,1.77,3.6,6.5,1.77,3.68
FOLD.O,0.0,0.0,0.0,0.0,0.0,0.0,0.0,0.0,14.36,5.66,8.47,14.36,5.51,8.16,14.53,5.51,9.62,14.57,5.51,10.45,24.84,5.51,10.6,25.39,4.41,10.95
FOR.N,31.32,0.08,32.06,30.25,32.06,28.2,29.86,0.07,29.35,19.88,25.56,29.35,18.14,23.57,40.92,18.14,27.9,40.92,13.76,26.18,40.92,10.28,23.07,40.92,7.96,20.04
FORM.O,139.0,3.33,160.27,117.75,160.27,113.3,138.23,2.14,61.1,26.08,41.29,61.1,22.58,37.5,63.62,22.58,42.12,63.62,21.71,38.82,63.62,18.15,38.23,63.62,6.15,27.38
FORTY.O,60.06,0.0,108.53,0.0,129.5,0.0,71.36,0.0,190.56,107.65,138.82,190.56,80.15,114.04,190.56,60.39,96.75,190.56,55.97,87.24,190.56,55.97,91.72,190.56,23.54,74.67
FOSUF.PK,0.0,0.0,0.0,0.0,0.0,0.0,0.0,0.0,0.69,0.43,0.5,0.69,0.43,0.51,0.79,0.43,0.54,0.99,0.43,0.63,1.68,0.4,0.96,2.55,0.4,1.42
FOSUY.PK,1.76,0.0,12.35,0.0,12.65,0.0,1.32,0.0,17.85,12.17,15.81,17.85,11.18,14.06,17.85,11.18,14.03,24.44,11.18,14.83,41.63,11.18,18.39,62.91,11.18,26.7
FOUR.K,48.6,1.79,52.17,42.8,52.17,34.56,42.82,1.94,108.5,61.23,81.8,127.5,61.23,88.24,127.5,55.87,83.72,127.5,42.91,76.71,127.5,29.39,71.58,127.5,29.39,69.35
FOUR.N,48.6,0.59,52.11,42.99,52.11,34.75,42.82,0.61,,,,,,,,,,,,,,,,,,
FOUR_pa.K,59.18,0.31,61.6,56.0,59.0,56.0,57.83,0.12,123.05,79.21,98.0,123.05,79.21,100.54,123.05,79.21,100.54,123.05,79.21,100.54,123.05,79.21,100.54,123.05,79.21,100.54
FOUR_PA.K,73.92,0.02,76.84,70.0,72.64,70.3,70.7,0.0,123.05,79.21,98.0,123.05,79.21,100.54,123.05,79.21,100.54,123.05,79.21,100.54,123.05,79.21,100.54,123.05,79.21,100.54
FOUR_pa.N,72.28,0.0,76.07,70.7,74.15,70.7,70.7,0.0,,,,,,,,,,,,,,,,,,
FOVSY.PK,1.29,0.0,9.0,0.0,9.19,0.0,0.96,0.0,15.8,10.5,12.11,15.8,10.5,11.83,17.0,10.5,12.8,17.0,10.5,13.18,17.0,6.99,11.65,17.0,3.82,6.61
FOX.O,47.39,2.76,50.64,44.08,61.96,44.08,50.56,3.13,65.74,48.42,55.58,65.74,43.18,52.45,65.74,25.82,43.27,65.74,25.82,38.89,65.74,25.82,36.84,65.74,19.13,35.35
FOXA.O,52.57,9.08,56.69,48.34,69.18,48.34,56.03,10.8,74.67,53.05,61.6,74.67,46.42,57.31,74.67,28.28,47.02,74.67,28.28,42.16,74.67,28.02,39.73,74.67,19.81,37.57
FPAFY.PK,3.14,0.06,3.29,3.03,3.38,3.03,3.19,0.07,4.43,3.51,4.07,4.43,2.63,3.62,4.43,1.84,3.02,4.43,1.42,2.61,4.43,1.3,2.27,4.43,0.68,2.43
FPF.N,18.07,0.01,18.17,17.92,18.17,17.65,17.95,0.01,19.75,18.31,18.88,19.75,15.6,18.54,19.75,15.6,18.3,19.75,13.92,17.47,26.26,13.92,19.29,26.26,10.8,20.92
FPRUY.PK,0.0,0.0,0.0,0.0,0.0,0.0,0.0,0.0,45.66,37.63,41.77,45.66,28.75,36.63,45.66,23.95,31.46,45.66,22.4,29.62,45.66,17.55,29.58,58.87,16.3,28.49
FPS.N,52.71,3.8,62.48,45.72,65.37,45.72,56.96,2.04,0.0,0.0,0.0,0.0,0.0,0.0,0.0,0.0,0.0,0.0,0.0,0.0,0.0,0.0,0.0,0.0,0.0,0.0
FQVLF.PK,26.88,0.23,31.47,25.83,33.0,25.51,28.73,0.35,27.6,15.6,20.34,27.6,10.18,17.14,27.6,8.2,14.55,29.79,6.92,16.73,37.76,6.92,19.01,37.76,1.53,14.49
FQVTY.PK,0.0,0.0,0.0,0.0,11.2,0.0,1.18,0.0,15.0,10.05,11.53,15.0,7.6,10.81,15.0,7.6,10.84,15.0,7.6,10.85,15.0,7.6,10.85,15.0,7.6,10.85
FR.N,62.64,0.52,64.09,61.12,64.09,60.43,62.62,0.46,59.32,47.49,53.03,59.32,40.43,52.22,59.32,40.43,52.07,59.32,40.43,51.58,66.73,40.19,52.01,66.73,18.89,42.25
FRBP.PK,2.13,0.0,7.94,0.0,8.45,0.0,1.23,0.0,11.0,8.0,9.74,11.26,8.0,10.0,12.43,8.0,10.53,12.43,8.0,10.53,12.43,8.0,10.53,12.43,8.0,10.53
FRCOY.PK,51.98,0.16,55.65,50.01,55.65,48.15,51.09,0.19,38.53,29.25,33.65,38.53,28.46,32.87,38.53,22.93,31.08,38.53,18.85,28.38,38.53,14.49,25.68,38.53,8.18,20.35
FREGP.PK,4.37,0.0,15.71,0.0,16.16,0.0,4.07,0.0,26.55,18.26,23.08,26.55,14.39,19.66,26.55,4.01,13.35,26.55,2.08,10.57,26.55,2.08,8.82,26.55,2.08,10.41
FREJN.PK,2.27,0.0,16.36,0.0,16.61,0.0,1.71,0.0,27.0,18.96,23.67,27.0,15.02,20.32,27.0,4.26,14.49,27.0,2.43,12.77,27.0,2.4,9.33,27.0,2.4,11.05
FREJO.PK,0.0,0.0,0.0,0.0,0.0,0.0,0.0,0.0,24.75,17.35,21.6,24.75,14.8,19.22,24.75,4.23,14.69,24.75,2.0,13.49,24.75,2.0,10.45,26.95,2.0,11.96
FREJP.PK,2.11,0.0,14.75,0.0,15.5,0.0,2.37,0.0,25.0,17.62,22.8,25.0,15.3,19.88,25.0,4.28,13.05,25.0,2.16,9.81,25.0,2.16,7.49,25.0,2.16,10.45
FRFHF.PK,1665.81,0.01,1715.14,1601.0,1715.14,1562.0,1634.15,0.01,1930.0,1528.1,1735.12,1930.0,1292.53,1622.17,1930.0,898.69,1392.23,1930.0,571.82,1181.9,1930.0,327.5,898.04,1930.0,223.52,680.24
FRHC.O,141.09,0.19,167.6,126.1,167.6,126.1,139.91,0.2,194.01,120.22,156.85,194.01,111.85,150.42,194.01,64.0,119.21,194.01,57.19,105.57,194.01,38.17,86.1,194.01,0.05,50.7
FRHLF.PK,11.32,0.11,11.89,11.01,12.99,10.18,11.74,0.09,11.45,9.01,10.04,11.45,7.45,9.45,11.45,7.45,9.78,12.57,7.45,10.11,13.97,4.09,9.76,13.97,1.64,8.69
FRME.O,43.62,0.62,44.59,41.74,44.59,39.85,42.1,0.47,42.08,34.66,38.47,45.62,33.13,38.87,46.13,30.55,37.6,46.13,24.52,35.81,50.65,24.52,38.29,50.65,21.1,37.01
FRMEP.O,3.64,0.0,25.56,0.0,26.05,0.0,15.95,0.0,26.27,25.0,25.66,26.27,24.15,25.53,26.43,23.38,25.43,26.86,21.64,25.02,29.54,21.64,25.6,29.54,21.64,25.61
FRMI.O,8.81,16.99,10.04,7.72,10.14,5.44,8.06,21.74,36.99,7.28,19.51,36.99,7.28,19.51,36.99,7.28,19.51,36.99,7.28,19.51,36.99,7.28,19.51,36.99,7.28,19.51
FRO.N,36.08,0.92,40.84,34.18,43.1,34.18,37.9,0.89,26.0,16.24,21.81,26.0,12.4,19.34,29.37,12.4,20.96,29.37,10.55,19.66,29.37,5.72,15.37,29.37,3.8,11.27
FROG.O,90.09,6.36,98.93,75.15,98.93,75.15,83.81,3.79,70.43,37.18,51.02,70.43,27.0,43.9,70.43,22.91,39.04,70.43,17.11,34.37,71.78,16.36,33.95,95.2,16.36,36.0
FRPT.O,56.72,1.92,60.78,52.22,60.78,48.65,54.44,1.58,77.15,46.76,59.33,164.07,46.76,79.12,164.07,46.76,101.48,164.07,45.13,89.95,186.98,36.02,97.27,186.98,5.6,67.5
FRSH.O,10.04,34.34,10.63,9.13,10.63,8.62,9.55,25.94,15.47,10.51,12.64,19.77,10.51,14.07,23.93,10.51,14.74,24.98,10.51,15.65,53.36,10.51,17.14,53.36,10.51,17.14
FRSHY.PK,0.0,0.0,0.0,0.0,0.0,0.0,0.0,0.0,,,,7.5,7.5,7.5,7.5,7.5,7.5,7.5,7.5,7.5,7.5,7.5,7.5,7.5,7.5,7.5
FRT.N,123.02,0.38,125.68,119.97,126.32,119.97,123.2,0.38,102.82,90.03,97.56,111.82,81.0,98.33,118.14,81.0,102.56,118.14,81.0,101.0,140.47,81.0,105.31,171.0,64.24,115.36
FRT_pc.N,19.63,0.01,19.87,19.33,19.87,19.33,19.63,0.01,21.88,19.71,20.63,21.88,0.0,20.62,23.88,0.0,21.25,23.88,0.0,21.3,26.98,0.0,22.61,27.19,0.0,19.2
FRTAY.PK,0.0,0.0,0.0,0.0,13.75,0.0,0.72,0.0,17.92,15.0,16.76,20.98,15.0,18.02,20.98,12.67,15.53,20.98,10.23,14.38,20.98,9.38,13.47,20.98,8.7,13.28
FRVWY.PK,0.0,0.0,0.0,0.0,20.13,0.0,1.06,0.0,,,,,,,,,,,,,,,,,,
FSCO.K,4.91,0.87,5.03,4.72,5.03,4.67,4.86,1.11,7.65,6.0,6.86,7.65,5.29,6.91,7.65,5.29,6.56,7.65,4.08,6.03,7.65,3.8,5.98,7.65,3.8,5.98
FSCO.N,4.91,0.13,5.03,4.72,5.03,4.68,4.86,0.17,,,,,,,,,,,,,,,,,,
FSGCY.PK,0.0,0.0,0.0,0.0,5.35,0.0,0.28,0.0,8.7,4.32,6.47,8.7,4.32,6.49,8.7,4.32,6.61,8.7,4.32,6.56,12.75,4.32,8.06,12.75,4.32,7.95
FSK.N,10.43,0.87,10.84,9.98,11.2,9.98,10.53,0.82,22.68,14.05,17.04,24.09,14.05,19.15,24.09,14.05,19.6,24.09,14.05,19.47,24.09,14.05,19.91,42.05,7.54,23.93
FSLR.O,235.17,1.81,255.0,219.02,289.99,219.02,251.72,2.08,285.99,158.81,222.07,285.99,116.56,187.79,306.77,116.56,193.65,306.77,116.56,189.1,306.77,59.6,151.92,306.77,25.56,102.71
FSLY.O,17.8,4.91,19.16,15.74,19.85,15.74,17.9,5.34,12.59,6.29,8.63,12.59,4.65,8.09,25.87,4.65,9.25,25.87,4.65,11.54,122.75,4.65,21.35,136.5,4.65,27.15
FSM.N,8.5,1.2,8.95,8.22,9.99,8.09,8.75,1.63,10.38,6.18,8.15,10.38,4.13,6.9,10.38,2.63,5.67,10.38,2.58,4.92,10.38,2.05,4.74,10.38,1.47,4.78
FSNUY.PK,11.71,0.27,12.51,11.24,12.51,10.59,11.34,0.23,33.93,11.83,13.87,33.93,8.58,12.43,33.93,6.57,10.27,33.93,6.07,9.27,33.93,4.79,9.49,33.93,4.79,12.92
FSPKF.PK,0.0,0.0,0.0,0.0,0.0,0.0,0.0,0.0,23.0,19.01,20.84,23.0,16.35,19.92,25.91,14.0,18.99,25.91,12.0,17.17,26.46,10.24,19.49,26.46,5.58,16.89
FSRCY.PK,0.0,0.0,0.0,0.0,238.46,0.0,12.55,0.0,,,,,,,,,,,,,,,,,,
FSS.N,128.58,0.4,134.4,122.91,134.4,105.95,118.94,0.27,131.17,104.39,117.25,131.17,67.14,103.57,131.17,67.14,95.13,131.17,45.88,83.04,131.17,31.83,65.64,131.17,11.16,44.06
FSUGY.PK,26.14,0.11,26.94,25.0,29.58,25.0,27.25,0.09,30.69,19.7,25.77,30.69,16.41,23.51,39.59,16.41,26.61,39.76,16.41,27.53,41.35,16.41,28.08,41.35,1.99,19.42
FSUMF.PK,5.78,0.0,14.0,0.0,15.05,0.0,10.5,0.0,15.37,9.8,12.93,15.37,8.45,11.78,19.77,8.45,13.34,19.9,8.45,13.8,20.4,8.45,14.07,20.4,1.0,10.01
FSUN.O,38.72,0.53,40.6,37.3,40.6,35.25,37.28,0.35,42.0,29.95,37.03,45.32,29.95,37.21,45.32,29.95,37.4,45.32,23.0,35.34,45.32,23.0,35.07,45.32,23.0,35.07
FSV.O,142.06,0.18,145.93,135.15,145.93,129.64,140.24,0.22,209.66,147.23,178.09,209.66,147.23,176.19,209.66,141.26,172.5,209.66,121.94,163.96,209.66,112.44,159.31,209.66,32.71,117.87
FTAI.O,259.15,1.19,279.58,240.35,288.4,219.37,256.79,1.07,201.0,108.47,156.31,201.0,75.06,136.13,201.0,44.65,117.68,201.0,17.0,89.06,201.0,14.29,61.75,201.0,3.15,37.36
FTAIM.O,27.35,0.01,27.81,27.05,27.81,0.0,25.62,0.01,27.35,26.06,26.72,27.35,24.6,26.43,28.16,24.6,26.2,28.16,22.02,25.61,28.16,22.02,25.61,28.16,22.02,25.61
FTAIN.O,0.0,0.0,0.0,0.0,25.0,0.0,6.57,0.0,25.89,24.96,25.5,26.35,24.32,25.39,26.49,24.0,25.41,26.49,19.38,24.64,29.05,17.48,24.76,29.05,17.48,24.76
FTDR.O,76.95,0.88,80.09,72.87,80.09,62.37,72.09,0.73,70.14,48.47,59.85,70.14,35.61,55.31,70.14,29.4,48.16,70.14,20.56,42.34,70.14,19.06,40.27,70.14,19.06,40.38
FTI.N,66.02,1.89,68.51,64.15,71.57,63.64,67.16,1.59,47.31,31.88,39.41,47.31,22.12,34.85,47.31,18.33,30.16,47.31,11.34,25.71,47.31,5.48,18.64,47.31,3.54,18.34
FTNT.O,155.41,6.23,163.57,144.62,163.57,133.05,148.61,6.75,108.77,70.12,86.09,114.82,70.12,93.43,114.82,54.57,82.47,114.82,44.12,75.52,114.82,27.46,66.68,114.82,4.63,40.14
FTRE.O,17.57,1.67,18.34,16.52,18.34,14.88,16.76,1.52,18.29,4.36,10.0,20.26,3.97,9.85,41.02,3.97,18.49,41.02,3.97,20.99,41.02,3.97,20.99,41.02,3.97,20.99
FTS.N,57.5,0.19,58.23,56.55,58.23,54.74,56.82,0.2,52.82,46.46,50.22,52.82,40.34,47.96,52.82,36.86,44.7,52.82,36.3,43.6,52.82,34.77,44.01,52.82,28.63,40.51
FTV.N,61.86,1.03,64.33,60.17,64.33,58.74,61.2,1.09,56.18,46.35,50.59,62.75,45.49,52.97,65.62,45.49,55.36,65.62,45.49,54.5,65.62,39.81,52.99,65.62,23.53,48.64
FUBO.K,9.6,1.76,10.57,7.95,10.76,7.95,9.5,1.56,4.72,2.5,3.55,6.45,1.29,3.46,6.45,1.1,2.54,6.45,0.96,2.44,57.47,0.96,7.99,3750.0,0.0,31.98
FUBO.N,9.6,0.52,10.56,7.97,10.74,7.97,9.5,0.37,56.58,30.0,42.63,77.28,15.54,41.55,77.28,13.2,30.51,77.28,11.52,29.32,689.64,11.52,95.89,747.48,0.0,54.3
FUJHF.PK,6.36,0.0,15.4,0.0,17.16,0.0,8.02,0.0,24.15,16.25,20.37,24.15,15.75,19.11,24.15,14.05,19.13,24.15,14.05,18.72,24.15,14.05,18.57,41.8,14.05,22.74
FUJHY.PK,7.52,0.33,8.02,7.1,8.06,7.1,7.65,0.32,11.68,8.31,10.22,11.68,7.32,9.6,11.76,7.32,9.67,11.76,7.32,9.36,11.76,6.95,9.22,21.56,6.95,12.06
FUJIY.PK,10.76,0.28,11.2,10.42,11.2,10.11,10.66,0.25,12.99,9.73,11.28,12.99,8.69,10.86,13.88,8.69,11.14,13.88,7.71,10.53,15.31,7.38,10.54,15.31,5.76,8.81
FUL.N,59.48,0.45,64.49,56.74,66.37,56.74,61.93,0.34,64.87,54.6,59.43,65.36,47.62,58.27,87.4,47.62,68.23,87.4,47.62,68.82,87.4,47.62,68.1,87.4,23.74,57.92
FULT.O,24.25,2.28,24.71,23.76,24.71,21.81,23.45,2.36,20.77,16.6,18.66,21.4,14.32,18.47,22.49,13.87,17.95,22.49,9.64,16.58,22.49,9.64,16.49,22.49,8.79,15.96
FULTP.O,18.04,0.03,18.34,17.7,18.7,17.7,18.25,0.02,20.83,17.85,19.41,20.83,17.25,19.31,21.22,16.57,19.04,21.54,13.37,18.38,27.42,13.37,20.65,27.42,13.37,20.84
FUN.N,21.05,0.87,23.74,19.37,26.26,19.37,22.59,0.67,33.5,12.53,22.32,49.74,12.53,29.95,58.61,12.53,36.69,58.61,12.53,38.06,62.5,12.53,41.31,72.55,12.53,47.84
FUPBY.PK,11.03,0.01,11.24,10.73,11.48,10.73,11.15,0.01,14.31,10.81,11.67,14.31,9.98,11.97,14.31,9.98,11.64,14.31,8.64,11.07,14.92,5.89,10.79,14.93,5.89,11.24
FUTU.O,96.94,1.81,101.9,93.24,104.13,88.78,96.45,2.04,202.53,117.78,168.87,202.53,70.6,136.39,202.53,42.61,101.99,202.53,35.08,84.43,202.53,20.74,80.27,202.53,7.97,63.6
FUWAY.PK,141.72,0.01,167.0,120.0,189.0,119.7,145.82,0.01,37.08,23.27,31.13,37.08,14.25,28.09,37.08,7.41,20.5,37.08,7.41,16.18,37.08,7.41,13.32,37.08,7.41,15.12
FWONA.O,87.78,0.2,92.53,81.54,92.53,79.84,84.41,0.18,99.52,83.31,90.53,99.52,68.0,87.73,99.52,55.86,77.87,99.52,50.67,72.22,99.52,33.16,62.65,99.52,16.18,47.45
FWONB.PK,0.0,0.0,0.0,0.0,0.0,0.0,0.0,0.0,96.0,83.96,89.55,96.0,70.0,85.95,96.0,58.51,78.32,96.0,53.3,73.74,96.0,38.03,68.07,96.0,16.2,45.77
FWONK.O,95.3,2.45,100.27,90.16,100.27,86.51,91.54,2.2,109.36,90.27,99.77,109.36,75.26,96.37,109.36,61.44,85.65,109.36,57.27,79.84,109.36,37.53,69.36,109.36,16.88,51.65
FWRG.O,12.88,1.53,13.64,12.04,13.64,10.09,11.98,1.3,19.53,14.82,17.14,22.71,12.9,17.56,25.98,12.9,18.4,25.98,12.9,17.99,25.98,11.57,17.37,25.98,11.57,17.37
FXCNY.PK,0.0,0.0,0.0,0.0,0.0,0.0,0.0,0.0,26.0,13.0,18.88,26.0,2.5,14.12,26.0,2.5,11.78,26.0,2.5,11.1,26.0,2.5,12.67,43.25,2.5,15.12
FYBR.O,0.0,0.0,0.0,0.0,0.0,0.0,0.0,0.0,38.31,36.39,37.38,38.31,34.71,36.71,39.21,20.51,32.58,39.21,11.65,28.56,39.21,11.65,28.02,39.21,11.65,28.02
FYGGY.PK,1.64,0.02,1.72,1.5,1.77,1.5,1.66,0.03,2.69,0.0,0.63,2.69,0.0,0.35,2.69,0.0,0.24,2.69,0.0,0.2,2.69,0.0,0.13,2.69,0.0,0.07
G.N,28.27,0.94,29.3,26.85,33.05,26.85,29.73,0.93,48.64,37.5,43.6,56.76,37.5,45.46,56.76,30.25,40.9,56.76,29.45,40.47,56.76,29.45,42.65,56.76,19.65,37.15
GAB.N,5.66,0.19,5.74,5.55,5.74,5.41,5.58,0.22,6.32,5.75,6.04,6.32,4.5,5.8,6.32,4.5,5.6,6.32,4.5,5.55,7.4,4.5,5.96,7.4,2.82,5.82
GAB_ph.N,19.9,0.0,20.08,19.8,20.16,19.64,19.9,0.0,21.78,20.5,21.02,21.78,20.39,21.08,24.24,20.39,21.6,24.24,20.39,21.78,26.02,20.39,22.9,26.76,20.39,23.78
GAB_pk.N,20.0,0.0,20.17,19.81,20.24,19.71,20.01,0.0,21.85,20.48,21.06,21.86,20.48,21.12,24.24,20.48,21.62,24.24,20.48,21.82,27.4,20.48,23.11,27.45,19.25,23.58
GABC.O,47.45,0.31,48.94,46.51,48.94,44.28,46.11,0.22,42.4,36.56,39.86,43.2,32.75,39.18,47.08,30.26,37.84,47.08,24.85,35.56,51.11,24.85,36.82,51.11,19.5,33.76
GALDY.PK,44.7,0.09,46.31,43.47,46.31,41.08,43.58,0.16,42.93,29.0,35.78,42.93,0.0,29.72,42.93,0.0,17.03,42.93,0.0,11.37,42.93,0.0,6.81,42.93,0.0,3.4
GAM.N,63.45,0.0,64.99,62.2,64.99,61.92,63.28,0.0,64.4,56.01,59.83,64.4,44.12,55.92,64.4,41.88,52.45,64.4,35.88,48.39,64.4,33.23,45.12,64.4,22.05,39.35
GAM_pb.N,24.83,0.0,24.95,24.75,24.95,24.75,24.82,0.0,25.83,24.3,25.04,25.83,24.3,24.98,26.23,24.3,25.1,26.35,0.0,25.1,28.0,0.0,25.38,29.66,0.0,24.43
GAP.N,19.33,2.64,21.03,18.11,22.41,18.11,20.58,2.46,28.32,18.68,22.92,29.28,17.0,22.68,30.74,17.0,22.51,30.74,7.22,18.97,37.63,7.22,19.15,37.63,5.26,21.12
GARPY.PK,0.0,0.0,0.0,0.0,22.25,0.0,3.48,0.0,25.04,18.29,21.21,25.04,17.15,20.24,25.04,17.15,20.19,25.04,17.15,19.87,25.68,13.03,19.27,32.3,10.07,20.61
GASNY.PK,6.25,0.1,6.34,6.12,6.88,6.1,6.47,0.11,6.4,5.61,6.12,6.4,4.6,5.79,6.4,4.15,5.31,6.4,4.15,5.45,6.7,4.15,5.42,6.7,3.05,4.97
GATX.K,177.52,0.35,184.36,166.83,184.36,166.83,176.3,0.29,178.26,148.2,163.28,178.26,139.44,158.98,178.26,114.78,147.52,178.26,97.21,136.47,178.26,80.76,121.58,178.26,33.53,93.45
GATX.N,177.52,0.13,183.85,167.28,183.85,167.28,176.3,0.1,,,,,,,,,,,,,,,,,,
GBCI.K,51.92,1.92,53.12,50.0,53.12,47.04,49.96,1.42,50.54,39.9,45.36,52.81,36.76,45.07,60.67,34.35,43.99,60.67,26.77,41.3,67.24,26.77,46.14,67.24,21.18,41.16
GBCI.N,51.92,0.84,53.12,50.0,53.12,47.04,49.96,0.54,,,,,,,,,,,,,,,,,,
GBDC.O,12.76,1.55,13.07,12.3,13.42,12.22,12.76,1.28,15.63,13.26,14.29,16.0,12.68,14.61,17.55,12.68,15.05,17.55,12.15,14.63,17.55,11.82,14.62,19.52,8.8,15.62
GBERY.PK,66.73,0.01,67.33,65.84,67.33,61.41,65.19,0.02,81.47,71.65,76.51,81.47,53.38,71.14,81.47,52.36,65.57,81.47,46.08,61.65,84.67,40.21,62.33,84.67,31.25,56.78
GBLBF.PK,25.65,0.0,91.0,0.0,91.0,0.0,14.22,0.0,92.0,83.98,87.86,92.0,66.04,78.58,92.0,65.8,75.29,92.0,65.8,76.73,122.0,65.8,86.23,122.0,65.0,87.93
GBLBY.PK,5.48,0.0,11.2,0.0,11.2,0.0,6.05,0.0,9.32,8.21,8.76,11.5,6.71,8.23,11.5,6.7,7.89,11.5,6.7,8.02,14.25,6.7,8.98,14.25,3.76,8.98
GBOOY.PK,53.33,0.05,56.53,51.74,57.22,49.31,53.16,0.04,56.06,41.7,46.83,56.06,31.25,43.12,56.15,30.0,43.01,56.15,30.0,42.98,56.15,24.59,38.66,56.15,11.49,32.84
GBTG.K,9.4,2.44,9.44,9.35,9.45,9.33,9.38,3.02,8.64,6.04,7.58,9.34,5.78,7.5,9.6,4.49,7.19,9.6,4.49,6.94,11.4,4.26,7.7,11.4,4.26,7.75
GBTG.N,9.4,0.65,9.44,9.37,9.44,9.34,9.38,0.68,,,,,,,,,,,,,,,,,,
GBX.N,48.84,0.3,50.77,45.38,51.05,45.15,48.77,0.21,57.48,38.4,46.25,71.03,37.79,49.12,71.03,37.79,50.67,71.03,25.43,45.62,71.03,23.8,43.64,71.03,12.9,40.45
GCMG.O,12.62,0.66,13.8,11.72,13.8,10.7,11.99,0.58,13.22,10.23,11.91,14.48,10.23,12.37,14.48,8.05,11.32,14.48,6.56,10.2,14.48,6.26,10.16,15.36,6.26,10.22
GCT.O,32.6,0.75,34.74,31.15,36.31,31.08,33.0,0.73,43.85,19.54,29.58,43.85,11.17,23.49,45.18,11.17,25.34,45.18,4.79,19.67,62.0,4.14,18.62,62.0,4.14,18.62
GD.N,358.14,0.55,377.25,341.94,377.25,339.39,354.12,0.58,360.0,289.5,328.11,360.0,239.75,298.63,360.0,239.75,292.15,360.0,202.64,270.83,360.0,144.57,246.08,360.0,100.57,209.81
GDDY.K,85.01,2.31,88.86,78.6,88.86,71.59,80.57,2.77,180.8,121.94,141.66,216.0,121.94,162.89,216.0,99.9,153.99,216.0,67.44,128.92,216.0,64.65,108.21,216.0,23.88,82.53
GDDY.N,85.01,0.68,88.8,78.64,88.8,71.68,80.57,0.98,,,,,,,,,,,,,,,,,,
GDNGY.PK,1.04,0.0,3.72,0.0,3.81,0.0,1.29,0.0,4.26,1.95,2.76,4.26,1.8,2.65,5.5,1.8,3.53,8.05,1.8,4.3,14.33,1.8,6.1,17.4,1.8,7.45
GDS.O,30.04,2.86,32.64,28.45,38.07,28.45,31.94,2.65,43.94,26.97,35.01,52.5,16.92,31.49,52.5,5.01,22.01,52.5,5.01,19.34,116.76,5.01,31.94,116.76,5.01,34.16
GDV.N,29.32,0.01,29.89,28.77,29.89,28.22,29.06,0.02,27.88,25.78,26.89,27.88,20.1,25.64,27.88,20.1,24.39,27.88,18.05,23.14,27.88,18.05,23.42,27.88,10.4,21.98
GDV_ph.N,21.62,0.0,21.83,21.44,22.14,21.44,21.78,0.0,23.74,22.31,23.0,24.26,22.31,23.13,25.27,22.31,23.51,25.52,22.0,23.67,28.64,22.0,24.66,28.64,21.11,25.06
GE.N,374.13,1.77,382.8,363.82,382.8,318.34,354.96,1.73,318.06,243.43,287.23,318.06,159.47,248.7,318.06,98.63,202.55,318.06,51.99,162.68,318.06,37.3,120.28,318.06,27.28,102.18
GEBEY.PK,0.06,0.0,0.4,0.0,0.4,0.0,0.02,0.0,,,,,,,,,,,,,,,,,,
GEBHY.PK,2.59,0.01,2.69,2.41,3.1,2.41,2.72,0.02,4.54,3.24,3.72,4.84,3.19,3.77,6.0,3.19,4.33,6.47,3.19,4.5,11.0,3.19,5.03,24.0,3.19,6.55
GEF.N,74.53,0.13,75.39,72.81,75.39,63.28,70.59,0.12,70.89,55.76,63.59,70.89,48.45,60.81,73.15,48.45,62.1,76.0,48.45,63.74,76.0,44.73,62.97,76.0,23.7,54.09
GEFb.N,92.54,0.03,94.6,89.22,94.6,78.8,87.68,0.02,76.57,57.63,66.83,76.57,53.0,64.12,77.21,53.0,65.26,84.87,53.0,68.07,84.87,45.52,65.67,84.87,0.0,59.07
GEHC.O,65.0,4.78,66.34,63.06,66.44,59.97,64.16,4.92,86.19,69.09,76.25,94.8,57.65,76.93,94.8,57.65,80.2,94.8,53.5,77.96,94.8,53.0,77.67,94.8,53.0,77.67
GEL.N,14.12,0.05,14.43,13.75,15.86,13.75,14.52,0.18,17.74,14.55,16.25,17.74,10.16,15.0,17.74,9.89,13.69,17.74,8.06,12.7,17.74,5.73,11.69,40.9,2.58,17.33
GELHY.PK,44.15,0.03,48.35,43.01,52.62,43.01,46.52,0.03,53.4,40.5,46.85,53.4,33.3,44.77,53.4,18.48,35.27,53.4,18.48,31.9,88.69,18.48,38.84,88.69,7.18,38.33
GELYF.PK,2.24,0.09,2.4,2.07,2.58,2.07,2.34,0.07,2.66,2.0,2.34,2.7,1.66,2.24,2.7,0.91,1.76,2.7,0.91,1.59,4.4,0.91,1.94,4.4,0.36,1.89
GEMI.O,4.26,2.45,4.88,3.83,5.25,3.83,4.49,1.87,45.89,9.67,17.32,45.89,9.67,17.32,45.89,9.67,17.32,45.89,9.67,17.32,45.89,9.67,17.32,45.89,9.67,17.32
GEN.O,25.3,6.58,27.0,23.1,27.0,22.46,24.62,7.19,32.22,24.35,28.41,32.22,22.74,27.9,32.22,19.08,26.4,32.22,15.45,24.01,32.22,15.45,24.14,32.22,8.52,19.61
GENI.K,6.21,5.84,6.63,5.42,7.22,5.42,6.36,7.18,13.73,8.59,11.43,13.73,8.15,10.56,13.73,4.91,8.66,13.73,3.3,7.59,25.18,2.2,8.88,25.18,2.2,9.0
GENI.N,6.21,2.32,6.63,5.42,7.22,5.42,6.36,2.19,,,,,,,,,,,,,,,,,,
GENSY.PK,0.0,0.0,0.0,0.0,31.25,0.0,1.64,0.0,,,,,,,,,,,,,,,,,,
GEO.N,29.86,0.79,32.24,28.88,32.24,25.32,29.06,0.7,27.09,14.28,19.76,36.42,14.28,23.77,36.42,10.46,19.66,36.42,6.94,15.99,36.42,4.97,12.6,36.42,4.97,16.57
GEV.N,1115.36,0.63,1195.49,1042.5,1195.49,856.01,1037.7,0.7,730.92,482.74,607.46,730.92,252.5,497.97,730.92,115.0,377.06,730.92,115.0,377.06,730.92,115.0,377.06,730.92,115.0,377.06
GFF.N,94.94,0.22,98.22,90.7,98.22,85.8,92.98,0.18,83.57,65.29,75.73,83.94,63.93,73.75,86.73,55.02,70.85,86.73,24.35,60.08,86.73,15.3,45.56,86.73,7.99,30.8
GFI.N,33.87,0.71,35.83,32.34,41.24,31.38,35.33,0.84,47.59,23.24,36.4,47.59,13.79,28.72,47.59,12.2,21.95,47.59,8.9,19.08,47.59,7.04,15.52,47.59,2.2,10.31
GFL.N,37.73,2.21,41.19,36.1,41.19,34.4,36.51,1.13,51.4,42.23,46.55,52.0,41.3,46.89,52.0,30.57,42.49,52.0,26.87,39.39,52.0,23.11,36.28,52.0,11.92,33.94
GFS.O,77.9,3.35,88.74,68.26,90.78,68.26,80.1,3.11,42.26,31.51,35.62,47.69,29.77,36.93,61.98,29.77,42.59,72.5,29.77,48.24,79.49,29.77,50.7,79.49,29.77,50.7
GGAAF.PK,0.0,0.0,0.0,0.0,0.0,0.0,0.0,0.0,,,,,,,,,,,,,,,,,,
GGAL.O,50.39,0.86,53.5,47.84,58.14,47.01,51.95,1.28,62.03,25.51,44.35,72.35,25.51,51.19,72.35,13.9,42.59,72.35,7.93,32.5,72.35,4.81,22.41,72.35,4.74,23.69
GGAUF.PK,0.0,0.0,0.0,0.0,0.0,0.0,0.0,0.0,0.0,0.0,0.0,0.0,0.0,0.0,0.0,0.0,0.0,0.0,0.0,0.0,0.0,0.0,0.0,0.0,0.0,0.0
GGB.N,4.11,2.6,4.24,3.96,4.9,3.96,4.33,2.93,3.8,2.84,3.26,3.8,2.28,3.05,4.07,2.28,3.24,5.28,2.28,3.57,5.77,2.28,3.82,5.77,0.63,3.27
GGDVY.PK,7.29,0.0,51.0,0.0,52.92,0.0,10.73,0.0,50.27,40.68,46.81,50.27,35.55,41.57,50.27,20.97,34.88,57.67,20.97,39.94,93.32,20.97,50.7,110.91,20.97,66.73
GGG.N,75.64,0.57,76.86,74.5,77.09,73.27,75.21,0.55,89.62,78.87,83.92,89.62,72.55,83.83,94.77,72.55,84.51,94.77,65.99,81.75,94.77,56.48,77.28,94.77,21.04,59.67
GGGSY.PK,2.0,0.0,7.16,0.0,7.63,0.0,2.28,0.01,9.36,0.0,4.32,10.0,0.0,3.85,16.37,0.0,3.37,16.37,0.0,2.59,16.37,0.0,1.71,16.37,0.0,0.86
GGLAP.PK,50.23,6.22,51.6,48.05,52.51,48.05,50.37,6.3,0.0,0.0,0.0,0.0,0.0,0.0,0.0,0.0,0.0,0.0,0.0,0.0,0.0,0.0,0.0,0.0,0.0,0.0
GGLBP.PK,49.92,7.35,52.0,48.0,55.97,48.0,50.23,5.1,0.0,0.0,0.0,0.0,0.0,0.0,0.0,0.0,0.0,0.0,0.0,0.0,0.0,0.0,0.0,0.0,0.0,0.0
GH.O,157.64,5.68,174.08,137.5,174.08,122.76,140.34,3.48,112.42,40.35,71.93,112.42,30.97,58.26,112.42,15.81,41.77,112.42,15.81,37.75,181.07,15.81,58.81,181.07,15.81,64.57
GHC.N,1161.42,0.01,1193.1,1125.84,1193.1,1106.16,1152.13,0.01,1192.74,882.21,1051.43,1192.74,840.5,995.36,1192.74,663.72,882.72,1192.74,551.63,788.96,1192.74,524.98,713.87,1192.74,270.14,632.72
GHM.N,119.84,0.1,125.0,113.99,125.0,88.65,111.48,0.09,72.02,46.58,55.77,72.02,25.01,46.85,72.02,18.38,38.24,72.02,9.11,30.29,72.02,6.51,22.69,72.02,6.51,21.29
GHRS.O,26.93,0.19,28.96,24.33,28.96,19.52,23.46,0.25,19.51,11.32,13.81,20.5,7.2,12.47,20.5,5.12,11.01,20.5,5.05,10.52,30.43,5.05,12.41,30.43,5.05,12.41
GIB.N,64.76,0.1,67.24,61.03,67.85,59.75,64.96,0.13,106.58,84.0,92.96,122.78,84.0,100.05,122.78,84.0,104.58,122.78,83.39,102.68,122.78,72.23,95.27,122.78,36.04,77.61
GIC.N,33.76,0.13,35.15,32.69,35.15,30.73,32.73,0.07,38.78,26.55,32.0,38.78,20.82,28.35,46.92,20.82,31.81,46.92,20.71,31.13,46.92,20.71,32.51,46.92,4.57,24.33
GIGNY.PK,0.0,0.0,0.0,0.0,23.75,0.0,2.35,0.0,32.79,24.65,28.67,32.79,24.65,27.96,38.13,24.65,29.39,43.55,24.65,31.07,43.55,24.65,30.09,50.71,16.98,30.76
GIII.O,33.53,0.73,34.77,32.3,36.53,32.3,34.17,0.76,34.83,22.26,26.96,34.83,20.33,27.02,36.18,20.33,28.19,36.18,13.59,25.67,36.18,11.6,25.93,55.89,2.96,28.22
GIKLY.PK,0.73,0.0,5.1,0.0,5.1,0.0,0.53,0.0,,,,,,,,,,,,,,,,,,
GIL.N,52.07,0.28,55.99,50.09,62.9,46.55,54.45,0.39,65.42,46.0,56.5,65.42,37.17,52.24,65.42,30.69,46.22,65.42,26.99,41.15,65.42,24.81,38.19,65.42,9.45,33.31
GILD.O,127.32,9.56,132.88,123.67,132.88,121.39,125.98,9.03,128.7,107.75,117.6,128.7,88.57,111.37,128.7,62.07,94.39,128.7,62.07,89.38,128.7,57.16,80.54,128.7,56.56,76.69
GILT.O,12.75,0.75,13.85,11.51,15.91,11.51,13.32,0.85,15.24,6.94,11.01,15.24,5.3,8.85,15.24,4.04,7.08,15.24,4.04,6.7,22.69,4.04,7.36,22.69,3.28,7.12
GIS.N,36.29,3.98,38.15,34.8,38.15,32.58,34.79,3.38,54.17,45.16,48.83,67.33,45.16,53.1,75.89,45.16,60.36,90.86,45.16,65.25,90.86,45.16,66.01,90.86,36.42,60.65
GIVPY.PK,0.0,0.0,0.0,0.0,0.0,0.0,0.0,0.0,,,,,,,0.0,0.0,0.0,0.0,0.0,0.0,0.0,0.0,0.0,0.0,0.0,0.0
GIVSY.PK,0.0,0.0,0.0,0.0,0.0,0.0,0.0,0.0,,,,,,,,,,,,,,,,,,
GJNSY.PK,22.72,0.0,28.33,0.0,29.64,0.0,25.35,0.0,31.05,24.49,27.88,31.05,16.7,25.17,31.05,13.39,20.98,31.05,13.39,19.45,31.05,13.39,20.26,31.05,13.39,19.43
GKOS.K,143.36,1.11,150.26,136.18,150.26,119.66,133.94,0.97,118.17,73.16,93.68,163.71,73.16,103.25,163.71,73.16,109.03,163.71,42.48,93.49,163.71,33.33,79.66,163.71,14.25,62.39
GKOS.N,143.36,0.38,150.01,136.18,150.01,119.84,133.94,0.3,,,,,,,,,,,,,,,,,,
GL.N,178.74,0.27,182.1,176.37,182.1,156.26,171.78,0.27,147.76,116.73,135.49,147.76,109.4,128.84,147.76,38.95,115.41,147.76,38.95,114.78,147.76,38.95,108.76,147.76,38.95,94.35
GLAPY.PK,40.1,0.0,142.68,0.0,142.68,0.0,35.33,0.0,86.47,79.41,82.29,86.47,52.4,74.78,94.75,52.4,77.7,94.75,52.4,76.93,94.75,51.96,72.09,107.19,45.48,76.1
GLAXF.PK,14.57,0.0,26.0,0.0,26.82,0.0,16.27,0.0,25.0,17.15,20.93,25.0,15.54,19.66,25.0,15.54,19.75,25.0,15.54,19.05,29.34,13.48,20.78,30.25,13.48,22.96
GLBE.O,35.88,1.89,37.68,33.35,37.68,31.1,33.73,1.83,41.94,30.01,35.61,63.69,26.64,38.39,63.69,26.64,37.93,63.69,19.59,36.68,83.77,15.63,37.93,83.77,15.63,37.93
GLCNF.PK,6.8,0.04,6.98,6.61,8.0,6.61,7.29,0.04,5.5,3.74,4.47,5.5,2.88,4.2,6.4,2.88,4.8,7.09,2.88,5.11,7.09,2.88,5.06,7.09,0.98,4.17
GLGDF.PK,2.27,0.33,2.47,2.11,2.69,2.09,2.3,0.69,2.38,1.42,1.81,2.38,0.78,1.53,2.38,0.7,1.25,2.38,0.7,1.24,3.07,0.7,1.55,3.07,0.13,1.06
GLIBA.O,22.13,0.26,23.4,20.19,23.4,19.61,21.42,0.16,38.98,28.0,35.3,38.98,28.0,35.3,38.98,28.0,35.3,38.98,28.0,35.3,38.98,28.0,35.3,38.98,28.0,35.3
GLIBB.PK,3.0,0.0,21.44,0.0,23.0,0.0,2.32,0.0,37.35,27.64,32.8,37.35,27.64,32.8,37.35,27.64,32.8,37.35,27.64,32.8,37.35,27.64,32.8,37.35,27.64,32.8
GLIBK.O,21.51,1.45,23.5,19.72,23.64,19.3,21.13,1.07,39.14,29.0,35.18,39.14,29.0,35.18,39.14,29.0,35.18,39.14,29.0,35.18,39.14,29.0,35.18,39.14,29.0,35.18
GLNCY.PK,13.59,0.7,13.81,13.32,15.93,13.27,14.55,0.64,10.98,7.44,8.9,10.98,5.74,8.36,12.74,5.74,9.56,14.41,5.74,10.21,14.41,5.74,10.16,14.41,1.91,8.38
GLNG.O,49.65,1.38,50.55,48.52,51.84,48.47,50.17,1.21,45.98,35.02,39.78,45.98,29.56,39.55,45.98,19.94,34.95,45.98,19.62,30.76,45.98,9.26,25.34,45.98,4.54,22.42
GLOB.K,30.23,3.52,33.19,27.56,39.04,27.56,32.91,2.34,95.26,54.36,68.23,228.98,54.36,104.47,251.5,54.36,153.89,251.5,54.36,162.53,354.62,54.36,189.82,354.62,22.5,131.62
GLOB.N,30.23,1.42,33.15,27.56,39.04,27.56,32.91,0.81,,,,,,,,,,,,,,,,,,
GLP.N,46.9,0.03,48.04,43.86,50.5,42.14,46.27,0.05,53.25,40.0,47.64,60.0,40.0,50.12,60.0,37.04,48.01,60.0,27.14,42.88,60.0,16.22,35.51,60.0,6.15,25.93
GLP_pb.N,25.45,0.0,25.54,25.38,25.63,25.36,25.48,0.0,26.39,25.42,25.81,26.62,25.24,25.87,26.85,25.24,26.01,26.85,24.75,25.87,27.86,24.0,26.0,27.86,24.0,26.0
GLPEY.PK,10.57,0.4,10.8,10.38,11.3,10.34,10.7,0.27,10.67,8.1,9.5,10.67,6.76,8.86,11.05,6.76,9.03,11.05,5.04,8.19,11.05,4.36,7.12,11.05,3.79,7.32
GLPG.O,29.76,0.16,30.5,28.69,30.5,27.81,29.02,0.18,37.78,27.83,32.14,37.78,22.36,29.17,42.46,22.36,29.63,48.07,22.36,32.88,113.71,22.36,44.37,274.03,22.36,78.4
GLPGF.PK,0.0,0.0,0.0,0.0,0.0,0.0,0.0,0.0,33.45,28.63,31.12,33.45,22.39,26.62,36.21,22.39,27.71,41.75,22.39,32.05,110.1,22.39,62.02,268.65,22.39,112.37
GLPI.O,44.65,2.82,45.98,43.45,49.01,43.45,45.7,2.47,48.71,41.17,45.73,52.24,41.17,46.92,52.6,41.17,47.2,54.88,41.17,47.78,54.88,38.7,47.22,54.88,12.38,40.55
GLUE.O,23.36,2.23,25.22,20.4,25.22,16.11,20.1,1.73,19.17,4.12,9.39,19.17,3.5,7.38,19.17,3.21,6.64,19.17,2.44,6.41,45.56,2.44,9.41,45.56,2.44,9.41
GLW.N,224.63,5.81,271.38,193.24,271.38,166.0,200.17,4.43,96.6,51.34,75.74,96.6,37.5,62.24,96.6,29.72,50.65,96.6,25.26,44.53,96.6,25.26,41.67,96.6,16.14,34.9
GLXY.O,27.03,9.08,30.77,24.14,36.1,24.14,30.33,8.7,45.92,19.05,28.97,45.92,8.2,23.16,45.92,5.65,17.38,45.92,2.6,13.03,45.92,2.43,13.17,45.92,0.38,9.45
GLYYY.PK,0.0,0.0,0.0,0.0,25.25,0.0,1.33,0.0,,,,,,,,,,,,,,,,,,
GM.N,77.2,2.06,80.41,74.23,85.38,74.23,79.66,2.64,83.68,48.84,63.13,83.68,41.65,55.9,83.68,34.33,50.8,83.68,26.31,45.45,83.68,26.31,46.5,83.68,14.33,40.72
GMAB.O,27.13,1.76,28.78,25.34,28.78,24.08,25.9,1.58,33.96,20.23,27.77,33.96,17.24,24.34,33.96,17.24,25.46,43.66,17.24,29.28,49.07,17.24,32.88,49.07,9.23,26.99
GMALY.PK,1.57,0.0,11.0,0.0,11.0,0.0,0.58,0.0,,,,,,,,,,,,,,,,,,
GMBXF.PK,11.55,0.03,12.05,11.03,12.76,11.03,11.88,0.02,10.02,5.8,7.7,10.02,4.39,6.49,10.02,4.39,5.98,10.02,3.56,5.55,10.02,3.11,5.12,10.02,1.32,4.12
GME.N,22.16,0.99,23.1,20.93,23.1,20.93,21.89,1.26,28.09,19.93,23.08,35.74,19.93,24.75,63.9,9.95,22.76,63.9,9.95,21.58,120.74,4.28,27.38,120.74,0.64,15.65
GMED.K,81.49,2.07,86.34,75.14,86.34,74.67,80.2,1.89,92.48,51.79,66.74,94.93,51.79,70.03,94.93,49.33,67.96,94.93,43.38,64.12,94.93,43.38,66.03,94.93,19.25,53.46
GMED.N,81.49,0.49,86.34,75.18,86.34,74.76,80.2,0.5,,,,,,,,,,,,,,,,,,
GMKKY.PK,0.0,0.0,0.0,0.0,18.0,0.0,2.77,0.0,,,,,,,,,,,,,,,,,,
GMRS.N,14.72,0.32,15.52,13.76,15.52,10.49,13.35,0.35,0.0,0.0,0.0,0.0,0.0,0.0,0.0,0.0,0.0,0.0,0.0,0.0,0.0,0.0,0.0,0.0,0.0,0.0
GMVHY.PK,7.39,0.06,7.82,7.0,8.15,7.0,7.53,0.08,13.5,9.02,11.29,13.5,6.21,10.16,13.5,6.21,9.92,19.23,6.21,11.62,35.0,6.21,15.2,35.0,6.21,15.03
GMWKF.PK,286.12,0.0,300.0,269.64,300.0,240.72,272.82,0.0,274.73,185.0,220.42,274.73,155.0,212.98,274.73,117.04,188.74,274.73,100.79,176.97,274.73,63.71,161.17,274.73,5.72,111.97
GMYOY.PK,0.0,0.0,0.0,0.0,0.0,0.0,0.0,0.0,,,,0.0,0.0,0.0,0.0,0.0,0.0,0.0,0.0,0.0,0.0,0.0,0.0,0.0,0.0,0.0
GNCGY.PK,0.0,0.0,0.0,0.0,10.5,0.0,0.55,0.0,,,,,,,,,,,,,,,,,,
GNENF.PK,5.51,0.0,6.85,0.0,7.75,0.0,6.19,0.0,8.0,2.84,5.16,8.0,1.99,3.9,8.0,1.75,3.33,9.77,1.75,4.18,16.69,1.75,6.69,16.69,0.97,6.29
GNENY.PK,3.81,0.0,7.0,0.0,8.03,0.0,5.24,0.0,8.0,2.92,5.41,8.0,2.1,4.21,8.0,1.88,3.45,9.78,1.88,4.33,15.48,1.88,5.84,15.48,1.88,5.84
GNGBY.PK,20.62,0.0,21.3,20.16,21.3,19.63,20.39,0.0,23.95,19.18,21.84,23.95,16.04,20.7,23.95,14.84,19.88,26.22,14.84,20.15,48.89,14.84,24.45,48.89,8.31,19.92
GNK.N,24.33,0.15,25.19,22.93,25.24,22.93,24.02,0.13,19.6,12.99,17.05,19.6,11.22,15.41,23.4,11.22,17.07,23.4,11.22,16.37,27.13,7.37,16.39,27.13,3.63,12.82
GNL.N,9.01,1.23,9.24,8.84,9.66,8.84,9.2,1.18,8.67,6.78,7.82,8.67,6.51,7.69,10.15,6.51,7.79,15.28,6.51,8.85,20.11,6.51,11.58,26.91,6.51,15.97
GNL_pa.N,23.04,0.01,23.36,22.65,23.39,22.64,22.99,0.01,24.23,21.92,22.97,24.23,19.36,22.57,24.23,18.53,22.06,25.23,16.42,21.55,27.31,16.42,22.95,27.31,0.0,19.53
GNL_pb.N,21.65,0.01,21.97,21.34,22.17,21.34,21.78,0.0,24.21,0.0,21.98,24.21,0.0,21.52,24.21,0.0,21.1,24.93,0.0,20.63,29.34,0.0,22.32,29.34,0.0,13.74
GNL_pd.N,23.43,0.01,23.75,23.0,23.78,23.0,23.54,0.01,25.14,22.45,24.03,25.14,0.0,23.33,25.14,0.0,22.58,25.14,0.0,17.01,25.14,0.0,10.19,25.14,0.0,5.09
GNL_pe.N,23.0,0.0,23.19,22.72,23.2,22.72,23.01,0.0,24.25,0.0,22.47,24.25,0.0,22.24,24.25,0.0,21.98,24.25,0.0,16.57,24.25,0.0,9.93,24.25,0.0,4.96
GNNDY.PK,40.57,0.0,41.48,39.45,43.96,39.45,41.32,0.0,57.22,42.07,50.43,64.32,36.83,50.06,98.18,36.83,60.46,98.18,36.83,63.36,286.11,36.83,112.21,286.11,36.83,114.54
GNRC.K,275.87,1.02,296.44,248.65,296.44,237.0,271.27,0.99,203.25,134.8,168.28,203.25,99.5,150.85,203.25,99.5,147.66,203.25,79.86,137.06,524.31,79.86,200.63,524.31,26.29,134.85
GNRC.N,275.87,0.24,295.64,248.76,296.01,237.24,271.27,0.24,,,,,,,,,,,,,,,,,,
GNTX.O,25.07,3.13,25.77,24.13,26.48,24.13,25.25,2.92,29.38,21.68,25.34,29.38,20.28,24.53,37.58,20.28,28.53,37.58,20.28,28.91,37.9,20.28,29.96,37.9,12.93,26.07
GNW.N,9.51,1.75,9.68,9.24,9.68,8.56,9.14,1.66,9.28,7.14,8.48,9.28,6.0,7.74,9.28,5.68,7.15,9.28,4.51,6.67,9.28,2.58,5.58,9.28,1.57,4.65
GNZUY.PK,0.0,0.0,0.0,0.0,2.83,0.0,0.15,0.0,,,,,,,,,,,,,,,,,,
GOF.N,10.84,0.2,10.99,10.5,11.07,10.5,10.84,0.23,15.16,11.87,14.02,15.97,11.87,14.53,16.07,11.87,14.71,17.38,10.96,14.91,22.05,10.96,16.49,22.37,10.51,17.92
GOFPY.PK,7.91,0.16,8.16,7.67,8.36,7.37,7.86,0.15,12.12,9.74,11.05,12.12,7.93,10.51,12.12,7.52,9.53,12.12,6.76,9.08,12.12,5.36,8.28,12.12,2.7,6.45
GOLD.K,42.38,0.46,45.29,40.3,46.0,39.79,42.38,0.42,35.71,20.55,26.11,35.71,19.39,25.51,47.39,19.39,29.88,47.39,19.39,30.86,47.39,11.75,29.25,47.39,3.08,17.97
GOLD.N,42.38,0.16,45.03,40.3,45.95,39.8,42.38,0.15,,,,,,,,,,,,,,,,,,
GOLF.K,117.18,0.48,119.65,109.52,119.65,86.49,106.57,0.42,86.19,72.39,79.4,86.19,55.31,73.67,86.19,55.31,69.63,86.19,42.45,63.97,86.19,37.46,57.06,86.19,15.16,42.47
GOLF.N,117.18,0.2,119.25,110.2,119.25,90.39,106.57,0.17,,,,,,,,,,,,,,,,,,
GOOG.O,351.49,30.68,365.68,333.69,373.6,333.69,355.77,25.09,328.67,173.88,248.33,328.67,142.66,212.08,328.67,131.55,188.58,328.67,85.57,165.65,328.67,83.45,147.51,328.67,33.15,100.93
GOOGL.O,354.24,44.05,367.93,330.2,376.0,330.2,357.72,37.47,328.83,172.77,247.6,328.83,140.53,210.89,328.83,130.66,187.26,328.83,84.86,164.5,328.83,83.34,146.46,328.83,33.63,100.64
GOOS.K,9.54,0.49,9.77,9.21,10.42,9.16,9.69,0.53,15.42,10.75,13.14,15.42,6.73,11.5,15.42,6.73,11.54,24.73,6.73,13.17,53.64,6.73,20.28,72.27,6.73,26.86
GPAGF.PK,2.64,0.0,18.5,0.0,18.5,0.0,0.97,0.0,20.62,14.96,17.45,20.62,14.16,17.47,21.81,14.16,17.97,21.81,12.85,17.25,21.81,9.04,14.05,21.81,7.32,12.78
GPC.N,120.4,0.76,135.38,110.82,135.38,96.16,110.15,0.68,143.17,120.43,131.78,143.17,104.24,126.19,164.26,104.24,132.89,181.33,104.24,140.6,187.69,93.62,138.25,187.69,49.69,116.51
GPCR.O,51.95,0.94,55.1,48.17,55.1,36.44,46.59,0.99,94.9,15.8,30.37,94.9,13.22,26.88,94.9,13.22,33.12,94.9,13.22,34.17,94.9,13.22,34.17,94.9,13.22,34.17
GPGI.N,15.9,0.75,17.32,14.26,17.32,11.23,14.29,0.75,,,,,,,,,,,,,,,,,,
GPI.N,294.77,0.09,320.32,279.48,333.42,279.48,310.8,0.07,488.39,378.32,429.47,490.0,358.13,429.16,490.0,255.73,378.32,490.0,176.89,333.78,490.0,120.46,269.2,490.0,26.37,170.91
GPK.N,10.74,1.43,11.05,10.3,11.26,9.94,10.67,1.82,23.75,13.93,19.09,28.61,13.93,21.93,30.7,13.93,24.88,30.7,13.93,24.42,30.7,13.93,22.6,30.7,10.13,18.2
GPMXY.PK,20.03,0.0,24.64,0.0,26.48,0.0,13.72,0.1,4.95,0.0,0.04,4.95,0.0,0.02,4.95,0.0,0.01,4.95,0.0,0.01,4.95,0.0,0.0,4.95,0.0,0.0
GPN.N,73.25,1.18,78.71,66.89,78.71,61.17,68.54,1.53,90.62,70.91,82.34,115.16,65.93,86.9,141.65,65.93,100.35,141.65,65.93,104.07,220.77,65.93,122.7,220.77,51.3,121.62
GPOR.K,165.34,0.93,171.7,158.91,171.7,158.91,164.15,0.54,225.78,160.95,186.7,225.78,153.27,185.43,225.78,119.75,167.85,225.78,60.15,145.73,225.78,58.71,122.37,225.78,58.71,122.37
GPOR.N,165.34,0.39,171.63,158.98,171.63,158.98,164.15,0.21,,,,,,,,,,,,,,,,,,
GRAB.O,3.74,53.67,3.99,3.42,3.99,3.18,3.53,57.15,6.62,4.73,5.42,6.62,3.36,5.05,6.62,2.9,4.36,6.62,2.65,4.01,18.11,2.19,5.45,18.11,2.19,5.58
GRAL.O,67.9,0.61,71.41,64.2,71.41,57.12,63.44,0.62,115.76,29.95,62.3,115.76,16.56,48.29,115.76,12.33,36.61,115.76,12.33,36.61,115.76,12.33,36.61,115.76,12.33,36.61
GRBK.K,79.29,0.34,83.18,76.37,83.18,67.93,75.21,0.29,77.93,60.44,67.13,77.93,50.57,63.26,84.66,48.38,63.28,84.66,24.19,56.62,84.66,16.8,43.31,84.66,4.75,26.78
GRBK.N,79.29,0.15,83.18,76.55,83.18,67.94,75.21,0.12,,,,,,,,,,,,,,,,,,
GRBMF.PK,0.88,0.0,3.38,0.0,3.5,0.0,1.17,0.0,3.86,2.56,3.27,3.86,2.39,3.03,5.25,2.39,3.42,5.85,2.39,4.01,5.85,1.74,3.45,5.85,1.16,2.82
GRC.N,88.59,0.1,92.5,82.95,92.5,77.86,85.85,0.08,51.59,36.42,44.03,51.59,30.94,40.48,51.59,30.69,38.91,51.59,23.07,35.56,51.59,22.67,34.81,51.59,19.94,32.45
GRDDY.PK,0.0,0.0,0.0,0.0,0.0,0.0,0.0,0.0,0.0,0.0,0.0,0.0,0.0,0.0,0.0,0.0,0.0,0.0,0.0,0.0,0.0,0.0,0.0,0.0,0.0,0.0
GRDLY.PK,0.0,0.0,0.0,0.0,0.0,0.0,0.0,0.0,,,,,,,,,,,,,,,,,,
GRDN.K,41.29,0.63,43.4,38.15,44.0,38.15,41.58,0.49,37.43,19.3,26.07,37.43,17.78,23.87,37.43,14.16,23.15,37.43,14.16,23.15,37.43,14.16,23.15,37.43,14.16,23.15
GRDN.N,41.29,0.25,43.39,38.25,44.0,38.25,41.58,0.18,,,,,,,,,,,,,,,,,,
GRFS.O,7.23,0.88,7.49,6.96,7.73,6.96,7.34,0.75,11.14,7.64,9.54,11.14,6.19,8.63,11.73,5.3,8.22,12.15,5.3,8.48,20.49,5.3,10.2,25.73,5.3,14.84
GRMN.K,237.44,0.91,245.44,228.5,250.34,228.5,236.61,0.92,261.69,186.67,224.09,261.69,169.26,215.82,261.69,119.15,190.29,261.69,92.5,162.03,261.69,76.37,146.24,261.69,30.93,107.09
GRMN.N,237.44,0.33,245.28,228.58,250.0,228.58,236.61,0.32,,,,,,,,,,,,,,,,,,
GRNCY.PK,0.0,0.0,0.0,0.0,7.15,0.0,0.38,0.0,,,,,,,,,,,,,,,,,,
GRND.K,14.91,2.07,16.36,13.03,16.36,10.5,13.35,1.84,22.73,11.73,15.56,25.13,11.73,17.62,25.13,7.93,14.48,25.13,4.49,11.69,71.51,4.49,11.07,71.51,4.49,11.07
GRND.N,14.91,0.77,16.34,13.13,16.34,10.5,13.35,0.64,,,,,,,,,,,,,,,,,,
GROY.K,2.77,1.55,2.93,2.67,3.14,2.66,2.82,2.0,4.49,2.23,3.46,4.49,1.2,2.53,4.49,1.16,2.02,4.49,1.16,1.96,7.08,1.16,2.72,7.08,1.16,2.72
GRP_u.N,0.0,0.0,0.0,0.0,0.0,0.0,0.0,0.0,60.99,50.96,55.45,60.99,39.05,51.47,61.2,39.05,52.68,66.16,39.05,54.13,84.0,39.05,59.21,84.0,24.6,50.71
GRPTY.PK,0.0,0.0,0.0,0.0,0.0,0.0,0.0,0.0,,,,,,,,,,,,,,,,,,
GRRMY.PK,1.18,0.0,8.25,0.0,8.25,0.0,0.81,0.0,,,,,,,,,,,,,,,,,,
GS.N,1030.31,0.81,1105.24,1003.15,1125.0,1000.04,1054.16,0.83,918.79,691.91,778.48,918.79,439.77,686.71,918.79,372.22,577.68,918.79,289.43,497.39,918.79,260.16,438.06,918.79,130.87,323.5
GS_pa.N,19.26,0.04,19.42,19.08,19.58,19.08,19.31,0.02,22.24,18.98,21.08,24.23,18.98,21.76,24.44,18.98,22.49,24.44,18.52,21.88,25.35,17.51,22.04,25.35,15.01,21.84
GS_pd.N,18.95,0.08,19.07,18.87,19.24,18.87,19.03,0.05,21.68,18.7,20.63,23.6,18.7,21.42,23.83,18.7,22.16,23.83,18.57,21.67,25.44,18.04,22.01,25.44,15.0,21.95
GSAT.O,80.6,1.92,81.78,78.83,82.42,78.83,80.57,1.67,74.88,22.35,41.94,74.88,17.24,32.28,74.88,15.0,26.79,74.88,12.81,24.07,74.88,4.99,23.1,74.88,3.45,18.32
GSBD.K,9.48,0.97,9.79,9.17,9.79,8.76,9.31,0.94,11.85,9.26,10.51,12.89,9.24,10.91,15.28,9.24,12.43,15.84,9.24,12.87,19.75,9.24,14.75,24.35,7.61,17.03
GSBD.N,9.48,0.32,9.78,9.17,9.78,8.76,9.31,0.31,,,,,,,,,,,,,,,,,,
GSCE.PK,0.0,0.0,0.0,0.0,0.0,0.0,0.0,0.0,,,,,,,,,,,,,,,,,,
GSHD.O,49.09,0.64,53.22,42.58,53.22,33.86,41.91,0.59,106.84,64.4,79.67,127.99,64.4,93.74,127.99,47.77,85.32,127.99,29.54,75.88,171.59,27.66,80.78,171.59,9.96,68.83
GSK.N,52.52,0.72,53.84,51.09,53.84,50.35,51.99,0.77,49.42,35.45,42.85,49.42,31.72,40.2,49.42,31.72,40.12,49.42,31.72,38.6,49.42,28.47,39.07,49.42,28.47,40.15
GSL.N,38.01,0.08,39.4,37.1,40.24,37.1,38.39,0.09,37.19,26.0,31.14,37.19,17.74,27.11,37.19,17.74,25.41,37.19,15.82,23.22,37.19,11.39,21.76,37.19,2.66,15.42
GSL_pb.N,26.71,0.01,27.18,26.65,27.48,26.65,27.0,0.0,27.96,0.0,26.73,27.96,0.0,26.42,28.32,0.0,26.37,28.32,0.0,26.02,28.32,0.0,25.84,28.32,0.0,22.8
GT.O,6.64,18.3,7.18,6.29,7.18,5.61,6.31,12.65,11.79,6.51,8.64,12.03,6.51,9.24,14.96,6.51,10.1,16.5,6.51,10.94,24.89,6.51,12.76,37.2,4.09,17.78
GTBIF.PK,7.55,0.49,7.91,7.01,9.3,7.01,7.76,0.55,10.43,5.29,7.3,10.43,4.63,6.74,16.33,4.63,9.08,16.33,4.63,8.89,39.11,4.63,13.68,39.11,3.69,12.98
GTES.K,27.85,2.62,29.17,26.28,29.17,25.3,27.38,2.15,26.46,21.05,23.96,26.46,14.7,22.22,26.46,12.4,19.69,26.46,10.68,17.35,26.46,9.4,16.25,26.46,5.42,15.12
GTES.N,27.85,0.9,29.13,26.28,29.13,25.31,27.38,0.71,,,,,,,,,,,,,,,,,,
GTLB.O,30.48,4.31,32.95,27.34,32.95,25.22,28.93,5.04,52.38,35.81,44.52,74.18,35.81,48.81,78.53,35.81,52.6,78.53,26.24,50.04,137.0,26.24,53.33,137.0,26.24,53.33
GTLS.K,208.76,1.85,209.18,208.5,209.18,205.0,207.93,1.46,206.65,160.41,196.34,220.03,104.6,181.15,220.03,101.6,162.69,220.03,101.44,155.16,242.58,101.44,157.89,242.58,13.27,105.27
GTLS.N,208.76,0.66,209.14,208.5,209.14,205.0,207.93,0.38,,,,,,,,,,,,,,,,,,
GTM.O,2.87,17.12,3.04,2.6,3.04,2.54,2.8,13.2,12.51,8.94,10.51,12.63,7.01,10.19,18.7,7.01,11.51,31.05,7.01,14.78,79.17,7.01,28.85,79.17,7.01,30.23
GTMEY.PK,0.0,0.0,0.0,0.0,0.0,0.0,0.0,0.0,,,,,,,,,,,,,,,,,,
GTX.O,34.28,4.07,36.25,31.33,36.25,31.32,33.81,3.07,17.9,10.38,14.29,17.9,7.02,12.04,17.9,7.02,10.4,17.9,6.43,9.54,17.9,4.2,8.47,22.0,1.3,8.96
GTY.N,33.83,0.36,34.34,33.15,34.34,32.35,33.42,0.26,29.14,25.4,27.76,32.15,25.4,28.68,33.84,25.4,28.98,36.49,25.4,30.01,36.49,24.66,29.94,36.49,16.21,28.47
GULRY.PK,0.0,0.0,0.0,0.0,0.0,0.0,0.0,0.0,23.0,15.49,18.35,23.0,13.75,18.1,23.75,13.75,18.5,23.75,13.75,17.69,24.82,13.75,18.48,33.29,13.75,22.4
GVA.N,154.03,0.38,161.96,144.26,161.96,134.41,147.55,0.3,119.7,89.94,105.09,119.7,69.33,94.75,119.7,43.94,81.12,119.7,33.74,67.72,119.7,25.35,54.67,119.7,8.9,48.53
GVDNY.PK,84.94,0.03,87.65,83.0,87.65,72.78,81.55,0.03,98.03,76.48,85.03,103.39,76.48,88.43,110.32,75.55,90.33,110.32,57.86,82.56,110.32,53.49,82.09,110.32,34.25,66.45
GWIN.PK,0.29,0.0,1.01,0.0,1.01,0.0,0.11,0.0,,,,,,,,,,,,,,,,,,
GWKSY.PK,12.36,0.0,29.5,0.0,29.5,0.0,11.81,0.0,,,,,,,,,,,,,,,,,,
GWLLF.PK,0.66,0.0,1.22,0.0,1.33,0.0,0.59,0.0,2.51,1.56,2.02,2.51,1.38,1.83,2.51,1.0,1.64,2.51,1.0,1.51,5.02,0.87,2.15,5.02,0.48,1.61
GWLLY.PK,10.16,0.0,12.7,0.0,14.3,0.0,9.84,0.0,26.12,15.63,19.97,26.12,13.87,18.38,26.12,9.69,16.77,26.12,9.69,15.5,48.65,9.06,19.72,48.65,4.59,14.64
GWRE.K,125.03,1.73,138.65,107.03,138.65,102.3,119.14,2.11,272.6,189.34,224.31,272.6,165.08,214.79,272.6,102.66,179.13,272.6,60.34,146.87,272.6,52.08,126.24,272.6,42.32,105.13
GWRE.N,125.03,0.52,138.62,107.21,138.62,102.34,119.14,0.6,,,,,,,,,,,,,,,,,,
GWW.N,1356.21,0.13,1390.09,1328.95,1390.09,1290.42,1336.31,0.11,1073.06,911.8,987.05,1137.59,900.02,1011.2,1226.8,801.01,1001.94,1226.8,534.21,903.29,1226.8,356.31,731.85,1226.8,155.0,500.5
GXO.N,50.96,0.4,52.5,49.28,52.5,47.71,49.94,0.48,57.89,45.8,51.98,57.89,30.46,46.52,63.31,30.46,49.55,67.45,30.46,51.74,105.91,30.46,55.67,105.91,30.46,55.67
GXYEF.PK,3.9,0.04,4.06,3.72,4.29,0.0,3.74,0.03,5.8,4.29,5.17,5.8,3.0,4.87,5.8,3.0,4.78,7.36,3.0,5.23,9.79,3.0,5.89,9.79,2.57,6.03
GXYYY.PK,19.04,0.19,20.13,18.63,20.13,18.63,19.33,0.14,28.08,22.31,25.36,28.08,15.72,22.77,30.0,15.72,23.1,37.53,15.72,26.11,49.67,15.72,28.0,49.67,15.72,29.13
GZPZY.PK,5.86,0.0,41.0,0.0,46.58,0.0,4.61,0.0,42.6,36.36,38.65,42.6,26.51,35.83,42.6,26.32,33.62,42.6,18.14,31.96,42.6,16.0,27.84,42.6,16.0,27.75
H.N,194.42,0.29,200.36,189.48,206.64,189.48,196.22,0.3,167.95,133.87,148.3,168.07,102.5,141.41,168.07,102.5,144.98,168.07,88.8,134.17,168.07,65.48,114.34,168.07,24.13,89.27
HACBY.PK,0.0,0.0,0.0,0.0,27.21,0.0,1.43,0.0,23.17,0.0,3.35,23.17,0.0,3.38,23.17,0.0,2.06,23.17,0.0,1.55,23.17,0.0,1.38,23.17,0.0,2.58
HAE.N,75.71,0.32,79.55,72.58,81.91,71.28,75.62,0.31,87.32,47.39,64.54,87.32,47.39,65.79,97.95,47.39,73.88,97.95,47.39,77.69,141.84,43.52,75.75,141.84,25.98,75.73
HAFN.K,6.92,2.5,7.36,6.5,7.7,6.5,7.21,2.06,6.64,4.9,5.84,6.64,3.61,5.38,8.99,3.61,6.28,8.99,3.61,6.18,8.99,3.09,6.13,8.99,1.6,6.13
HAGHY.PK,7.98,0.21,9.15,7.18,9.25,7.18,8.29,0.34,68.7,37.83,52.42,68.7,17.85,45.8,68.7,13.7,35.08,68.7,11.99,31.01,68.7,9.53,28.21,68.7,9.53,28.21
HAL.N,33.7,3.41,34.89,32.6,40.64,32.6,36.1,4.42,29.66,20.1,24.26,30.39,18.72,23.93,41.55,18.72,28.65,43.85,18.72,31.29,43.99,17.24,29.81,58.78,4.25,31.97
HALMY.PK,105.66,0.09,108.77,102.61,129.64,101.72,108.73,0.05,99.17,84.54,91.86,99.17,59.82,83.47,99.17,53.51,73.23,99.17,43.67,69.92,99.17,43.0,69.11,99.17,36.63,67.68
HALO.O,77.18,2.05,81.01,71.38,81.01,67.02,72.69,1.91,79.5,51.78,66.85,79.5,47.5,62.28,79.5,33.15,54.92,79.5,29.85,49.93,79.5,29.85,47.12,79.5,6.96,32.09
HAPVY.PK,0.0,0.0,0.0,0.0,2.23,0.0,0.12,0.0,3.33,3.23,3.33,3.33,3.23,3.33,3.33,3.23,3.33,3.33,3.23,3.33,3.33,3.23,3.33,3.33,3.23,3.33
HAS.O,82.4,2.12,86.25,77.63,86.67,77.63,83.33,2.02,85.14,69.5,77.99,85.14,49.0,70.08,85.14,46.09,65.13,85.14,42.66,62.78,105.73,42.66,72.98,126.87,41.33,81.93
HASI.K,38.85,1.14,39.76,37.39,39.93,36.25,38.41,1.22,34.53,24.38,29.54,34.53,21.98,28.35,36.56,21.77,28.91,39.67,13.22,27.9,72.42,13.22,35.65,72.42,13.22,30.51
HASI.N,38.85,0.55,39.75,37.39,39.9,36.25,38.41,0.49,,,,,,,,,,,,,,,,,,
HAWK.N,20.62,0.49,22.58,18.77,26.75,18.77,22.71,0.4,0.0,0.0,0.0,0.0,0.0,0.0,0.0,0.0,0.0,0.0,0.0,0.0,0.0,0.0,0.0,0.0,0.0,0.0
HAWPY.PK,0.0,0.0,0.0,0.0,0.0,0.0,0.0,0.0,50.8,43.82,47.31,50.8,43.82,47.31,50.8,43.82,47.31,50.8,25.55,40.06,50.8,25.55,35.63,50.8,18.29,29.92
HAYW.K,16.82,3.54,17.42,15.84,17.42,13.97,15.49,2.83,17.73,13.68,15.56,17.73,11.1,14.8,17.73,11.1,14.5,17.73,9.56,13.82,28.65,7.97,15.28,28.65,7.97,15.28
HAYW.N,16.82,1.05,17.41,15.9,17.41,13.98,15.49,0.92,,,,,,,,,,,,,,,,,,
HBAN.O,17.87,18.87,18.32,17.57,18.32,16.47,17.38,22.75,18.04,15.05,16.75,18.04,11.92,16.19,18.44,11.92,15.23,18.44,9.13,14.05,18.44,9.13,14.31,18.44,6.82,13.43
HBANL.O,25.03,0.03,25.35,24.65,25.35,24.65,25.12,0.02,26.42,24.45,25.55,26.42,24.32,25.43,26.61,23.72,25.3,26.61,17.0,24.84,26.61,17.0,24.84,26.61,17.0,24.84
HBCYF.PK,18.84,0.01,19.6,17.75,19.85,16.71,18.26,0.01,16.02,11.55,13.5,16.02,8.8,12.28,16.02,6.94,10.36,16.02,6.31,9.36,16.02,4.77,7.99,16.02,3.47,7.71
HBM.N,23.23,0.78,24.02,22.28,30.01,22.28,25.44,0.87,20.32,8.94,14.18,20.32,5.96,11.28,20.32,4.95,9.59,20.32,3.94,8.05,20.32,3.09,7.34,20.32,1.24,6.28
HBNB.O,5.22,0.01,5.71,5.0,5.79,5.0,5.26,0.01,8.31,1.55,4.19,8.31,1.55,4.19,8.31,1.55,4.19,8.31,1.55,4.19,8.31,1.55,4.19,8.31,1.55,4.19
HBRIY.PK,3.01,0.05,3.16,2.83,3.92,2.83,3.28,0.04,3.83,2.48,2.96,3.83,2.08,2.85,4.24,2.08,3.19,4.24,2.08,3.23,10.5,2.08,4.15,39.0,2.08,10.47
HCA.N,397.38,0.43,418.16,384.0,418.16,356.9,387.31,0.47,520.0,330.0,425.94,520.0,290.0,384.63,520.0,269.5,360.69,520.0,216.0,328.28,520.0,156.57,284.87,520.0,58.48,195.17
HCC.N,81.2,0.35,86.1,78.22,101.12,78.22,88.56,0.3,90.79,43.48,66.16,90.79,38.0,57.63,90.79,38.0,60.22,90.79,30.06,54.01,90.79,14.06,42.53,90.79,5.98,31.68
HCHDF.PK,5.4,0.0,6.56,0.0,8.36,0.0,6.58,0.01,7.19,3.45,4.69,7.19,2.11,3.94,7.19,1.0,3.05,7.19,0.71,2.38,7.19,0.54,2.14,7.19,0.54,2.35
HCHDY.PK,0.0,0.0,0.0,0.0,0.0,0.0,0.0,0.0,,,,,,,,,,,,,27.14,27.14,27.14,27.14,27.14,27.14
HCI.N,178.61,0.08,185.53,171.6,185.53,153.69,169.28,0.06,208.91,136.63,173.36,208.91,107.31,157.27,208.91,83.46,129.94,208.91,38.49,106.3,208.91,27.65,93.51,208.91,24.44,67.17
HCIIP.PK,0.0,0.0,0.0,0.0,0.0,0.0,0.0,0.0,,,,,,,,,,,,,,,,,,
HCM.O,10.83,0.07,11.81,9.98,11.81,9.77,10.63,0.05,19.5,13.06,15.53,19.5,11.5,15.13,21.92,11.5,16.28,21.92,10.68,16.06,43.94,7.39,19.37,43.94,7.39,21.78
HCMLY.PK,18.39,0.12,19.25,17.74,19.63,17.74,18.55,0.13,20.0,14.06,17.16,20.0,11.05,15.21,20.0,8.73,13.04,20.0,6.27,11.31,20.0,4.72,9.29,20.0,3.48,7.67
HCSG.O,24.55,0.82,25.75,23.45,25.75,20.4,23.05,0.77,20.26,12.66,16.44,20.26,9.12,14.33,20.26,8.98,12.73,20.26,8.75,12.66,35.8,8.75,16.07,56.2,8.75,26.34
HCXLY.PK,29.0,0.0,52.48,0.0,52.48,0.0,33.06,0.0,,,,,,,,,,,,,,,,,,
HCXY.N,25.01,0.0,25.1,24.84,25.18,0.0,23.69,0.0,,,,,,,,,,,,,,,,,,
HD.N,350.96,1.78,358.8,341.87,358.8,307.47,335.98,1.74,426.46,331.4,379.74,426.46,326.31,377.7,439.37,323.8,373.89,439.37,274.43,352.11,439.37,246.65,338.57,439.37,109.63,262.21
HDB.N,25.94,2.22,27.48,25.33,27.48,22.91,24.98,2.49,39.71,33.78,36.4,39.71,28.82,34.91,39.71,26.02,32.47,39.71,26.02,32.44,42.25,25.25,33.02,42.25,12.73,28.18
HDL.O,7.0,0.0,12.4,0.0,13.73,0.0,8.73,0.0,21.21,16.06,18.54,29.94,16.06,20.91,30.0,13.94,19.62,30.0,13.94,19.62,30.0,13.94,19.62,30.0,13.94,19.62
HDLMY.PK,40.64,0.22,42.5,37.5,40.32,37.5,39.13,0.33,,,,,,,,,,,,,,,,,,
HE.N,13.49,0.97,13.72,12.98,13.72,12.72,13.33,0.78,13.41,10.46,11.49,13.41,8.14,10.9,18.16,7.6,11.14,43.69,7.6,17.01,45.97,7.6,26.53,55.08,7.6,31.39
HEGIF.PK,0.0,0.0,0.0,0.0,0.0,0.0,0.0,0.0,3.9,2.9,3.32,3.9,2.37,3.16,3.9,2.37,3.2,5.2,2.37,3.45,7.38,2.37,4.32,11.19,2.37,7.13
HEGIY.PK,14.06,0.06,14.69,13.68,16.2,13.39,14.71,0.05,19.17,14.36,16.67,19.17,12.46,15.29,19.17,12.46,15.56,27.75,12.46,17.22,37.79,12.46,21.23,57.25,12.46,29.8
HEI.N,354.48,0.17,369.14,335.41,369.14,315.0,340.51,0.17,339.79,299.25,317.12,339.79,217.6,289.42,339.79,169.74,257.05,339.79,149.34,227.78,339.79,115.57,193.15,339.79,26.04,134.6
HEIa.N,258.65,0.15,266.99,247.66,266.99,234.19,250.23,0.12,264.54,234.07,248.52,264.54,174.82,228.03,264.54,133.02,202.62,264.54,116.34,179.94,264.54,102.33,156.33,264.54,20.58,109.57
HEINY.PK,42.49,0.06,44.04,41.51,44.04,38.24,41.24,0.1,46.37,38.0,40.59,46.62,32.77,40.89,52.92,32.77,43.29,58.23,32.77,45.55,61.88,32.77,48.01,61.88,32.77,48.05
HENKY.PK,19.92,0.07,20.45,19.39,20.45,17.88,19.22,0.08,20.16,17.74,18.86,21.34,16.54,18.64,21.37,16.54,18.85,21.37,15.4,18.31,26.04,13.64,18.85,32.22,13.64,22.07
HENOY.PK,21.25,0.01,21.75,20.6,21.75,19.18,20.59,0.02,22.27,19.21,20.55,23.83,18.12,20.51,23.83,18.12,20.87,23.83,17.19,20.26,29.93,14.29,20.65,36.0,14.29,24.61
HESAF.PK,1849.05,0.0,1866.63,1808.5,2067.36,1801.0,1896.94,0.0,2909.0,2330.0,2520.45,3015.81,2200.0,2610.75,3015.81,1948.76,2463.97,3015.81,1561.2,2310.0,3015.81,982.88,1933.34,3015.81,316.0,1390.51
HESAY.PK,184.53,0.1,189.66,180.0,203.45,180.0,189.75,0.12,289.87,233.2,251.65,301.55,227.73,260.59,301.55,192.5,245.51,301.55,151.74,229.84,301.55,100.02,192.07,301.55,31.28,126.27
HESM.K,37.8,0.68,38.58,37.25,39.32,35.86,37.82,1.07,44.14,31.63,36.64,44.14,31.63,38.0,44.14,30.72,36.72,44.14,25.63,34.38,44.14,18.88,31.38,44.14,5.7,26.56
HESM.N,37.8,0.25,38.47,37.25,39.32,35.87,37.82,0.42,,,,,,,,,,,,,,,,,,
HG.N,33.79,0.29,34.71,31.79,34.71,30.06,32.45,0.2,28.7,20.44,24.39,28.7,16.84,22.16,28.7,12.44,19.36,28.7,12.44,19.09,28.7,12.44,19.09,28.7,12.44,19.09
HGER.N,29.51,0.06,30.48,28.94,31.08,28.76,29.82,0.06,27.12,24.18,25.49,27.12,22.07,24.57,27.12,20.4,23.37,27.12,20.4,22.98,27.12,0.0,17.71,27.12,0.0,8.84
HGKGY.PK,7.5,0.0,7.77,6.94,7.77,6.67,7.29,0.0,7.25,5.91,6.54,7.25,5.81,6.51,7.25,5.1,6.32,7.25,4.51,5.97,7.25,4.51,5.97,10.24,4.51,6.79
HGTY.K,11.89,0.14,12.41,11.11,12.41,10.23,11.25,0.16,14.0,8.81,11.78,14.0,8.03,10.67,14.0,7.68,10.29,14.0,7.52,9.8,19.97,7.23,10.21,19.97,7.23,10.21
HGTY.N,11.89,0.05,12.41,11.11,12.41,10.23,11.25,0.06,,,,,,,,,,,,,,,,,,
HGV.N,52.94,0.51,55.32,50.01,55.32,48.03,51.9,0.44,52.08,36.8,44.26,52.08,30.68,41.59,52.08,30.68,41.31,52.08,30.68,41.83,56.26,29.0,42.41,56.26,8.35,37.57
HHH.N,72.49,0.12,75.23,69.56,75.23,64.76,69.06,0.17,91.0,66.93,78.45,91.0,61.5,75.23,91.0,56.4,73.49,91.0,56.4,73.63,107.86,48.59,77.29,135.64,33.44,90.18
HHULY.PK,0.0,0.0,0.0,0.0,0.0,0.0,0.0,0.0,,,,,,,,,,,,,,,,,,
HI.N,0.0,0.0,0.0,0.0,0.0,0.0,0.0,0.0,,,,,,,,,,,,,,,,,,
HIG.N,134.24,0.72,137.9,130.23,137.9,127.47,131.34,0.76,140.45,119.64,130.1,140.45,104.95,124.95,140.45,80.63,114.72,140.45,64.26,100.88,140.45,47.47,87.21,140.45,19.04,68.03
HII.N,283.28,0.17,296.19,276.67,303.32,274.81,288.54,0.17,360.05,239.68,288.39,360.05,158.89,248.6,360.05,158.89,251.16,360.05,158.89,240.63,360.05,156.36,227.08,360.05,118.32,213.76
HIMS.K,35.34,17.47,39.05,30.29,39.05,25.96,32.38,18.92,70.43,32.06,47.04,72.98,23.97,44.21,72.98,8.09,30.91,72.98,5.65,23.42,72.98,2.72,17.29,72.98,2.72,16.08
HIMS.N,35.34,4.03,39.04,30.3,39.04,25.99,32.38,4.17,,,,,,,,,,,,,,,,,,
HIMX.O,14.44,2.63,16.57,12.9,21.24,12.9,16.42,3.24,9.85,6.85,8.52,13.91,5.66,8.53,13.91,4.8,7.32,13.91,4.8,7.12,17.88,4.8,8.37,17.88,1.7,7.31
HINOY.PK,0.0,0.0,0.0,0.0,0.0,0.0,0.0,0.0,27.76,22.3,25.35,34.18,22.3,27.66,34.18,22.3,27.81,42.54,22.3,31.08,100.0,22.3,54.37,136.5,22.3,90.1
HIW.N,30.6,1.6,32.27,28.54,32.27,28.03,29.86,0.95,32.75,25.01,29.41,32.75,24.28,29.36,36.73,21.38,28.77,36.73,17.06,26.91,48.84,17.06,32.18,55.34,17.06,38.96
HKBNY.PK,0.0,0.0,0.0,0.0,0.0,0.0,0.0,0.0,,,,,,,0.0,0.0,0.0,0.0,0.0,0.0,0.0,0.0,0.0,0.0,0.0,0.0
HKHHY.PK,38.6,0.02,39.78,37.89,39.78,35.07,37.51,0.03,39.89,33.58,35.64,41.08,27.92,35.82,43.56,27.92,37.01,48.61,27.92,38.66,52.85,27.92,40.32,54.69,27.92,42.5
HKHUY.PK,0.0,0.0,0.0,0.0,0.0,0.0,0.0,0.0,,,,,,,,,,0.0,0.0,0.0,0.0,0.0,0.0,0.0,0.0,0.0
HKMPY.PK,5.89,0.0,41.21,0.0,41.23,0.0,16.87,0.0,55.33,39.93,46.18,59.26,39.93,48.55,59.26,39.93,48.89,59.26,38.6,47.87,75.81,25.12,47.61,75.81,24.6,47.47
HKSHY.PK,1.91,0.0,13.35,0.0,14.95,0.0,1.4,0.0,17.93,12.83,15.06,17.93,12.01,14.45,18.78,12.01,14.8,21.7,12.01,16.53,21.7,12.01,17.16,40.52,12.01,22.45
HKTTY.PK,2.06,0.0,14.41,0.0,15.27,0.0,2.33,0.0,18.06,12.61,14.72,18.06,11.0,14.2,18.06,10.73,13.07,18.06,10.01,12.66,18.06,10.01,12.7,18.06,10.01,13.12
HKUOY.PK,2.19,0.0,15.35,0.0,15.35,0.0,0.81,0.0,16.95,14.08,15.41,16.95,14.08,15.34,18.69,14.08,15.95,23.57,13.88,17.2,35.29,13.73,18.97,35.29,13.73,20.96
HKVTY.PK,0.0,0.0,0.0,0.0,7.8,0.0,0.41,0.0,,,,,,,,,,,,,,,,,,
HKXCY.PK,46.86,0.22,48.33,45.74,49.68,45.74,47.77,0.21,59.49,50.2,54.98,59.49,35.11,50.03,59.49,27.0,41.78,59.49,27.0,41.02,74.21,26.5,45.75,74.21,20.31,38.45
HL.N,15.7,10.2,16.66,14.46,17.37,13.81,15.51,7.01,20.95,5.48,11.65,20.95,4.46,8.67,20.95,3.34,6.98,20.95,3.34,6.37,20.95,3.34,6.1,20.95,1.22,4.98
HL_pb.N,36.77,0.0,65.32,0.0,68.66,0.0,48.17,0.0,79.01,50.06,57.7,79.01,50.01,55.45,79.01,50.01,54.58,79.01,50.01,55.15,79.01,50.01,56.47,79.01,40.16,56.22
HLBZF.PK,197.92,0.0,220.8,188.08,224.11,188.08,205.39,0.0,276.3,215.16,239.16,276.3,125.75,211.96,276.3,87.5,193.26,276.3,58.84,170.86,276.3,38.47,130.1,276.3,32.7,108.56
HLDCY.PK,3.15,0.05,3.24,3.08,3.58,3.08,3.26,0.05,3.94,3.2,3.54,3.94,2.47,3.22,3.94,2.47,3.1,3.94,2.42,3.11,5.05,2.42,3.48,5.98,2.42,4.04
HLDVF.PK,0.97,0.0,3.49,0.0,3.7,0.0,0.72,0.0,3.94,3.14,3.57,3.94,2.56,3.4,3.94,2.56,3.23,3.94,2.42,3.18,4.8,2.42,3.36,5.92,2.42,4.04
HLF.N,12.77,0.71,13.31,11.81,13.31,11.19,12.2,0.6,15.16,7.58,10.01,15.16,5.05,8.67,15.42,5.05,9.0,21.32,5.05,11.01,59.0,5.05,21.43,61.77,5.05,31.02
HLHLY.PK,0.0,0.0,0.0,0.0,0.0,0.0,0.0,0.0,,,,,,,,,,,,,,,,,,
HLI.N,137.5,0.25,144.2,131.38,145.38,131.38,138.67,0.25,211.13,170.22,189.81,211.13,138.16,180.07,211.13,112.3,162.63,211.13,83.96,141.5,211.13,63.44,119.48,211.13,21.02,80.78
HLIO.K,87.32,0.5,95.05,80.1,95.05,79.98,86.57,0.43,58.8,33.04,50.3,58.8,24.76,42.9,58.8,24.76,44.5,72.61,24.76,48.8,114.89,24.76,58.29,114.89,23.96,50.32
HLIO.N,87.32,0.19,95.05,80.18,95.05,79.98,86.57,0.14,,,,,,,,,,,,,,,,,,
HLIT.O,15.09,2.81,16.49,13.78,16.49,13.01,14.74,2.63,11.49,7.8,9.75,13.68,7.8,9.9,15.46,7.8,11.26,18.43,7.8,11.87,18.43,6.69,11.04,18.43,2.51,8.06
HLLGY.PK,0.0,0.0,0.0,0.0,0.0,0.0,0.0,0.0,,,,,,,,,,,,,,,,,,
HLMAF.PK,51.49,0.0,54.13,49.81,63.82,48.91,53.76,0.01,49.59,41.77,45.6,49.59,29.83,41.48,49.59,26.82,36.9,49.59,21.55,34.01,49.59,21.55,33.6,49.59,10.67,28.12
HLMN.O,8.25,1.98,8.53,7.76,8.53,7.25,7.94,1.9,10.4,7.1,9.02,10.64,6.55,8.81,12.08,6.55,9.3,12.08,6.02,9.01,13.46,6.02,9.5,13.46,6.02,9.51
HLMNY.PK,0.0,0.0,0.0,0.0,0.0,0.0,0.0,0.0,,,,,,,,,,,,,,,,,,
HLN.N,9.44,2.22,9.82,9.22,9.82,8.76,9.17,2.5,10.42,8.72,9.57,11.42,8.72,9.88,11.42,7.89,9.46,11.42,7.49,9.07,11.42,5.6,8.74,11.42,5.6,8.74
HLNE.O,78.39,1.25,83.4,72.78,88.04,71.88,79.33,1.1,161.13,111.98,138.3,179.19,111.98,144.77,203.72,103.42,141.67,203.72,62.47,121.97,203.72,55.81,106.0,203.72,17.32,80.32
HLPPY.PK,4.5,0.0,4.62,4.26,5.11,0.0,4.43,0.0,6.02,4.56,5.42,6.02,3.51,4.72,7.08,3.3,4.69,10.34,3.3,5.8,14.5,3.3,7.82,14.5,3.3,9.6
HLT.N,335.15,1.68,348.14,329.04,357.88,328.3,341.1,0.97,294.65,254.0,271.31,294.65,196.07,257.73,294.65,178.23,236.83,294.65,124.53,207.77,294.65,98.57,177.36,294.65,34.16,125.64
HLTC.PK,2.83,0.0,11.0,0.0,11.0,0.0,2.06,0.0,,,,,,,,,,,,,,,,,,
HLTOY.PK,11.08,0.01,11.32,10.62,11.66,10.46,11.02,0.01,10.15,8.6,9.48,10.19,7.21,9.03,10.19,6.52,8.34,10.19,6.37,8.01,10.38,6.37,8.2,10.38,3.45,6.96
HLVTY.PK,0.93,0.0,6.52,0.0,7.07,0.0,1.35,0.0,,,,,,,,,,,,,,,,,,
HLX.N,8.66,0.92,8.9,8.46,9.88,8.43,9.03,0.77,7.93,5.53,6.47,9.7,5.53,6.98,13.04,5.53,8.74,13.04,5.53,8.71,13.04,2.48,7.03,13.04,0.99,6.91
HMC.N,27.47,0.47,29.68,26.01,29.68,25.54,26.8,0.46,34.89,28.42,31.49,34.89,24.56,30.2,37.88,23.43,31.11,37.88,22.96,30.5,37.88,21.45,29.49,37.88,19.38,28.93
HMDPF.PK,231.41,0.01,252.58,214.6,256.0,207.96,227.14,0.02,154.01,81.41,104.54,154.01,49.85,85.73,154.01,49.85,86.08,154.01,14.48,68.2,154.01,6.63,58.28,154.01,3.75,50.6
HMKIY.PK,0.0,0.0,0.0,0.0,0.0,0.0,0.0,0.0,8.93,8.93,8.93,10.21,8.93,9.4,10.21,8.93,9.4,10.21,8.93,9.4,10.21,8.93,9.4,10.21,8.93,9.4
HMN.N,52.37,0.16,54.62,50.53,54.62,46.59,50.08,0.15,48.11,40.09,44.61,48.11,36.2,42.93,48.11,31.81,39.41,48.11,27.81,37.0,48.11,27.81,37.84,48.11,27.37,38.64
HMNTY.PK,2.37,0.0,9.52,0.0,9.52,0.0,3.38,0.0,31.94,16.77,24.56,40.22,16.77,28.94,40.22,16.77,29.8,40.22,12.59,25.36,40.22,10.6,22.04,40.22,10.6,22.04
HMY.N,15.51,0.89,16.5,14.78,18.16,14.32,15.79,1.1,22.24,12.58,16.88,22.24,8.24,15.07,22.24,5.41,11.89,22.24,2.92,9.39,22.24,1.94,7.17,22.24,1.02,4.98
HNDAF.PK,3.97,0.09,9.79,0.0,9.79,0.0,6.55,0.19,11.95,8.83,10.38,11.95,8.25,9.96,13.0,7.81,10.23,13.0,7.72,10.14,13.0,7.19,9.85,13.0,6.09,9.59
HNGE.K,82.32,3.25,90.12,69.4,90.12,61.5,72.44,2.47,62.18,39.19,50.24,62.18,33.42,48.58,62.18,33.42,48.58,62.18,33.42,48.58,62.18,33.42,48.58,62.18,33.42,48.58
HNGE.N,82.32,1.2,90.09,69.82,90.09,61.53,72.44,0.89,,,,,,,,,,,,,,,,,,
HNGKY.PK,35.89,0.04,37.72,34.1,38.48,34.1,36.08,0.04,37.33,28.47,32.13,37.33,18.99,27.93,37.33,13.85,22.94,37.33,13.85,21.88,37.33,13.85,22.79,39.22,13.85,23.53
HNGZY.PK,0.64,0.0,4.45,0.0,4.45,0.0,0.23,0.0,,,,,,,4.0,4.0,4.0,4.0,4.0,4.0,4.0,4.0,4.0,4.0,4.0,4.0
HNHPF.PK,15.61,0.04,16.33,14.61,18.14,14.61,16.47,0.04,17.5,10.59,13.9,17.5,6.75,12.02,17.5,6.04,11.19,17.5,5.64,9.67,17.5,5.64,8.8,17.5,3.87,7.7
HNI.N,40.35,0.44,41.89,37.62,41.89,31.06,35.95,0.34,53.0,38.05,44.8,53.0,38.05,45.52,58.33,38.05,46.67,58.33,24.61,41.57,58.33,24.61,39.79,58.33,16.6,39.09
HNLGY.PK,1.16,0.0,8.15,0.0,9.18,0.0,1.84,0.0,10.94,8.39,9.43,10.94,6.38,7.88,10.94,5.28,6.96,10.94,5.28,7.04,12.92,5.28,7.69,21.08,5.28,12.27
HNNKY.PK,0.0,0.0,0.0,0.0,0.0,0.0,0.0,0.0,,,,,,,,,,,,,,,,,,
HNNMY.PK,3.37,0.2,3.42,3.32,3.6,3.31,3.43,0.16,4.17,2.58,3.36,4.17,2.37,3.04,4.17,2.37,3.05,4.17,2.15,2.98,5.22,1.72,3.17,7.48,1.72,3.71
HNORY.PK,0.0,0.0,0.0,0.0,0.0,0.0,0.0,0.0,,,,,,,,,,,,,,,,,,
HNTIY.PK,3.37,0.0,5.96,0.0,6.95,0.0,4.93,0.0,4.89,0.0,0.46,4.89,0.0,0.26,4.89,0.0,0.19,4.89,0.0,0.19,4.89,0.0,0.18,11.35,0.0,0.17
HOCPY.PK,159.61,0.03,165.95,155.38,178.9,155.2,163.74,0.04,168.0,112.01,141.54,168.0,97.49,131.16,168.0,97.49,129.05,168.0,92.01,122.59,179.94,82.15,122.77,179.94,33.09,93.62
HOG.N,24.82,1.6,26.49,24.0,26.49,24.0,25.19,1.25,31.23,20.41,25.71,31.23,20.41,25.48,44.14,20.41,30.58,51.77,20.41,32.42,52.01,20.41,35.23,63.4,14.31,38.62
HOKCY.PK,0.81,0.03,0.94,0.77,0.94,0.77,0.84,0.03,1.0,0.74,0.86,1.0,0.68,0.83,1.0,0.64,0.78,1.01,0.62,0.78,1.74,0.62,0.99,2.12,0.62,1.26
HOLX.O,0.0,0.0,0.0,0.0,0.0,0.0,0.0,0.0,75.34,63.19,69.73,75.34,51.9,66.47,84.67,51.9,71.7,87.88,51.9,73.41,87.88,51.9,72.93,87.88,26.49,58.77
HOMB.K,28.81,2.64,29.38,28.24,29.38,27.04,28.18,2.13,30.48,26.17,28.39,31.27,24.22,28.45,32.9,22.38,27.11,32.9,19.61,25.58,32.9,19.11,24.87,32.9,9.71,22.82
HOMB.N,28.81,1.29,29.38,28.37,29.38,27.04,28.18,0.99,,,,,,,,,,,,,,,,,,
HON.O,228.28,8.13,252.0,219.33,252.0,205.52,224.38,6.36,227.74,186.76,202.21,227.74,168.99,202.26,228.73,168.99,198.76,228.73,164.77,193.91,228.73,156.99,193.92,228.73,84.05,163.83
HOOD.O,104.74,28.74,120.05,92.8,120.05,78.93,99.37,33.94,153.86,89.7,119.55,153.86,29.66,87.3,153.86,10.38,54.44,153.86,7.91,39.66,153.86,6.81,32.83,153.86,6.81,32.83
HOPE.O,13.64,1.64,14.05,13.38,14.05,12.58,13.22,1.26,11.75,9.44,10.8,12.63,8.82,10.72,14.54,8.82,11.24,14.54,7.42,10.87,17.68,7.42,12.31,22.99,7.03,13.74
HOSXF.PK,0.0,0.0,0.0,0.0,0.0,0.0,0.0,0.0,,,,,,,,,,,,,,,,,,
HP.N,32.38,0.65,34.15,30.4,40.1,30.4,35.23,0.51,31.03,15.09,22.5,37.29,14.65,23.04,43.61,14.65,29.53,49.31,14.65,32.5,52.44,14.65,33.13,82.3,11.9,41.24
HPE.N,44.04,5.72,48.07,40.72,50.86,40.72,46.63,6.7,26.43,19.64,22.83,26.43,11.97,20.63,26.43,11.97,19.69,26.43,11.97,18.5,26.43,11.54,17.07,26.43,6.76,15.22
HPGLY.PK,36.69,0.0,66.59,0.0,67.51,0.0,27.33,0.0,,,,,,,,,,,,,,,,,,
HPHTY.PK,1.13,0.0,7.9,0.0,8.5,0.0,1.27,0.0,,,,,,,,,,,,,,,,,,
HPIFY.PK,0.0,0.0,0.0,0.0,0.0,0.0,0.0,0.0,,,,,,,,,,,,,,,,,,
HPQ.N,22.42,4.68,23.4,21.68,25.76,21.68,23.58,5.32,29.55,22.26,26.07,35.27,21.21,27.26,39.79,21.21,30.21,39.79,21.21,29.93,41.46,21.21,30.6,41.46,8.91,24.66
HQH.N,21.79,0.03,22.16,21.15,22.16,18.7,20.43,0.02,19.69,15.49,17.61,19.69,13.78,16.98,19.73,13.78,17.26,19.73,13.78,17.14,28.02,13.78,19.24,29.49,13.77,20.66
HQY.O,90.6,1.17,97.37,83.1,97.37,83.1,88.26,1.04,105.96,86.62,94.92,116.65,74.07,96.72,116.65,65.01,89.51,116.65,48.86,81.01,116.65,36.8,75.13,116.65,15.8,65.19
HR.N,20.42,1.38,20.64,20.1,20.89,19.36,20.33,1.5,18.96,15.28,17.35,18.96,14.1,16.64,18.96,12.77,16.54,22.35,12.77,17.06,29.07,12.77,19.96,29.07,12.77,21.91
HRB.N,38.27,0.7,40.19,35.66,40.19,33.59,36.93,0.85,57.46,41.18,49.8,64.6,41.18,52.65,68.38,41.18,53.33,68.38,28.83,48.14,68.38,15.43,40.38,68.38,11.3,32.14
HRI.N,143.53,0.23,156.26,132.57,157.54,132.57,145.83,0.19,159.96,109.12,133.06,211.66,96.46,139.12,246.88,96.46,150.11,246.88,94.01,141.89,246.88,61.88,135.31,246.88,11.94,91.98
HRL.N,25.4,1.8,26.6,23.97,26.6,23.37,24.79,1.61,31.85,21.04,25.52,32.07,21.04,27.67,36.85,21.04,29.92,47.03,21.04,32.88,55.11,21.04,38.61,55.11,21.04,39.33
HRMY.O,35.95,0.94,37.4,33.81,37.4,32.0,34.76,0.86,40.87,25.52,33.66,40.93,25.52,33.82,41.61,25.52,33.37,55.6,18.61,34.13,62.08,18.61,36.82,62.08,18.61,36.98
HROEY.PK,0.0,0.0,0.0,0.0,19.4,0.0,1.02,0.0,,,,,,,,,,,,,,,,,,
HROW.O,42.55,0.83,45.34,40.5,45.34,32.78,40.3,0.87,51.53,29.75,39.83,51.53,20.85,34.24,59.23,9.13,30.18,59.23,7.6,25.82,59.23,5.4,18.99,59.23,1.35,11.56
HSAI.O,16.67,2.64,19.07,14.4,19.66,14.4,17.15,2.0,30.85,14.69,23.18,30.85,10.41,20.32,30.85,3.28,12.81,30.85,3.28,12.39,30.85,3.28,12.39,30.85,3.28,12.39
HSBC.K,95.76,1.22,98.78,93.25,98.78,86.12,93.91,1.57,79.97,59.92,68.27,79.97,45.66,62.19,79.97,36.08,52.39,79.97,30.78,47.26,79.97,23.75,40.16,79.97,17.53,38.97
HSBC.N,95.76,0.23,98.76,93.26,98.76,86.12,93.91,0.27,,,,,,,,,,,,,,,,,,
HSHCY.PK,10.27,0.13,10.63,10.02,11.11,9.99,10.46,0.14,14.14,11.4,12.97,14.3,9.84,12.68,19.13,9.84,13.02,19.13,9.84,12.86,19.13,0.0,10.91,19.13,0.0,5.45
HSHZY.PK,1.19,0.0,8.36,0.0,8.6,0.0,1.76,0.0,,,,,,,,,,,,,,,,,,
HSIC.O,84.86,1.48,86.94,82.82,86.94,76.88,81.91,1.4,78.1,61.94,69.79,82.49,60.56,70.53,82.63,60.56,71.07,89.72,60.01,72.99,92.68,60.01,74.38,92.68,41.85,68.75
HSNGY.PK,0.0,0.0,0.0,0.0,0.0,0.0,0.0,0.0,,,,,,,,,,,,,,,,,,
HSQVY.PK,7.79,0.74,8.03,7.5,8.99,7.5,8.19,0.33,12.2,8.9,10.55,12.2,8.24,10.31,18.1,8.24,12.44,19.94,8.24,13.78,32.57,8.24,17.29,32.57,7.19,17.18
HSSKY.PK,0.0,0.0,0.0,0.0,0.0,0.0,0.0,0.0,,,,,,,,,,,,,,,,,,
HST.O,24.09,10.62,25.17,22.92,25.41,22.92,24.45,10.71,18.57,14.99,16.79,18.57,12.12,16.1,21.02,12.12,17.18,21.02,12.12,16.94,21.02,12.12,16.81,21.49,7.55,16.57
HSY.N,178.73,0.6,183.19,174.96,184.4,167.88,178.25,0.7,198.69,160.21,182.26,198.69,140.13,173.49,211.92,140.13,181.77,276.85,140.13,196.96,276.85,140.13,195.84,276.85,82.43,156.17
HTCCY.PK,0.0,0.0,0.0,0.0,0.0,0.0,0.0,0.0,,,,,,,,,,,,,,,,,,
HTCKF.PK,0.0,0.0,0.0,0.0,0.0,0.0,0.0,0.0,,,,,,,0.0,0.0,0.0,0.0,0.0,0.0,0.0,0.0,0.0,0.0,0.0,0.0
HTCMY.PK,0.0,0.0,0.0,0.0,0.0,0.0,0.0,0.0,,,,,,,,,,,,,,,,,,
HTFL.O,31.51,3.67,36.46,27.1,36.46,27.1,31.88,2.26,41.22,25.38,32.18,41.22,25.38,32.18,41.22,25.38,32.18,41.22,25.38,32.18,41.22,25.38,32.18,41.22,25.38,32.18
HTGC.K,15.77,1.3,16.22,15.09,16.22,15.07,15.54,1.28,19.67,16.62,18.6,22.04,15.65,18.76,22.04,15.65,18.91,22.04,10.94,17.61,22.04,10.94,16.94,22.04,5.42,14.84
HTGC.N,15.77,0.32,16.21,15.1,16.21,15.07,15.54,0.33,,,,,,,,,,,,,,,,,,
HTH.N,39.14,0.17,39.94,38.46,39.94,36.82,38.39,0.16,36.08,29.25,33.06,36.08,26.68,31.58,36.08,26.68,31.48,36.08,26.68,31.2,39.5,24.19,31.41,39.5,11.06,26.85
HTHIY.PK,28.25,0.83,30.5,27.22,32.34,27.22,29.3,0.75,35.62,25.0,29.72,35.62,18.3,27.77,35.62,13.86,24.52,35.62,9.65,20.37,35.62,7.76,16.33,35.62,3.81,11.36
HTHT.O,42.2,1.98,43.64,40.47,45.5,40.47,43.08,2.09,49.49,30.41,39.04,49.49,30.13,36.99,49.49,27.03,35.87,53.04,27.03,37.92,63.56,21.64,39.69,63.56,6.22,33.67
HTO.O,60.95,0.62,62.68,57.85,62.68,56.0,58.57,0.5,53.92,43.75,48.94,57.17,43.75,50.53,66.22,43.75,53.72,83.66,43.75,59.4,83.88,43.75,62.25,83.88,28.51,59.34
HTSUY.PK,0.0,0.0,0.0,0.0,0.0,0.0,0.0,0.0,6.65,6.65,6.65,6.65,6.65,6.65,6.65,6.65,6.65,6.65,6.65,6.65,6.65,6.65,6.65,6.65,6.65,6.65
HTZ.O,2.32,46.05,2.94,2.02,5.42,2.02,3.95,25.53,8.44,4.67,5.94,9.39,3.26,5.55,10.62,2.47,5.3,20.48,2.47,8.54,46.0,2.47,12.34,46.0,2.47,12.34
HUBB.K,509.11,0.67,547.33,473.92,547.33,464.82,502.19,0.69,484.26,402.04,434.3,484.26,299.42,407.23,484.26,299.42,401.92,484.26,219.77,362.73,484.26,149.07,296.7,484.26,83.16,208.8
HUBB.N,509.11,0.19,546.64,474.3,546.64,465.02,502.19,0.19,,,,,,,,,,,,,,,,,,
HUBG.O,44.43,0.91,46.31,42.58,46.81,42.58,44.52,0.78,44.46,32.46,36.86,46.63,30.75,37.2,53.21,30.75,40.74,53.21,30.75,40.7,53.21,26.18,38.91,53.21,14.1,30.55
HUBS.K,185.2,1.54,197.24,169.63,212.06,169.63,185.15,1.74,568.16,344.41,458.66,881.13,344.41,548.43,881.13,344.41,569.1,881.13,267.99,532.71,881.13,245.03,510.57,881.13,27.0,319.95
HUBS.N,185.2,0.5,196.9,169.65,211.98,169.65,185.15,0.51,,,,,,,,,,,,,,,,,,
HUIHY.PK,0.0,0.0,0.0,0.0,0.0,0.0,0.0,0.0,25.0,25.0,25.0,25.0,25.0,25.0,25.0,13.63,19.32,25.0,13.63,18.75,115.21,13.63,45.17,115.21,13.63,29.83
HUM.N,392.14,0.39,415.0,363.67,415.0,343.92,375.28,0.47,315.0,206.99,262.57,315.0,206.99,261.17,475.0,206.99,298.07,541.04,206.99,361.9,571.3,206.99,396.24,571.3,150.0,336.02
HUN.N,10.89,3.25,11.7,10.32,16.08,10.32,12.53,2.55,12.33,7.3,9.83,18.5,7.3,12.14,27.0,7.3,17.6,33.46,7.3,20.66,41.65,7.3,24.5,41.65,7.3,23.43
HUPHY.PK,0.0,0.0,0.0,0.0,0.0,0.0,0.0,0.0,,,,,,,,,,,,,,,,,,
HURN.O,95.74,0.4,100.39,89.75,113.88,84.88,100.51,0.34,182.71,120.25,150.04,182.71,120.25,144.34,182.71,84.26,124.2,182.71,66.51,112.24,182.71,42.66,89.8,182.71,29.52,69.42
HUT.O,111.59,5.49,126.46,94.02,129.88,94.02,115.62,4.41,57.29,18.03,34.75,57.29,10.04,25.92,57.29,6.18,19.48,57.29,4.06,16.63,82.85,3.9,20.48,82.85,1.85,15.95
HVNVY.PK,0.0,0.0,0.0,0.0,0.0,0.0,0.0,0.0,,,,,,,,,,,,,,,,,,
HVRRY.PK,46.05,0.05,47.32,44.86,47.32,43.0,44.96,0.04,54.96,47.03,50.16,55.4,41.73,49.48,55.4,38.14,46.13,55.4,28.32,42.6,55.4,21.73,36.72,55.4,15.55,30.46
HWC.O,74.78,1.06,76.39,72.94,76.39,68.8,72.39,1.02,67.1,54.05,61.01,67.1,43.9,57.94,67.1,41.19,53.52,67.1,31.02,49.41,67.1,31.02,48.72,67.1,14.32,43.4
HWDJY.PK,0.0,0.0,0.0,0.0,0.0,0.0,0.0,0.0,,,,,,,,,,,,,,,,,,
HWKN.O,146.66,0.28,169.86,132.93,170.1,132.93,154.59,0.18,186.15,117.98,157.18,186.15,98.3,138.06,186.15,54.44,117.89,186.15,36.62,95.5,186.15,24.54,72.03,186.15,13.41,46.39
HWM.N,270.74,2.34,281.3,258.79,290.5,244.09,269.37,1.4,212.45,169.54,190.66,212.45,105.06,166.26,212.45,52.56,125.22,212.45,38.17,98.86,212.45,22.93,72.52,212.45,8.73,45.11
HXGBY.PK,8.3,0.9,8.53,8.03,10.77,8.03,8.82,1.44,12.85,9.77,11.53,12.85,8.51,10.98,12.85,8.14,10.76,12.85,7.82,10.66,17.58,7.82,11.69,17.58,4.64,9.86
HXL.N,98.63,0.32,102.47,95.05,102.47,88.01,97.08,0.32,79.1,56.21,66.05,79.1,45.4,61.92,79.1,45.4,63.89,79.1,45.4,65.74,79.1,42.98,61.95,87.0,24.57,59.5
HXXPY.PK,0.0,0.0,0.0,0.0,7.47,0.0,0.77,0.0,,,,,,,,,,,,,,,,,,
HYMC.O,23.23,3.0,25.11,21.45,29.49,20.91,24.4,2.69,29.8,2.93,7.76,29.8,2.0,5.4,29.8,1.87,3.97,29.8,1.63,3.88,83.2,1.63,10.97,161.71,1.63,36.26
HYPMY.PK,4.13,0.0,4.29,3.97,4.29,3.8,4.07,0.02,5.18,3.71,4.44,5.18,2.88,4.1,7.55,2.64,4.76,10.08,2.64,5.85,10.08,2.64,6.28,11.98,2.64,7.15
HYSNY.PK,0.0,0.0,0.0,0.0,4.19,0.0,0.22,0.0,4.75,3.55,4.14,4.75,2.7,3.55,4.75,2.62,3.3,7.1,2.62,4.03,8.75,2.62,5.01,11.76,2.62,6.11
HYT.N,8.54,0.14,8.59,8.48,8.61,8.4,8.54,0.11,9.84,8.81,9.46,9.97,7.86,9.52,10.11,7.86,9.63,10.11,7.86,9.35,12.63,7.86,9.96,12.63,6.23,10.24
IAC.O,45.65,1.05,47.36,41.78,47.36,41.05,43.57,0.96,41.86,29.56,36.17,41.86,29.56,36.23,47.79,29.56,38.88,57.27,29.56,40.6,146.85,29.56,61.36,146.85,1.5,37.64
IAG.N,16.05,0.92,16.98,15.31,18.91,14.74,16.31,1.2,17.91,6.7,11.42,17.91,5.03,9.01,17.91,2.23,6.56,17.91,2.0,5.23,17.91,0.92,4.17,17.91,0.92,4.12
IAMUY.PK,0.0,0.0,0.0,0.0,0.0,0.0,0.0,0.0,,,,,,,,,,,,,,,,,,
IAUGY.PK,12.04,0.0,29.95,0.0,30.71,0.0,19.46,0.0,29.28,24.27,26.65,29.39,20.9,25.68,29.39,17.99,23.57,29.39,14.9,20.99,29.39,13.79,19.59,32.42,13.79,20.64
IAUX.K,1.44,8.86,1.54,1.38,1.62,1.36,1.46,10.49,1.6,0.55,0.93,1.6,0.48,0.78,1.8,0.34,0.95,3.14,0.34,1.33,3.28,0.34,1.66,3.28,0.34,1.66
IBDRY.PK,98.52,0.08,100.64,95.1,100.64,91.0,95.98,0.07,88.65,69.66,77.88,88.65,53.37,71.48,88.65,45.19,62.28,88.65,41.24,57.61,88.65,35.15,53.21,88.65,23.37,43.75
IBIDY.PK,37.19,0.02,43.05,32.75,43.05,27.0,35.45,0.02,11.45,0.0,1.0,11.45,0.0,0.95,11.45,0.0,0.63,11.45,0.0,0.49,11.45,0.0,0.29,11.45,0.0,0.15
IBKR.O,91.11,5.41,96.71,86.66,97.84,83.12,91.46,4.92,73.35,53.14,64.93,73.35,32.82,56.9,73.35,20.56,44.42,73.35,17.71,36.54,73.35,13.04,28.7,73.35,7.38,20.36
IBM.N,280.63,2.24,300.64,256.18,300.64,243.74,272.28,2.25,324.9,233.4,280.62,324.9,214.62,266.28,324.9,157.9,229.97,324.9,120.55,199.77,324.9,112.1,172.3,324.9,86.54,154.25
IBN.N,29.37,1.58,30.22,28.8,30.22,25.62,28.28,1.93,34.56,29.56,31.67,34.56,27.47,31.38,34.56,23.16,29.59,34.56,19.34,27.23,34.56,14.2,24.02,34.56,4.68,16.73
IBOC.O,76.58,0.57,78.46,74.66,78.46,72.82,75.62,0.49,73.66,63.2,68.79,73.66,54.11,66.21,76.91,48.84,62.78,76.91,39.1,56.96,76.91,35.92,51.61,76.91,15.6,43.58
IBP.N,227.93,0.23,233.66,221.59,233.66,193.29,216.52,0.18,292.68,177.59,248.0,292.68,150.88,211.54,292.68,150.88,216.23,292.68,86.4,186.53,292.68,69.72,154.4,292.68,17.6,104.31
IBRX.O,8.8,17.18,9.6,7.51,9.6,6.68,7.78,13.55,3.11,1.95,2.42,4.27,1.83,2.63,10.53,1.83,3.81,10.53,1.21,3.46,45.42,1.21,6.12,45.42,0.93,5.58
ICAGY.PK,12.75,0.04,13.07,12.35,13.07,10.84,12.16,0.05,11.3,9.27,10.39,11.3,5.6,9.19,11.3,3.51,6.96,11.3,3.0,5.91,11.3,2.06,5.15,17.24,2.06,8.08
ICE.N,127.0,1.95,135.49,121.8,142.46,121.8,133.35,1.68,189.32,143.18,167.63,189.32,142.41,167.76,189.32,124.34,156.4,189.32,94.26,141.01,189.32,88.6,130.37,189.32,45.45,102.34
ICFI.O,72.32,0.34,75.46,64.95,75.46,63.0,71.0,0.3,101.7,72.03,88.78,135.34,72.03,91.6,179.67,72.03,120.01,179.67,72.03,119.67,179.67,71.32,110.16,179.67,31.26,85.81
ICGUF.PK,3.26,0.0,22.8,0.0,22.8,0.0,1.2,0.0,26.79,26.35,26.57,27.5,25.55,26.58,30.5,19.68,25.75,30.5,14.75,22.28,31.46,12.93,21.59,31.46,6.58,19.13
ICHR.O,101.78,1.76,113.58,87.5,113.58,64.33,91.49,1.38,24.15,13.12,18.77,35.56,13.12,21.23,46.43,13.12,28.13,46.43,13.12,29.18,63.42,13.12,33.11,63.42,9.76,28.93
ICL.N,5.01,0.32,5.09,4.93,5.8,4.93,5.26,0.42,7.34,4.86,6.11,7.34,4.86,6.16,7.34,3.79,5.37,8.35,3.79,5.62,12.95,3.79,6.76,12.95,2.69,5.61
ICLR.O,170.94,1.24,181.82,158.59,181.82,138.84,155.97,1.08,211.0,139.15,172.72,228.28,125.1,170.14,347.72,125.1,229.85,347.72,125.1,232.08,347.72,125.1,230.67,347.72,62.31,177.46
ICTEY.PK,20.91,0.0,74.34,0.0,80.73,0.0,23.79,0.0,,,,,,,,,,,,,,,,,,
ICUI.O,150.64,0.41,160.62,141.98,160.62,135.05,144.1,0.33,153.63,107.0,130.33,175.51,107.0,137.6,196.26,86.8,134.25,212.43,78.28,139.62,282.0,78.28,163.56,321.7,78.28,177.08
IDA.N,151.68,0.48,154.89,147.61,154.89,137.98,145.89,0.33,138.01,114.02,126.96,138.01,104.77,120.64,138.01,86.53,109.73,138.01,86.53,107.16,138.01,85.32,105.92,138.01,65.09,97.95
IDCBF.PK,0.23,0.13,0.84,0.0,0.95,0.0,0.32,0.2,0.88,0.69,0.78,0.88,0.6,0.75,0.88,0.43,0.67,0.88,0.42,0.62,0.88,0.42,0.61,0.97,0.42,0.65
IDCBY.PK,16.62,0.1,17.54,16.23,18.53,16.23,17.39,0.07,17.01,13.92,15.5,17.01,12.34,14.82,17.01,8.98,12.97,17.01,8.5,11.99,17.01,8.48,11.8,19.15,8.48,12.68
IDCC.O,279.4,0.37,291.13,268.72,301.84,249.47,278.53,0.46,412.6,213.06,312.61,412.6,169.58,260.91,412.6,95.33,195.2,412.6,52.12,157.75,412.6,40.23,120.01,412.6,31.04,93.9
IDEXY.PK,15.95,0.58,16.28,15.61,16.49,15.59,15.99,0.44,17.26,11.8,13.69,17.26,11.56,13.45,17.26,10.22,12.99,17.26,6.6,11.62,17.26,4.99,9.93,17.26,4.99,8.98
IDKOY.PK,10.65,0.0,15.7,0.0,17.85,0.0,14.14,0.0,15.27,11.36,13.69,16.85,10.73,13.3,16.85,10.01,13.14,16.85,8.0,12.52,16.85,8.0,12.17,22.67,5.2,12.19
IDT.N,58.06,0.1,60.29,55.21,60.29,51.55,55.84,0.11,70.93,45.9,56.23,70.93,44.78,54.63,70.93,32.29,47.12,70.93,21.85,40.98,70.93,11.86,37.68,70.93,4.81,23.55
IDTRY.PK,1.46,0.0,10.2,0.0,10.49,0.0,2.12,0.0,13.64,11.54,12.23,13.87,11.54,12.75,13.87,11.54,12.75,13.87,11.54,12.75,13.87,11.54,12.75,13.87,11.54,12.75
IDXX.O,547.02,0.8,570.84,518.55,581.47,518.55,554.33,0.68,769.98,506.91,644.0,769.98,356.14,552.53,769.98,356.14,522.43,769.98,356.14,508.82,769.98,317.06,507.59,769.98,63.48,358.66
IDYA.O,37.15,1.7,39.51,34.84,39.51,26.81,33.35,1.75,37.08,20.5,28.03,37.08,13.45,24.23,47.74,13.45,30.7,47.74,13.29,28.19,47.74,8.14,24.02,47.74,2.95,20.44
IE.N,9.42,0.04,10.07,8.95,12.25,8.95,10.34,0.04,17.81,8.51,12.09,17.81,4.52,9.43,17.81,4.52,9.33,17.81,4.52,10.51,17.81,4.52,10.43,17.81,4.52,10.43
IEP.O,7.22,0.86,7.3,7.12,7.49,7.12,7.28,0.82,9.75,7.08,8.41,10.74,7.08,8.74,22.59,7.08,12.18,54.48,7.08,19.07,69.1,7.08,33.14,81.88,7.08,46.22
IESC.O,709.12,0.58,804.0,648.92,804.0,648.92,716.68,0.35,482.35,281.35,373.04,482.35,146.51,299.5,482.35,76.26,229.76,482.35,35.0,172.0,482.35,24.94,120.05,482.35,9.79,69.64
IESFY.PK,129.61,0.0,268.61,0.0,300.0,0.0,173.82,0.0,200.0,116.57,148.22,200.0,92.39,128.61,200.0,52.6,115.46,200.0,50.0,107.68,301.56,3.0,107.32,301.56,3.0,107.27
IEX.N,225.92,0.26,229.78,221.3,229.78,213.31,222.9,0.29,187.66,157.34,169.88,226.02,154.5,178.72,246.05,154.5,197.46,246.05,154.5,202.94,246.23,154.5,206.09,246.23,67.23,169.12
IFF.N,79.27,0.86,83.83,74.37,83.83,72.25,77.3,0.79,77.82,59.14,66.72,88.04,59.14,72.69,106.77,59.14,82.15,118.21,59.14,82.31,157.04,59.14,101.24,157.36,59.14,115.69
IFHLY.PK,0.0,0.0,0.0,0.0,0.0,0.0,0.0,0.0,,,,,,,,,,,,,,,,,,
IFJPY.PK,24.11,0.04,24.94,23.2,24.94,21.57,23.17,0.06,26.82,22.12,24.55,26.82,16.29,22.7,26.82,16.29,21.88,26.82,14.95,20.46,26.82,10.98,17.96,26.82,8.43,17.83
IFNNY.PK,90.15,0.43,95.1,84.55,101.5,84.55,91.03,0.59,45.13,35.89,40.72,45.13,25.8,38.58,45.13,25.8,36.97,45.13,25.8,36.99,49.99,21.43,36.6,49.99,11.0,29.1
IFS.N,57.18,0.05,59.09,55.01,59.09,45.65,55.63,0.07,43.61,35.67,39.88,43.61,28.11,36.47,43.61,20.7,30.65,43.61,18.11,27.95,43.61,17.68,27.38,47.46,17.68,28.52
IGGHY.PK,0.0,0.0,0.0,0.0,25.0,0.0,1.32,0.0,16.0,13.35,14.48,16.0,10.65,13.74,16.0,8.34,11.93,16.0,7.3,10.45,16.0,7.3,10.69,16.0,6.0,10.08
IGIC.O,26.75,0.07,28.24,25.0,28.24,24.5,25.8,0.08,25.76,20.82,23.71,26.85,20.82,23.9,26.85,10.73,19.97,26.85,7.27,16.32,26.85,6.26,12.79,26.85,5.11,11.47
IGIFF.PK,39.21,0.03,56.0,0.0,59.78,0.0,38.6,0.03,46.15,31.16,37.54,46.15,25.75,34.25,46.15,22.81,31.08,46.15,22.14,30.15,46.15,22.14,31.21,46.15,14.48,29.58
IHG.N,171.21,0.04,175.88,165.15,175.88,160.85,169.06,0.04,144.91,113.47,124.91,144.91,94.78,121.61,144.91,89.13,113.77,144.91,58.37,100.05,144.91,47.08,85.56,144.91,25.39,69.82
IHICY.PK,17.08,0.17,19.32,16.35,19.32,14.63,16.74,0.16,23.32,12.79,17.55,23.32,6.78,15.37,23.32,2.55,12.28,23.32,2.53,9.14,23.32,2.51,7.26,23.32,1.54,6.25
IHS.N,8.23,0.26,8.28,8.19,8.36,8.1,8.24,0.37,8.0,5.53,6.79,8.0,2.9,5.73,8.0,2.22,4.48,10.12,2.22,5.37,18.43,2.22,6.75,18.43,2.22,6.75
IIDDY.PK,0.0,0.0,0.0,0.0,0.0,0.0,0.0,0.0,,,,,,,,,,,,,,,,,,
IIJIY.PK,11.09,0.0,41.21,0.0,41.21,0.0,15.82,0.0,40.7,33.02,36.56,44.71,32.1,36.52,44.71,27.14,36.25,44.71,27.14,36.78,44.71,19.52,33.94,44.71,6.7,18.93
IIPR.K,62.46,0.46,63.7,60.15,63.7,56.01,60.87,0.56,59.83,44.58,53.08,75.71,44.58,57.38,138.35,44.58,83.2,138.35,44.58,82.19,288.02,44.58,119.38,288.02,14.5,93.15
IIPR.N,62.46,0.19,63.69,60.44,63.69,56.2,60.87,0.15,,,,,,,,,,,,,,,,,,
IIPR_pa.K,22.5,0.11,22.7,22.41,22.45,22.41,22.44,0.06,25.45,23.6,24.72,26.0,22.0,24.72,29.34,22.0,25.72,30.0,22.0,25.83,37.86,22.0,27.97,40.0,22.0,28.37
IIPR_PA.K,22.99,0.04,23.18,22.72,23.05,22.91,23.0,0.03,25.45,23.6,24.72,26.0,22.0,24.72,29.34,22.0,25.72,30.0,22.0,25.83,37.86,22.0,27.97,40.0,22.0,28.37
IIPR_pa.N,23.0,0.01,23.07,22.91,23.03,22.91,23.0,0.01,,,,,,,,,,,,,,,,,,
IKTSY.PK,77.07,0.02,79.06,75.69,79.06,73.59,76.41,0.01,68.65,58.95,64.7,69.97,51.96,64.2,69.97,51.96,62.73,69.97,45.6,59.02,87.5,39.79,61.57,87.5,38.2,61.51
ILKAY.PK,13.36,0.0,26.55,0.0,29.14,0.0,14.63,0.0,35.77,12.0,20.52,35.77,9.08,18.05,35.77,9.08,19.13,40.0,9.08,23.01,44.16,9.08,25.76,44.16,9.08,23.57
ILMN.O,182.58,2.23,195.09,173.24,195.09,155.55,170.49,2.03,138.8,88.0,108.29,153.06,68.7,101.55,156.66,68.7,114.79,231.83,68.7,133.58,540.12,68.7,212.52,540.12,68.7,228.68
ILPMY.PK,0.48,0.0,3.35,0.0,3.45,0.0,0.51,0.0,4.18,2.44,2.86,4.18,1.6,2.38,4.18,1.37,2.12,4.18,1.37,2.17,4.18,0.85,1.91,4.47,0.49,1.74
IMAX.K,40.34,1.36,44.74,36.9,45.52,36.9,41.88,1.06,39.98,24.2,31.61,39.98,20.48,28.61,39.98,13.2,23.68,39.98,13.2,21.77,39.98,12.13,20.2,39.98,6.01,21.5
IMAX.N,40.34,0.46,44.55,36.98,45.5,36.98,41.88,0.33,,,,,,,,,,,,,,,,,,
IMBBF.PK,36.79,0.0,38.4,36.19,38.46,34.95,36.81,0.0,45.85,38.07,41.49,45.85,30.71,39.21,45.85,20.75,32.9,45.85,19.31,30.54,45.85,18.75,27.7,55.45,14.68,30.77
IMBBY.PK,37.15,0.16,38.23,36.53,38.23,36.34,37.18,0.19,44.23,38.03,41.3,44.23,31.14,39.02,44.23,21.3,32.78,44.23,18.93,29.59,44.23,18.61,26.63,55.84,14.42,31.22
IMCDY.PK,46.09,0.04,48.8,44.53,52.12,44.53,48.1,0.14,68.17,42.6,53.18,81.17,42.6,61.61,90.78,0.0,69.83,90.78,0.0,70.24,112.97,0.0,49.07,112.97,0.0,24.51
IMCR.O,31.38,0.65,34.01,29.74,34.01,27.59,29.68,0.6,40.71,30.5,34.64,40.71,23.15,32.64,76.98,23.15,39.66,76.98,23.15,45.13,76.98,18.43,42.79,76.98,18.43,42.79
IMHDY.PK,0.0,0.0,0.0,0.0,0.0,0.0,0.0,0.0,,,,,,,,,,,,,,,,,,
IMIUY.PK,39.16,0.01,39.88,38.14,40.83,37.11,38.84,0.01,34.53,0.0,28.93,34.53,0.0,22.85,34.53,0.0,18.96,34.53,0.0,13.4,34.53,0.0,8.03,34.53,0.0,4.01
IMKTA.O,89.27,0.15,90.89,86.71,94.69,85.72,89.98,0.16,78.59,59.27,69.67,78.59,58.92,66.4,89.59,58.92,69.82,99.65,58.92,74.92,102.99,41.21,75.71,102.99,20.75,55.82
IMNM.O,21.51,2.39,24.3,19.27,24.3,17.83,19.68,1.87,25.3,7.96,13.75,25.3,5.15,11.38,30.96,5.15,13.45,30.96,2.4,11.14,63.78,2.09,11.79,63.78,2.09,11.78
IMO.N,112.8,0.01,114.87,110.61,124.45,109.93,115.82,0.01,100.93,78.52,88.73,100.93,59.3,79.63,100.93,54.58,73.99,100.93,44.24,67.0,100.93,18.77,55.45,100.93,7.04,44.51
IMOS.O,63.32,0.11,73.97,55.02,73.97,55.02,62.23,0.11,30.98,15.06,21.27,30.98,12.78,19.85,32.19,12.78,22.54,32.19,12.78,23.09,44.72,12.78,25.97,44.72,12.78,22.76
IMPJY.PK,0.73,0.0,5.09,0.0,5.85,0.0,1.16,0.0,10.5,7.68,8.72,10.5,5.81,7.92,10.5,3.79,6.79,10.5,3.12,6.0,10.5,2.74,5.21,10.5,1.66,5.11
IMPUY.PK,10.81,0.22,11.39,10.25,13.7,10.25,11.45,0.29,16.79,8.5,11.34,16.79,4.57,8.89,16.79,3.09,6.92,16.79,3.09,7.1,21.17,3.09,9.93,21.17,1.1,7.2
IMTX.O,9.79,0.45,10.38,9.27,10.38,8.76,9.57,0.41,12.41,5.05,8.12,12.41,3.3,6.64,13.77,3.3,8.74,13.77,3.3,9.05,18.42,3.3,9.76,18.42,3.3,9.96
IMVT.O,38.52,1.72,39.28,37.51,39.28,30.24,35.83,1.68,27.69,14.32,19.24,27.69,12.72,18.62,45.58,12.72,24.65,45.58,12.72,24.4,50.32,3.14,18.89,53.75,3.14,19.9
IMYSY.PK,4.27,0.0,5.46,0.0,5.52,0.0,4.28,0.0,,,,,,,,,,,,,,,,,,
INBX.O,95.72,0.37,103.79,88.8,103.79,85.66,93.62,0.34,94.56,13.97,46.38,94.56,10.8,30.21,94.56,10.8,24.43,94.56,10.8,24.43,94.56,10.8,24.43,94.56,10.8,24.43
INCY.O,113.66,2.09,118.69,106.48,118.69,96.09,107.19,2.23,109.28,66.83,87.9,109.28,53.56,77.45,109.28,50.35,70.19,109.28,50.27,68.83,109.28,50.27,71.85,153.15,50.27,80.79
INDB.O,84.48,0.48,85.75,82.72,85.75,79.2,82.77,0.43,78.17,61.19,69.51,78.17,52.15,66.44,78.17,45.11,62.08,85.12,43.28,61.1,99.85,43.28,69.16,99.85,39.58,68.66
INDOY.PK,0.0,0.0,0.0,0.0,0.0,0.0,0.0,0.0,7.37,4.7,6.08,7.37,4.7,6.04,8.19,4.7,6.38,13.21,4.7,6.86,15.0,4.7,10.23,20.0,4.7,11.15
INDV.O,40.78,2.33,42.81,39.2,42.81,37.2,39.38,1.94,38.0,14.52,25.73,38.0,7.62,18.59,38.0,7.33,16.61,38.0,7.33,17.64,38.0,6.65,16.65,38.0,1.75,15.1
INFQ.N,13.02,3.78,14.53,12.1,16.58,12.1,13.69,3.54,27.49,0.0,13.12,27.49,0.0,6.72,27.49,0.0,3.35,27.49,0.0,2.23,27.49,0.0,1.34,27.49,0.0,0.67
INFY.K,10.75,21.19,11.2,10.34,12.48,10.34,11.22,22.1,30.0,15.82,17.26,30.0,15.82,18.25,30.0,15.82,19.25,30.0,14.63,18.5,30.0,14.63,19.25,30.0,6.64,14.35
INFY.N,10.75,4.85,11.2,10.34,12.48,10.34,11.22,5.07,,,,,,,,,,,,,,,,,,
ING.N,31.56,0.88,32.99,30.68,32.99,28.66,30.89,1.11,28.35,21.85,24.94,28.35,15.47,22.04,28.35,12.78,19.19,28.35,11.0,17.29,28.35,8.14,15.12,28.35,4.52,13.92
INGM.K,27.03,1.74,28.4,25.56,30.2,25.56,28.19,1.68,23.93,18.09,20.99,24.81,14.25,20.48,25.69,14.25,20.79,25.69,14.25,20.79,25.69,14.25,20.79,25.69,14.25,20.79
INGM.N,27.03,0.84,28.34,25.6,30.17,25.6,28.19,0.66,,,,,,,,,,,,,,,,,,
INGR.K,96.71,0.92,99.54,94.44,104.54,94.44,98.73,1.2,138.4,102.31,120.83,141.78,102.31,127.05,155.44,102.31,125.61,155.44,89.54,117.94,155.44,73.82,106.91,155.44,59.11,105.78
INGR.N,96.71,0.37,99.32,94.49,104.42,94.49,98.73,0.54,,,,,,,,,,,,,,,,,,
INOD.O,73.36,1.64,83.58,67.1,113.83,67.1,88.72,1.42,93.85,36.25,57.86,93.85,26.41,49.95,93.85,5.46,33.36,93.85,2.96,25.1,93.85,2.78,17.49,93.85,0.75,9.59
INPAP.PK,0.0,0.0,0.0,0.0,81.13,0.0,8.53,0.0,100.0,76.13,83.26,100.0,65.0,79.35,100.0,65.0,75.22,100.0,65.0,75.76,154.0,65.0,85.48,154.0,65.0,93.2
INPOY.PK,8.71,0.01,8.9,8.5,8.93,8.5,8.74,0.01,7.97,5.28,6.54,9.1,0.0,7.1,10.16,0.0,6.89,10.16,0.0,6.13,11.34,0.0,5.57,11.34,0.0,2.78
INR.N,12.6,0.16,13.16,12.24,14.16,12.24,12.88,0.18,18.18,11.13,13.72,23.0,0.0,14.32,23.0,0.0,7.13,23.0,0.0,4.76,23.0,0.0,2.85,23.0,0.0,1.42
INRNY.PK,0.0,0.0,0.0,0.0,0.0,0.0,0.0,0.0,,,,,,,,,,0.0,0.0,0.0,0.0,0.0,0.0,0.0,0.0,0.0
INSM.O,107.05,3.46,112.57,101.67,112.57,90.39,101.08,4.96,212.75,95.01,152.49,212.75,60.4,115.4,212.75,21.92,84.33,212.75,16.04,63.55,212.75,16.04,48.6,212.75,9.02,35.0
INSP.K,45.8,1.61,49.84,42.78,49.84,39.73,43.4,1.12,147.03,70.77,98.46,216.01,70.77,129.79,257.4,70.77,159.1,330.0,70.77,185.31,330.0,70.77,196.51,330.0,22.5,153.37
INSP.N,45.8,0.61,49.82,42.8,49.82,40.01,43.4,0.41,,,,,,,,,,,,,,,,,,
INSW.K,80.12,0.83,89.4,75.05,90.75,75.05,82.43,0.67,55.18,36.21,46.33,55.18,27.2,41.4,62.33,27.2,45.4,62.33,26.54,42.37,62.33,10.23,32.29,62.33,6.62,24.12
INSW.N,80.12,0.33,89.01,75.13,90.72,75.13,82.43,0.25,,,,,,,,,,,,,,,,,,
INTA.O,25.47,0.93,28.03,21.91,28.03,20.75,23.88,0.97,51.61,35.51,42.35,77.74,35.51,51.05,77.74,30.36,46.92,77.74,23.86,43.91,77.74,13.52,37.0,77.74,13.52,37.0
INTC.O,128.87,110.21,142.35,117.63,142.35,99.46,124.93,131.69,44.02,18.96,30.99,44.02,17.66,26.26,50.3,17.66,28.66,51.28,17.66,30.38,68.49,17.66,37.14,69.29,17.66,41.22
INTR.O,5.45,6.31,5.72,5.19,6.1,5.16,5.53,5.36,10.22,6.4,8.35,10.22,4.0,7.17,10.22,3.88,6.56,10.22,1.37,5.47,10.22,1.37,5.11,10.22,1.37,5.11
INTU.O,266.39,5.88,277.57,253.21,308.74,252.84,272.57,5.85,813.7,619.82,690.83,813.7,532.64,665.66,813.7,532.64,649.76,813.7,370.62,592.3,813.7,339.36,542.05,813.7,88.17,370.39
INVA.O,22.69,1.01,23.97,21.7,24.17,21.7,22.73,0.86,22.76,16.52,19.51,22.76,16.52,19.06,22.76,14.32,18.15,22.76,10.64,16.41,22.76,10.64,15.73,22.76,7.56,14.4
INVH.K,30.3,5.64,30.6,29.12,30.6,28.24,29.59,6.64,33.21,26.02,29.37,35.8,26.02,31.12,37.8,26.02,32.79,37.8,26.02,32.83,45.8,26.02,34.44,45.8,15.64,30.17
INVH.N,30.3,2.05,30.6,29.31,30.6,28.24,29.59,2.5,,,,,,,,,,,,,,,,,,
INVX.K,24.62,0.6,26.3,22.21,29.67,22.21,26.32,0.5,24.31,14.65,18.75,24.31,11.93,17.49,25.19,11.93,17.76,35.95,11.93,20.64,41.23,11.93,23.5,69.4,11.93,34.82
INVX.N,24.62,0.3,26.19,22.99,29.67,22.99,26.32,0.23,24.28,15.0,18.75,24.28,13.18,17.49,25.17,12.54,17.76,35.88,12.54,20.64,41.19,12.54,23.5,68.75,12.54,34.82
IONQ.K,50.91,24.48,55.08,48.18,64.9,48.18,55.08,25.05,84.64,34.77,51.53,84.64,17.88,42.47,84.64,6.22,27.64,84.64,3.41,21.92,84.64,3.04,17.13,84.64,3.04,17.13
IONQ.N,50.91,6.83,55.05,48.19,64.9,48.19,55.08,5.21,,,,,,,,,,,,,,,,,,
IONS.O,80.52,2.46,84.01,76.25,84.01,72.3,76.64,2.11,83.61,39.72,62.06,83.61,23.95,47.75,83.61,23.95,45.42,83.61,23.95,44.05,83.61,23.95,42.34,86.58,19.59,46.47
IOSP.O,82.12,0.25,84.29,80.24,87.82,80.24,83.01,0.21,90.46,70.1,79.5,117.08,70.1,87.81,133.71,70.1,103.63,133.71,70.1,103.98,133.71,70.1,100.53,133.71,41.61,85.83
IOT.N,33.18,2.09,37.73,28.77,37.73,28.77,32.72,2.16,47.47,31.71,37.92,61.75,31.54,40.84,61.75,27.14,40.24,61.75,10.5,34.55,61.75,8.43,29.41,61.75,8.43,29.41
IP.N,38.55,1.75,39.82,37.43,39.82,31.78,36.69,2.07,56.1,35.56,44.98,60.15,35.56,47.88,60.35,32.73,46.13,60.35,29.01,42.32,61.8,29.01,44.33,63.18,25.0,44.3
IPAR.O,112.9,0.45,121.35,102.88,121.35,91.27,104.03,0.33,139.94,77.21,102.91,148.15,77.21,114.87,156.75,77.21,121.98,161.17,77.21,125.57,161.17,58.11,107.3,161.17,20.37,77.89
IPEU.PK,0.0,0.0,0.0,0.0,0.0,0.0,0.0,0.0,15.5,15.5,15.5,15.5,15.5,15.5,15.5,15.5,15.5,15.5,15.5,15.5,15.5,15.5,15.5,15.5,15.5,15.5
IPGP.O,110.0,0.45,119.85,99.55,121.73,99.55,111.47,0.4,92.21,66.82,79.86,92.21,48.59,72.49,108.09,48.59,77.68,141.85,48.59,88.69,262.55,48.59,113.57,264.11,48.59,131.3
IPGYY.PK,0.0,0.0,0.0,0.0,0.0,0.0,0.0,0.0,,,,0.0,0.0,0.0,0.0,0.0,0.0,0.0,0.0,0.0,0.0,0.0,0.0,0.0,0.0,0.0
IPOAF.PK,38.46,0.0,47.44,0.0,49.96,0.0,31.53,0.0,56.05,25.0,38.52,56.05,13.35,31.69,56.05,11.43,24.41,56.05,10.8,21.52,56.05,7.38,17.12,56.05,5.17,16.87
IPSEY.PK,13.52,0.0,48.69,0.0,48.69,0.0,16.97,0.0,38.95,30.01,33.91,38.95,25.11,31.11,38.95,25.11,30.35,38.95,25.11,30.09,38.95,19.35,28.01,44.6,9.1,27.8
IPX.O,27.94,0.3,30.59,25.3,38.54,25.3,31.1,0.33,60.9,27.44,40.76,60.9,12.28,32.33,60.9,9.26,24.85,60.9,4.62,19.1,60.9,4.3,17.11,60.9,4.3,17.11
IPXHY.PK,20.28,0.14,22.25,19.55,23.5,19.55,21.17,0.12,22.0,13.52,17.57,22.0,11.27,15.34,22.0,11.27,14.76,22.0,9.71,13.94,22.0,5.22,12.06,22.0,4.32,10.61
IQ.O,1.02,9.48,1.09,0.95,1.09,0.95,1.03,6.63,2.84,1.72,2.18,2.84,1.5,2.09,5.8,1.5,2.75,7.99,1.5,3.69,28.97,1.5,5.71,46.23,1.5,11.45
IQV.N,197.18,0.46,208.21,185.43,208.21,162.22,185.03,0.48,234.06,156.18,199.71,234.06,134.7,186.15,261.66,134.7,206.56,261.66,134.7,207.46,284.98,134.7,214.91,284.98,55.11,163.96
IR.N,81.16,1.48,83.17,79.47,83.17,69.88,77.65,1.31,90.39,72.46,80.46,95.85,65.64,81.65,106.01,65.64,87.13,106.01,51.84,78.99,106.01,39.29,67.4,106.01,17.01,51.7
IRDEY.PK,0.0,0.0,0.0,0.0,28.95,0.0,1.52,0.0,32.5,31.03,31.77,32.5,31.03,31.77,32.5,31.03,31.77,32.5,31.03,31.77,32.7,14.75,24.0,32.7,14.75,22.84
IRDM.O,50.98,4.8,57.18,40.6,57.18,40.6,47.39,3.65,33.34,15.64,21.19,34.45,15.64,24.33,41.4,15.64,26.87,68.34,15.64,35.63,68.34,15.64,38.06,68.34,6.14,27.59
IREN.O,44.66,43.69,52.29,37.66,63.17,37.66,52.31,41.38,76.87,13.99,37.94,76.87,5.12,23.77,76.87,3.56,15.97,76.87,1.15,11.99,76.87,1.02,10.94,76.87,1.02,10.94
IRM.N,125.03,0.75,133.66,114.78,134.11,114.78,126.52,0.64,108.04,77.77,94.97,112.17,72.62,95.13,130.23,64.8,94.94,130.23,48.92,82.59,130.23,27.75,67.98,130.23,21.0,50.57
IRMD.O,96.97,0.15,102.56,92.04,102.56,89.69,94.74,0.14,98.53,54.82,75.85,98.53,47.23,65.77,98.53,39.97,55.93,98.53,26.62,51.22,98.53,20.27,43.54,98.53,7.35,30.56
IRON.O,74.4,1.19,77.36,69.44,77.36,64.67,71.09,0.83,99.5,51.01,71.99,99.5,30.82,61.85,99.5,25.6,56.31,99.5,16.05,50.83,190.85,11.6,49.96,190.85,11.6,53.8
IRPSY.PK,0.0,0.0,0.0,0.0,0.0,0.0,0.0,0.0,3.5,3.5,3.5,3.5,3.5,3.5,3.5,3.5,3.5,3.5,3.5,3.5,3.5,3.5,3.5,3.5,3.5,3.5
IRS.N,15.58,0.02,16.17,14.88,17.42,14.88,16.01,0.03,16.93,9.95,13.32,16.93,9.72,13.14,16.93,5.71,10.97,16.93,3.28,8.93,16.93,2.19,6.53,20.71,1.73,7.94
IRT.N,16.97,1.48,17.36,16.52,17.36,15.66,16.66,1.32,18.17,15.06,16.95,21.86,15.06,18.16,22.26,14.08,18.12,22.26,11.63,17.49,28.42,11.63,18.52,28.42,6.0,14.43
IRTC.O,121.33,0.73,128.44,110.12,128.44,100.85,114.05,0.61,212.0,129.48,168.08,212.0,86.55,143.52,212.0,55.92,118.13,212.0,55.92,113.52,286.19,41.66,113.8,286.19,22.16,99.63
ISDAY.PK,28.16,0.0,99.25,0.0,106.59,0.0,57.42,0.0,112.32,87.0,102.24,112.32,62.0,91.87,112.32,45.0,75.8,112.32,41.25,65.28,112.32,36.45,58.03,112.32,16.0,37.46
ISMAY.PK,27.69,0.01,29.99,26.45,33.12,26.45,30.02,0.01,29.7,19.06,23.98,29.7,8.05,20.51,29.7,7.72,19.83,29.7,5.63,19.18,29.7,3.5,13.49,29.7,2.9,8.22
ISNPY.PK,41.45,0.37,43.07,40.24,43.31,38.32,41.13,0.33,42.15,33.93,38.32,42.15,23.59,34.39,42.15,17.6,28.52,42.15,13.64,24.31,42.15,9.36,20.41,42.15,8.44,17.98
ISRG.O,409.89,2.81,440.17,397.52,440.17,397.52,410.58,2.57,583.45,427.84,506.12,616.0,425.0,521.53,616.0,320.26,481.38,616.0,222.65,417.74,616.0,180.07,360.51,616.0,55.78,252.07
ISRXF.PK,0.0,0.0,0.0,0.0,0.0,0.0,0.0,0.0,450.83,450.83,450.83,450.83,450.83,450.83,450.83,450.83,450.83,450.83,450.83,450.83,450.83,450.83,450.83,450.83,450.83,450.83
ISUZY.PK,13.63,0.12,14.81,13.1,14.81,12.88,13.65,0.13,16.19,12.05,13.55,16.19,11.24,13.32,16.19,11.22,13.39,16.19,10.71,13.0,16.19,9.0,12.66,17.94,5.2,12.41
IT.N,132.74,0.48,138.73,125.72,164.19,124.85,138.44,0.56,409.71,222.74,266.17,583.39,222.74,358.33,583.39,222.74,417.23,583.39,222.74,395.31,583.39,150.11,345.43,583.39,76.91,234.9
ITAYY.PK,0.0,0.0,0.0,0.0,2.94,0.0,0.44,0.0,3.15,2.42,2.76,3.5,2.42,2.82,3.87,2.42,3.12,7.0,2.42,3.47,7.0,1.78,3.51,7.0,1.01,3.34
ITCFY.PK,2.22,0.0,16.75,0.0,16.75,0.0,0.82,0.0,,,,,,,,,,,,,,,,,,
ITCTY.PK,0.0,0.0,0.0,0.0,0.0,0.0,0.0,0.0,,,,,,,,,,,,,,,,,,
ITFCY.PK,0.0,0.0,0.0,0.0,0.0,0.0,0.0,0.0,0.0,0.0,0.0,0.0,0.0,0.0,0.0,0.0,0.0,0.0,0.0,0.0,0.0,0.0,0.0,0.0,0.0,0.0
ITGR.K,93.54,0.63,96.2,90.78,96.2,86.97,92.05,0.46,123.49,62.0,94.24,146.36,62.0,109.28,146.36,62.0,114.59,146.36,62.0,103.59,146.36,50.05,94.51,146.36,18.1,76.21
ITGR.N,93.54,0.23,96.14,90.79,96.14,88.45,92.05,0.18,,,,,,,,,,,,,,,,,,
ITJTY.PK,2.09,0.0,3.0,0.0,3.1,0.0,1.43,0.0,,,,,,,,,,,,,,,,,,
ITOCY.PK,11.43,0.46,11.81,10.91,11.88,10.91,11.48,0.52,12.98,10.08,11.42,12.98,7.91,10.53,12.98,7.91,10.03,12.98,5.88,9.08,12.98,4.83,7.84,12.98,2.08,5.7
ITRI.O,84.77,0.87,88.66,81.65,88.66,78.5,82.36,0.71,142.0,92.69,118.06,142.0,90.11,113.63,142.0,67.21,106.15,142.0,50.35,91.83,142.0,39.38,82.68,142.0,29.02,72.46
ITT.N,192.43,0.36,201.74,184.17,201.74,182.86,192.31,0.37,197.07,154.73,173.47,197.07,107.0,158.32,197.07,107.0,146.84,197.07,75.86,129.22,197.07,63.78,111.37,197.07,29.16,81.1
ITUB.K,8.17,21.34,8.31,7.92,8.31,7.39,7.95,24.0,7.89,5.93,6.86,7.89,4.29,6.23,7.89,4.29,5.9,7.89,3.74,5.54,7.89,3.13,4.97,8.23,2.41,5.18
ITUB.N,8.17,3.53,8.3,7.92,8.3,7.4,7.95,4.82,,,,,,,,,,,,,,,,,,
ITVPY.PK,10.84,0.01,11.25,10.58,11.64,10.42,10.91,0.01,12.04,8.67,10.63,12.04,8.36,10.22,12.04,7.02,9.73,12.04,7.02,9.52,19.79,5.98,10.91,40.38,5.98,15.66
ITW.N,270.32,0.55,275.5,264.25,275.5,250.11,263.6,0.53,270.0,238.83,254.85,278.02,214.69,252.08,279.04,214.69,253.29,279.04,214.69,248.15,279.04,173.55,235.32,279.04,79.15,190.88
IVA.O,3.68,1.9,4.0,3.35,4.08,3.35,3.69,1.37,7.98,2.85,4.5,7.98,2.11,3.78,7.98,1.53,3.39,7.98,1.53,3.63,19.06,1.53,6.52,19.06,1.53,7.03
IVBIY.PK,12.4,0.0,43.56,0.0,43.56,0.0,13.09,0.0,,,,,,,,,,,,,,,,,,
IVPAF.PK,7.58,0.33,8.02,7.22,9.12,7.15,7.98,0.42,11.79,7.41,9.4,12.72,6.5,9.54,15.6,6.5,11.14,15.6,6.5,10.35,15.6,4.64,9.13,15.6,0.0,5.8
IVSBF.PK,41.0,0.01,42.24,39.55,42.24,38.93,40.52,0.02,35.45,28.2,31.64,35.45,25.31,30.38,35.45,21.52,28.44,35.45,17.55,26.13,35.45,13.46,23.72,35.45,7.56,17.78
IVT.N,35.64,0.48,36.27,34.93,36.27,33.84,35.04,0.81,30.35,26.52,28.25,31.02,25.28,28.43,31.64,23.54,27.7,31.64,20.76,26.4,32.93,20.76,26.41,32.93,20.76,26.41
IVTJY.PK,0.0,0.0,0.0,0.0,0.0,0.0,0.0,0.0,,,,,,,,,,,,,,,,,,
IVZ.N,26.63,1.48,27.94,25.72,29.8,25.6,27.55,1.61,27.48,15.61,22.59,27.48,11.6,19.22,27.48,11.6,17.83,27.48,11.6,17.26,29.71,11.6,19.06,38.43,6.38,21.66
IWGFF.PK,2.5,0.04,2.64,2.41,2.64,2.34,2.47,0.09,3.39,2.56,2.96,3.39,1.8,2.68,3.39,1.8,2.48,3.39,1.58,2.37,5.65,1.31,2.76,5.9,1.24,2.93
IX.N,38.65,0.06,40.0,37.83,40.6,37.81,38.89,0.06,29.68,22.1,25.64,29.68,17.75,23.25,29.68,17.75,22.52,29.68,15.74,20.96,29.68,13.77,19.71,29.68,10.54,17.42
J.N,125.91,0.41,129.57,121.85,129.57,117.68,124.04,0.55,167.2,126.0,145.18,167.2,105.31,135.8,167.2,104.03,129.46,167.2,90.08,120.63,167.2,82.73,115.13,167.2,28.73,85.98
JAMF.O,0.0,0.0,0.0,0.0,0.0,0.0,0.0,0.0,13.05,7.08,10.59,16.12,7.08,11.46,16.12,7.08,11.46,16.12,7.08,11.46,16.12,7.08,11.46,16.12,7.08,11.46
JAN.N,28.89,0.96,30.0,27.81,30.0,24.82,27.04,0.76,0.0,0.0,0.0,0.0,0.0,0.0,0.0,0.0,0.0,0.0,0.0,0.0,0.0,0.0,0.0,0.0,0.0,0.0
JAN.O,0.58,1.09,0.65,0.54,0.8,0.54,0.63,1.34,,,,,,,,,,,,,,,,,,
JAPAF.PK,10.53,0.0,37.5,0.0,40.34,0.0,18.03,0.0,39.79,26.96,33.29,39.79,23.9,30.72,39.79,23.9,29.33,39.79,19.73,26.82,39.79,15.91,22.84,44.5,15.91,26.99
JAPAY.PK,18.66,0.08,19.47,18.31,19.8,18.15,18.84,0.09,19.51,14.02,16.58,19.51,11.91,15.28,19.51,11.91,14.48,19.51,9.65,13.34,19.51,7.85,11.77,22.14,7.85,13.02
JAPSY.PK,8.97,0.1,9.6,8.49,9.6,7.99,8.62,0.12,11.0,8.88,9.9,11.0,7.57,9.41,11.0,7.27,8.98,11.15,7.27,9.28,12.78,7.27,9.52,20.89,7.27,12.55
JAZZ.O,237.15,0.86,246.07,224.95,246.07,220.74,232.25,0.9,182.99,105.0,136.63,182.99,95.49,128.2,182.99,95.49,121.52,182.99,95.49,126.03,189.0,95.49,136.5,189.0,86.88,137.51
JBAXY.PK,17.34,0.17,18.44,16.62,18.44,15.75,16.67,0.1,16.14,13.07,14.11,16.14,11.05,13.63,16.14,10.3,12.61,16.14,9.73,12.66,16.14,8.17,12.32,16.14,4.92,10.92
JBFCY.PK,9.09,0.0,9.69,8.62,9.69,8.14,8.92,0.0,17.99,10.95,14.57,19.0,10.95,15.35,19.74,10.95,16.1,19.74,10.95,16.25,20.85,10.95,16.26,25.56,7.65,16.69
JBGS.K,14.97,0.76,15.68,14.11,15.68,13.71,14.64,0.66,24.3,16.66,19.74,24.3,13.28,17.79,24.3,13.28,17.04,24.3,12.63,16.56,34.98,12.63,20.97,43.21,12.63,26.88
JBHHY.PK,0.0,0.0,0.0,0.0,0.0,0.0,0.0,0.0,,,,,,,,,,35.16,35.16,35.16,35.16,35.16,35.16,35.16,35.16,35.16
JBHT.O,283.71,0.95,294.98,270.23,294.98,265.37,280.72,1.04,204.43,130.12,157.74,204.43,122.79,154.57,219.5,122.79,166.74,219.5,122.79,172.24,219.5,122.79,173.37,219.5,63.58,138.7
JBL.N,363.88,0.59,386.38,335.84,427.18,335.84,369.35,0.53,236.99,189.9,215.55,236.99,108.66,187.47,236.99,96.08,155.46,236.99,64.75,137.51,236.99,40.93,105.82,236.99,16.78,66.9
JBLU.O,5.9,32.75,6.27,5.4,6.27,4.56,5.46,29.55,5.73,3.98,4.68,8.31,3.34,5.08,8.31,3.34,5.62,9.45,3.34,5.95,21.96,3.34,8.94,24.13,3.34,13.47
JBND.N,53.48,0.08,53.76,53.21,53.76,53.02,53.38,0.07,54.74,52.79,53.94,54.74,51.65,53.42,55.06,50.97,53.09,55.06,0.0,39.17,55.06,0.0,23.47,55.06,0.0,11.72
JBS.N,12.11,3.35,12.42,11.79,12.71,11.5,12.11,2.2,17.8,12.38,14.16,17.8,12.38,14.16,17.8,12.38,14.16,17.8,12.38,14.16,17.8,12.38,14.16,17.8,12.38,14.16
JBTM.K,143.15,0.81,149.54,133.83,149.54,118.5,133.29,0.62,157.22,118.72,138.83,157.22,90.08,129.17,157.22,82.64,114.75,157.22,82.64,112.43,177.56,81.59,118.05,177.56,41.35,104.71
JBTM.N,143.15,0.33,149.38,135.5,149.38,118.61,133.29,0.23,,,,,,,,,,,,,,,,,,
JCAP.O,19.04,0.49,19.88,17.67,19.88,15.59,17.6,0.38,23.17,15.98,18.98,23.17,15.98,18.97,23.17,15.98,18.97,23.17,15.98,18.97,23.17,15.98,18.97,23.17,15.98,18.97
JCDXY.PK,0.0,0.0,0.0,0.0,0.0,0.0,0.0,0.0,,,,,,,,,,,,,,,,,,
JCI.N,142.68,1.78,151.13,138.16,151.13,138.16,143.73,1.64,123.74,102.17,110.83,123.74,68.08,99.31,123.74,51.75,84.15,123.74,47.91,76.09,123.74,45.52,70.97,123.74,22.79,54.67
JCYGY.PK,11.73,0.0,43.8,0.0,43.8,0.0,4.32,0.0,,,,,,,,,,,,,,,,,,
JD.O,25.86,9.59,26.95,24.55,29.22,24.55,27.08,8.47,36.86,28.21,31.91,46.44,28.21,34.44,47.82,20.82,32.24,67.1,20.82,33.97,105.63,20.82,47.62,105.63,18.74,42.1
JDCMF.PK,0.0,0.0,0.0,0.0,14.28,0.0,2.92,0.0,19.86,12.68,15.85,25.24,12.68,17.5,25.75,10.26,16.13,33.08,10.26,17.42,51.58,10.26,24.85,51.58,10.26,26.11
JDEPY.PK,16.88,0.0,17.45,16.46,17.49,0.0,16.12,0.0,19.64,13.63,17.34,19.64,0.0,14.21,19.64,0.0,9.27,19.64,0.0,6.19,19.64,0.0,3.71,19.64,0.0,1.85
JDHIY.PK,0.66,0.0,4.65,0.0,4.65,0.0,0.71,0.0,9.08,6.15,7.28,9.08,3.81,5.99,9.08,3.2,5.03,9.08,3.2,5.75,11.11,3.2,6.51,11.11,3.2,6.51
JDSPY.PK,1.09,0.0,1.13,1.06,1.14,1.04,1.1,0.01,1.39,0.9,1.16,1.39,0.72,1.09,2.19,0.72,1.3,2.58,0.72,1.49,3.79,0.72,1.7,3.79,0.72,1.73
JEF.N,51.32,0.94,55.71,46.62,63.98,46.62,57.09,0.81,70.99,48.52,59.15,82.63,39.43,58.85,82.63,38.77,56.41,82.63,28.34,49.17,82.63,21.86,42.33,82.63,10.71,30.62
JEHLY.PK,0.0,0.0,0.0,0.0,0.0,0.0,0.0,0.0,,,,,,,,,,,,,,,,,,
JEXYY.PK,9.83,0.0,23.88,0.0,28.13,0.0,5.07,0.0,26.75,22.72,24.64,29.0,19.95,23.38,29.0,18.29,21.93,29.0,17.16,21.44,29.0,13.76,21.02,32.46,13.76,24.62
JFR.N,7.67,0.11,7.73,7.61,7.73,7.56,7.65,0.11,8.59,7.7,8.15,8.98,7.12,8.26,9.16,7.12,8.46,9.16,7.12,8.32,10.42,7.12,8.71,12.24,4.69,9.39
JGCCY.PK,0.0,0.0,0.0,0.0,34.95,0.0,3.42,0.0,24.1,15.31,20.38,24.1,13.18,17.39,24.1,13.18,17.69,30.0,13.18,21.03,31.01,13.18,21.64,49.93,12.52,28.37
JGHHY.PK,0.0,0.0,0.0,0.0,0.0,0.0,0.0,0.0,0.0,0.0,0.0,0.0,0.0,0.0,0.0,0.0,0.0,0.0,0.0,0.0,0.0,0.0,0.0,0.0,0.0,0.0
JGSMY.PK,0.0,0.0,0.0,0.0,0.0,0.0,0.0,0.0,,,,,,,,,,,,,,,,,,
JHG.N,29.68,1.79,52.0,0.0,52.0,0.0,43.68,1.16,49.42,38.68,43.71,49.42,28.32,41.01,49.42,28.19,38.26,49.42,22.18,34.39,49.42,19.09,33.94,49.42,11.81,30.92
JHPCY.PK,0.0,0.0,0.0,0.0,13.6,0.0,0.72,0.0,,,,,,,,,,,,,,,,,,
JHX.N,26.06,2.06,26.7,25.48,26.7,22.0,24.9,2.32,29.82,16.47,22.0,34.91,16.47,24.81,43.57,16.47,30.23,43.57,16.47,28.8,43.57,16.47,29.41,43.57,8.78,22.63
JINFF.PK,11.38,0.0,20.91,0.0,20.91,0.0,14.84,0.01,21.92,8.15,15.63,21.92,4.98,11.97,21.92,3.83,9.01,21.92,2.87,7.47,21.92,1.3,5.59,21.92,0.32,3.32
JJSF.O,74.86,0.34,76.7,72.72,81.36,71.59,75.58,0.27,129.24,80.67,100.76,158.07,80.67,113.99,180.8,80.67,137.06,180.8,80.67,143.63,181.71,80.67,147.27,196.84,80.67,144.18
JKHY.O,139.12,1.49,148.12,125.24,148.12,121.04,131.38,1.74,189.95,144.12,166.3,196.0,144.12,171.07,196.0,144.12,171.07,196.0,136.57,167.14,212.62,136.57,169.77,212.62,73.19,147.37
JKS.N,16.28,0.21,17.28,15.34,20.8,15.34,17.81,0.23,31.88,20.9,24.54,31.88,13.42,22.42,37.35,13.42,23.28,61.27,13.42,29.29,76.92,13.42,38.0,90.2,7.13,29.48
JLL.N,316.79,0.18,330.46,300.05,330.46,292.85,305.47,0.15,347.46,246.6,299.55,347.46,194.6,273.36,347.46,167.19,247.49,347.46,120.0,217.0,347.46,120.0,211.32,347.46,78.3,171.33
JMHLY.PK,62.2,0.02,65.18,58.92,66.0,58.92,62.43,0.02,70.0,48.18,60.67,70.0,35.25,51.88,70.0,34.15,45.32,70.0,34.15,45.97,70.0,34.15,50.26,72.29,34.15,54.33
JMIA.K,6.81,1.66,7.46,6.13,7.65,6.13,6.88,1.89,13.55,3.92,9.44,13.55,1.6,6.31,15.04,1.6,5.97,15.04,1.6,5.08,69.89,1.6,10.14,69.89,1.6,10.94
JMIA.N,6.81,0.45,7.44,6.16,7.63,6.16,6.88,0.44,,,,,,,,,,,,,,,,,,
JMPLY.PK,36.9,0.0,53.93,0.0,59.67,0.0,34.22,0.0,60.8,46.11,53.22,60.8,29.01,44.48,60.8,29.01,42.67,60.8,29.01,43.72,95.72,29.01,51.77,102.55,29.01,60.06
JMREY.PK,0.0,0.0,0.0,0.0,15.5,0.0,0.82,0.0,,,,,,,,,,,,,,,,,,
JNBBY.PK,0.0,0.0,0.0,0.0,0.0,0.0,0.0,0.0,,,,0.0,0.0,0.0,0.0,0.0,0.0,0.0,0.0,0.0,0.0,0.0,0.0,0.0,0.0,0.0
JNJ.N,255.48,3.3,263.1,241.19,263.1,227.5,243.16,3.2,215.17,152.81,184.54,215.17,140.68,170.16,215.17,140.68,162.81,215.17,140.68,161.98,215.17,140.68,164.79,215.17,94.3,148.09
JOBY.K,8.79,53.53,9.43,8.3,10.3,8.3,9.21,43.73,20.95,9.56,15.27,20.95,4.96,11.41,20.95,4.5,8.53,20.95,3.22,7.66,20.95,3.15,7.62,20.95,3.15,7.72
JOBY.N,8.79,7.49,9.43,8.3,10.3,8.3,9.21,5.73,,,,,,,,,,,,,,,,,,
JOE.N,63.11,0.16,67.62,60.33,67.62,60.33,64.41,0.14,63.13,46.43,53.21,63.13,40.2,49.56,64.53,40.2,52.53,65.87,38.39,51.43,65.87,31.11,48.92,65.87,12.64,33.72
JOYY.O,66.93,0.35,69.76,64.84,69.93,64.58,66.99,0.34,67.85,48.53,58.0,67.85,37.53,51.49,67.85,27.88,42.58,67.85,24.12,39.85,148.88,21.38,45.78,148.88,21.38,58.14
JPC.N,7.83,0.23,7.92,7.73,7.92,7.71,7.8,0.18,8.29,7.84,8.12,8.29,6.79,7.99,8.29,6.72,7.76,8.29,5.94,7.38,10.07,5.94,7.96,10.76,4.62,8.77
JPDYY.PK,0.54,0.0,3.77,0.0,3.8,0.0,0.6,0.0,1.48,1.48,1.48,1.48,1.18,1.33,1.6,1.03,1.32,3.38,1.03,1.87,5.91,1.03,3.18,28.4,1.03,9.78
JPM.N,332.45,4.46,343.34,325.02,343.34,309.01,326.45,4.02,330.81,280.31,303.51,330.81,202.16,279.87,330.81,164.42,242.39,330.81,123.12,209.7,330.81,101.32,182.52,330.81,52.6,140.06
JPM_pc.N,25.25,0.11,25.38,25.09,25.41,25.09,25.26,0.07,25.73,25.07,25.4,25.73,24.75,25.3,25.82,24.75,25.28,25.89,23.87,25.24,28.87,23.87,25.82,28.88,0.0,18.19
JPM_pj.N,19.29,0.05,19.39,19.08,19.39,18.96,19.23,0.03,21.71,19.97,20.65,21.87,19.36,20.59,24.85,19.36,21.38,24.85,19.03,21.31,27.64,18.87,22.44,27.82,0.0,14.12
JPNPY.PK,2.73,0.0,9.75,0.0,9.75,0.0,1.51,0.0,,,,,,,,,,,,,,,,,,
JPPHY.PK,11.9,0.0,15.03,0.0,16.39,0.0,13.57,0.0,10.89,8.88,9.84,11.9,8.15,9.74,11.9,8.15,9.65,11.9,6.99,9.14,11.9,6.53,8.38,12.01,6.53,8.43
JPPTY.PK,19.3,0.07,20.45,18.68,21.25,18.68,19.64,0.07,14.69,0.0,2.32,14.69,0.0,1.19,14.69,0.0,0.68,14.69,0.0,0.6,14.69,0.0,0.43,14.69,0.0,0.21
JPSWY.PK,24.43,0.0,26.5,22.3,26.75,0.0,23.23,0.0,39.92,24.6,30.56,39.92,12.52,26.48,39.92,7.85,23.01,39.92,7.85,21.3,39.92,7.85,19.25,39.92,4.82,16.75
JPXGY.PK,12.78,0.15,13.55,12.33,14.27,12.33,13.04,0.1,12.07,9.45,10.84,12.07,9.33,10.8,14.08,9.33,11.42,14.08,6.75,10.48,14.08,6.31,10.26,14.21,5.38,9.5
JRONY.PK,38.63,0.03,39.76,37.12,41.3,37.12,39.77,0.03,54.5,46.05,49.28,54.5,37.01,47.13,54.5,32.68,43.96,59.7,32.68,45.36,59.7,30.45,43.86,59.7,23.02,41.16
JSAIY.PK,17.35,0.04,18.24,16.41,18.24,15.87,16.73,0.06,18.56,14.75,16.85,18.56,11.3,15.16,18.56,11.3,14.36,18.56,10.35,13.89,18.56,7.21,13.43,18.56,7.21,12.91
JSGRY.PK,15.62,0.0,23.0,0.0,23.0,0.0,14.44,0.0,26.68,20.62,23.41,26.68,20.35,22.77,27.03,20.35,23.18,35.17,20.35,24.9,61.89,20.35,31.73,61.89,18.8,35.35
JTEKY.PK,0.0,0.0,0.0,0.0,39.46,0.0,2.08,0.0,,,,,,,,,,,,,,,,,,
JTKWY.PK,3.33,0.0,4.36,0.0,4.7,0.0,3.52,0.0,4.78,3.43,4.54,4.78,2.29,4.17,4.78,2.15,3.48,5.68,2.15,3.44,36.0,2.15,6.65,40.0,0.0,4.94
JTTRY.PK,0.0,0.0,0.0,0.0,15.74,0.0,1.56,0.0,,,,,,,,,,,,,,,,,,
JUMSY.PK,14.84,0.0,26.58,0.0,27.94,0.0,16.43,0.0,39.81,29.21,33.63,39.81,23.49,33.27,39.81,23.49,32.27,39.81,14.35,31.23,39.81,11.6,29.4,39.81,7.2,16.57
JVCZY.PK,0.0,0.0,0.0,0.0,0.0,0.0,0.0,0.0,36.1,30.0,33.05,46.62,30.0,37.0,46.62,30.0,34.91,46.62,11.94,21.73,46.62,5.29,15.04,46.62,5.29,12.64
JXAMY.PK,37.4,0.0,57.2,0.0,68.28,0.0,44.13,0.0,,,,,,,,,,,,,,,,,,
JXHLY.PK,13.07,0.0,16.7,0.0,17.35,0.0,14.58,0.0,15.0,9.15,11.77,15.0,7.7,10.72,15.0,7.7,10.41,15.0,6.51,9.64,15.0,6.22,8.77,16.05,5.3,9.52
JXN.N,105.55,0.31,110.42,101.93,111.77,101.93,107.26,0.29,109.13,82.65,96.44,109.13,64.82,90.78,115.22,47.64,83.86,115.22,26.84,68.63,115.22,22.49,58.09,115.22,22.49,58.09
JYSKY.PK,0.0,0.0,0.0,0.0,0.0,0.0,0.0,0.0,,,,,,,,,,,,,,,,,,
KAEPY.PK,7.42,0.0,7.55,6.75,7.82,6.75,7.43,0.0,8.43,5.61,7.25,8.43,4.84,6.51,9.3,4.84,7.01,9.3,4.6,6.94,9.3,3.64,6.53,9.3,3.64,6.31
KAI.N,314.89,0.07,325.61,303.9,325.61,278.5,302.12,0.06,368.0,245.64,305.16,409.4,245.64,321.06,429.95,245.64,319.27,429.95,176.65,285.48,429.95,134.1,246.84,429.95,33.49,165.43
KAIKY.PK,4.43,0.0,16.35,0.0,16.8,0.0,3.4,0.0,15.36,12.2,14.11,15.73,11.62,14.05,16.73,10.0,14.48,16.73,7.03,12.68,16.73,2.05,9.4,16.73,1.03,7.5
KAJMY.PK,31.45,0.0,38.61,0.0,39.59,0.0,34.34,0.0,39.9,22.28,32.84,39.9,15.22,25.54,39.9,15.22,20.16,39.9,10.67,17.44,39.9,8.97,14.58,39.9,8.12,14.45
KALU.O,184.52,0.44,195.96,169.19,195.96,169.19,182.64,0.32,119.13,71.44,87.32,119.13,46.8,78.39,119.13,46.8,78.75,119.13,46.8,76.33,141.07,46.8,85.66,141.07,46.8,88.2
KAOOY.PK,7.31,0.1,8.49,6.27,8.49,6.27,7.44,0.24,9.7,7.67,8.64,9.8,7.26,8.58,10.16,7.13,8.51,10.16,6.78,8.21,15.46,6.59,9.09,17.5,6.59,11.22
KARO.O,51.15,0.12,56.76,47.51,56.76,44.05,48.57,0.1,60.53,41.25,48.84,63.36,35.88,47.55,63.36,23.35,40.31,63.36,18.59,34.8,63.36,18.59,33.17,63.36,18.59,33.17
KB.N,104.35,0.07,113.91,97.01,115.81,97.01,104.96,0.07,92.28,76.43,83.14,92.28,46.39,73.2,92.28,36.57,65.17,92.28,35.2,56.66,92.28,30.14,51.55,92.28,20.93,45.77
KBCSY.PK,67.82,0.04,69.72,66.25,69.72,63.55,67.01,0.06,66.36,50.64,58.92,66.36,36.52,52.0,66.36,30.13,44.23,66.36,26.84,40.63,66.36,22.72,38.67,66.36,18.29,36.3
KBDC.K,13.7,0.33,14.0,13.41,14.8,13.41,13.95,0.32,16.28,13.06,14.88,17.99,13.06,15.59,17.99,13.06,15.85,17.99,13.06,15.85,17.99,13.06,15.85,17.99,13.06,15.85
KBDC.N,13.7,0.1,13.99,13.42,14.79,13.42,13.95,0.08,,,,,,,,,,,,,,,,,,
KBDCY.PK,22.99,0.0,80.45,0.0,80.45,0.0,15.56,0.0,,,,15.05,15.05,15.05,15.05,15.05,15.05,15.05,15.05,15.05,15.05,15.05,15.05,15.05,15.05,15.05
KBGGY.PK,15.3,0.08,16.93,13.89,16.93,13.89,15.43,0.08,19.6,11.11,14.34,88.86,0.0,14.11,88.86,0.0,9.27,88.86,0.0,6.2,88.86,0.0,3.71,88.86,0.0,1.85
KBH.N,61.39,0.56,63.63,59.42,63.63,51.35,56.61,0.55,68.61,52.36,60.99,70.94,48.91,59.7,89.7,48.91,66.2,89.7,32.04,59.48,89.7,24.81,50.77,89.7,9.04,37.66
KBR.N,34.62,0.82,37.69,32.16,37.69,31.62,34.39,0.69,52.19,39.54,45.69,60.92,39.54,49.06,72.51,39.54,55.89,72.51,39.54,56.32,72.51,28.47,51.37,72.51,11.61,35.42
KC.O,8.95,1.11,9.39,8.35,12.16,8.35,9.97,1.35,17.79,10.29,13.39,22.26,9.12,13.66,22.26,2.02,8.57,22.26,2.02,7.47,74.67,1.77,12.59,74.67,1.77,14.93
KCDMY.PK,11.11,0.05,11.33,10.31,11.33,10.0,10.86,0.06,11.17,8.25,9.9,11.17,6.71,9.11,12.3,6.5,9.23,12.3,6.5,9.66,12.3,5.93,8.92,12.95,5.93,9.16
KD.N,11.6,1.7,12.52,10.68,12.52,10.37,11.44,1.56,44.17,23.3,30.73,44.17,23.3,33.7,44.17,19.19,29.19,44.17,11.13,24.45,52.0,7.93,21.29,52.0,7.93,21.29
KDDIF.PK,4.79,0.0,17.03,0.0,18.55,0.0,3.62,0.0,18.0,14.18,16.44,19.79,13.45,16.44,19.79,12.46,15.76,19.79,12.46,15.6,19.79,11.89,15.73,19.79,10.7,15.1
KDDIY.PK,16.69,0.35,17.57,16.21,17.69,14.67,16.81,0.36,18.67,12.95,16.79,19.09,9.06,16.73,19.09,9.06,15.99,19.09,9.06,15.75,19.09,9.06,15.74,19.09,9.06,14.64
KDK.O,5.25,1.12,5.74,5.0,6.7,5.0,5.73,1.67,11.48,5.43,9.54,11.62,5.43,10.33,11.62,5.43,10.52,11.62,5.43,10.46,11.62,5.43,10.46,11.62,5.43,10.46
KDOKY.PK,0.0,0.0,0.0,0.0,11.09,0.0,0.58,0.0,,,,,,,,,,,,,,,,,,
KDP.O,32.94,23.42,33.82,31.7,33.82,29.83,31.89,18.68,35.94,25.03,29.4,36.12,25.03,31.24,38.28,25.03,32.26,38.28,25.03,32.51,41.31,25.03,33.9,41.31,13.05,27.68
KEN.N,67.84,0.01,71.17,65.81,77.01,65.23,69.17,0.01,66.88,41.54,50.37,66.88,27.36,41.8,66.88,19.63,33.7,66.88,17.81,31.08,68.66,17.81,34.68,68.66,3.69,25.41
KEP.N,12.31,0.33,12.83,11.91,13.9,11.78,12.48,0.39,18.27,12.5,14.73,18.27,6.68,11.78,18.27,6.68,9.76,18.27,5.93,8.88,18.27,5.76,9.07,28.35,5.76,12.39
KERCY.PK,0.0,0.0,0.0,0.0,0.0,0.0,0.0,0.0,,,,,,,,,,,,,,,,,,
KEX.N,134.64,0.26,139.8,128.59,144.55,128.59,138.5,0.24,122.02,79.56,101.06,122.02,79.56,102.81,132.02,74.88,106.04,132.02,60.14,95.73,132.02,47.64,82.32,132.02,32.76,74.81
KEY.N,23.22,3.79,23.72,22.86,23.72,21.67,22.78,4.01,21.25,16.48,18.56,21.25,12.73,17.42,21.25,12.73,16.56,21.25,8.54,15.23,27.16,8.54,17.35,27.16,7.46,16.88
KEY_pi.N,24.98,0.02,25.07,24.81,25.25,24.81,25.01,0.01,25.26,24.48,24.95,25.72,23.61,24.88,25.87,21.41,24.42,26.37,15.64,23.52,31.21,15.64,25.28,31.47,0.0,23.95
KEYRY.PK,0.0,0.0,0.0,0.0,0.0,0.0,0.0,0.0,0.0,0.0,0.0,0.0,0.0,0.0,0.0,0.0,0.0,0.0,0.0,0.0,0.0,0.0,0.0,0.0,0.0,0.0
KEYS.K,335.44,2.12,368.99,311.32,374.96,311.32,343.4,1.67,214.58,152.85,176.1,214.58,121.43,167.59,214.58,119.72,159.18,214.58,118.57,156.84,214.58,118.57,158.23,214.58,21.07,110.76
KEYS.N,335.44,0.83,367.99,311.38,374.75,311.38,343.4,0.61,,,,,,,,,,,,,,,,,,
KFY.N,69.77,0.38,73.16,66.4,74.67,66.4,71.13,0.32,78.0,62.5,70.11,78.0,59.26,68.62,80.56,55.01,67.79,80.56,44.48,62.3,84.68,41.97,62.84,84.68,18.57,50.13
KGBLY.PK,0.0,0.0,0.0,0.0,214.1,0.0,20.75,0.0,,,,,,,,,,,,,,,,,,
KGC.N,24.09,1.63,25.07,23.14,29.03,23.14,25.16,1.85,29.9,15.05,22.61,29.9,9.37,17.88,29.9,4.76,12.87,29.9,3.4,10.22,29.9,3.0,8.33,29.9,1.31,6.4
KGCRF.PK,1.05,0.0,1.28,0.0,1.45,0.0,1.18,0.02,1.81,0.6,1.19,1.81,0.16,0.8,1.81,0.0,0.44,1.81,0.0,0.3,1.81,0.0,0.18,1.81,0.0,0.09
KGDEY.PK,78.0,0.0,82.54,71.98,104.1,71.98,84.67,0.0,247.26,163.86,198.18,247.26,99.32,179.97,247.26,69.97,138.23,247.26,69.97,143.01,523.53,69.97,184.33,523.53,31.7,187.34
KGFHY.PK,7.64,0.1,7.83,7.37,7.83,7.25,7.59,0.14,8.47,6.53,7.7,8.47,5.47,7.29,8.8,5.26,6.99,8.8,4.8,6.67,10.76,4.48,7.13,11.02,2.5,7.3
KGFTY.PK,0.0,0.0,0.0,0.0,0.0,0.0,0.0,0.0,,,,0.0,0.0,0.0,0.0,0.0,0.0,0.0,0.0,0.0,0.0,0.0,0.0,0.0,0.0,0.0
KGS.N,72.34,1.14,77.02,66.18,77.02,65.38,69.98,0.85,38.2,30.11,34.55,50.43,29.32,36.5,50.43,20.02,32.63,50.43,15.05,29.64,50.43,15.05,29.64,50.43,15.05,29.64
KGSPY.PK,92.17,0.02,97.19,88.42,101.92,88.42,95.05,0.02,90.89,71.63,82.23,94.26,65.86,81.67,99.85,65.86,84.58,99.85,54.83,80.45,126.15,42.3,81.98,126.15,2.5,75.06
KGTFY.PK,0.0,0.0,0.0,0.0,0.0,0.0,0.0,0.0,,,,,,,,,,,,,,,,,,
KGTHY.PK,4.42,0.0,10.8,0.0,10.8,0.0,2.61,0.0,10.93,0.0,4.55,17.27,0.0,5.47,17.27,0.0,5.53,17.9,0.0,6.38,26.25,0.0,7.38,26.25,0.0,4.26
KHC.O,24.31,15.12,25.52,22.94,25.52,22.0,23.73,14.14,29.19,23.6,26.02,33.35,23.6,27.39,38.96,23.6,31.09,42.8,23.6,32.93,44.95,23.6,34.98,97.77,19.99,46.76
KHNGY.PK,49.21,0.01,51.45,47.75,51.45,44.9,47.95,0.01,44.97,36.76,40.74,49.66,36.76,43.05,70.74,36.76,49.83,70.74,36.76,52.31,78.44,36.76,53.89,78.44,23.56,44.78
KHOLY.PK,11.53,0.0,21.02,0.0,21.35,0.0,11.79,0.0,23.04,18.09,20.29,28.49,17.1,20.73,41.78,17.1,25.24,41.78,16.87,24.34,41.78,8.7,19.31,41.78,8.22,18.37
KIGRY.PK,11.35,0.05,12.55,10.72,12.55,10.26,11.36,0.03,20.1,13.57,16.98,20.1,7.66,13.87,20.1,7.66,12.23,20.1,7.3,11.3,29.3,4.5,14.4,29.3,4.5,15.27
KIKOY.PK,2.9,0.0,20.27,0.0,21.55,0.0,2.2,0.0,20.35,15.73,17.78,22.54,15.73,18.62,26.9,15.73,21.51,26.9,15.73,21.89,33.51,15.73,22.38,33.51,11.73,20.6
KIM.N,25.43,1.86,25.9,25.02,26.07,24.06,25.22,2.28,22.96,19.76,21.25,23.64,17.93,21.26,25.83,17.58,21.26,25.83,16.27,20.62,26.44,14.22,20.95,32.1,7.42,20.08
KIM_pl.N,19.35,0.01,19.55,19.17,19.9,19.17,19.56,0.01,22.47,19.41,20.79,22.47,19.39,20.61,24.18,19.39,21.48,24.18,18.82,21.6,26.73,18.82,22.83,27.05,0.0,19.45
KIROY.PK,6.08,0.22,6.39,5.8,6.84,5.8,6.15,0.09,7.22,5.47,6.27,7.22,4.78,6.14,10.5,4.78,6.94,11.16,4.78,7.49,18.06,4.78,9.0,18.06,0.5,8.01
KKMMY.PK,0.0,0.0,0.0,0.0,0.0,0.0,0.0,0.0,,,,,,,0.0,0.0,0.0,0.0,0.0,0.0,0.0,0.0,0.0,0.0,0.0,0.0
KKOYY.PK,11.09,0.06,11.31,10.88,12.47,10.88,11.48,0.05,12.74,10.11,11.01,12.74,8.71,10.81,12.74,8.4,10.16,12.74,7.93,10.08,25.6,7.93,11.73,25.6,2.18,11.14
KKPNY.PK,4.98,0.94,5.35,4.73,5.35,4.73,5.0,0.78,4.96,4.36,4.66,4.96,3.51,4.45,4.96,3.28,4.11,4.96,3.02,3.89,4.96,2.56,3.63,4.96,1.85,3.36
KKR.N,92.27,1.66,97.46,88.23,101.01,88.23,94.45,1.42,153.79,112.01,133.17,170.38,86.15,130.23,170.38,78.96,122.6,170.38,46.31,101.34,170.38,37.49,83.38,170.38,10.89,53.04
KKR_pd.N,39.94,0.04,41.36,38.68,42.34,38.68,40.55,0.02,59.9,47.26,53.44,59.9,0.0,42.29,59.9,0.0,21.06,59.9,0.0,14.06,59.9,0.0,8.42,59.9,0.0,4.21
KKRT.N,24.34,0.03,24.73,24.05,24.97,24.05,24.53,0.03,26.16,25.26,25.74,26.16,0.0,15.3,26.16,0.0,7.62,26.16,0.0,5.09,26.16,0.0,3.05,26.16,0.0,1.52
KLAC.O,260.37,18.26,307.37,228.01,2431.29,228.01,664.11,13.57,1286.81,832.24,1052.92,1286.81,551.33,898.55,1286.81,542.41,804.42,1286.81,355.88,687.72,1286.81,250.2,549.76,1286.81,62.33,334.45
KLAR.K,19.99,5.56,22.09,18.7,22.09,15.52,18.29,5.03,57.2,27.9,35.95,57.2,27.9,35.95,57.2,27.9,35.95,57.2,27.9,35.95,57.2,27.9,35.95,57.2,27.9,35.95
KLAR.N,19.99,1.08,22.07,18.7,22.07,15.52,18.29,1.09,,,,,,,,,,,,,,,,,,
KLBAY.PK,6.59,0.0,6.69,6.44,6.9,6.35,6.61,0.01,10.23,5.98,6.9,10.23,5.51,6.85,10.23,5.51,7.33,10.23,5.51,7.45,10.87,5.51,7.64,11.52,4.16,7.98
KLIC.O,127.76,1.67,135.8,117.2,135.8,96.46,119.59,1.38,50.19,31.32,39.65,50.19,26.62,38.21,56.71,26.62,42.63,60.2,26.62,45.51,75.29,26.62,47.81,75.29,9.63,34.36
KLKBY.PK,0.0,0.0,0.0,0.0,0.0,0.0,0.0,0.0,,,,,,,,,,,,,,,,,,
KLPPY.PK,6.63,0.0,24.55,0.0,24.55,0.0,2.44,0.0,,,,,,,,,,,,,,,,,,
KLYCY.PK,7.02,0.04,8.9,0.0,8.9,0.0,6.62,0.02,10.38,8.39,9.37,11.69,8.39,9.61,11.87,8.1,9.65,11.87,6.92,9.13,11.87,5.78,8.86,11.87,3.08,7.47
KMB.N,110.92,0.06,115.02,107.12,115.02,97.45,105.4,0.05,137.34,99.41,119.31,144.21,99.41,121.18,144.21,99.41,121.18,144.21,99.41,121.18,144.21,99.41,121.18,144.21,99.41,121.18
KMI.N,32.27,4.71,33.34,31.5,33.34,30.88,31.94,4.08,29.42,25.6,27.19,31.48,23.95,27.37,31.48,16.48,24.16,31.48,15.9,21.87,31.48,13.48,20.06,31.48,9.43,19.16
KMPB.N,23.83,0.01,24.12,23.55,24.12,23.55,23.83,0.0,24.14,23.15,23.69,24.17,20.69,23.32,24.17,20.15,22.97,24.17,16.62,21.65,25.44,0.0,16.65,25.44,0.0,8.31
KMPR.K,27.48,2.2,29.07,25.35,29.07,23.84,26.03,1.51,64.96,33.91,49.5,72.25,33.91,56.61,73.01,33.91,58.78,73.01,33.91,55.65,83.98,33.91,57.65,91.98,23.51,59.3
KMPR.N,27.48,0.96,29.07,25.36,29.07,23.87,26.03,0.62,,,,,,,,,,,,,,,,,,
KMRSF.PK,0.0,0.0,0.0,0.0,0.0,0.0,0.0,0.0,,,,0.0,0.0,0.0,0.0,0.0,0.0,0.0,0.0,0.0,0.0,0.0,0.0,0.0,0.0,0.0
KMT.N,34.79,0.47,36.58,32.98,37.53,32.56,34.91,0.45,29.89,17.63,24.0,29.89,17.3,22.9,32.14,17.3,24.05,32.14,17.3,24.82,43.03,17.3,27.86,52.5,14.46,30.82
KMTS.O,25.85,0.66,27.98,21.79,27.98,18.45,22.27,0.42,30.0,13.25,21.82,30.0,13.25,21.92,30.0,13.25,21.92,30.0,13.25,21.92,30.0,13.25,21.92,30.0,13.25,21.92
KMTUY.PK,39.4,0.12,41.84,38.34,43.13,38.34,40.6,0.2,39.56,30.65,33.91,39.56,24.75,31.78,39.56,24.05,29.96,39.56,20.53,28.49,39.56,17.11,27.0,40.43,13.38,25.73
KMX.N,52.1,0.99,54.5,49.39,54.5,46.59,51.16,1.21,71.97,30.26,49.85,89.47,30.26,61.44,90.92,30.26,68.93,90.92,30.26,70.06,155.97,30.26,85.87,155.97,30.26,78.61
KN.N,39.61,0.62,42.19,36.6,42.91,36.6,39.82,0.48,24.52,17.36,21.64,24.52,12.24,19.38,24.52,12.24,18.38,24.52,12.24,17.77,24.52,11.57,18.29,24.52,9.68,17.18
KNBWF.PK,0.0,0.0,0.0,0.0,18.56,0.0,0.98,0.0,16.42,13.64,15.01,16.42,12.85,14.49,16.42,12.85,13.98,16.64,12.85,14.54,22.82,12.85,16.07,28.75,12.85,17.73
KNBWY.PK,17.44,0.02,17.86,16.88,17.86,16.13,17.2,0.03,16.15,13.15,14.6,16.15,12.25,14.25,16.25,12.25,14.22,16.84,12.25,14.43,23.42,12.25,15.6,30.08,12.25,18.26
KNCAY.PK,1.93,0.0,6.97,0.0,7.22,0.0,1.09,0.0,8.92,5.6,7.41,8.92,5.16,6.86,9.3,4.87,6.62,9.3,4.87,6.81,11.81,4.87,7.85,21.32,4.84,12.55
KNCRY.PK,1.09,0.0,7.66,0.0,7.66,0.0,0.8,0.0,20.73,15.4,17.54,20.73,11.94,16.2,20.73,9.35,13.82,20.73,5.89,12.41,20.73,3.95,11.07,20.73,3.95,9.98
KNF.N,86.9,0.28,96.27,81.24,96.27,72.1,83.14,0.23,94.73,58.72,75.95,108.78,58.72,84.85,108.78,58.72,82.57,108.78,33.91,75.17,108.78,33.91,75.17,108.78,33.91,75.17
KNRRY.PK,29.31,0.01,31.01,27.87,31.01,27.69,29.19,0.01,28.02,22.62,24.97,28.02,17.34,23.82,28.02,14.82,21.39,28.02,13.62,19.75,35.82,10.25,21.08,35.82,0.0,15.65
KNSA.O,61.8,1.75,65.16,56.56,65.16,47.95,56.46,1.03,44.42,26.27,36.3,44.42,17.82,29.84,44.42,16.56,25.6,44.42,10.29,22.07,44.42,7.36,18.57,44.42,5.01,17.96
KNSL.K,335.15,0.41,355.89,306.94,355.89,294.55,317.71,0.36,512.76,349.0,430.54,512.76,349.0,443.8,548.47,334.1,443.61,548.47,250.9,411.2,548.47,153.12,330.89,548.47,18.0,212.37
KNSL.N,335.15,0.16,355.63,306.94,355.63,294.55,317.71,0.13,,,,,,,,,,,,,,,,,,
KNTK.K,48.33,1.29,50.17,47.26,50.17,44.23,47.31,1.21,46.88,31.33,39.2,67.6,31.33,45.03,67.6,31.33,43.98,67.6,26.32,40.38,67.6,22.78,37.51,104.8,4.7,43.62
KNTK.N,48.33,0.53,50.16,47.26,50.16,44.38,47.31,0.46,,,,,,,,,,,,,,,,,,
KNTNF.PK,15.85,0.05,16.9,15.09,17.85,14.82,16.07,0.06,17.74,10.0,12.73,17.74,5.95,10.69,17.74,3.9,8.13,17.74,3.35,7.02,17.74,3.35,6.63,17.74,0.31,4.18
KNX.N,76.89,0.93,78.69,74.5,82.84,72.72,77.38,1.05,54.17,38.65,45.1,60.36,36.7,46.01,60.99,36.7,49.45,64.35,36.7,51.36,64.35,36.7,51.02,64.35,16.31,42.89
KNYJF.PK,16.34,0.0,58.1,0.0,59.23,0.0,18.1,0.0,72.0,60.03,65.4,72.0,49.0,61.52,72.0,44.35,55.7,72.0,41.25,52.86,88.81,36.05,61.64,90.25,36.05,55.93
KNYJY.PK,28.53,0.07,29.19,28.09,29.19,27.48,28.37,0.08,35.73,30.26,32.98,35.73,23.14,30.9,35.73,22.69,28.2,35.73,19.97,27.06,44.31,17.72,28.98,44.8,17.72,28.28
KO.N,82.19,7.6,84.56,79.97,84.56,78.75,81.36,7.12,73.22,65.36,69.27,74.38,60.62,69.16,74.38,57.94,66.56,74.38,51.55,64.34,74.38,48.12,61.75,74.38,36.27,54.27
KOBCY.PK,0.0,0.0,0.0,0.0,0.0,0.0,0.0,0.0,0.0,0.0,0.0,0.0,0.0,0.0,0.0,0.0,0.0,0.0,0.0,0.0,0.0,0.0,0.0,0.0,0.0,0.0
KOD.O,37.08,1.19,40.17,33.46,40.17,29.21,35.17,0.87,31.18,3.6,14.55,31.18,1.92,9.63,31.18,1.92,6.89,31.18,1.37,6.16,171.21,1.37,28.18,171.21,1.37,31.7
KODK.N,9.09,0.38,9.7,8.3,10.15,8.3,9.38,0.36,9.95,4.95,6.89,9.95,4.94,6.68,9.95,3.34,5.84,9.95,3.04,5.28,13.98,2.78,5.68,60.0,1.51,6.36
KOF.N,106.85,0.03,108.88,104.77,109.96,103.18,106.66,0.04,98.95,80.28,87.29,101.74,72.7,88.1,104.28,72.7,88.9,104.28,64.97,86.37,104.28,41.6,73.73,104.28,36.16,68.9
KONMY.PK,7.7,0.0,53.89,0.0,59.7,0.0,5.98,0.0,88.81,64.64,75.12,88.81,42.81,70.96,88.81,25.02,56.44,88.81,22.07,47.57,88.81,20.68,39.85,88.81,20.68,39.85
KOS.N,2.11,5.88,2.22,2.0,3.1,2.0,2.42,4.14,2.42,0.84,1.59,4.0,0.84,1.97,6.93,0.84,3.55,8.55,0.84,4.69,8.55,0.84,4.65,9.75,0.5,5.07
KOTMY.PK,4.36,0.0,15.65,0.0,17.31,0.0,7.76,0.0,16.0,11.9,14.16,16.0,10.43,13.08,16.69,10.43,13.51,20.3,10.43,14.89,38.7,10.43,18.92,38.7,10.43,20.08
KOZAY.PK,0.0,0.0,0.0,0.0,0.0,0.0,0.0,0.0,0.0,0.0,0.0,0.0,0.0,0.0,0.0,0.0,0.0,0.0,0.0,0.0,0.0,0.0,0.0,0.0,0.0,0.0
KPCPY.PK,27.03,0.02,29.21,25.17,29.21,23.85,25.86,0.02,25.2,18.24,21.62,25.2,16.07,20.04,25.2,12.52,17.58,25.2,12.52,16.72,25.2,11.94,16.56,30.12,8.75,18.62
KPELF.PK,1.26,0.0,8.83,0.0,8.83,0.0,0.46,0.0,8.29,6.07,7.21,8.29,4.75,6.29,8.29,4.6,5.65,8.29,3.95,5.15,8.29,3.53,4.54,8.29,3.04,4.5
KPELY.PK,16.95,0.0,18.0,16.46,18.17,16.12,17.06,0.0,16.2,11.23,14.14,16.2,7.93,12.27,16.2,7.93,11.19,16.2,5.71,10.53,16.2,4.79,8.66,16.2,3.89,7.25
KPLUF.PK,0.0,0.0,0.0,0.0,16.8,0.0,0.88,0.0,16.08,13.04,13.97,18.62,11.96,14.78,18.62,11.29,14.12,23.39,11.29,15.71,38.6,9.83,17.88,38.6,5.17,18.1
KPLUY.PK,6.45,0.0,7.75,0.0,8.15,0.0,6.9,0.0,9.53,6.24,7.24,9.77,5.4,7.48,9.77,5.21,7.03,12.48,5.21,7.72,19.26,4.81,8.49,19.26,2.67,9.16
KPTCY.PK,0.0,0.0,0.0,0.0,0.0,0.0,0.0,0.0,,,,,,,,,,,,,,,,,,
KR.N,57.09,2.44,59.45,54.16,65.02,54.16,59.83,2.85,74.89,60.96,67.51,74.89,58.12,66.9,74.89,44.48,60.38,74.89,42.1,55.67,74.89,31.43,51.01,74.89,19.7,40.18
KRC.N,38.46,0.66,39.77,36.68,39.77,36.01,37.99,0.65,45.0,34.15,40.16,45.0,27.1,37.24,45.0,27.1,36.85,45.0,26.0,35.68,79.06,26.0,46.02,88.34,26.0,57.71
KREVF.PK,0.19,0.0,0.71,0.0,0.71,0.0,0.14,0.01,1.2,0.5,0.74,1.2,0.5,0.71,1.2,0.5,0.68,1.2,0.5,0.67,2.14,0.5,0.76,2.14,0.5,0.77
KRG.N,28.71,0.84,29.33,28.16,29.39,27.65,28.62,0.93,24.07,20.75,22.37,25.0,18.49,22.34,28.04,18.49,22.86,28.04,18.49,22.34,28.04,14.23,21.49,30.27,6.83,19.91
KRMN.K,50.62,3.51,59.0,44.0,59.0,44.0,49.31,3.7,88.82,43.49,63.63,88.82,25.02,52.58,88.82,25.02,52.58,88.82,25.02,52.58,88.82,25.02,52.58,88.82,25.02,52.58
KRMN.N,50.62,1.04,59.0,44.29,59.0,44.15,49.31,1.13,,,,,,,,,,,,,,,,,,
KRNGY.PK,0.0,0.0,0.0,0.0,2.13,0.0,0.1,0.0,2.9,1.76,2.16,2.9,1.4,1.95,2.96,1.4,2.06,4.04,1.4,2.32,4.04,1.4,2.4,4.04,1.4,2.4
KRNTY.PK,9.26,0.0,64.8,0.0,64.8,0.0,3.41,0.0,82.7,72.0,76.39,86.89,64.63,76.4,86.89,62.07,72.9,86.89,52.49,69.15,86.89,37.67,58.73,86.89,24.15,45.58
KRP.N,14.57,0.1,14.88,14.4,15.79,14.4,14.86,0.13,15.11,11.32,13.43,16.58,10.99,13.75,17.06,10.99,14.83,17.12,10.99,15.05,20.06,7.91,14.81,24.23,3.51,15.03
KRYAY.PK,93.28,0.01,96.09,91.52,96.09,83.21,89.29,0.01,111.47,87.3,93.73,113.38,87.3,99.15,113.38,79.21,95.13,113.38,75.13,94.38,153.37,75.13,104.73,153.37,66.21,106.83
KRYPY.PK,1.53,0.0,10.69,0.0,12.39,0.0,1.2,0.0,,,,,,,,,,,,,,,,,,
KRYS.O,371.9,0.42,382.54,347.2,382.54,300.0,343.99,0.4,265.92,130.5,180.08,265.92,122.8,169.0,265.92,107.5,169.31,265.92,69.81,147.43,265.92,38.86,114.93,265.92,8.03,81.88
KSHTY.PK,1.11,0.02,1.22,1.03,1.23,1.03,1.12,0.02,2.59,0.0,1.48,2.59,0.0,1.18,2.68,0.0,0.93,2.68,0.0,0.66,2.88,0.0,0.42,2.88,0.0,0.21
KSPI.O,88.32,0.35,91.62,85.14,91.62,76.59,84.46,0.42,99.2,70.61,81.58,111.45,70.61,86.45,143.72,70.61,100.28,143.72,70.61,99.4,143.72,43.5,97.64,143.72,43.5,97.56
KSRYY.PK,0.0,0.0,0.0,0.0,6.71,0.0,2.35,0.0,8.2,5.93,7.43,9.24,5.93,7.99,14.94,5.93,10.31,24.56,5.93,13.87,35.49,5.93,18.53,47.63,5.93,23.9
KSS.N,18.34,1.65,19.62,16.86,19.62,15.23,17.55,1.45,25.22,8.34,16.03,25.22,6.04,12.9,29.6,6.04,17.51,35.76,6.04,19.88,64.8,6.04,30.75,83.1,6.04,39.23
KT.N,17.54,0.32,18.12,17.14,19.06,17.14,18.07,0.4,21.51,17.55,19.52,21.51,15.55,18.85,21.51,12.1,16.58,21.51,11.04,15.17,21.51,10.41,14.45,21.51,6.66,13.82
KTB.N,83.5,0.4,87.42,77.82,87.42,71.74,79.48,0.35,86.91,53.57,72.92,96.74,51.0,71.96,96.74,51.0,71.35,96.74,37.17,63.05,96.74,31.02,56.69,96.74,12.91,50.16
KTOS.O,50.32,9.09,58.88,46.01,61.7,46.01,53.22,5.83,112.57,41.87,72.95,112.57,23.9,53.62,112.57,16.71,37.39,112.57,9.87,29.85,112.57,8.9,25.76,112.57,2.8,19.35
KTWIY.PK,32.23,0.0,117.75,0.0,122.41,0.0,45.25,0.0,87.65,64.91,75.07,87.65,53.24,71.28,90.38,53.24,75.0,93.83,53.24,75.74,106.71,53.24,78.41,106.71,41.65,77.77
KUBTY.PK,84.52,0.02,86.8,81.89,91.83,81.89,86.26,0.02,75.0,53.65,63.92,75.0,51.65,61.58,85.0,51.65,66.43,85.0,51.65,68.84,125.81,51.65,80.08,125.81,51.65,79.73
KURRY.PK,0.0,0.0,0.0,0.0,0.0,0.0,0.0,0.0,39.35,27.64,33.46,46.02,27.64,36.24,47.28,27.64,36.57,47.28,23.83,35.1,47.28,20.57,33.12,61.38,20.57,38.26
KVUE.K,19.28,22.24,19.87,18.78,19.87,17.44,18.56,20.86,22.87,14.02,18.38,25.17,14.02,20.37,25.17,14.02,20.57,27.8,14.02,21.09,27.8,14.02,21.09,27.8,14.02,21.09
KVUE.N,19.28,5.11,19.86,18.78,19.86,17.45,18.56,5.35,,,,,,,,,,,,,,,,,,
KVYO.K,15.6,6.66,17.14,13.73,17.14,12.53,14.59,6.17,36.76,23.44,30.15,49.55,23.44,32.98,49.55,21.26,31.17,49.55,21.26,31.04,49.55,21.26,31.04,49.55,21.26,31.04
KVYO.N,15.6,2.36,17.13,13.8,17.13,12.54,14.59,1.65,,,,,,,,,,,,,,,,,,
KW.N,0.0,0.0,0.0,0.0,11.04,0.0,3.47,0.61,9.98,6.78,8.49,10.11,5.98,8.19,12.73,5.98,9.19,18.89,5.98,11.26,25.29,5.98,14.86,25.29,5.98,17.18
KWHIY.PK,7.14,0.31,7.52,6.64,8.22,6.64,7.33,0.27,34.35,23.35,27.55,34.35,16.63,25.37,34.35,8.42,19.58,34.35,7.88,16.31,34.35,5.96,13.34,34.35,4.73,11.83
KWR.N,159.23,0.08,163.07,152.43,163.07,136.35,151.06,0.06,148.26,111.69,133.27,148.26,95.91,127.73,212.19,95.91,152.56,220.82,95.91,163.13,301.99,95.91,181.86,301.99,68.2,168.09
KXIAY.PK,54.77,2.52,65.88,43.15,70.95,42.55,55.0,2.34,9.75,0.0,1.78,9.75,0.0,0.91,9.75,0.0,0.45,9.75,0.0,0.3,9.75,0.0,0.18,9.75,0.0,0.09
KYCCF.PK,503.36,0.0,529.65,451.0,529.65,407.74,482.12,0.0,479.33,303.33,375.65,503.51,303.33,393.47,537.9,303.33,420.79,537.9,303.33,426.67,711.32,303.33,449.68,711.32,112.68,363.88
KYHHY.PK,0.0,0.0,0.0,0.0,0.0,0.0,0.0,0.0,,,,,,,,,,,,,,,,,,
KYIV.O,15.57,1.27,16.55,14.32,16.55,13.26,14.51,0.82,16.48,10.16,12.28,16.48,10.0,11.81,16.48,9.92,11.71,16.48,9.92,11.71,16.48,9.92,11.71,16.48,9.92,11.71
KYKOY.PK,4.58,0.0,16.25,0.0,16.25,0.0,4.85,0.0,18.66,0.0,1.77,18.66,0.0,1.68,19.85,0.0,1.48,19.85,0.0,1.19,19.85,0.0,0.71,19.85,0.0,0.36
KYMR.O,113.01,1.9,130.05,105.0,130.05,73.05,96.85,1.34,103.0,36.65,56.31,103.0,19.44,46.12,103.0,19.44,43.05,103.0,9.6,36.94,103.0,9.6,39.09,103.0,9.6,39.37
KYN.N,13.83,0.04,14.06,13.35,14.17,13.17,13.76,0.05,12.68,11.32,12.12,13.64,9.82,12.29,13.69,8.35,11.39,13.69,7.84,10.43,13.69,5.68,9.57,22.15,1.0,12.34
KYOAY.PK,22.65,0.06,25.0,21.05,25.0,20.54,22.73,0.07,14.74,10.58,13.13,14.74,9.77,12.32,15.63,9.21,12.22,15.63,9.21,12.5,17.42,9.21,13.37,17.98,9.21,13.82
KYOCY.PK,22.65,0.06,25.0,21.05,25.0,20.54,22.73,0.07,14.74,10.58,13.13,14.74,9.77,12.32,15.63,9.21,12.22,15.63,9.21,12.5,17.42,9.21,13.37,17.98,9.21,13.82
KYSEY.PK,10.78,0.0,11.46,10.3,12.84,9.8,10.8,0.0,11.3,0.0,0.24,11.3,0.0,0.33,11.3,0.0,0.42,11.3,0.0,0.34,11.3,0.0,0.28,12.73,0.0,0.42
KZHXY.PK,0.0,0.0,0.0,0.0,0.0,0.0,0.0,0.0,,,,,,,,,,,,,,,,,,
L.N,114.0,0.4,116.7,110.69,116.7,105.97,110.37,0.43,109.06,89.35,98.89,109.06,79.2,92.93,109.06,69.65,85.28,109.06,52.89,77.38,109.06,44.16,69.0,109.06,27.41,57.17
LAC.N,3.81,1.72,4.04,3.68,4.76,3.68,4.15,1.91,10.51,2.47,4.47,10.51,2.32,3.7,10.51,2.02,3.79,12.38,2.02,4.2,12.38,2.02,4.2,12.38,2.02,4.2
LAD.N,296.6,0.12,310.1,283.44,318.63,283.44,300.23,0.11,360.14,283.61,320.06,405.14,265.0,322.31,405.14,243.04,309.73,405.14,198.94,295.08,417.19,180.33,299.81,417.19,56.1,208.37
LADR.K,10.06,1.4,10.38,9.74,10.45,9.74,10.15,1.13,11.92,10.34,11.06,11.92,9.68,11.01,12.48,9.68,11.17,12.48,8.76,10.93,12.7,8.67,11.07,18.97,2.65,12.41
LADR.N,10.06,0.61,10.38,9.74,10.45,9.74,10.15,0.43,,,,,,,,,,,,,,,,,,
LAMR.O,156.43,0.85,158.44,152.56,158.44,148.34,153.41,0.71,134.37,113.44,124.47,134.37,99.64,121.61,139.33,99.64,120.49,139.33,76.9,112.25,139.33,76.9,107.83,139.33,30.54,89.05
LAR.N,8.02,0.38,8.58,7.71,10.07,7.71,8.61,0.54,5.85,2.03,3.89,5.85,1.72,3.09,6.49,1.72,3.49,10.85,1.72,4.89,16.73,1.72,6.67,16.73,0.78,4.94
LASR.O,64.85,1.69,69.82,58.43,72.49,58.43,65.65,1.29,39.99,17.84,29.1,39.99,6.2,20.39,39.99,6.2,16.14,39.99,6.2,14.69,46.45,6.2,17.56,46.45,6.2,19.15
LAUR.O,37.35,1.56,39.7,35.91,39.7,34.04,36.64,1.55,34.37,21.53,28.53,34.37,17.82,24.56,34.37,12.45,19.9,34.37,9.07,17.27,34.37,5.49,13.77,34.37,3.4,10.72
LAZ.N,41.31,0.89,43.58,39.06,50.0,39.06,42.8,1.39,58.0,46.11,51.92,58.0,32.03,48.89,61.07,32.03,46.71,61.07,25.82,42.11,61.07,25.82,41.56,61.07,20.95,40.48
LB.N,70.87,0.18,81.0,59.61,81.0,59.61,67.57,0.11,85.55,48.13,56.65,87.14,48.13,63.85,87.14,18.75,58.01,87.14,18.75,58.01,87.14,18.75,58.01,87.14,18.75,58.01
LBRDA.O,32.24,0.34,39.39,30.16,39.39,29.18,31.84,0.24,94.62,44.51,60.26,95.91,44.51,69.39,95.91,44.19,65.31,95.91,44.19,69.79,176.83,44.19,92.93,176.83,39.37,89.93
LBRDB.PK,14.26,0.0,36.0,0.0,36.0,0.0,15.03,0.0,99.0,45.26,55.5,100.25,45.26,69.93,100.25,45.26,68.38,100.25,45.26,72.75,178.0,45.26,103.55,178.0,41.0,101.1
LBRDK.O,32.25,1.91,39.6,30.26,39.6,29.08,31.89,1.83,94.97,44.63,60.51,97.36,44.63,69.85,97.36,43.49,65.69,97.36,43.49,70.06,181.65,43.49,94.15,181.65,38.66,90.92
LBRDP.O,21.68,0.02,22.12,21.3,22.2,21.3,21.77,0.01,25.55,24.02,24.71,26.88,23.39,24.71,26.88,21.82,24.01,26.88,20.9,23.59,29.44,20.9,24.89,29.44,20.9,24.91
LBRT.K,25.42,4.63,27.29,23.21,29.42,23.21,26.89,4.04,20.96,9.9,14.14,23.58,9.5,14.55,24.75,9.5,17.44,24.75,9.5,16.9,24.75,8.5,15.44,24.75,2.17,14.52
LBRT.N,25.42,1.58,27.28,23.22,29.39,23.22,26.89,1.24,,,,,,,,,,,,,,,,,,
LBTYA.O,11.27,2.51,11.68,10.84,12.48,10.84,11.51,2.1,12.08,9.62,11.03,13.17,9.02,10.93,14.3,8.09,10.46,14.3,7.73,10.08,15.75,7.73,11.11,20.47,7.73,12.81
LBTYB.O,7.18,0.0,14.5,0.0,14.5,0.0,8.98,0.0,13.04,9.79,11.12,13.59,9.15,10.93,21.9,9.15,14.64,22.2,9.15,15.46,38.89,9.15,19.27,58.31,9.15,23.01
LBTYK.O,10.85,1.25,11.24,10.49,12.03,10.49,11.08,1.26,12.32,9.94,11.16,13.62,9.21,11.17,14.83,8.39,10.82,14.83,8.39,10.54,15.96,8.39,11.55,19.82,7.51,12.91
LC.N,20.13,0.93,21.21,19.14,21.21,16.99,19.04,0.7,20.9,11.75,16.42,20.9,7.9,14.2,20.9,7.48,12.4,20.9,4.74,10.85,49.2,4.74,13.73,56.2,4.32,16.71
LCID.O,6.23,18.77,6.96,5.07,6.96,4.47,5.54,15.55,33.7,10.46,19.29,36.4,10.46,22.23,44.3,10.46,26.06,178.1,10.46,39.79,648.6,10.46,117.35,648.6,10.46,116.28
LCII.K,101.08,1.15,108.0,94.0,108.0,89.0,95.45,0.69,125.0,84.33,103.11,125.0,72.31,98.05,129.38,72.31,105.78,137.07,72.31,109.21,163.33,72.31,116.61,163.33,51.66,106.18
LCII.N,101.08,0.3,107.88,94.69,107.88,89.01,95.45,0.19,,,,,,,,,,,,,,,,,,
LCLN.N,24.04,0.26,24.96,22.7,25.21,22.45,23.84,0.14,0.0,0.0,0.0,0.0,0.0,0.0,0.0,0.0,0.0,0.0,0.0,0.0,0.0,0.0,0.0,0.0,0.0,0.0
LCSHF.PK,0.0,0.0,0.0,0.0,8.4,0.0,0.87,0.0,8.59,7.38,7.85,8.59,6.28,7.41,8.59,5.59,6.87,8.59,4.93,6.37,8.59,3.12,5.8,8.59,3.12,5.96
LCSHY.PK,0.0,0.0,0.0,0.0,0.0,0.0,0.0,0.0,,,,,,,,,,,,,,,,,,
LDGYY.PK,0.0,0.0,0.0,0.0,15.0,0.0,0.79,0.0,,,,,,,,,,,,,,,,,,
LDI.N,1.23,0.68,1.34,1.16,1.34,1.1,1.18,0.55,5.04,1.24,2.54,5.04,1.01,1.99,5.04,1.01,2.17,5.04,1.01,2.1,38.53,1.01,4.0,38.53,1.01,4.0
LDOS.K,103.69,2.07,109.97,98.86,125.0,98.86,110.38,2.09,205.77,156.3,181.75,205.77,123.62,163.22,205.77,106.38,153.81,205.77,76.58,134.1,205.77,76.58,120.25,205.77,29.56,93.36
LDOS.N,103.69,0.7,109.96,98.97,124.99,98.97,110.38,0.79,,,,,,,,,,,,,,,,,,
LDSCY.PK,8.75,0.07,8.96,8.57,9.44,8.23,8.7,0.13,9.2,7.12,8.01,9.31,6.34,7.86,9.46,6.34,8.02,10.05,6.34,7.98,13.0,5.3,8.6,16.13,5.3,9.19
LEA.N,133.98,0.22,138.86,128.99,148.98,128.99,138.54,0.25,119.0,91.67,105.36,119.0,74.36,98.52,147.11,74.36,108.94,157.48,74.36,118.36,204.91,74.36,133.94,206.32,63.22,135.91
LECO.O,264.18,0.44,278.81,254.19,279.08,251.85,265.47,0.42,252.0,205.36,235.52,252.0,161.11,215.13,261.13,161.11,213.22,261.13,143.76,202.45,261.13,110.52,174.48,261.13,45.54,128.94
LEG.N,11.72,1.12,11.96,11.3,11.96,9.84,11.07,0.99,12.03,7.86,9.68,12.03,6.48,9.37,26.84,6.48,12.2,38.54,6.48,17.92,59.15,6.48,27.51,59.15,6.48,35.89
LEGN.O,29.03,1.76,30.27,27.56,36.85,27.43,31.24,2.61,45.3,21.19,32.78,45.3,21.19,33.43,70.13,21.19,41.84,77.32,21.19,48.48,77.32,21.19,45.65,77.32,21.19,44.25
LEN.N,90.23,0.85,95.95,85.85,95.95,85.85,90.19,1.03,144.21,102.72,122.44,144.21,98.88,119.53,186.66,98.88,138.89,186.66,87.77,129.55,186.66,60.54,112.89,186.66,24.6,82.12
LENb.N,88.35,0.03,92.91,84.01,93.22,84.01,88.26,0.03,137.39,95.12,115.95,137.39,94.5,113.63,167.96,94.5,128.87,167.96,71.62,118.14,167.96,50.09,99.09,167.96,18.09,69.79
LEU.N,166.67,0.23,179.81,157.0,192.27,145.0,167.92,0.23,462.0,162.59,261.58,462.0,49.68,180.63,462.0,34.04,116.36,462.0,24.9,91.39,462.0,17.4,68.69,462.0,1.01,36.86
LEVI.K,24.49,2.91,25.58,23.47,25.58,22.43,23.93,2.6,24.82,18.32,21.4,24.82,12.17,19.26,24.82,12.17,19.12,24.82,12.17,17.78,30.84,12.17,19.46,30.84,9.09,18.86
LEVI.N,24.49,0.76,25.57,23.52,25.57,22.44,23.93,0.72,,,,,,,,,,,,,,,,,,
LFCBY.PK,4.79,0.0,16.95,0.0,16.95,0.0,6.04,0.0,21.6,16.57,18.13,24.48,14.01,18.29,24.48,11.71,16.16,24.48,8.08,15.53,24.48,8.08,15.53,24.48,8.08,15.53
LFST.O,10.7,5.83,11.62,9.57,11.62,7.29,9.37,4.27,7.21,3.74,5.47,8.3,3.74,6.11,9.2,3.74,6.3,9.59,3.74,6.57,29.81,3.74,7.94,29.81,3.74,7.94
LFUS.O,444.97,0.39,485.03,411.63,498.38,411.63,459.04,0.34,275.0,222.62,252.53,275.0,142.1,233.13,275.58,142.1,241.01,309.94,142.1,246.4,334.84,142.1,251.56,334.84,90.61,212.04
LGFRY.PK,7.77,0.11,8.2,7.54,11.16,7.54,8.96,0.1,15.49,10.85,13.1,15.49,10.85,13.01,24.4,9.69,13.43,36.31,9.69,16.79,70.43,9.69,28.93,70.43,9.69,30.82
LGGNY.PK,19.34,0.07,19.96,18.6,19.96,18.21,19.09,0.08,17.99,15.25,16.55,17.99,13.51,16.2,17.99,13.51,15.69,17.99,12.38,15.38,21.5,11.18,16.32,21.5,7.94,16.3
LGIH.O,62.59,0.47,66.25,59.56,66.25,50.01,57.54,0.43,69.5,39.7,52.6,97.25,39.7,59.89,132.23,39.7,83.11,141.91,39.7,94.01,188.0,39.7,106.25,188.0,18.74,82.32
LGMMY.PK,0.0,0.0,0.0,0.0,15.1,0.0,0.79,0.0,,,,,,,,,,,,,,,,,,
LGN.O,80.15,2.7,86.37,71.99,90.23,71.99,82.91,1.68,50.2,26.96,38.17,50.2,26.96,38.17,50.2,26.96,38.17,50.2,26.96,38.17,50.2,26.96,38.17,50.2,26.96,38.17
LGND.O,311.66,0.66,322.31,286.0,322.31,236.09,278.63,0.57,212.49,111.72,170.4,212.49,93.58,140.89,212.49,67.53,116.36,212.49,49.24,100.18,212.49,45.25,90.09,212.49,35.69,84.15
LGNDZ.PK,0.0,0.01,0.0,0.0,0.0,0.0,0.0,0.01,0.01,0.0,0.0,0.01,0.0,0.0,0.01,0.0,0.0,0.02,0.0,0.0,0.06,0.0,0.0,0.08,0.0,0.0
LGNXZ.PK,0.0,0.0,0.0,0.0,0.0,0.0,0.0,0.0,0.0,0.0,0.0,0.0,0.0,0.0,0.01,0.0,0.0,0.02,0.0,0.0,0.07,0.0,0.0,0.12,0.0,0.01
LGNYZ.PK,0.03,0.59,0.06,0.0,0.06,0.0,0.02,0.22,0.08,0.0,0.02,0.08,0.0,0.02,0.08,0.0,0.01,0.08,0.0,0.01,0.08,0.0,0.01,0.09,0.0,0.0
LGNZZ.PK,0.0,0.0,0.0,0.0,0.06,0.0,0.01,0.0,0.13,0.0,0.03,0.14,0.0,0.03,0.2,0.0,0.03,0.2,0.0,0.03,0.35,0.0,0.03,0.35,0.0,0.04
LGRDY.PK,33.12,0.2,33.85,32.01,35.42,30.66,32.81,0.39,34.83,25.96,30.82,34.83,18.85,26.68,34.83,18.85,23.78,34.83,15.87,22.12,34.83,12.43,20.81,34.83,9.6,18.59
LGRVF.PK,69.96,0.0,165.04,0.0,177.44,0.0,52.89,0.0,175.65,145.76,157.2,175.65,97.07,130.08,175.65,95.34,117.34,175.65,84.8,113.76,175.65,62.95,103.48,175.65,51.9,86.52
LH.N,278.95,0.26,287.49,264.58,287.49,253.29,268.91,0.24,293.5,242.01,266.76,293.5,209.5,255.21,293.5,192.01,236.66,293.5,179.77,226.21,293.5,172.36,224.61,293.5,84.02,179.52
LHX.N,293.62,0.56,302.88,286.68,318.43,282.48,298.84,0.5,308.0,249.13,281.2,308.0,193.09,251.26,308.0,193.09,237.76,308.0,160.26,222.48,308.0,160.26,222.63,308.0,70.99,184.62
LI.O,11.97,4.16,12.38,11.65,14.72,11.65,13.01,3.92,32.02,16.11,22.86,33.12,16.11,24.43,46.44,16.11,24.96,47.33,16.11,27.26,47.33,12.52,27.25,47.7,12.52,26.92
LIF.O,55.25,0.92,59.45,48.27,59.45,43.6,50.1,0.78,112.54,58.46,83.64,112.54,29.62,65.92,112.54,26.0,55.88,112.54,26.0,55.88,112.54,26.0,55.88,112.54,26.0,55.88
LII.N,569.36,0.19,586.68,558.94,586.68,494.61,540.76,0.14,688.71,443.2,542.46,688.71,443.2,561.74,688.71,412.82,549.25,688.71,232.16,474.38,688.71,183.02,396.65,688.71,105.65,301.11
LILA.O,7.54,1.21,8.1,6.58,8.23,4.77,7.13,1.15,9.04,5.96,7.75,9.04,4.25,6.9,10.82,4.25,7.54,10.82,4.25,7.74,14.79,4.25,8.96,22.61,4.25,11.46
LILAB.PK,0.0,0.0,0.0,0.0,0.0,0.0,0.0,0.0,,,,,,,,,,,,,,,,,,
LILAK.O,7.47,2.48,8.05,6.52,8.24,4.76,7.11,2.2,9.13,5.92,7.87,9.13,4.23,6.97,10.93,4.23,7.57,10.93,4.23,7.76,14.96,4.23,8.97,22.5,4.23,11.43
LIN.O,527.52,2.59,547.22,506.78,547.22,499.95,519.51,2.6,486.38,387.78,450.9,486.38,387.78,452.11,487.49,387.78,449.26,487.49,302.17,422.54,487.49,240.8,373.55,487.49,95.6,267.7
LINE.O,43.72,1.24,45.11,40.99,45.37,40.01,43.02,1.05,45.1,32.46,39.26,62.3,32.46,46.07,89.85,32.46,54.85,89.85,32.46,54.85,89.85,32.46,54.85,89.85,32.46,54.85
LION.N,15.32,1.11,16.53,14.23,16.7,13.29,14.91,1.06,,,,,,,,,,,,,,,,,,
LION.O,15.32,3.42,16.55,14.22,16.7,13.29,14.91,3.91,9.46,5.54,6.77,9.46,5.54,7.0,12.84,5.54,7.82,12.84,5.54,8.63,12.84,5.54,8.86,12.84,5.54,8.86
LIOPY.PK,0.0,0.0,0.0,0.0,0.0,0.0,0.0,0.0,0.0,0.0,0.0,0.0,0.0,0.0,0.0,0.0,0.0,0.0,0.0,0.0,0.0,0.0,0.0,0.0,0.0,0.0
LITE.O,807.02,5.25,899.53,710.01,998.5,710.01,849.88,5.57,401.6,88.37,190.76,401.6,45.65,133.73,401.6,38.28,95.3,401.6,35.35,80.24,401.6,35.35,82.08,401.6,18.1,68.69
LIVN.O,82.84,0.84,85.27,80.0,85.27,72.45,80.16,0.84,65.57,41.02,53.74,65.57,32.48,48.51,65.57,32.48,50.48,65.57,32.48,50.39,93.89,32.48,59.17,131.54,32.48,64.58
LKFKY.PK,0.0,0.0,0.0,0.0,0.0,0.0,0.0,0.0,0.0,0.0,0.0,0.0,0.0,0.0,0.0,0.0,0.0,0.0,0.0,0.0,0.0,0.0,0.0,0.0,0.0,0.0
LKFN.O,62.05,0.35,64.19,60.01,64.19,59.1,61.22,0.27,69.4,56.04,62.17,71.76,50.0,61.96,78.61,50.0,63.5,78.61,43.05,61.4,85.71,43.05,65.42,85.71,26.53,54.48
LKHLY.PK,0.0,0.0,0.0,0.0,0.0,0.0,0.0,0.0,,,,,,,,,,,,,,,,,,
LKNCY.PK,29.48,1.29,31.76,27.22,33.35,27.22,30.45,1.22,43.64,31.05,37.77,43.64,23.18,34.63,43.64,17.28,28.46,43.64,17.28,28.28,43.64,5.16,21.88,51.38,0.95,20.72
LKQ.O,26.42,2.67,27.08,25.62,27.08,24.72,25.98,2.93,39.77,28.12,31.5,44.82,28.12,35.54,53.68,28.12,39.46,59.38,28.12,43.97,60.43,28.12,46.41,60.43,13.31,38.96
LLESF.PK,0.0,0.01,0.0,0.0,0.0,0.0,0.0,0.01,3.75,3.2,3.41,3.98,3.2,3.54,5.0,3.2,3.95,5.98,3.2,4.54,10.26,3.2,5.89,15.56,3.2,8.78
LLESY.PK,0.95,0.0,2.28,0.0,2.28,0.0,1.16,0.0,3.79,3.0,3.48,4.35,2.98,3.58,5.04,2.98,4.03,6.38,2.98,4.57,10.98,2.98,6.21,16.11,2.98,8.94
LLY.N,1195.84,1.23,1238.0,1114.59,1238.0,1088.8,1151.78,1.03,1111.1,624.0,850.17,1111.1,624.0,827.7,1111.1,579.5,819.25,1111.1,302.14,701.35,1111.1,161.97,526.85,1111.1,64.25,314.88
LLYVA.O,101.66,0.36,105.48,94.31,105.48,89.07,97.65,0.36,84.1,79.36,81.89,84.1,79.36,81.89,84.1,79.36,81.89,84.1,79.36,81.89,84.1,79.36,81.89,84.1,79.36,81.89
LLYVB.PK,44.32,0.0,105.0,0.0,105.0,0.0,31.38,0.0,,,,,,,,,,,,,,,,,,
LLYVK.O,105.58,0.52,108.98,98.47,108.98,91.6,101.27,0.53,86.08,80.56,84.14,86.08,80.56,84.14,86.08,80.56,84.14,86.08,80.56,84.14,86.08,80.56,84.14,86.08,80.56,84.14
LMAT.O,98.13,0.44,105.44,92.39,105.44,88.59,94.71,0.38,100.96,79.0,87.69,105.55,71.42,87.95,109.58,52.88,83.83,109.58,44.02,74.34,109.58,38.32,64.32,109.58,12.03,46.32
LMND.K,65.95,2.0,79.39,55.42,79.39,50.25,60.47,1.63,85.2,35.7,57.98,85.2,24.31,46.21,85.2,14.03,33.56,85.2,10.26,27.55,188.3,10.26,38.91,188.3,10.26,41.62
LMND.N,65.95,0.77,79.37,55.6,79.37,50.3,60.47,0.56,,,,,,,,,,,,,,,,,,
LMPMY.PK,0.54,0.0,3.77,0.0,3.77,0.0,0.2,0.0,4.35,3.0,3.54,4.35,2.36,3.21,4.35,2.35,3.06,4.88,2.35,3.21,11.05,2.35,4.69,13.61,2.35,7.84
LMRI.O,11.74,0.96,12.84,10.01,12.84,7.95,10.14,0.88,19.45,15.81,18.05,19.45,15.81,18.05,19.45,15.81,18.05,19.45,15.81,18.05,19.45,15.81,18.05,19.45,15.81,18.05
LMT.N,518.53,0.51,545.99,494.42,550.99,490.17,520.65,0.46,516.0,410.11,466.14,516.0,410.11,465.23,617.24,410.11,480.89,617.24,393.79,472.23,617.24,320.0,441.37,617.24,201.0,378.15
LNC.N,36.66,0.67,38.71,35.28,38.71,34.65,36.81,0.67,46.68,33.05,40.16,46.68,27.6,37.19,46.68,25.1,33.9,46.68,18.5,31.09,77.55,18.5,42.2,86.63,16.15,49.63
LNDMY.PK,0.0,0.0,0.0,0.0,26.5,0.0,3.91,0.0,,,,,,,,,,,,,,,,,,
LNG.N,242.24,0.97,250.0,226.32,250.0,223.7,237.65,0.73,245.7,186.25,222.52,257.53,186.25,225.4,257.53,152.5,200.58,257.53,135.37,186.46,257.53,58.27,157.79,257.53,22.8,104.71
LNN.N,122.65,0.08,130.2,115.94,130.2,112.21,118.41,0.06,149.33,106.13,129.75,149.33,106.13,130.88,149.33,106.13,126.02,168.4,106.13,127.46,182.8,106.13,137.55,182.8,63.19,113.05
LNNGY.PK,47.9,0.02,49.1,45.08,57.84,45.08,51.57,0.01,65.9,48.6,56.28,65.9,42.13,53.77,79.28,39.26,55.08,259.0,39.26,85.6,348.89,39.26,136.79,348.89,10.9,133.62
LNT.O,76.76,2.5,78.21,75.33,78.21,71.36,74.56,2.63,69.75,59.98,65.77,69.75,56.3,63.53,69.75,46.8,58.85,69.75,45.15,56.61,69.75,45.15,56.8,69.75,30.37,50.53
LNTCY.PK,8.11,0.0,15.51,0.0,15.76,0.0,8.72,0.0,,,,,,,,,,,,,,,,,,
LNTH.O,108.71,1.21,111.86,102.44,111.86,97.99,105.47,1.0,85.31,47.25,60.34,111.29,47.25,75.12,126.89,47.25,79.43,126.89,47.25,77.54,126.89,13.3,63.11,126.89,1.76,38.88
LNVGF.PK,2.84,0.02,3.07,2.52,3.36,2.52,2.95,0.04,1.7,0.98,1.38,1.79,0.82,1.34,1.79,0.82,1.3,1.79,0.77,1.23,1.79,0.66,1.16,1.79,0.0,0.91
LNVGY.PK,57.69,0.1,62.28,51.51,66.78,51.51,59.44,0.11,32.69,22.92,27.43,35.09,17.84,26.66,35.09,17.84,25.91,35.09,15.29,24.21,35.94,13.51,22.87,35.94,8.92,18.01
LNWO.PK,76.46,0.04,81.5,72.79,93.02,72.79,82.98,0.03,105.0,69.56,89.99,113.94,69.56,90.42,115.0,69.56,93.3,115.0,53.77,85.28,115.0,36.89,74.69,115.0,3.76,49.93
LNXSF.PK,2.43,0.0,17.0,0.0,18.3,0.0,2.77,0.0,30.15,18.65,25.11,36.0,18.65,27.22,36.0,18.65,27.07,52.0,18.65,30.69,80.55,18.65,43.47,90.95,18.65,52.52
LNXSY.PK,0.52,0.0,3.63,0.0,3.77,0.0,1.15,0.0,6.3,0.0,4.15,7.39,0.0,3.88,7.39,0.0,2.38,9.7,0.0,1.98,15.55,0.0,1.76,15.55,0.0,0.94
LOAR.N,79.9,0.42,82.37,75.15,82.37,63.07,72.76,0.34,85.2,62.63,74.05,99.67,62.11,76.69,99.67,0.0,61.96,99.67,0.0,41.36,99.67,0.0,24.78,99.67,0.0,12.37
LOB.N,41.27,0.19,42.24,40.17,42.24,37.49,39.63,0.15,39.16,29.36,33.96,41.47,22.73,32.06,50.55,22.73,36.32,50.55,17.4,34.28,50.55,17.4,34.21,50.55,17.4,34.21
LOBLY.PK,8.35,0.0,13.38,0.0,14.6,0.0,9.26,0.0,20.0,0.0,2.56,20.0,0.0,1.31,20.0,0.0,0.65,20.0,0.0,0.44,20.0,0.0,0.26,20.0,0.0,0.13
LOGI.O,96.71,1.28,103.06,91.32,115.62,91.32,104.24,0.99,123.01,87.79,106.45,123.01,64.73,97.21,123.01,64.73,92.48,123.01,50.26,83.93,140.17,41.81,83.34,140.17,13.25,61.26
LOIMY.PK,0.0,0.0,0.0,0.0,0.0,0.0,0.0,0.0,,,,,,,,,,,,,,,,,,
LOMA.K,11.58,0.31,12.19,11.01,12.76,10.95,11.8,0.41,13.2,7.04,10.32,14.17,7.04,10.89,14.17,5.7,9.37,14.17,5.5,8.39,14.17,4.17,7.39,25.21,2.82,8.25
LOMA.N,11.58,0.08,12.11,11.02,12.76,10.97,11.8,0.1,,,,,,,,,,,,,,,,,,
LOPE.O,146.79,0.37,154.02,140.26,154.02,140.02,146.18,0.42,223.04,149.83,186.49,223.04,149.83,183.11,223.04,118.48,162.29,223.04,99.65,146.88,223.04,70.0,124.9,223.04,31.12,105.02
LOTBY.PK,18.7,0.0,130.92,0.0,130.92,0.0,6.89,0.0,,,,,,,,,,,,,,,,,,
LOTMY.PK,28.21,0.01,29.36,27.66,32.06,27.66,29.56,0.01,29.5,0.0,25.8,29.5,0.0,16.89,29.5,0.0,8.41,29.5,0.0,5.61,29.5,0.0,3.36,29.5,0.0,1.68
LOW.N,222.54,1.02,228.43,216.99,228.43,207.91,219.69,1.09,274.9,212.61,242.89,274.9,206.58,238.76,286.99,206.58,240.39,286.99,181.89,230.2,286.99,150.88,219.24,286.99,60.0,158.71
LPA.N,3.2,0.0,4.0,0.0,4.28,0.0,1.95,0.0,7.39,2.72,4.69,10.9,2.72,7.08,260.01,2.72,12.14,260.01,2.72,12.14,260.01,2.72,12.14,260.01,2.72,12.14
LPG.N,36.0,0.35,40.01,34.51,45.21,34.51,39.75,0.3,31.3,22.61,26.86,31.3,15.33,23.87,43.19,15.33,27.37,43.19,10.73,24.97,43.19,4.83,18.03,43.19,2.27,10.93
LPGCY.PK,4.62,0.02,5.06,4.27,6.55,4.27,5.35,0.01,15.5,0.0,3.34,15.5,0.0,1.71,15.5,0.0,0.85,15.5,0.0,0.57,15.5,0.0,0.34,15.5,0.0,0.17
LPL.N,3.79,0.89,4.06,3.56,5.04,3.56,4.25,0.81,5.6,3.3,4.41,5.6,2.43,3.81,5.6,2.43,3.89,6.38,2.43,4.33,11.75,2.43,5.68,16.27,2.43,7.5
LPLA.O,284.31,1.52,305.38,260.78,308.53,260.78,289.71,1.13,403.58,310.7,358.08,403.58,262.83,353.8,403.58,187.19,307.36,403.58,179.0,278.82,403.58,101.9,236.88,403.58,15.38,147.86
LPPSY.PK,0.0,0.0,0.0,0.0,0.0,0.0,0.0,0.0,,,,,,,,,,,,,,,,,,
LPX.N,79.82,0.4,83.71,76.65,83.71,69.41,76.84,0.36,102.86,73.65,88.41,119.49,73.65,92.35,122.76,63.76,91.1,122.76,49.64,81.46,122.76,36.65,73.16,122.76,12.97,48.91
LQDA.O,78.2,2.01,80.98,70.85,80.98,61.72,73.05,2.71,36.41,11.85,25.08,36.41,11.26,20.01,36.41,8.26,16.11,36.41,5.67,13.16,36.41,2.25,9.63,38.46,2.25,9.58
LRCX.O,388.29,16.97,438.5,342.48,438.5,306.01,373.57,14.99,179.8,90.94,130.71,179.8,56.32,105.49,179.8,56.32,96.02,179.8,40.73,84.0,179.8,29.96,72.05,179.8,6.31,45.58
LRLCY.PK,87.82,0.36,88.93,86.02,90.72,85.61,88.1,0.52,95.1,80.36,87.47,95.1,66.64,83.13,99.7,66.64,85.35,100.28,66.64,86.12,100.28,58.38,83.46,100.28,31.08,65.7
LRN.N,87.87,0.33,92.35,83.98,101.57,80.23,88.95,0.3,171.17,60.73,118.7,171.17,60.73,126.98,171.17,54.82,100.92,171.17,31.34,81.89,171.17,20.72,62.63,171.17,7.11,41.49
LSCC.O,143.26,2.48,155.0,130.17,157.01,129.68,143.84,2.08,81.23,46.43,66.02,81.23,34.68,59.95,85.69,34.68,60.74,98.3,34.68,67.56,98.3,34.68,63.29,98.3,4.02,37.81
LSEGY.PK,27.55,1.14,29.69,25.93,31.15,25.93,28.71,1.08,37.69,27.38,31.24,39.98,27.38,34.23,39.98,27.21,32.93,39.98,21.12,30.55,39.98,20.06,28.49,39.98,7.52,22.31
LSPD.K,10.39,1.19,11.0,9.48,11.0,8.96,9.84,1.48,14.34,10.68,12.04,16.24,7.34,11.81,20.59,7.34,13.36,21.71,7.34,14.09,130.02,7.34,28.3,130.02,7.34,28.54
LSRCY.PK,61.05,0.2,66.08,55.05,72.89,48.57,59.93,0.11,43.78,18.91,28.75,43.78,14.32,24.22,58.5,14.32,32.65,58.5,14.32,33.06,62.98,0.0,33.57,62.98,0.0,17.13
LSTR.O,207.74,0.52,214.8,201.48,228.46,201.48,212.98,0.48,150.48,117.74,131.22,177.35,117.74,139.26,195.44,117.74,159.61,201.33,117.74,164.74,201.33,117.74,159.13,201.33,47.75,124.64
LTC.N,38.68,0.3,39.33,37.8,39.33,35.5,37.46,0.27,37.22,33.72,35.46,37.22,31.74,35.23,39.88,30.3,34.93,39.88,30.3,34.51,45.49,30.3,35.86,54.2,24.5,40.12
LTGHY.PK,2.54,0.06,2.71,2.3,2.8,2.24,2.51,0.06,2.93,2.26,2.61,2.93,2.1,2.61,3.21,1.54,2.44,3.21,1.54,2.31,3.69,1.54,2.44,6.3,0.0,2.94
LTH.N,40.71,1.41,41.79,39.53,41.79,32.48,37.26,1.1,30.8,24.19,27.28,34.92,22.04,28.37,34.92,11.9,23.72,34.92,11.1,21.5,34.92,8.76,19.46,34.92,8.76,19.46
LTM.N,57.63,0.14,58.9,55.72,58.9,46.64,54.77,0.18,55.15,40.52,46.16,55.15,26.18,39.54,55.15,21.83,35.47,55.15,21.83,35.47,55.15,21.83,35.47,55.15,21.83,35.47
LU.N,1.34,0.14,1.44,1.23,1.44,1.2,1.33,0.51,4.57,2.37,2.97,4.57,2.26,2.89,4.93,2.0,2.94,13.24,2.0,4.08,73.16,2.0,14.47,80.68,2.0,15.98
LUCK.K,7.72,0.1,8.03,7.36,9.01,7.26,7.97,0.17,11.61,6.96,9.35,13.25,6.96,9.55,15.47,6.96,10.91,17.45,6.96,11.44,17.45,6.96,11.22,17.45,6.96,11.22
LUCK.N,7.72,0.03,8.01,7.37,8.98,7.34,7.97,0.07,,,,,,,,,,,,,,,,,,
LUGDF.PK,54.98,0.03,58.12,52.02,61.83,51.68,55.48,0.05,90.0,45.49,66.36,90.0,20.89,51.22,90.0,10.4,34.0,90.0,9.17,26.62,90.0,6.01,19.26,90.0,2.69,12.18
LULU.O,115.51,3.53,119.83,110.56,124.38,104.44,115.25,3.92,252.24,159.25,190.77,423.32,159.25,254.03,508.92,159.25,300.09,516.39,159.25,324.8,516.39,159.25,333.56,516.39,47.26,237.94
LUMN.K,7.44,19.46,8.49,6.37,9.33,6.37,8.0,15.27,11.95,3.37,6.52,11.95,3.01,5.49,11.95,0.97,4.51,11.95,0.78,3.78,16.6,0.78,6.8,33.45,0.78,12.6
LUMN.N,7.44,6.57,8.49,6.38,9.33,6.38,8.0,5.51,,,,,,,,,,,,,,,,,,
LUNMF.PK,24.03,0.38,25.04,22.48,29.99,22.48,25.61,0.25,22.0,9.56,14.47,22.0,6.3,11.68,22.0,6.3,10.8,22.0,5.33,9.63,22.0,4.54,9.12,22.0,2.03,7.19
LUNR.O,19.93,12.51,22.5,17.91,30.95,17.91,23.02,13.57,17.5,7.78,10.86,24.95,6.14,11.76,24.95,2.09,9.1,136.0,2.09,8.77,136.0,2.09,8.95,136.0,2.09,8.95
LUV.N,51.22,2.14,53.12,49.61,53.12,40.9,47.95,2.31,43.52,28.98,33.82,43.52,23.82,32.38,43.52,23.58,30.99,43.52,21.92,30.99,64.75,21.92,37.15,66.98,21.92,43.32
LUXE.K,7.65,0.15,8.09,7.24,8.09,6.82,7.53,0.2,10.19,7.06,8.62,12.5,6.18,8.7,12.5,2.41,6.66,12.54,2.05,6.16,36.25,2.05,11.78,36.25,2.05,11.78
LUXE.N,7.65,0.03,8.08,7.33,8.08,6.89,7.53,0.06,,,,,,,,,,,,,,,,,,
LVMUY.PK,112.03,0.54,114.89,108.77,121.6,108.77,113.82,0.77,151.88,104.77,128.31,159.97,101.8,126.67,191.63,101.8,139.82,200.76,101.8,150.07,200.76,101.8,147.06,200.76,28.64,105.36
LVS.N,46.54,1.55,47.9,45.62,52.44,45.62,48.38,1.84,70.45,45.64,56.93,70.45,30.18,49.39,70.45,30.18,48.54,70.45,30.18,50.39,70.45,28.88,47.87,81.45,28.88,53.1
LW.N,44.81,0.63,46.79,42.63,46.79,41.59,44.65,0.58,67.05,41.41,56.75,67.9,41.41,55.93,111.69,41.41,69.14,115.99,41.41,80.06,115.99,41.41,76.81,115.99,28.75,70.18
LXP.N,54.98,0.36,55.96,53.35,55.96,51.44,53.84,0.27,51.08,38.2,45.44,51.08,34.25,43.76,52.82,34.25,45.08,59.6,34.25,46.35,80.53,34.25,52.44,80.53,32.6,50.45
LXP_pc.N,45.99,0.0,46.28,45.51,46.36,45.51,45.99,0.0,48.4,46.01,47.13,48.88,43.94,46.9,53.95,43.94,47.33,53.95,42.6,47.15,65.77,42.6,50.41,65.77,36.78,51.27
LXU.N,10.74,0.47,11.15,10.45,12.64,10.45,11.3,0.35,9.98,7.1,8.47,9.98,4.88,7.91,10.37,4.88,8.1,14.7,4.88,8.83,27.32,2.37,9.67,27.32,0.78,7.35
LYB.N,53.82,1.68,56.16,51.98,67.38,51.98,58.84,1.6,67.5,41.59,50.84,79.36,41.59,58.55,107.0,41.59,76.37,107.0,41.59,82.07,112.68,41.59,86.37,116.4,32.21,84.78
LYFT.O,14.83,13.2,15.72,14.0,15.72,13.16,14.3,13.5,25.54,13.16,18.76,25.54,9.66,16.2,25.54,8.93,15.38,25.54,7.85,13.97,68.28,7.85,23.54,88.6,7.85,28.47
LYG.N,5.88,2.56,6.18,5.65,6.18,5.16,5.64,3.58,5.34,3.98,4.61,5.34,2.56,4.14,5.34,2.01,3.42,5.34,1.88,3.03,5.34,1.7,2.75,5.34,1.17,2.87
LYSCF.PK,12.67,0.01,13.25,11.6,13.35,11.45,12.55,0.03,16.2,5.21,9.28,16.2,3.8,7.1,16.2,3.55,5.69,16.2,3.55,5.39,16.2,3.1,5.47,16.2,0.2,3.36
LYSDY.PK,12.6,0.19,13.09,12.17,13.8,11.32,12.55,0.23,16.18,5.26,9.3,16.18,3.81,7.11,16.18,3.55,5.69,16.18,3.55,5.38,16.18,3.14,5.46,16.18,0.31,3.41
LYSFY.PK,0.0,0.0,0.0,0.0,8.88,0.0,0.47,0.0,11.0,8.88,9.76,11.0,8.5,9.55,11.0,7.67,9.14,11.6,7.46,9.19,18.6,7.46,11.15,18.6,1.66,11.69
LYV.N,182.01,0.99,187.57,171.35,187.57,158.28,174.31,0.99,175.01,125.42,150.88,175.01,112.91,144.16,175.01,86.67,123.52,175.01,64.25,109.45,175.01,64.25,102.27,175.01,18.8,73.92
LZ.O,6.36,2.59,7.25,5.61,7.25,5.22,5.97,2.55,12.4,8.3,9.94,12.4,6.47,9.32,13.74,5.33,9.13,15.68,5.33,9.6,40.94,5.33,12.21,40.94,5.33,12.21
LZAGY.PK,68.42,0.04,72.27,65.77,72.27,60.69,64.5,0.06,73.85,64.61,68.77,73.85,55.57,67.34,73.85,40.14,62.41,73.85,34.19,59.51,86.31,34.19,61.76,86.31,13.88,46.14
LZB.N,40.13,0.33,42.08,39.0,44.71,35.06,39.17,0.35,41.06,29.03,35.85,48.29,29.03,38.68,48.29,29.03,38.77,48.29,22.87,35.81,48.29,21.92,34.56,48.29,15.63,32.04
LZRFY.PK,7.42,0.03,8.8,7.01,8.8,7.01,7.72,0.04,9.79,5.8,7.11,9.79,4.36,6.64,13.33,4.35,7.57,15.75,4.35,8.93,15.75,4.35,9.65,19.96,1.43,8.04
M.N,24.29,1.51,26.1,22.9,26.1,21.65,24.19,1.85,24.4,11.52,17.32,24.4,9.76,15.22,24.4,9.76,16.43,25.12,9.76,16.42,37.95,9.76,18.2,45.5,4.38,21.59
MA.N,515.16,1.61,541.72,488.66,541.72,482.0,499.68,1.39,601.5,524.83,566.65,601.5,466.75,557.93,601.5,416.58,515.86,601.5,340.35,472.53,601.5,276.96,423.15,601.5,78.52,309.53
MAA.N,140.18,0.39,142.26,135.0,142.26,131.19,137.58,0.4,153.87,125.75,138.87,173.21,125.75,147.78,173.21,121.57,145.51,176.36,115.59,145.35,231.44,115.59,157.95,231.44,82.16,132.33
MAA_pi.N,54.22,0.0,55.1,52.83,56.05,0.0,46.26,0.0,57.55,51.7,54.39,60.0,51.32,54.99,60.0,51.32,55.63,60.0,51.32,55.41,69.0,51.32,57.8,71.5,48.51,59.87
MAAS.O,14.53,0.1,19.06,11.95,24.9,10.31,15.15,0.14,6.23,2.85,3.81,26.4,2.41,6.31,603.6,2.41,140.6,603.6,2.41,188.47,603.6,2.41,268.76,888.0,2.41,301.77
MAC.N,25.49,2.31,25.96,25.12,25.96,22.86,24.76,1.74,19.13,15.89,17.47,21.11,12.48,17.36,22.25,12.48,17.04,22.25,8.78,15.19,25.99,7.4,14.78,87.18,4.56,30.37
MAEOY.PK,0.0,0.0,0.0,0.0,21.0,0.0,2.12,0.0,,,,,,,,,,,,,,,,,,
MAHLY.PK,2.33,0.0,16.28,0.0,16.64,0.0,3.37,0.0,18.4,14.6,17.13,18.4,14.02,16.09,19.07,14.02,16.13,19.07,13.0,15.98,20.86,12.06,16.71,24.02,12.06,18.62
MAIN.K,51.56,0.67,53.37,49.82,53.37,49.43,51.23,0.69,67.77,54.85,61.79,67.77,47.0,59.62,67.77,42.68,54.47,67.77,36.48,49.72,67.77,30.65,45.79,67.77,13.95,40.46
MAIN.N,51.56,0.14,53.35,49.86,53.35,49.44,51.23,0.17,,,,,,,,,,,,,,,,,,
MAIR.N,38.08,1.15,41.86,36.06,41.86,36.06,38.53,0.7,0.0,0.0,0.0,0.0,0.0,0.0,0.0,0.0,0.0,0.0,0.0,0.0,0.0,0.0,0.0,0.0,0.0,0.0
MAJJ.PK,0.0,0.0,0.0,0.0,0.0,0.0,0.0,0.0,,,,,,,,,,,,,,,,,,
MAKSF.PK,0.0,0.0,0.0,0.0,0.0,0.0,0.0,0.01,5.37,3.98,4.53,5.45,3.8,4.49,5.45,2.86,4.22,5.45,1.72,3.54,5.45,1.02,2.78,6.22,0.86,3.11
MAKSY.PK,10.01,0.06,10.32,9.75,10.32,9.28,9.8,0.08,11.0,8.4,9.48,11.51,7.99,9.53,11.51,5.73,8.76,11.51,3.1,7.49,11.51,2.03,6.14,12.69,1.95,6.52
MALG.PK,0.0,0.0,0.0,0.0,0.0,0.0,0.0,0.0,,,,,,,,,,,,,,,,,,
MALRY.PK,43.9,0.0,45.54,42.45,50.9,42.45,46.14,0.0,37.82,14.37,26.24,37.82,8.64,21.02,53.35,8.64,27.32,69.49,8.64,33.17,69.49,8.64,34.52,69.49,2.49,30.7
MAN.N,36.29,0.9,39.46,32.81,39.46,31.09,34.3,0.52,47.19,26.17,36.23,63.33,26.17,43.32,79.74,26.17,57.18,92.43,26.17,64.16,125.04,26.17,77.31,136.93,26.17,83.23
MANE.N,124.72,0.45,130.99,114.98,130.99,87.0,107.34,0.25,0.0,0.0,0.0,0.0,0.0,0.0,0.0,0.0,0.0,0.0,0.0,0.0,0.0,0.0,0.0,0.0,0.0,0.0
MANH.O,142.05,0.73,155.5,126.35,155.5,126.35,139.66,0.63,247.22,167.0,197.14,299.27,140.81,195.94,312.6,140.81,223.73,312.6,113.42,209.09,312.6,101.18,179.94,312.6,35.2,120.54
MANU.K,22.76,0.29,23.55,20.99,23.8,20.99,22.53,0.32,18.94,14.58,16.56,19.65,12.05,15.78,22.0,12.05,16.28,27.34,12.05,17.86,27.34,10.41,16.78,27.7,10.41,17.18
MANU.N,22.76,0.1,23.51,20.99,23.78,20.99,22.53,0.09,,,,,,,,,,,,,,,,,,
MAR.O,374.67,1.75,388.24,365.45,410.98,365.45,386.24,1.7,316.69,253.76,277.09,316.69,205.4,269.3,316.69,204.55,258.36,316.69,147.1,234.13,316.69,115.5,201.2,316.69,46.56,154.18
MARA.O,13.58,45.48,15.0,11.98,16.43,11.98,13.85,42.73,23.45,8.95,15.8,23.45,8.95,15.46,34.09,8.95,17.63,34.09,3.28,15.35,83.45,3.11,19.37,83.45,0.35,15.49
MARUF.PK,29.73,0.01,32.33,27.77,32.33,27.77,30.03,0.01,30.92,19.15,23.98,30.92,11.96,20.6,30.92,11.96,18.75,30.92,11.12,17.73,30.92,6.51,15.52,30.92,4.3,14.46
MARUY.PK,294.62,0.03,314.15,281.22,317.28,281.22,300.34,0.03,300.99,195.0,240.46,300.99,126.85,205.96,300.99,126.85,187.59,300.99,110.69,175.07,300.99,64.79,142.28,300.99,0.0,89.58
MAS.N,81.0,0.92,83.16,78.47,83.16,68.77,76.21,0.87,76.33,58.38,67.64,82.18,56.96,68.21,86.64,56.96,71.43,86.64,46.69,65.95,86.64,42.62,62.27,86.64,23.1,50.71
MASI.O,128.06,0.98,179.99,0.0,179.99,0.0,89.97,1.11,172.54,129.77,147.29,194.88,129.77,156.67,194.88,101.61,145.16,198.0,75.22,142.73,305.21,75.22,167.99,305.21,33.03,143.74
MAT.O,13.64,4.68,14.24,12.92,14.9,12.92,14.0,4.62,21.45,16.56,18.77,22.06,13.94,18.79,22.06,13.94,18.69,22.64,13.94,18.92,26.99,13.94,19.79,34.76,6.53,18.99
MATX.K,198.51,0.39,207.88,189.48,207.88,186.04,196.55,0.33,129.48,86.97,107.16,154.23,86.97,114.9,169.12,86.97,120.84,169.12,56.51,106.9,169.12,55.73,95.24,169.12,21.63,65.44
MATX.N,198.51,0.13,207.5,189.75,207.5,187.94,196.55,0.11,,,,,,,,,,,,,,,,,,
MAURY.PK,4.89,0.0,34.2,0.0,36.45,0.0,8.9,0.0,45.73,37.0,40.38,45.73,29.21,39.46,45.73,27.49,35.46,45.73,27.49,34.35,45.73,27.49,35.67,50.84,24.57,35.91
MAUSY.PK,1.69,0.0,11.82,0.0,12.0,0.0,1.25,0.0,10.85,9.51,10.28,11.19,9.29,10.19,11.66,9.29,10.4,12.06,9.29,10.83,17.42,9.29,11.05,22.02,9.29,14.16
MAWHY.PK,5.66,0.0,8.6,0.0,9.46,0.0,5.64,0.0,13.0,9.83,11.53,13.3,8.45,11.3,18.82,8.45,12.13,23.05,8.45,12.58,54.67,8.45,17.17,54.67,7.24,14.74
MAZE.O,29.67,1.2,32.52,26.3,32.52,22.71,26.54,0.86,43.29,10.98,25.63,43.29,6.71,19.13,43.29,6.71,19.13,43.29,6.71,19.13,43.29,6.71,19.13,43.29,6.71,19.13
MBC.N,9.88,1.04,10.34,9.34,10.34,8.36,9.23,1.07,14.21,9.36,12.04,18.14,9.36,12.56,19.79,9.36,14.51,19.79,7.08,13.31,19.79,7.08,13.21,19.79,7.08,13.21
MBGAF.PK,50.52,0.04,52.1,48.77,57.6,48.77,52.74,0.03,72.48,56.32,63.85,72.48,51.0,61.86,83.5,51.0,65.01,83.5,51.0,67.81,103.78,21.17,71.28,103.78,21.17,67.67
MBGYY.PK,12.56,1.08,12.96,12.22,14.37,12.22,13.11,0.93,18.12,14.0,15.92,18.12,12.55,15.42,20.81,12.55,16.21,20.81,12.55,16.9,21.82,12.42,16.98,21.82,4.54,15.05
MBIN.O,49.55,0.3,51.46,47.61,51.46,47.46,49.44,0.21,37.36,28.75,32.83,43.82,27.25,34.3,53.27,27.25,38.13,53.27,21.5,34.95,53.27,17.97,31.46,53.27,8.25,24.56
MBINL.O,24.58,0.03,24.96,24.24,25.0,24.24,24.68,0.02,24.15,21.8,23.22,25.74,21.8,23.79,25.9,21.8,23.98,25.9,21.8,23.98,25.9,21.8,23.98,25.9,21.8,23.98
MBLY.O,8.98,7.62,10.2,7.67,10.26,7.66,8.97,6.51,20.18,10.04,13.68,22.51,10.04,14.71,43.4,10.04,18.65,48.11,10.04,25.55,48.11,10.04,25.82,48.11,10.04,25.82
MBRFY.PK,3.28,0.08,3.51,3.06,3.51,2.85,3.1,0.4,5.39,2.5,3.78,5.39,2.14,3.57,5.39,1.55,2.91,5.39,1.16,2.41,5.39,1.16,2.79,5.39,1.0,2.42
MBSHY.PK,0.0,0.0,0.0,0.0,32.35,0.0,1.7,0.0,,,,,,,,,,,,,,,,,,
MBSRY.PK,0.0,0.0,0.0,0.0,0.0,0.0,0.0,0.0,,,,,,,0.0,0.0,0.0,0.0,0.0,0.0,0.0,0.0,0.0,0.0,0.0,0.0
MBUMY.PK,0.0,0.0,0.0,0.0,0.0,0.0,0.0,0.0,9.55,5.95,8.34,9.55,5.95,7.75,9.55,5.95,8.39,9.55,5.95,7.71,10.84,5.95,7.67,14.81,5.95,9.02
MBX.O,54.74,1.27,59.63,48.17,59.63,28.0,44.64,1.16,35.55,9.63,18.82,35.55,4.81,14.7,35.55,4.81,16.3,35.55,4.81,16.3,35.55,4.81,16.3,35.55,4.81,16.3
MC.N,66.45,0.36,72.29,61.4,72.29,61.4,67.34,0.36,78.05,59.77,69.07,82.88,47.01,66.2,82.88,46.76,63.84,82.88,33.88,57.33,82.88,33.14,54.6,82.88,16.64,43.03
MCARY.PK,7.0,0.0,13.65,0.0,13.65,0.0,5.74,0.0,10.6,6.88,8.14,10.6,4.91,7.82,10.6,4.91,7.33,13.42,4.91,8.33,31.97,4.91,14.07,31.97,4.91,14.31
MCB.N,99.25,0.11,101.63,97.35,101.63,91.11,96.48,0.07,82.25,65.31,74.6,82.25,47.08,67.82,82.25,32.55,58.06,82.25,13.98,52.25,115.75,13.98,61.17,115.75,0.0,42.87
MCD.N,271.62,1.74,281.0,264.53,289.27,264.53,277.14,1.57,321.79,290.26,305.32,326.32,276.56,304.57,326.32,243.58,293.47,326.32,243.58,288.64,326.32,202.73,270.83,326.32,110.33,218.77
MCEM.PK,281.93,0.0,289.99,274.0,299.75,274.0,285.53,0.0,,,,,,,,,,,,,,,,,,
MCHB.O,16.04,0.51,16.52,15.65,16.52,14.48,15.44,0.51,15.9,12.46,13.6,15.9,8.41,12.32,16.1,8.09,12.57,30.15,4.2,12.56,57.4,4.2,23.84,57.4,4.2,25.38
MCHP.O,89.03,15.29,97.23,82.85,104.03,82.85,92.65,13.65,77.2,48.52,64.72,77.2,34.12,60.14,100.56,34.12,71.2,100.56,34.12,74.44,100.56,34.12,73.8,100.56,19.5,57.57
MCHPP.O,75.15,0.18,80.82,70.45,86.42,70.45,77.97,0.14,70.8,47.08,60.02,70.8,38.09,57.76,70.8,38.09,57.76,70.8,38.09,57.76,70.8,38.09,57.76,70.8,38.09,57.76
MCHVY.PK,0.0,0.0,0.0,0.0,15.0,0.0,2.29,0.0,24.13,20.21,22.14,24.13,14.17,17.75,24.13,14.17,17.1,24.13,11.54,16.02,24.13,4.46,12.24,37.79,4.46,19.98
MCK.N,767.01,0.39,789.1,744.98,800.0,744.6,771.19,0.37,894.46,639.29,760.16,894.46,565.96,712.59,894.46,462.7,628.83,894.46,332.0,554.65,894.46,169.35,437.97,894.46,106.42,293.05
MCO.N,464.6,0.45,499.95,437.51,499.95,437.51,455.62,0.38,523.0,466.36,495.99,530.5,379.48,484.46,530.5,360.35,457.98,530.5,275.15,414.39,530.5,230.68,377.52,530.5,77.81,273.76
MCRI.O,130.92,0.21,135.93,127.12,135.93,121.56,129.0,0.21,113.88,85.66,98.24,113.88,69.99,90.72,113.88,64.5,81.84,113.88,56.25,77.39,113.88,46.83,72.0,113.88,12.01,53.34
MCVEY.PK,0.0,0.0,0.0,0.0,0.0,0.0,0.0,0.0,,,,21.54,21.54,21.54,21.54,21.54,21.54,21.54,21.54,21.54,21.54,21.54,21.54,21.54,21.54,21.54
MCW.N,0.0,0.0,0.0,0.0,0.0,0.0,0.0,0.0,6.86,4.65,5.58,8.59,4.65,6.46,8.59,4.65,6.46,8.59,4.65,6.46,8.59,4.65,6.46,8.59,4.65,6.46
MCY.N,107.94,0.17,112.0,103.91,112.0,98.23,104.39,0.13,96.12,64.46,80.27,96.12,44.33,68.79,96.12,36.99,62.96,96.12,26.16,52.73,96.12,26.16,51.97,96.12,26.16,51.71
MD.N,25.59,0.37,27.41,23.89,27.41,22.37,24.45,0.35,24.94,11.84,17.74,24.94,11.84,15.89,24.94,6.62,13.05,24.94,6.62,13.13,35.67,6.62,17.58,76.83,6.62,30.32
MDB.O,336.34,1.85,363.18,290.57,364.26,290.57,337.14,1.66,440.67,198.47,310.45,440.67,140.78,263.28,509.62,140.78,289.52,509.62,140.78,298.2,590.0,135.15,316.66,590.0,24.62,241.81
MDBKY.PK,4.68,0.0,32.74,0.0,34.6,0.0,10.47,0.0,0.0,0.0,0.0,0.0,0.0,0.0,0.0,0.0,0.0,0.0,0.0,0.0,0.0,0.0,0.0,24.81,0.0,0.05
MDCOY.PK,0.0,0.0,0.0,0.0,0.0,0.0,0.0,0.0,,,,,,,,,,,,,,,,,,
MDEVY.PK,0.37,0.0,2.57,0.0,2.57,0.0,0.25,0.0,,,,,,,,,,,,,,,,,,
MDGL.O,523.23,0.64,545.87,505.05,545.87,460.89,503.99,0.43,615.0,284.02,441.92,615.0,265.0,379.01,615.0,168.25,315.73,615.0,119.76,285.99,615.0,52.33,207.82,615.0,5.25,146.17
MDIBY.PK,29.73,0.0,30.62,29.22,30.62,27.32,29.42,0.01,26.11,18.32,21.36,26.11,14.36,20.33,26.11,12.06,17.67,26.11,9.22,15.65,26.11,7.36,13.55,26.11,4.27,11.41
MDIKY.PK,0.0,0.0,0.0,0.0,0.0,0.0,0.0,0.0,,,,34.0,28.71,32.12,34.0,28.71,32.12,34.0,28.71,32.12,34.0,28.71,32.12,34.0,28.71,32.12
MDLN.O,40.48,10.79,43.26,35.97,43.26,32.91,37.7,10.22,45.5,34.89,42.23,45.5,34.89,42.23,45.5,34.89,42.23,45.5,34.89,42.23,45.5,34.89,42.23,45.5,34.89,42.23
MDLZ.O,59.92,10.93,63.0,57.78,64.35,57.78,61.13,10.54,71.15,53.13,61.04,71.15,53.13,62.59,77.2,53.13,66.04,78.59,53.13,67.42,78.59,52.91,65.23,78.59,35.88,56.07
MDT.N,80.87,2.88,83.76,78.14,83.76,77.64,80.46,3.09,106.33,86.72,94.53,106.33,79.55,90.91,106.33,75.97,87.69,106.33,68.85,85.76,135.84,68.85,94.77,135.84,68.85,92.59
MDU.N,21.15,0.76,21.91,20.24,21.91,20.24,21.16,0.68,21.48,15.77,18.19,21.48,15.05,17.63,21.48,10.41,15.97,21.48,9.99,14.39,21.48,9.47,13.11,21.48,5.7,11.4
MEDP.O,539.66,0.35,567.91,512.55,567.91,445.0,494.67,0.32,626.26,306.7,502.12,626.26,250.05,412.27,626.26,250.05,389.41,626.26,167.0,338.17,626.26,126.94,272.17,626.26,21.76,172.65
MEIUY.PK,0.0,0.0,0.0,0.0,0.0,0.0,0.0,0.0,,,,,,,,,,0.0,0.0,0.0,0.0,0.0,0.0,0.0,0.0,0.0
MEJHY.PK,0.0,0.0,0.0,0.0,11.73,0.0,1.77,0.0,12.92,9.12,10.55,14.81,8.51,10.77,14.81,8.51,11.12,14.81,8.51,11.35,18.64,8.51,11.63,26.46,8.51,13.1
MELI.O,1712.3,0.43,1812.0,1600.06,1812.0,1546.0,1655.12,0.48,2645.22,1897.18,2250.46,2645.22,1707.31,2207.79,2645.22,1324.99,1984.76,2645.22,815.86,1747.69,2645.22,600.68,1548.71,2645.22,84.19,996.17
MEOBF.PK,0.22,0.0,1.55,0.0,1.55,0.0,0.16,0.0,2.59,1.35,1.65,5.34,0.96,1.75,5.34,0.19,1.37,5.34,0.1,1.19,5.34,0.1,1.23,9.47,0.01,1.51
MEOH.O,46.48,0.76,49.4,43.77,61.34,43.77,52.15,0.94,41.45,32.0,36.37,54.49,25.46,37.4,56.43,25.46,41.61,56.43,25.46,42.44,56.79,25.46,41.82,83.23,9.0,42.56
MESO.O,13.95,0.22,14.67,13.05,15.88,13.05,14.2,0.18,20.18,10.32,15.92,21.88,9.61,14.87,22.0,1.61,10.78,22.0,1.61,8.97,27.4,1.61,9.76,42.56,1.61,12.06
MET.N,86.99,1.47,91.2,84.35,91.2,84.02,86.74,1.62,83.76,72.1,78.92,88.09,65.26,79.51,89.05,64.68,77.16,89.05,48.96,72.11,89.05,45.73,68.8,89.05,22.86,56.54
MET_pa.N,21.24,0.03,21.47,21.03,22.02,21.03,21.51,0.02,24.29,21.48,23.49,25.43,21.48,23.89,25.43,21.48,24.15,25.43,21.48,23.73,26.5,19.83,23.81,26.5,16.0,24.08
META.O,573.59,21.99,628.28,540.18,628.28,540.18,574.4,18.96,796.25,581.25,706.02,796.25,479.8,669.57,796.25,340.01,589.09,796.25,122.28,480.16,796.25,88.09,388.24,796.25,88.09,280.11
METC.O,12.76,1.57,13.99,12.04,15.8,12.04,13.67,1.57,57.8,9.75,24.76,57.8,6.25,17.28,57.8,6.25,15.44,57.8,5.74,13.38,57.8,2.18,11.29,57.8,1.38,8.21
METCB.O,8.44,0.15,9.61,7.61,12.6,7.61,9.7,0.08,21.8,7.29,14.12,21.8,5.85,11.2,21.8,5.85,10.94,21.8,5.85,11.15,21.8,5.85,11.15,21.8,5.85,11.15
METRY.PK,0.0,0.0,0.0,0.0,0.0,0.0,0.0,0.0,0.0,0.0,0.0,0.0,0.0,0.0,0.0,0.0,0.0,0.0,0.0,0.0,0.0,0.0,0.0,0.0,0.0,0.0
MFA.N,9.63,0.75,9.87,9.33,9.87,9.11,9.46,0.62,10.56,8.78,9.49,11.08,7.86,9.71,13.45,7.86,10.52,13.45,7.86,10.53,19.6,7.16,12.44,35.6,1.28,19.79
MFA_pb.N,20.13,0.01,20.33,19.72,20.33,19.61,20.07,0.01,22.0,19.7,21.07,23.03,18.33,21.12,23.5,18.33,21.29,23.5,16.75,20.6,25.61,16.75,21.66,26.09,2.23,22.89
MFA_pc.N,22.75,0.03,23.15,22.45,23.15,22.45,22.79,0.01,24.63,22.75,23.96,25.03,21.75,24.14,25.03,20.84,23.65,25.03,16.55,22.04,25.03,15.8,21.9,25.03,0.0,12.37
MFAN.N,25.2,0.01,25.29,25.07,25.29,25.02,25.16,0.0,25.49,24.75,25.15,25.49,24.13,25.07,25.82,0.0,24.41,25.82,0.0,16.3,25.82,0.0,9.77,25.82,0.0,4.88
MFAO.N,25.29,0.0,25.38,25.22,25.38,25.09,25.23,0.0,25.7,24.9,25.28,25.7,24.35,25.2,25.84,0.0,21.34,25.84,0.0,14.25,25.84,0.0,8.54,25.84,0.0,4.26
MFC.N,40.7,0.4,41.69,39.94,41.69,38.44,40.27,0.48,36.9,29.7,32.39,36.9,25.92,31.48,36.9,20.78,28.98,36.9,17.08,25.68,36.9,14.92,23.08,36.9,8.63,19.99
MFG.N,9.79,0.94,10.36,9.48,10.38,9.24,9.76,1.25,7.64,5.4,6.54,7.64,4.05,5.95,7.64,3.4,5.04,7.64,2.7,4.42,7.64,2.11,3.71,7.64,1.96,3.46
MFIC.O,9.99,0.5,10.25,9.64,10.62,9.64,10.05,0.59,13.51,11.33,12.31,14.74,10.18,12.61,16.12,10.18,13.39,16.12,10.18,13.06,16.12,9.86,12.88,19.5,4.96,13.93
MFSI.N,32.38,0.01,33.03,31.84,33.03,31.11,32.25,0.02,30.64,27.67,29.31,30.64,22.81,27.8,30.64,0.0,14.73,30.64,0.0,9.83,30.64,0.0,5.89,30.64,0.0,2.94
MGA.N,64.54,0.3,66.12,61.88,68.32,61.88,65.18,0.26,55.39,38.64,46.47,55.39,30.39,41.77,59.52,30.39,44.17,68.91,30.39,48.03,104.17,30.39,58.31,104.17,22.81,53.37
MGAWY.PK,1.87,0.0,6.67,0.0,6.67,0.0,1.02,0.0,7.79,6.3,6.95,7.79,6.05,6.69,8.0,5.7,6.73,8.62,5.7,7.01,18.66,5.7,9.37,24.6,5.7,12.67
MGCLY.PK,10.61,0.23,11.24,10.0,11.66,10.0,10.96,0.1,13.85,0.0,10.41,13.85,0.0,5.6,13.85,0.0,2.79,13.85,0.0,1.86,13.85,0.0,1.11,13.85,0.0,0.56
MGDDY.PK,19.43,0.11,20.12,18.97,20.12,18.14,19.1,0.11,19.36,14.82,17.39,20.0,14.82,17.62,20.86,14.82,18.05,20.86,14.02,17.22,22.23,10.65,17.18,22.23,9.28,15.93
MGEE.O,81.25,0.48,84.29,78.22,84.29,75.05,78.48,0.34,90.66,77.46,83.77,96.25,77.46,87.05,109.22,61.94,84.88,109.22,61.94,81.38,109.22,61.67,78.83,109.22,44.82,71.34
MGIC.O,0.0,0.0,0.0,0.0,0.0,0.0,0.0,0.0,27.44,18.57,21.67,27.44,11.36,17.89,27.44,9.38,14.49,27.44,8.15,13.86,27.44,8.15,15.46,27.44,5.26,12.14
MGLUY.PK,3.41,0.0,3.67,3.25,3.95,0.0,2.18,0.0,,,,,,,,,,,,,,,,,,
MGM.N,47.91,1.09,50.53,46.14,50.53,46.14,47.57,1.09,40.16,29.19,35.31,41.25,25.31,34.01,48.24,25.31,37.36,51.35,25.31,38.88,51.35,25.31,38.73,51.35,5.9,32.87
MGNI.O,19.38,3.16,20.98,17.27,20.98,14.28,17.86,3.71,26.65,13.07,20.11,26.65,8.22,17.77,26.65,8.22,15.05,26.65,6.28,13.4,64.39,5.58,16.59,64.39,1.48,11.97
MGPFY.PK,0.0,0.0,0.0,0.0,0.0,0.0,0.0,0.0,9.75,9.75,9.75,9.75,9.75,9.75,9.75,9.75,9.75,9.75,9.75,9.75,9.75,9.75,9.75,9.75,9.75,9.75
MGPUF.PK,1.23,0.0,4.46,0.0,4.46,0.0,0.89,0.0,3.85,3.28,3.55,3.85,2.16,3.03,3.85,2.16,2.86,3.85,2.15,2.76,3.85,1.77,2.76,3.85,1.28,2.7
MGR.N,19.88,0.01,20.11,19.54,20.32,19.54,19.98,0.01,23.14,20.34,21.62,23.52,19.92,21.59,25.14,19.92,22.49,25.47,19.48,22.49,28.5,19.48,23.81,28.5,0.0,16.56
MGRB.N,16.26,0.01,16.54,15.93,16.96,15.93,16.54,0.01,19.02,16.89,17.72,19.13,16.13,17.67,21.0,16.13,18.51,21.0,16.0,18.34,26.9,16.0,20.27,26.99,0.0,10.81
MGRC.O,120.47,0.33,125.83,115.91,125.83,107.68,117.27,0.25,128.41,94.99,114.53,129.93,94.99,114.53,130.86,94.99,113.69,130.86,85.63,108.45,130.86,64.58,97.42,130.86,21.46,73.55
MGRD.N,14.68,0.01,14.85,14.4,15.16,14.4,14.86,0.01,16.92,15.17,15.9,16.92,14.66,15.79,18.36,14.66,16.48,18.36,0.0,16.4,25.25,0.0,15.69,25.25,0.0,7.84
MGRE.N,22.95,0.02,23.25,22.68,23.82,22.68,23.2,0.02,25.57,23.36,24.57,25.67,22.57,24.35,26.51,0.0,21.95,26.51,0.0,14.66,26.51,0.0,8.78,26.51,0.0,4.38
MGY.N,25.78,1.41,28.0,24.97,28.26,24.97,26.67,1.25,25.45,21.31,23.29,26.81,19.11,23.24,29.01,19.11,23.96,29.01,18.73,23.24,30.29,7.04,21.53,30.29,3.23,17.08
MGYOY.PK,6.08,0.04,6.54,5.83,6.65,5.83,6.2,0.04,4.82,3.85,4.38,4.82,3.34,4.19,4.82,3.23,4.05,6.51,2.26,4.01,6.51,2.26,3.93,33.0,2.12,4.2
MGYXY.PK,0.0,0.0,0.0,0.0,0.0,0.0,0.0,0.0,,,,,,,,,,,,,,,,,,
MH.N,9.83,0.58,10.79,8.96,13.19,8.96,10.49,0.41,18.0,10.73,14.51,18.0,10.73,14.51,18.0,10.73,14.51,18.0,10.73,14.51,18.0,10.73,14.51,18.0,10.73,14.51
MHD.N,11.85,0.07,12.08,11.7,12.08,11.58,11.77,0.06,11.85,10.94,11.5,12.34,10.8,11.54,12.93,10.8,11.81,12.93,9.92,11.7,17.49,9.92,12.96,19.14,9.92,14.64
MHGVY.PK,18.99,0.05,19.92,18.06,20.91,18.06,19.7,0.04,24.24,18.32,21.33,24.24,16.14,19.99,24.24,15.89,18.88,24.24,15.47,18.38,29.94,12.3,20.43,29.94,12.3,20.05
MHK.N,119.47,0.24,122.93,114.9,122.93,101.32,112.86,0.28,142.96,102.78,119.34,142.96,96.4,115.57,164.0,96.31,121.97,164.0,76.07,114.26,231.8,76.07,130.58,286.84,56.99,152.73
MHO.N,158.58,0.14,163.06,152.22,163.06,135.49,149.57,0.11,158.82,110.95,133.73,158.82,101.84,124.86,176.05,101.84,132.36,176.05,46.12,115.07,176.05,34.34,89.91,176.05,9.69,59.55
MHPSL.PK,0.0,0.0,0.0,0.0,0.0,0.0,0.0,0.0,,,,,,,,,,,,,,,,,,
MHVIY.PK,11.53,1.17,12.8,10.99,12.8,10.65,11.53,1.22,44.32,21.5,25.9,44.32,13.17,22.05,44.32,0.0,14.24,44.32,0.0,9.5,44.32,0.0,5.7,44.32,0.0,2.84
MHVYF.PK,23.05,0.04,25.82,21.9,25.82,21.7,23.1,0.02,32.05,20.75,25.99,32.05,12.2,22.16,32.05,5.84,16.99,32.05,3.42,13.98,32.05,2.2,10.6,32.05,2.07,8.09
MIAX.K,38.63,3.63,42.34,35.71,45.24,35.43,39.11,3.11,51.38,28.63,41.87,51.38,28.63,41.87,51.38,28.63,41.87,51.38,28.63,41.87,51.38,28.63,41.87,51.38,28.63,41.87
MIAX.N,38.63,1.74,42.34,35.71,45.2,35.45,39.11,1.25,,,,,,,,,,,,,,,,,,
MICC.K,17.89,1.17,18.82,16.98,18.82,16.05,17.51,1.42,16.89,14.45,15.68,16.89,14.45,15.68,16.89,14.45,15.68,16.89,14.45,15.68,16.89,14.45,15.68,16.89,14.45,15.68
MIDD.O,173.75,0.77,180.13,169.57,180.13,153.62,166.86,0.77,152.58,110.82,135.06,182.73,110.82,141.74,182.73,110.82,140.21,182.73,109.59,140.02,201.34,109.59,148.23,201.34,41.73,131.81
MIELY.PK,73.49,0.08,75.23,71.59,78.0,66.48,73.09,0.11,62.25,40.2,51.46,62.25,29.94,44.21,62.25,25.27,38.38,62.25,19.05,33.99,62.25,17.23,30.46,62.25,17.14,28.8
MIESY.PK,0.0,0.0,0.0,0.0,27.9,0.0,4.18,0.0,41.4,32.79,37.87,41.4,10.1,30.15,41.4,5.17,16.43,41.4,2.79,11.98,41.4,2.4,10.82,41.4,2.4,10.46
MINBY.PK,30.03,0.03,33.39,28.07,33.39,26.16,29.4,0.02,21.97,0.0,13.18,21.97,0.0,11.79,23.36,0.0,10.3,23.36,0.0,8.0,23.36,0.0,4.8,23.36,0.0,2.39
MIR.N,17.79,1.71,18.89,16.88,19.55,15.58,17.55,1.38,30.2,18.18,23.28,30.2,12.02,19.97,30.2,9.12,15.81,30.2,6.62,13.25,30.2,5.4,11.57,30.2,5.4,11.49
MIRM.O,121.3,1.35,126.0,113.41,126.0,91.52,109.29,1.1,82.58,47.89,67.67,82.58,36.88,57.0,82.58,23.14,45.42,82.58,18.46,39.22,82.58,12.82,31.35,82.58,6.51,27.93
MITEY.PK,25.38,0.07,26.48,24.24,27.12,23.54,25.35,0.08,25.49,17.23,21.68,25.49,12.78,19.04,25.49,12.78,17.43,25.49,11.2,15.8,25.49,11.2,15.5,25.49,11.2,16.67
MITFY.PK,8.24,0.0,8.51,8.06,8.74,0.0,5.69,0.0,9.57,7.11,7.99,9.57,5.25,7.37,9.57,4.88,6.59,9.57,3.63,6.07,9.57,2.2,5.4,12.16,1.21,5.77
MITSY.PK,561.27,0.01,580.78,545.04,628.65,545.04,583.26,0.01,616.11,388.0,489.12,616.11,333.1,440.95,616.11,333.1,440.74,616.11,270.06,408.27,616.11,178.86,338.09,616.11,103.62,245.84
MITUY.PK,1.83,0.0,12.84,0.0,12.84,0.0,0.68,0.0,12.62,11.28,12.09,12.62,9.07,11.25,15.46,9.02,12.78,15.46,9.02,12.84,18.32,9.02,13.19,18.32,7.97,13.07
MIUFY.PK,4.7,0.0,16.65,0.0,16.65,0.0,6.76,0.0,17.45,13.8,15.49,17.45,11.25,14.53,17.45,11.25,14.21,17.45,10.28,14.16,17.45,8.48,13.6,17.45,8.28,12.59
MKC.N,51.43,1.72,53.88,48.07,53.88,45.73,49.11,1.83,78.0,62.69,68.23,86.22,62.69,72.32,86.22,62.69,73.36,94.39,59.17,75.03,107.34,59.17,80.31,107.34,39.23,72.35
MKCv.N,51.16,0.0,53.47,48.36,53.47,46.13,49.01,0.0,77.31,62.78,68.1,85.5,62.78,72.22,85.5,62.78,73.27,94.97,59.12,74.97,106.08,59.12,80.34,106.08,39.51,73.7
MKKGY.PK,33.38,0.12,34.19,32.44,34.19,30.29,31.98,0.09,29.17,24.36,26.42,31.8,24.32,27.13,39.17,24.32,30.44,43.54,24.32,32.05,52.29,24.32,34.81,52.29,16.15,28.48
MKL.N,1940.98,0.03,1986.25,1878.54,1986.25,1795.42,1884.1,0.03,2201.0,1813.01,1993.17,2201.0,1625.32,1927.09,2201.0,1344.11,1743.85,2201.0,1187.06,1625.69,2201.0,943.09,1469.88,2201.0,712.93,1249.36
MKSI.O,400.63,1.97,447.62,355.08,447.62,298.0,377.11,1.56,170.37,88.49,127.47,170.37,54.84,109.65,170.37,54.84,113.47,170.37,54.84,106.14,199.44,54.84,119.39,199.44,30.67,101.75
MKTAY.PK,36.07,0.02,37.48,35.26,37.48,32.24,35.65,0.02,36.4,26.76,31.74,39.05,25.56,31.32,39.05,24.59,30.42,39.05,22.83,29.07,65.71,17.75,32.58,65.71,17.75,35.17
MKTX.O,113.22,0.73,117.79,108.75,125.21,108.75,116.49,0.83,225.07,156.17,183.14,232.84,156.17,198.69,296.68,156.17,216.97,399.78,156.17,239.2,589.25,156.17,294.08,606.45,98.0,278.05
MLCO.O,5.29,3.28,5.47,5.07,6.04,5.07,5.44,2.87,10.15,7.31,8.77,10.15,4.55,7.29,10.15,4.55,7.16,14.46,4.55,8.52,23.65,4.06,9.6,32.95,4.06,14.79
MLI.N,97.02,0.53,136.58,55.55,141.49,55.55,121.82,0.41,118.91,79.3,99.66,118.91,67.0,88.91,118.91,44.45,76.22,118.91,29.18,63.59,118.91,17.03,48.59,118.91,8.39,31.72
MLKN.O,20.53,1.47,21.48,17.71,21.48,14.42,17.5,1.16,22.23,13.77,18.27,23.46,13.77,18.69,31.73,13.77,22.65,31.73,13.2,22.0,51.24,13.2,27.21,51.24,13.2,30.49
MLLUY.PK,0.0,0.0,0.0,0.0,0.0,0.0,0.0,0.0,6.25,3.79,4.97,6.25,3.49,4.64,6.25,3.24,4.3,6.64,3.24,4.48,8.04,3.1,4.65,8.04,3.1,4.68
MLM.N,598.13,0.2,642.18,563.83,642.18,545.63,591.17,0.17,662.95,533.28,608.94,662.95,442.08,564.74,662.95,442.08,561.75,662.95,318.15,511.24,662.95,275.39,449.35,662.95,111.08,330.23
MLTTY.PK,3.11,0.01,10.9,0.0,10.9,0.0,1.15,0.0,10.0,0.0,0.15,10.0,0.0,0.3,12.01,0.0,0.26,12.15,0.0,0.2,12.15,0.0,0.12,12.15,0.0,0.06
MLTX.O,19.46,1.35,20.41,18.53,23.29,17.0,19.26,1.45,62.75,5.95,31.96,62.75,5.95,36.81,64.98,5.95,42.72,64.98,5.95,41.07,64.98,4.25,29.27,64.98,4.25,28.57
MLXSY.PK,0.0,0.0,0.0,0.0,0.0,0.0,0.0,0.0,0.0,0.0,0.0,0.0,0.0,0.0,0.0,0.0,0.0,0.0,0.0,0.0,0.0,0.0,0.0,0.0,0.0,0.0
MLYBY.PK,4.46,0.0,5.99,0.0,5.99,0.0,4.95,0.01,6.0,4.08,4.59,6.13,4.08,4.89,6.8,3.82,4.93,9.1,3.2,4.72,12.71,3.2,4.84,13.79,2.89,4.57
MLYS.O,27.23,1.94,29.97,25.44,29.97,22.3,25.42,1.89,47.65,12.59,30.87,47.65,8.24,22.16,47.65,7.95,17.33,47.65,5.85,15.9,47.65,5.85,15.9,47.65,5.85,15.9
MMI.N,31.34,0.11,32.12,29.58,32.12,28.73,30.34,0.1,33.35,27.1,30.17,41.04,27.1,31.81,43.78,27.1,34.16,44.2,26.83,33.8,58.31,26.83,36.31,58.31,18.38,33.28
MMM.N,162.27,1.27,169.7,156.05,169.7,151.78,160.52,1.33,174.69,144.25,158.85,174.69,122.58,152.04,174.69,75.66,130.35,174.69,71.36,115.71,174.7,71.36,124.1,217.19,71.36,139.34
MMS.N,54.78,0.41,56.66,52.8,63.19,52.8,57.59,0.33,92.4,69.68,83.26,92.4,63.79,77.14,93.94,63.79,80.76,93.94,63.79,80.54,96.0,54.59,78.91,96.0,43.69,72.05
MMSI.O,70.57,1.01,72.8,68.27,72.8,64.04,68.31,0.89,96.74,78.12,86.1,111.45,78.12,92.34,111.45,70.7,89.61,111.45,62.58,84.19,111.45,50.46,75.48,111.45,15.47,57.59
MMSMY.PK,51.8,0.01,57.88,44.91,67.18,44.91,54.35,0.01,29.65,6.61,17.71,29.65,4.89,14.65,29.65,4.89,10.91,29.65,4.42,9.18,29.65,3.87,7.36,29.65,2.6,6.51
MMTOF.PK,0.0,0.0,0.0,0.0,2.28,0.0,0.11,0.0,3.11,2.38,2.67,3.55,2.38,2.82,3.66,2.36,2.89,4.45,2.36,3.15,4.51,2.12,3.04,8.3,1.79,4.41
MMTOY.PK,0.0,0.0,0.0,0.0,0.0,0.0,0.0,0.0,,,,,,,,,,,,,,,,,,
MMXGY.PK,1.5,0.0,11.0,0.0,16.0,0.0,2.92,0.0,,,,,,,,,,,,,,,,,,
MMYT.O,55.21,1.36,58.8,50.07,58.8,38.26,48.46,1.4,104.99,69.69,89.62,122.35,69.69,95.66,123.0,43.31,89.61,123.0,22.5,70.57,123.0,20.06,53.69,123.0,10.0,39.44
MNDY.O,74.95,1.0,82.62,66.85,85.38,66.85,75.76,1.23,315.0,141.2,199.33,342.64,141.2,234.53,342.64,141.2,235.94,342.64,94.76,208.52,450.0,73.58,204.26,450.0,73.58,204.26
MNESP.PK,0.0,0.0,0.0,0.0,0.0,0.0,0.0,0.0,,,,,,,,,,,,,,,,,,
MNFYY.PK,0.0,0.0,0.0,0.0,0.0,0.0,0.0,0.0,0.0,0.0,0.0,0.0,0.0,0.0,0.0,0.0,0.0,0.0,0.0,0.0,0.0,0.0,0.0,0.0,0.0,0.0
MNHVF.PK,7.77,0.0,18.92,0.0,20.51,0.0,6.04,0.0,24.2,18.32,21.26,24.2,16.86,20.02,24.2,15.75,18.71,24.2,15.72,18.22,30.0,12.15,20.56,30.0,12.15,19.9
MNILY.PK,0.0,0.0,0.0,0.0,0.0,0.0,0.0,0.0,17.5,17.5,17.5,17.5,17.5,17.5,17.5,17.5,17.5,17.5,17.5,17.5,17.5,17.5,17.5,17.5,17.5,17.5
MNKD.O,4.2,5.96,4.55,3.77,4.55,3.38,3.94,5.34,6.24,3.38,4.95,6.68,3.38,4.97,7.63,3.17,5.11,7.63,3.17,4.85,7.63,2.49,4.55,11.2,0.67,3.48
MNOIY.PK,0.0,0.0,0.0,0.0,0.0,0.0,0.0,0.0,,,,,,,,,,,,,,,,,,
MNR.N,12.63,0.06,12.85,12.37,13.78,12.19,12.8,0.09,15.58,10.97,13.12,18.86,10.97,14.04,21.11,10.97,16.09,21.11,10.97,16.19,21.11,10.97,16.19,21.11,10.97,16.19
MNSKY.PK,1.34,0.0,9.36,0.0,9.36,0.0,0.49,0.0,,,,,,,,,,,,,,,,,,
MNSO.K,11.79,0.62,12.25,11.12,13.42,11.12,12.21,0.71,26.74,17.39,21.06,27.71,13.94,20.47,27.71,12.51,19.92,29.49,10.35,19.78,33.85,4.39,17.24,33.85,4.39,17.38
MNSO.N,11.79,0.15,12.24,11.12,13.42,11.12,12.21,0.16,,,,,,,,,,,,,,,,,,
MNST.O,96.9,6.49,98.93,94.23,98.93,87.91,93.87,6.08,78.31,58.09,67.03,78.31,45.7,61.98,78.31,43.32,57.58,78.31,43.32,56.59,78.31,35.89,52.12,78.31,18.85,40.52
MNTHY.PK,60.13,0.0,81.85,0.0,84.55,0.0,66.98,0.0,,,,,,,,,,,,,,,,,,
MO.N,72.73,2.37,74.14,71.11,74.14,68.09,71.55,2.75,68.6,56.18,61.87,68.6,50.1,59.34,68.6,39.26,53.4,68.6,39.06,50.33,68.6,39.06,49.18,77.79,30.96,53.01
MOD.N,253.38,0.95,291.97,225.4,302.16,225.4,270.15,0.53,166.59,86.51,138.1,166.59,64.79,116.49,166.59,57.58,109.95,166.59,19.43,84.97,166.59,7.68,56.31,166.59,2.85,34.45
MOGa.N,422.03,0.2,429.77,403.66,429.77,366.53,406.56,0.14,253.06,176.55,206.34,253.06,145.81,193.32,253.06,138.01,184.95,253.06,87.18,159.83,253.06,67.77,128.21,253.06,32.52,100.27
MOGb.N,303.37,0.0,443.57,0.0,443.57,0.0,303.47,0.0,255.0,184.75,215.14,255.0,153.27,196.07,255.0,139.4,191.12,255.0,88.15,167.62,255.0,68.48,126.62,255.0,33.58,93.6
MOGLF.PK,0.33,0.0,0.8,0.0,0.97,0.0,0.32,0.0,1.85,0.81,1.33,1.85,0.66,1.12,1.87,0.66,1.16,1.87,0.24,0.99,1.87,0.15,0.7,1.87,0.03,0.43
MOH.N,227.73,0.41,235.67,203.69,235.67,190.4,209.23,0.33,311.26,133.4,174.22,359.79,133.4,239.57,423.23,133.4,290.44,423.23,133.4,297.19,423.23,133.4,293.77,423.23,42.57,199.82
MOHCY.PK,0.0,0.0,0.0,0.0,0.0,0.0,0.0,0.0,,,,,,,,,,,,,,,,,,
MOMO.O,5.78,0.64,6.02,5.32,6.02,5.32,5.65,0.92,9.22,6.42,7.53,9.22,5.05,7.11,9.22,4.53,6.54,9.58,4.53,6.76,14.03,3.11,6.87,34.44,3.11,12.5
MONDY.PK,18.64,0.03,19.18,17.87,20.11,17.87,19.07,0.05,33.93,20.66,26.27,33.93,20.66,28.64,41.67,20.66,32.31,41.67,20.66,32.74,58.98,20.66,37.75,60.36,20.66,40.86
MONOY.PK,11.25,0.1,11.86,10.75,12.01,10.54,11.2,0.13,19.92,12.16,15.92,21.63,12.16,17.2,21.63,8.87,15.27,21.63,7.66,14.29,32.84,7.66,16.76,32.84,4.53,14.05
MONRY.PK,58.27,0.04,59.48,56.31,66.19,56.31,60.41,0.02,69.17,53.24,60.63,71.79,0.0,61.32,76.7,0.0,61.35,78.29,0.0,51.09,80.41,0.0,37.01,80.41,0.0,20.97
MOPHY.PK,0.0,0.0,0.0,0.0,0.0,0.0,0.0,0.0,,,,,,,,,,,,,,,,,,
MORN.O,157.52,0.54,169.85,141.49,186.79,141.49,164.94,0.49,313.4,202.89,241.56,338.5,202.89,272.67,365.0,202.89,291.08,365.0,163.28,269.51,365.0,163.28,264.23,365.0,67.74,189.96
MOS.N,21.62,2.4,22.57,20.82,24.28,19.8,21.65,2.9,38.21,23.33,30.69,38.21,22.36,30.01,38.21,22.36,29.44,57.15,22.36,32.99,78.83,22.36,37.01,78.83,6.47,30.55
MP.N,54.41,0.99,57.44,52.7,63.12,52.43,56.51,1.26,100.24,29.58,63.16,100.24,15.78,44.25,100.24,10.03,30.02,100.24,10.03,27.71,100.24,10.03,31.1,100.24,9.78,29.6
MPC.N,260.39,1.03,272.22,244.6,272.22,238.5,256.1,0.86,202.25,158.09,181.39,202.25,115.29,165.56,221.08,115.29,167.58,221.08,104.32,155.89,221.08,40.31,123.89,221.08,15.27,88.16
MPFRY.PK,1.43,0.0,10.0,0.0,10.0,0.0,3.49,0.0,10.2,7.77,9.06,10.2,5.06,8.41,10.2,4.12,6.76,10.2,3.87,6.28,10.2,3.03,5.52,30.0,2.93,5.55
MPJPY.PK,1.29,0.84,1.44,1.21,1.69,1.21,1.42,1.02,3.42,0.0,0.18,3.42,0.0,0.09,3.42,0.0,0.05,3.42,0.0,0.03,3.42,0.0,0.02,3.42,0.0,0.01
MPLX.K,56.46,1.04,57.7,55.66,57.74,55.36,56.48,1.39,56.26,47.8,51.44,56.26,44.6,51.51,56.26,36.58,46.91,56.26,32.25,42.9,56.26,21.27,37.63,56.26,6.75,33.55
MPLX.N,56.46,0.18,57.69,55.73,57.72,55.39,56.48,0.31,,,,,,,,,,,,,,,,,,
MPLXP.PK,0.0,0.0,0.0,0.0,0.0,0.0,0.0,0.0,,,,,,,0.0,0.0,0.0,0.0,0.0,0.0,0.0,0.0,0.0,0.0,0.0,0.0
MPNGF.PK,4.89,0.0,9.38,0.0,10.11,0.0,7.31,0.0,18.3,11.56,13.82,23.89,11.56,16.36,28.08,7.75,15.88,28.08,7.75,16.04,59.24,7.75,21.68,59.24,5.32,20.52
MPNGY.PK,17.58,0.59,19.05,16.23,20.21,16.23,18.48,0.46,34.77,24.12,27.68,47.53,24.12,32.7,56.75,15.7,31.89,56.75,15.7,32.19,118.0,15.7,43.02,118.0,15.7,43.43
MPT.N,4.56,2.05,4.68,4.3,5.08,4.3,4.7,2.0,,,,,,,,,,,,,,,,,,
MPTYY.PK,4.96,0.0,34.71,0.0,35.25,0.0,3.68,0.0,,,,,,,,,,,,,,,,,,
MPW.N,4.56,2.05,4.68,4.3,5.08,4.3,4.7,2.0,5.82,3.95,4.81,6.34,3.51,4.92,6.34,3.51,4.92,6.34,3.51,4.92,6.34,3.51,4.92,6.34,3.51,4.92
MPWR.O,1344.68,1.55,1510.76,1258.66,1666.64,1258.66,1458.07,1.23,1123.38,686.87,886.59,1123.38,438.86,763.17,1123.38,438.86,754.14,1123.38,339.28,667.12,1123.38,301.51,567.74,1123.38,55.05,351.61
MQ.O,9.6,4.11,17.65,3.94,17.65,3.71,5.98,4.44,7.04,4.39,5.36,7.04,3.48,4.87,7.36,3.37,5.09,7.51,3.37,5.21,37.9,0.0,7.83,37.9,0.0,3.91
MQBKY.PK,173.58,0.01,175.99,170.48,178.63,163.81,172.3,0.02,156.4,122.37,141.06,157.45,98.2,138.02,165.98,98.2,137.27,165.98,98.2,130.52,165.98,95.85,128.37,165.98,38.8,102.88
MQY.N,11.59,0.07,11.67,11.47,11.67,11.25,11.48,0.06,11.87,10.78,11.34,12.09,10.54,11.39,13.29,10.54,11.88,13.29,9.82,11.72,17.68,9.82,12.88,17.68,9.82,13.9
MRAAY.PK,34.43,0.81,37.0,31.25,38.72,26.66,33.03,0.99,11.25,6.95,9.07,11.25,6.24,8.42,12.0,6.24,9.0,12.0,6.24,9.16,17.73,6.24,10.23,17.73,5.71,9.3
MRCY.O,117.12,1.01,128.45,102.95,128.45,102.32,114.29,0.82,85.33,49.54,68.28,85.33,39.42,57.55,85.33,25.31,45.33,85.33,25.31,44.07,88.8,25.31,49.73,96.29,15.67,50.77
MRK.N,127.67,4.22,130.2,121.59,130.2,111.57,121.41,4.12,107.56,76.67,88.12,107.56,73.32,87.24,134.61,73.32,102.88,134.61,73.32,104.66,134.61,68.39,95.93,134.61,45.74,81.04
MRNA.O,71.54,11.69,85.6,57.91,85.6,45.4,60.83,9.96,35.9,22.28,27.53,48.92,22.28,29.14,170.47,22.28,60.44,207.51,22.28,81.34,497.49,22.28,129.8,497.49,11.54,103.34
MRP.N,29.91,0.62,31.19,28.37,31.19,27.95,29.26,0.75,35.99,27.48,31.84,35.99,19.0,28.96,35.99,19.0,28.96,35.99,19.0,28.96,35.99,19.0,28.96,35.99,19.0,28.96
MRPLY.PK,4.63,0.0,11.28,0.0,11.28,0.0,3.3,0.0,13.29,10.19,12.03,15.58,10.01,12.45,17.0,7.78,11.92,17.0,6.08,10.05,17.94,6.08,11.37,25.65,5.53,12.43
MRSH.K,170.01,2.95,178.54,162.01,178.54,160.0,166.93,2.65,219.71,174.18,196.3,248.0,174.18,210.94,248.0,174.18,211.63,248.0,151.86,201.89,248.0,106.95,181.58,248.0,50.81,133.77
MRSH.N,170.01,1.06,178.54,162.03,178.54,160.03,166.93,0.95,,,,,,,,,,,,,,,,,,
MRTN.O,17.4,0.84,17.7,16.84,18.48,16.55,17.45,0.93,14.16,9.35,11.38,16.95,9.35,12.67,21.08,9.35,15.21,23.38,9.35,17.01,23.43,9.35,17.18,23.43,5.64,14.33
MRUWY.PK,17.19,0.04,18.41,16.47,18.41,15.06,17.04,0.03,14.55,0.0,1.86,14.55,0.0,0.95,14.55,0.0,0.48,14.55,0.0,0.32,14.55,0.0,0.19,14.55,0.0,0.1
MRVGF.PK,0.0,0.0,0.0,0.0,0.0,0.0,0.0,0.0,1.72,1.03,1.39,1.72,0.92,1.34,1.72,0.92,1.36,1.72,0.92,1.37,2.4,0.92,1.71,2.4,0.92,1.69
MRVI.O,6.15,3.71,6.55,5.77,6.55,4.85,5.54,3.2,3.95,1.99,2.96,6.21,1.66,2.99,11.56,1.66,5.31,16.9,1.66,7.31,63.55,1.66,17.78,63.55,1.66,18.0
MRVL.O,270.04,35.52,300.0,237.2,329.88,237.2,279.49,59.4,102.77,61.44,80.57,127.48,47.08,80.02,127.48,47.08,77.61,127.48,33.75,68.75,127.48,33.75,63.83,127.48,7.4,42.41
MRVSY.PK,1.28,0.0,3.09,0.0,3.25,0.0,1.75,0.01,5.39,3.55,4.45,6.64,3.24,4.49,6.64,3.24,4.58,11.41,3.24,5.06,17.88,3.24,6.03,17.88,1.8,7.26
MRX.O,63.19,1.27,66.75,58.0,67.35,55.58,62.9,1.11,40.42,27.91,35.07,49.34,27.91,36.63,49.34,0.0,26.42,49.34,0.0,17.64,49.34,0.0,10.57,49.34,0.0,5.28
MS.N,214.53,2.07,227.43,206.72,230.47,205.83,216.71,2.17,182.31,135.28,157.23,182.31,94.35,141.89,182.31,83.1,121.85,182.31,69.42,110.06,182.31,66.85,101.5,182.31,21.16,72.65
MS_pa.N,19.01,0.05,19.27,18.73,19.5,18.73,19.22,0.03,22.57,19.13,21.15,24.33,19.13,21.96,24.39,19.13,22.47,24.39,19.0,22.0,25.55,18.21,22.31,25.55,15.16,22.24
MS_pe.N,25.39,0.05,25.6,25.15,25.65,25.15,25.51,0.02,25.85,25.25,25.58,25.85,25.01,25.51,25.85,25.01,25.45,26.28,24.89,25.42,29.6,24.89,26.21,30.78,17.39,27.41
MS_pf.N,25.27,0.05,25.5,25.09,25.5,25.09,25.35,0.02,25.62,25.1,25.34,25.62,24.87,25.32,25.75,24.87,25.32,26.05,24.34,25.29,28.95,24.34,26.01,30.17,18.78,27.01
MS_pi.N,25.03,0.04,25.23,24.73,25.23,24.73,25.03,0.03,25.48,24.83,25.2,25.48,24.21,25.08,25.8,24.21,25.14,25.8,23.28,25.03,29.59,23.28,25.88,29.65,17.55,26.58
MS_pk.N,23.63,0.05,23.97,23.49,23.97,23.41,23.6,0.03,25.49,23.42,24.51,25.49,22.52,24.17,26.0,22.52,24.5,26.0,21.2,24.29,30.27,21.2,25.44,30.27,0.0,23.15
MSA.N,171.24,0.13,174.92,165.62,174.92,155.78,165.03,0.14,182.81,152.9,167.84,182.81,128.52,163.0,200.6,128.52,170.9,200.6,122.61,165.01,200.6,108.94,156.4,200.6,37.7,123.74
MSADY.PK,26.77,0.09,28.93,25.92,30.21,25.92,27.89,0.1,25.11,19.85,22.42,25.11,17.78,22.09,25.11,12.62,21.03,25.11,10.05,17.92,25.11,8.37,14.84,25.11,7.47,12.52
MSBHF.PK,27.57,0.01,29.0,26.6,32.0,26.55,28.69,0.01,25.88,18.34,22.72,25.88,14.85,20.41,25.88,14.85,20.17,25.88,10.37,18.3,25.88,8.1,15.2,25.88,4.69,14.09
MSCI.K,573.8,0.99,614.45,542.33,618.84,542.33,587.69,0.72,594.38,525.0,563.08,634.99,486.74,565.07,642.45,439.95,557.62,642.45,439.95,543.34,679.85,376.41,526.89,679.85,62.17,353.4
MSCI.N,573.8,0.37,614.11,542.54,618.84,542.54,587.69,0.24,,,,,,,,,,,,,,,,,,
MSDL.K,15.35,0.53,15.73,15.09,15.87,14.81,15.31,0.62,19.94,15.7,17.57,21.75,15.7,18.75,23.94,15.7,19.8,23.94,15.7,19.8,23.94,15.7,19.8,23.94,15.7,19.8
MSDL.N,15.35,0.13,15.72,15.09,15.85,14.81,15.31,0.16,,,,,,,,,,,,,,,,,,
MSEXP.PK,0.0,0.0,0.0,0.0,0.0,0.0,0.0,0.0,,,,,,,,,,,,,,,,,,
MSFT.O,375.56,67.6,392.2,349.2,417.16,349.2,383.22,50.06,555.45,464.89,505.63,555.45,344.79,464.43,555.45,344.79,442.28,555.45,219.35,399.62,555.45,211.94,348.64,555.45,48.04,229.35
MSGE.K,79.25,0.73,82.79,74.91,82.79,69.44,76.02,0.63,55.75,35.31,44.31,55.75,28.29,39.81,55.75,28.29,38.7,55.75,27.55,37.13,55.75,27.55,37.13,55.75,27.55,37.13
MSGE.N,79.25,0.25,82.5,74.99,82.5,71.24,76.02,0.21,,,,,,,,,,,,,,,,,,
MSGS.K,393.3,0.32,411.73,365.02,411.73,357.97,383.2,0.34,262.77,188.6,216.31,262.77,173.26,208.09,262.77,173.26,203.57,262.77,164.79,197.1,262.77,130.49,183.59,262.77,94.75,170.73
MSGS.N,393.3,0.1,410.14,365.34,410.14,358.67,383.2,0.09,,,,,,,,,,,,,,,,,,
MSI.N,413.17,0.41,425.85,395.61,425.85,389.41,407.48,0.41,492.22,359.36,426.26,492.22,359.36,429.07,507.5,307.5,412.61,507.5,251.12,370.03,507.5,165.6,311.93,507.5,59.14,214.26
MSLOY.PK,16.11,0.1,17.45,15.4,18.89,15.4,16.91,0.08,17.73,13.71,15.37,19.23,13.71,16.34,19.23,13.71,16.37,19.23,11.03,15.3,19.23,4.69,14.42,19.23,2.67,12.65
MSM.N,120.06,0.33,127.28,115.72,127.28,114.06,117.67,0.28,94.28,81.04,87.94,94.28,68.1,83.83,104.74,68.1,85.74,105.6,68.1,88.19,105.6,68.1,86.34,105.6,43.19,78.8
MSSHY.PK,0.0,0.0,0.0,0.0,0.0,0.0,0.0,0.0,,,,,,,,,,,,,,,,,,
MSSMY.PK,8.86,0.0,12.78,0.0,12.78,0.0,6.37,0.0,,,,,,,,,,,,,,,,,,
MSTR.O,91.74,38.38,104.78,81.81,136.25,81.81,107.18,28.53,457.22,151.42,300.62,457.22,151.42,320.45,543.0,43.87,245.34,543.0,13.94,175.41,543.0,13.26,124.16,543.0,9.0,69.72
MT.N,61.37,0.27,65.39,58.55,71.53,58.55,64.28,0.27,46.58,30.25,37.4,46.58,21.59,33.1,46.58,20.52,29.03,46.58,20.52,28.38,46.58,19.25,28.43,46.58,6.65,24.59
MTB.N,238.86,0.41,243.57,233.58,243.57,222.11,231.64,0.47,208.18,174.8,193.64,208.18,150.82,188.42,225.46,128.4,175.49,225.46,108.56,160.54,225.46,108.56,160.4,225.46,85.09,153.54
MTB_ph.N,25.0,0.01,25.06,24.91,25.18,24.91,24.99,0.01,25.53,24.37,24.89,25.65,23.03,24.75,26.0,22.35,24.58,26.4,20.45,24.22,28.44,0.0,18.21,28.44,0.0,9.09
MTCH.O,37.53,4.55,38.94,34.31,38.94,33.79,36.03,3.87,39.2,30.84,34.27,39.2,26.39,32.8,42.42,26.39,33.52,54.6,26.39,35.53,182.0,26.39,66.04,182.0,8.0,57.46
MTCPY.PK,0.0,0.0,0.0,0.0,0.0,0.0,0.0,0.0,11.99,10.0,10.81,11.99,9.05,10.23,11.99,9.05,10.26,16.17,9.05,10.77,17.5,9.05,12.77,21.51,9.05,15.08
MTD.N,1278.27,0.06,1320.11,1214.18,1320.11,1113.96,1197.87,0.06,1525.17,1141.88,1324.82,1525.17,950.44,1261.96,1535.86,950.44,1295.22,1607.32,930.72,1297.63,1711.92,930.72,1316.42,1711.92,293.0,970.29
MTDR.K,49.81,1.95,51.01,48.55,56.02,48.38,51.26,1.84,53.04,37.14,45.41,64.04,35.19,47.46,71.08,35.19,52.94,71.08,35.19,53.74,73.78,12.02,49.22,73.78,1.11,34.75
MTDR.N,49.81,0.71,51.01,48.58,55.96,48.39,51.26,0.65,,,,,,,,,,,,,,,,,,
MTG.N,28.03,0.83,28.45,27.09,28.45,25.22,26.76,0.8,29.97,24.78,27.67,29.97,21.95,26.36,29.97,18.68,24.41,29.97,12.16,21.54,29.97,11.38,18.52,29.97,4.34,14.73
MTH.N,82.86,0.44,85.38,79.42,85.38,68.05,77.23,0.4,84.74,63.81,71.78,84.74,59.87,71.22,106.98,59.87,79.53,106.98,46.15,74.23,106.98,31.26,63.07,106.98,12.62,44.2
MTHRY.PK,5.53,0.15,5.97,5.21,5.97,4.81,5.22,0.23,8.85,5.98,7.25,8.85,4.27,6.59,8.85,3.79,6.07,14.34,3.79,7.62,52.42,3.79,14.78,52.42,3.79,16.34
MTLHY.PK,9.7,0.0,35.2,0.0,35.2,0.0,3.57,0.0,31.65,25.86,27.86,31.65,19.95,25.84,34.45,19.95,27.57,34.45,19.95,28.22,48.54,19.95,30.27,58.82,19.95,34.3
MTN.N,137.4,0.2,142.31,131.28,148.0,126.12,137.36,0.25,171.5,132.66,151.19,187.71,130.0,154.14,236.92,130.0,174.35,266.01,130.0,194.59,374.91,130.0,228.76,374.91,114.89,217.96
MTNOY.PK,13.91,0.01,14.16,13.72,14.67,12.72,13.73,0.02,10.27,7.71,8.93,10.27,4.66,7.68,10.27,3.92,6.25,10.27,3.92,6.41,13.69,3.92,7.25,13.69,1.57,7.28
MTPLF.PK,1.29,0.75,1.45,1.2,1.67,1.2,1.42,0.77,11.57,2.11,4.81,16.0,1.51,4.78,16.0,1.51,4.55,16.0,1.51,4.55,16.0,1.51,4.55,16.0,1.51,4.55
MTPOY.PK,3.09,0.0,21.62,0.0,21.98,0.0,2.29,0.0,23.9,21.46,22.51,28.27,21.46,24.25,28.27,21.46,24.24,28.27,16.52,23.9,28.27,16.31,22.74,29.09,13.48,21.98
MTPVY.PK,2.14,0.0,15.0,0.0,15.0,0.0,2.32,0.0,15.0,13.96,14.48,16.89,13.74,15.33,16.89,11.3,14.75,16.89,11.3,14.57,20.9,11.3,15.32,20.9,11.3,15.32
MTRN.K,280.93,0.58,298.87,258.43,298.87,219.96,263.2,0.46,135.33,78.4,114.16,135.33,69.1,100.63,145.08,69.1,107.97,145.08,69.1,107.62,145.08,61.96,95.97,145.08,20.62,71.49
MTRN.N,280.93,0.21,298.71,259.24,298.71,221.8,263.2,0.15,,,,,,,,,,,,,,,,,,
MTSFY.PK,27.92,0.08,28.95,26.81,29.6,26.58,28.09,0.09,35.63,26.04,31.88,35.63,22.6,29.71,35.63,22.14,28.83,35.63,17.16,26.09,35.63,17.16,24.37,35.63,13.13,23.69
MTSI.O,358.98,2.45,392.44,312.86,401.68,312.86,368.19,1.92,190.95,118.16,145.35,190.95,84.0,132.6,190.95,79.25,118.98,190.95,48.53,103.07,190.95,42.85,86.06,190.95,12.33,59.01
MTSUY.PK,27.18,0.28,27.95,26.46,30.76,26.46,28.31,0.35,25.5,19.14,22.63,25.5,15.09,20.36,25.5,0.0,19.54,25.5,0.0,14.25,25.5,0.0,8.54,25.5,0.0,4.26
MTTRY.PK,0.45,0.0,1.26,0.0,1.26,0.0,0.17,0.0,1.09,0.66,0.93,1.09,0.45,0.8,1.09,0.31,0.64,1.09,0.31,0.57,1.35,0.19,0.58,6.92,0.19,2.36
MTUAY.PK,209.21,0.02,216.96,200.87,216.96,171.36,194.54,0.03,232.86,196.11,216.18,232.86,145.02,198.43,232.86,105.54,168.01,232.86,84.47,150.02,232.86,72.23,133.27,232.86,42.16,115.53
MTX.N,76.09,0.16,79.95,73.14,79.95,73.14,76.86,0.13,66.22,54.5,60.11,78.06,49.57,61.88,90.04,49.57,69.13,90.04,48.66,65.83,90.04,48.66,67.02,90.04,27.28,64.23
MTZ.N,398.52,0.45,429.4,366.64,429.4,333.68,381.43,0.35,233.08,160.8,196.49,233.08,100.27,168.7,233.08,60.96,136.94,233.08,44.68,120.92,233.08,44.68,107.79,233.08,12.44,75.47
MU.O,1091.15,60.37,1255.0,950.28,1255.0,854.35,1052.11,57.36,298.83,103.38,178.7,298.83,61.54,137.71,298.83,61.54,121.7,298.83,49.55,103.2,298.83,48.43,91.28,298.83,9.31,64.44
MUC.N,10.99,0.06,11.14,10.87,11.14,10.72,10.87,0.07,10.94,10.0,10.55,11.13,9.97,10.58,11.64,9.97,10.84,11.71,9.19,10.77,16.43,9.19,12.0,16.43,9.19,13.08
MUFG.K,20.3,2.91,21.21,19.77,21.21,19.57,20.26,3.25,16.56,13.19,15.13,16.56,10.46,14.05,16.56,8.48,12.22,16.56,5.99,10.66,16.56,4.31,8.6,16.56,3.32,7.02
MUFG.N,20.3,0.74,21.2,19.78,21.2,19.58,20.26,0.88,,,,,,,,,,,,,,,,,,
MUR.N,33.08,0.8,35.49,31.48,40.65,31.48,35.51,0.73,34.3,21.88,27.65,34.52,18.94,26.46,49.14,18.94,32.46,49.14,18.94,35.32,51.26,11.67,33.08,51.26,4.5,28.8
MURGY.PK,11.14,1.83,11.52,10.75,11.52,10.24,10.83,1.59,14.41,12.06,12.87,14.41,9.72,12.55,14.41,8.18,11.16,14.41,6.37,9.95,14.41,4.24,8.18,14.41,3.08,6.33
MUSA.K,543.81,0.31,577.52,516.4,636.04,516.4,562.06,0.35,438.0,345.23,389.75,523.09,345.23,426.24,561.08,345.23,443.51,561.08,231.65,397.57,561.08,119.47,317.99,561.08,51.68,201.13
MUSA.N,543.81,0.09,571.11,517.5,635.6,517.5,562.06,0.1,,,,,,,,,,,,,,,,,,
MUX.N,18.16,1.08,19.45,16.92,21.05,16.7,18.5,0.62,24.87,9.83,15.29,24.87,6.4,11.72,24.87,5.93,10.42,24.87,5.4,9.43,24.87,2.83,9.11,49.2,2.83,14.9
MWA.N,25.86,0.67,27.4,24.75,27.4,24.75,25.85,0.6,27.43,22.75,25.14,28.57,21.4,25.03,28.57,13.49,21.99,28.57,10.74,19.24,28.57,9.9,16.82,28.57,6.64,13.93
MWTCY.PK,0.0,0.0,0.0,0.0,15.79,0.0,1.64,0.0,,,,,,,,,,,,,,,,,,
MXCHY.PK,1.83,0.0,2.61,0.0,2.61,0.0,1.2,0.0,2.1,1.26,1.68,2.1,1.0,1.54,4.62,1.0,2.11,5.48,1.0,2.47,6.48,1.0,2.88,7.02,1.0,3.33
MXL.O,104.11,5.2,128.3,83.01,128.3,67.77,91.23,3.94,20.0,12.77,16.0,25.73,8.35,15.06,26.59,8.35,16.47,43.66,8.35,20.13,77.89,8.35,30.06,77.89,7.79,25.95
MXUBY.PK,4.29,0.0,8.25,0.0,8.72,0.0,5.51,0.0,,,,,,,,,,,,,,,,,,
MYE.N,32.16,0.31,35.75,29.68,35.75,23.91,28.84,0.2,19.87,13.6,16.82,19.87,9.06,14.47,23.63,9.06,15.23,26.43,9.06,16.73,26.43,9.06,18.37,26.43,6.92,17.47
MYI.N,11.09,0.07,11.2,10.95,11.2,10.77,11.0,0.05,11.46,10.2,10.78,11.46,9.99,10.79,12.06,9.99,11.08,12.06,9.33,10.97,15.18,9.33,11.87,15.87,9.33,12.73
MYRG.O,472.24,0.43,503.56,424.99,503.56,402.46,456.18,0.35,241.13,171.51,202.12,241.13,97.72,171.85,241.13,86.6,156.17,241.13,86.6,146.52,241.13,54.87,123.76,241.13,16.32,78.08
MYTKY.PK,8.58,0.02,8.92,8.32,9.15,8.32,8.72,0.02,29.6,25.01,26.96,29.6,15.63,24.49,29.6,9.44,18.99,29.6,4.22,15.13,29.6,3.03,11.22,29.6,3.03,9.32
MZDAY.PK,3.37,0.05,3.57,3.28,3.64,3.2,3.42,0.04,4.05,2.78,3.45,4.05,2.44,3.3,6.52,2.44,3.96,6.52,2.44,4.23,6.52,2.44,4.15,10.1,2.28,5.0
MZTI.O,114.61,0.37,117.95,111.13,117.95,104.28,110.96,0.37,190.96,152.94,173.13,198.39,152.94,174.71,215.31,152.94,180.89,220.65,152.94,182.66,220.65,116.85,177.13,220.65,95.78,159.01
NABL.K,3.76,2.21,4.28,3.1,4.28,2.92,3.39,2.5,9.04,6.98,7.82,10.41,6.07,7.99,15.48,6.07,10.37,15.48,6.07,11.18,16.0,6.07,11.15,16.0,6.07,11.15
NABL.N,3.76,0.98,4.28,3.11,4.28,2.92,3.39,1.13,,,,,,,,,,,,,,,,,,
NABZY.PK,13.06,0.42,13.53,12.46,13.7,12.41,12.97,0.6,15.13,11.76,13.69,15.13,9.32,12.71,15.13,9.32,12.27,15.13,8.17,11.34,15.13,8.17,10.93,15.13,4.0,10.29
NAC.N,12.11,0.06,12.19,11.99,12.19,11.88,12.03,0.08,12.23,10.9,11.52,12.23,10.35,11.33,12.23,10.35,11.33,12.23,9.32,11.1,16.2,9.32,12.2,17.2,9.32,13.38
NAD.N,12.06,0.15,12.12,11.97,12.12,11.66,11.96,0.13,12.28,11.04,11.66,12.28,10.41,11.57,12.47,10.41,11.61,12.47,9.56,11.43,16.44,9.56,12.52,16.44,9.56,13.28
NAK.N,1.88,0.21,2.12,1.76,2.29,1.76,1.96,0.16,2.98,0.73,1.5,2.98,0.56,1.22,2.98,0.23,0.79,2.98,0.21,0.61,2.98,0.21,0.53,2.98,0.21,0.59
NAMS.O,33.95,1.25,36.34,31.56,36.34,29.1,31.82,1.17,42.0,17.97,30.18,42.0,14.06,25.31,42.0,11.18,22.5,42.0,5.63,18.83,42.0,5.63,15.9,42.0,5.63,15.9
NAT.N,5.8,1.69,6.62,5.49,6.7,5.05,5.72,1.45,3.92,2.6,3.24,3.92,2.14,2.94,4.64,2.14,3.34,4.82,2.14,3.51,4.82,1.4,3.17,16.04,1.4,4.3
NATL.K,43.78,1.22,45.03,42.69,45.03,42.69,43.85,0.79,42.23,23.56,36.16,42.23,22.3,32.34,42.23,18.42,29.34,42.23,18.0,28.69,42.23,18.0,28.69,42.23,18.0,28.69
NATL.N,43.78,0.26,45.03,42.72,45.03,42.72,43.85,0.2,,,,,,,,,,,,,,,,,,
NAUBF.PK,7.59,0.0,27.6,0.0,27.6,0.0,4.03,0.0,28.65,24.53,26.67,28.65,18.84,24.42,28.65,18.84,23.72,28.65,16.68,21.7,28.65,16.68,21.14,28.65,7.38,19.72
NAVI.O,8.56,1.07,8.92,8.37,8.92,7.72,8.21,1.22,16.07,11.25,13.01,16.07,10.53,13.13,18.74,10.53,14.39,19.69,10.53,15.37,23.8,9.87,16.04,23.8,4.07,14.29
NAVN.O,23.89,5.91,26.35,21.27,26.35,18.35,22.08,6.23,22.75,11.76,15.89,22.75,11.76,15.89,22.75,11.76,15.89,22.75,11.76,15.89,22.75,11.76,15.89,22.75,11.76,15.89
NBGIF.PK,12.48,0.0,18.1,0.0,18.2,0.0,12.0,0.0,16.04,12.15,14.71,16.04,7.5,12.48,16.04,6.6,10.23,16.04,3.9,8.68,16.04,2.11,6.31,16.04,0.9,4.36
NBGRY.PK,17.71,0.04,18.3,16.96,18.54,16.43,17.61,0.03,17.3,0.0,14.28,17.3,0.0,12.31,17.3,0.0,7.81,17.3,0.0,5.41,17.3,0.0,3.3,17.3,0.0,1.65
NBHC.K,44.63,0.58,45.63,43.92,45.63,41.5,43.61,0.47,41.7,35.06,38.22,44.92,32.83,38.6,51.76,32.13,38.96,51.76,26.48,37.33,51.76,26.48,38.59,51.76,18.41,34.77
NBHC.N,44.63,0.29,45.61,43.94,45.61,41.56,43.61,0.22,,,,,,,,,,,,,,,,,,
NBIS.O,241.72,17.9,290.6,206.21,299.86,200.3,247.78,18.42,141.1,43.89,86.53,141.1,18.31,60.74,141.1,14.09,54.68,141.1,14.09,54.68,141.1,14.09,60.68,141.1,11.0,42.34
NBIX.O,169.62,1.18,175.02,163.12,175.02,155.3,164.28,1.18,160.18,123.67,140.18,160.18,84.23,130.62,160.18,84.23,132.1,160.18,84.23,123.28,160.18,71.88,113.09,160.18,31.25,95.58
NBR.N,80.87,0.12,85.8,75.63,105.79,75.63,88.75,0.11,58.89,27.57,42.17,69.0,23.51,41.19,105.7,23.51,58.7,190.65,23.51,77.91,207.67,23.51,93.2,920.0,9.85,196.18
NBTB.O,49.7,0.45,51.09,48.38,51.09,45.91,48.24,0.39,45.28,39.2,42.23,49.18,37.31,43.04,52.44,32.79,42.19,52.44,27.52,40.05,52.44,27.52,39.36,52.44,23.81,37.19
NBTX.O,37.58,0.12,42.92,33.12,42.92,31.68,36.28,0.1,30.35,4.57,15.23,30.35,2.82,9.61,30.35,2.76,7.57,30.35,1.75,7.07,30.35,1.75,8.12,30.35,1.75,8.23
NBXG.K,16.2,0.29,16.7,15.57,17.43,15.32,16.25,0.25,15.66,13.52,14.8,15.66,10.05,13.89,15.66,10.05,13.07,15.66,9.05,12.15,20.76,8.71,12.93,20.76,8.71,12.93
NBXG.N,16.2,0.04,16.68,15.58,17.39,15.33,16.25,0.03,,,,,,,,,,,,,,,,,,
NBY.N,1.03,0.08,1.55,0.0,1.55,0.0,1.1,0.03,6.47,0.44,1.75,6.47,0.32,1.31,6.47,0.24,1.85,56.22,0.24,5.73,1433.25,0.24,227.06,3255.18,0.24,403.61
NCBDY.PK,11.74,0.1,12.31,11.24,12.31,11.04,11.46,0.14,19.67,12.81,15.82,19.67,10.8,15.78,19.67,8.72,13.0,19.67,8.72,12.29,19.67,0.0,10.94,19.67,0.0,6.06
NCHEY.PK,0.0,0.0,0.0,0.0,0.0,0.0,0.0,0.0,,,,,,,,,,,,,,,,,,
NCLH.K,20.71,18.27,21.95,19.18,21.95,17.7,20.06,19.27,27.18,17.34,22.7,29.29,14.21,21.84,29.29,14.21,20.83,29.29,11.76,19.29,34.48,10.31,20.15,61.48,7.03,32.51
NCLH.N,20.71,5.48,21.95,19.18,21.95,17.7,20.06,5.21,,,,,,,,,,,,,,,,,,
NCLTY.PK,7.39,0.14,7.71,7.04,8.76,6.99,7.74,0.12,10.1,7.32,8.82,12.93,7.32,9.79,16.68,7.32,11.47,16.68,7.32,11.61,22.98,7.32,12.91,23.1,0.0,8.04
NCNO.O,16.45,5.85,18.26,14.2,18.26,14.15,15.53,4.14,33.92,23.18,27.31,35.43,18.75,27.77,43.2,18.75,30.36,43.2,18.75,29.62,86.48,18.75,38.23,103.95,18.75,41.74
NCRRP.PK,0.0,0.0,0.0,0.0,0.0,0.0,0.0,0.0,1122.31,0.0,34.26,1122.31,0.0,25.24,1138.07,0.0,17.03,1209.15,0.0,16.12,1425.0,0.0,17.7,1435.81,0.0,57.41
NCTKY.PK,16.96,0.0,19.06,15.49,19.06,0.0,15.67,0.0,15.25,0.0,8.22,15.25,0.0,7.14,15.25,0.0,5.71,15.25,0.0,4.22,22.4,0.0,2.6,22.4,0.0,1.31
NDAQ.O,80.53,5.9,85.63,76.55,92.75,76.55,83.84,4.9,99.59,84.76,91.27,99.59,64.84,85.42,99.59,54.9,75.73,99.59,46.88,68.45,99.59,43.57,64.43,99.59,18.42,46.8
NDBI.PK,1.61,0.0,2.6,0.0,2.6,0.0,1.65,0.0,,,,,,,,,,,,,,,,,,
NDBKY.PK,16.72,0.03,17.2,16.23,17.42,15.29,16.5,0.03,16.23,11.88,13.87,16.23,11.75,14.11,18.13,10.99,14.14,18.13,9.98,13.33,18.13,7.66,12.74,26.68,3.92,14.01
NDCVF.PK,12.99,0.01,18.8,0.0,20.76,0.0,15.0,0.01,16.85,12.25,14.45,16.85,9.0,13.46,16.85,7.18,11.86,17.9,7.18,11.96,37.0,7.18,17.45,37.0,2.79,12.23
NDEKY.PK,19.72,0.07,20.73,19.34,20.73,17.74,19.35,0.07,26.48,16.43,23.14,26.48,14.5,20.77,26.48,12.8,18.69,26.48,11.05,16.95,26.48,10.14,16.0,26.48,7.25,14.66
NDGPY.PK,0.0,0.0,0.0,0.0,16.75,0.0,0.88,0.0,15.67,8.44,13.08,15.67,6.6,10.27,15.67,6.6,9.48,17.97,6.6,10.44,39.91,6.6,14.74,43.62,6.6,20.32
NDSN.O,298.52,0.43,307.74,287.88,307.74,278.36,293.05,0.47,251.47,207.08,227.69,251.47,165.03,216.73,279.38,165.03,233.89,279.38,165.03,232.87,279.38,165.03,229.25,279.38,51.89,180.78
NDVLY.PK,0.22,0.0,0.5,0.0,0.5,0.0,0.33,0.0,0.61,0.32,0.42,0.61,0.21,0.37,0.78,0.21,0.46,1.42,0.21,0.64,2.49,0.21,1.05,8.21,0.21,1.66
NE.N,37.91,0.92,39.57,36.82,47.26,36.82,41.78,0.68,33.65,25.27,28.93,35.04,17.4,27.64,52.12,17.4,34.39,55.32,17.4,37.62,55.32,17.4,34.67,55.32,17.4,34.67
NEA.N,11.67,0.16,11.75,11.54,11.75,11.4,11.6,0.16,11.75,10.6,11.25,11.75,10.0,11.18,12.06,10.0,11.24,12.06,9.2,11.06,16.0,9.2,12.14,16.0,9.2,12.93
NECPY.PK,8.88,0.0,13.0,0.0,14.36,0.0,10.56,0.0,21.24,0.0,2.42,21.24,0.0,1.24,21.24,0.0,0.62,21.24,0.0,0.41,21.24,0.0,0.25,21.24,0.0,0.12
NEE.N,87.83,3.82,88.88,86.32,88.88,83.4,86.56,3.41,87.53,67.54,77.95,87.53,61.75,74.07,87.53,53.95,72.77,87.53,47.15,71.73,93.73,47.15,75.16,93.73,25.55,60.08
NEE_ps.N,53.5,0.18,54.0,52.98,54.0,51.94,53.05,0.07,55.49,46.8,51.11,55.49,44.1,49.55,57.45,0.0,38.34,57.45,0.0,25.6,57.45,0.0,15.34,57.45,0.0,7.66
NEE_pt.N,50.06,0.06,50.52,49.55,50.52,48.69,49.68,0.02,51.94,44.0,47.94,51.94,41.3,46.33,51.94,0.0,26.83,51.94,0.0,17.91,51.94,0.0,10.73,51.94,0.0,5.36
NEGG.O,15.97,0.07,17.44,14.16,20.13,14.16,17.05,0.06,137.84,15.0,57.17,137.84,3.32,32.86,137.84,3.32,24.62,137.84,3.32,24.33,1581.4,3.32,85.37,1581.4,3.32,147.31
NEM.N,95.42,2.66,98.9,91.77,112.14,91.77,98.6,2.92,106.32,55.37,80.05,106.32,37.68,64.76,106.32,29.43,53.71,106.32,29.43,50.24,106.32,29.43,53.73,106.32,15.66,46.47
NEMKY.PK,9.56,0.0,15.3,0.0,15.3,0.0,6.27,0.0,31.07,0.0,6.11,31.97,0.0,5.29,31.97,0.0,3.74,31.97,0.0,2.86,31.97,0.0,1.8,31.97,0.0,0.9
NEO.O,14.58,3.72,15.57,12.9,15.57,10.05,12.47,3.91,12.63,4.72,8.9,19.11,4.72,9.55,19.11,4.72,12.39,21.22,4.72,13.42,61.57,4.72,19.64,61.57,4.72,18.37
NEOG.O,9.33,2.34,9.68,8.68,9.68,8.68,9.21,2.07,7.53,4.56,5.81,13.4,3.87,6.92,20.72,3.87,11.1,24.1,3.87,13.7,48.85,3.87,21.81,48.85,3.87,25.82
NESR.O,28.28,3.53,30.31,25.08,30.31,23.41,26.16,2.74,15.83,5.9,10.56,15.83,5.2,9.02,15.83,5.0,8.9,15.83,2.44,7.59,15.95,2.44,8.5,15.95,2.44,8.58
NESRF.PK,13.98,0.02,15.1,12.6,16.5,12.6,14.12,0.03,18.52,9.8,14.53,18.52,9.22,13.5,18.52,7.69,11.74,18.52,6.13,10.59,18.52,4.4,9.06,18.52,1.84,7.6
NET.N,241.31,1.04,252.13,216.65,254.35,212.4,233.32,0.92,260.0,178.74,207.84,260.0,89.48,174.23,260.0,66.3,130.6,260.0,37.58,107.84,260.0,37.38,101.38,260.0,14.5,87.22
NETTF.PK,0.0,0.0,0.0,0.0,24.5,0.0,2.57,0.0,33.14,23.35,27.9,33.14,16.23,23.7,33.14,13.74,20.71,33.14,13.74,20.18,33.14,10.49,19.75,33.14,10.49,19.75
NEU.N,792.07,0.03,812.44,778.89,850.0,759.22,798.45,0.03,875.78,652.0,766.88,875.78,481.78,673.0,875.78,481.78,615.89,875.78,311.11,551.81,875.78,280.35,464.82,875.78,280.35,439.73
NEXA.K,12.58,0.87,14.39,11.58,15.14,11.58,13.14,0.85,9.55,4.61,5.71,9.56,4.44,5.67,9.61,4.44,6.5,9.61,4.14,6.29,12.8,4.14,7.01,21.5,2.55,8.46
NEXA.N,12.58,0.21,14.34,11.6,15.12,11.6,13.14,0.22,,,,,,,,,,,,,,,,,,
NEXHY.PK,0.0,0.0,0.0,0.0,0.0,0.0,0.0,0.0,0.0,0.0,0.0,0.0,0.0,0.0,0.0,0.0,0.0,0.0,0.0,0.0,0.0,0.0,0.0,0.0,0.0,0.0
NEXNY.PK,46.52,0.0,84.44,0.0,90.56,0.0,58.23,0.0,82.2,61.67,72.43,82.2,43.54,62.62,82.2,39.95,60.5,82.2,33.78,54.42,82.2,33.78,53.74,82.2,21.3,53.48
NEXOY.PK,13.58,0.08,14.32,13.04,14.32,13.01,13.61,0.07,25.92,17.72,21.87,25.92,12.5,18.66,25.92,12.5,18.06,25.92,12.5,18.96,34.0,12.5,20.43,34.0,11.65,20.9
NEXT.O,7.51,2.67,7.84,7.0,8.83,6.98,7.72,3.11,12.12,4.99,7.82,12.12,4.99,7.86,12.12,4.26,6.97,12.12,3.92,6.54,12.12,1.65,5.59,20.0,1.12,5.81
NEXXY.PK,3.52,0.0,4.29,0.0,4.29,0.0,2.73,0.0,6.74,0.0,2.01,6.74,0.0,2.13,8.02,0.0,1.98,9.31,0.0,2.76,23.48,0.0,7.11,24.0,0.0,3.66
NFG.N,77.97,0.34,79.36,76.17,79.36,75.17,77.14,0.28,93.84,77.38,84.78,93.84,60.48,80.69,93.84,45.44,68.34,93.84,45.44,63.52,93.84,39.81,61.9,93.84,31.83,56.7
NFGC.K,1.57,1.49,1.74,1.48,1.77,1.44,1.58,1.99,3.32,1.34,2.11,3.32,0.93,1.81,4.15,0.93,2.36,5.7,0.93,2.99,12.0,0.93,4.02,12.0,0.93,3.94
NFJ.N,15.14,0.04,15.32,14.97,15.32,14.54,15.05,0.03,13.3,12.4,12.84,13.3,10.14,12.53,13.3,10.14,12.53,13.3,10.14,12.3,16.16,10.14,12.87,16.16,7.54,12.65
NFLX.O,73.96,50.81,78.44,70.86,83.08,70.86,76.72,50.18,133.88,91.33,114.93,134.12,82.11,109.71,134.12,46.19,88.35,134.12,28.53,71.95,134.12,16.27,60.01,134.12,8.0,43.61
NFYEF.PK,12.04,0.01,17.13,0.0,17.13,0.0,12.76,0.01,14.4,8.86,11.86,14.4,6.87,10.63,14.7,6.87,10.76,14.7,5.15,9.9,25.73,5.15,12.61,48.03,5.15,19.42
NG.N,6.21,0.08,6.64,5.92,8.8,5.92,6.98,0.09,10.9,4.08,7.69,10.9,2.26,5.64,10.9,2.23,4.56,10.9,2.23,4.65,10.9,2.23,5.61,12.84,2.23,6.0
NGCRY.PK,0.0,0.0,0.0,0.0,28.4,0.0,2.98,0.0,40.0,33.1,37.25,40.0,20.04,31.44,40.0,20.04,29.34,56.56,20.04,32.24,77.82,20.04,39.79,91.74,20.04,46.46
NGD.N,0.0,0.0,0.0,0.0,0.0,0.0,0.0,0.0,9.59,4.04,6.47,9.59,2.52,5.04,9.59,1.09,3.58,9.59,0.82,2.77,9.59,0.61,2.23,9.59,0.39,1.88
NGG.N,82.67,0.19,84.08,80.15,84.08,78.76,81.74,0.2,78.49,67.53,73.49,78.49,55.82,69.96,78.49,53.88,66.57,78.49,53.03,64.79,78.49,44.37,63.44,78.49,41.62,59.88
NGKSY.PK,4.53,0.0,31.7,0.0,31.7,0.0,1.67,0.0,21.4,14.95,17.7,21.4,12.18,16.72,21.4,11.85,15.17,21.4,9.33,13.08,21.4,7.1,10.08,21.4,6.57,10.25
NGL.N,15.68,0.03,16.24,14.38,16.67,14.38,15.87,0.07,10.29,3.96,6.71,10.29,2.73,5.51,10.29,2.73,5.29,10.29,1.14,4.68,10.29,1.0,3.61,25.8,1.0,7.86
NGL_pb.N,25.45,0.04,26.0,24.75,26.0,24.75,25.67,0.01,24.79,20.51,23.05,24.79,19.15,22.89,32.7,19.15,24.16,32.7,0.0,23.68,32.7,0.0,19.57,32.7,0.0,17.46
NGL_pc.N,25.77,0.0,26.15,25.36,26.2,25.36,25.87,0.0,25.23,21.2,23.41,25.23,17.68,23.09,32.0,17.68,24.19,32.0,9.21,23.62,32.0,8.64,19.69,32.0,3.5,19.71
NGLOY.PK,24.67,0.41,25.52,23.89,28.13,23.46,25.54,0.39,20.73,13.56,17.36,20.73,10.88,15.82,20.73,10.41,14.84,22.35,10.1,14.87,27.07,10.1,16.72,27.07,1.48,13.01
NGVT.K,74.13,0.37,77.12,71.43,77.12,65.06,72.39,0.32,61.77,39.74,53.14,61.77,28.49,47.4,61.77,28.49,45.52,90.81,28.49,49.93,90.81,28.49,58.88,120.41,22.0,64.14
NGVT.N,74.13,0.18,77.12,71.58,77.12,65.06,72.39,0.15,,,,,,,,,,,,,,,,,,
NHC.N,149.2,0.0,219.62,0.0,219.62,0.0,158.53,0.0,142.17,95.36,118.91,142.17,89.58,109.78,142.17,87.99,107.91,142.17,52.02,92.19,142.17,52.02,83.06,142.17,52.02,80.16
NHI.N,76.84,0.92,77.96,74.24,77.96,68.88,73.6,0.45,80.51,69.18,75.75,80.51,65.13,73.88,85.98,51.59,71.22,85.98,47.67,65.1,85.98,47.67,63.5,91.12,31.53,68.15
NHNKY.PK,8.87,0.01,9.25,8.48,9.25,8.12,8.67,0.03,14.21,9.23,11.45,17.28,9.23,12.41,20.0,9.23,13.35,20.0,9.23,13.26,20.0,9.23,13.28,21.05,9.23,13.54
NHPEF.PK,3.26,0.0,3.96,0.0,4.49,0.0,3.16,0.03,3.2,2.2,2.73,3.22,2.0,2.71,3.67,2.0,2.98,4.62,2.0,3.25,4.62,0.87,2.82,4.62,0.8,2.68
NHYDY.PK,8.93,0.28,9.29,8.6,12.22,8.6,10.16,0.23,7.89,5.69,6.77,7.89,4.5,6.25,7.89,4.5,6.1,8.6,4.5,6.25,10.72,4.2,6.55,10.72,1.88,5.59
NHYKF.PK,9.02,0.0,9.23,8.71,12.37,8.71,10.23,0.01,7.96,5.76,6.81,7.96,4.57,6.32,7.96,4.57,6.14,8.42,4.57,6.28,10.87,4.28,6.53,10.87,1.81,5.96
NI.N,47.76,2.01,49.19,46.87,49.19,45.7,47.3,1.73,44.54,38.46,42.06,44.54,35.52,40.5,44.54,24.8,35.55,44.54,22.86,32.69,44.54,21.1,30.28,44.54,19.05,27.74
NIABY.PK,1.59,0.0,3.76,0.0,3.98,0.0,1.39,0.0,4.56,3.33,3.91,4.64,3.08,3.95,7.25,3.08,4.52,13.04,3.08,6.02,13.04,3.08,6.11,13.04,3.08,6.11
NIC.N,164.94,0.15,170.0,156.7,170.0,142.75,154.29,0.22,141.69,114.41,129.55,141.69,97.9,122.28,141.69,73.0,106.02,141.69,52.05,94.53,141.69,52.05,88.31,141.69,31.4,71.63
NICE.O,93.0,0.53,98.41,85.76,98.41,83.1,89.28,0.68,175.0,99.0,135.41,180.61,99.0,147.67,270.73,99.0,171.54,270.73,99.0,180.57,319.88,99.0,203.08,319.88,54.12,159.61
NIFCY.PK,0.0,0.0,0.0,0.0,0.0,0.0,0.0,0.0,,,,,,,,,,,,,,,,,,
NINOY.PK,13.79,0.0,14.75,13.03,14.75,11.09,13.02,0.01,12.91,9.09,11.05,12.91,8.5,10.63,13.06,8.5,10.61,13.65,8.5,10.56,13.65,5.99,10.44,21.04,5.82,12.35
NIO.N,4.91,4.95,5.1,4.7,5.57,4.7,5.06,4.63,8.01,3.38,5.78,8.01,3.02,4.94,8.91,3.02,5.02,16.17,3.02,6.49,66.98,3.02,16.0,66.98,1.21,13.95
NIPMY.PK,0.0,0.0,0.0,0.0,0.0,0.0,0.0,0.0,,,,,,,,,,,,,,,,,,
NIQ.N,9.14,0.56,10.02,7.95,10.02,7.95,8.58,0.47,20.39,11.78,15.83,20.39,11.78,15.83,20.39,11.78,15.83,20.39,11.78,15.83,20.39,11.78,15.83,20.39,11.78,15.83
NISUY.PK,0.0,0.0,0.0,0.0,0.0,0.0,0.0,0.0,75.22,75.22,75.22,75.22,75.22,75.22,75.22,75.22,75.22,75.22,75.22,75.22,75.22,42.8,52.08,75.22,42.4,57.54
NJDCY.PK,3.81,0.01,4.5,3.0,4.8,2.34,3.98,0.01,5.7,1.84,4.1,5.7,1.84,4.28,6.62,0.5,4.7,7.89,0.5,5.19,18.49,0.5,7.86,18.49,0.5,7.83
NJR.N,56.75,0.5,57.65,55.94,57.65,53.97,55.73,0.39,49.32,43.51,46.4,50.76,43.51,46.76,51.94,39.44,45.69,55.84,38.92,46.09,55.84,33.32,44.34,55.84,21.15,42.17
NKE.N,42.1,7.97,45.03,40.0,46.25,40.0,43.39,6.71,80.16,56.99,69.85,82.44,52.28,68.32,107.82,52.28,78.06,131.25,52.28,89.51,179.1,52.28,107.2,179.1,49.04,91.4
NKRKY.PK,5.93,0.0,7.37,0.0,7.37,0.0,5.03,0.0,5.51,3.59,4.61,5.51,3.16,4.09,5.51,3.16,4.26,6.24,3.16,4.36,21.19,3.16,7.99,25.09,3.16,11.78
NLST.PK,2.97,1.01,3.1,2.65,3.1,2.33,2.77,1.23,1.09,0.45,0.73,1.32,0.45,0.77,2.97,0.45,1.06,6.1,0.45,1.59,10.2,0.45,2.5,10.2,0.1,1.57
NLY.N,22.68,3.19,23.16,22.11,23.16,20.88,22.25,3.0,23.38,18.7,21.25,23.38,16.6,20.54,23.38,16.6,20.05,24.8,14.53,19.89,38.54,14.53,23.88,50.92,14.04,31.67
NLY_pf.N,25.46,0.05,25.62,25.34,25.68,25.34,25.51,0.02,25.98,25.11,25.56,26.34,22.42,25.56,26.34,22.42,25.53,26.34,22.42,25.35,26.55,21.68,25.1,26.58,0.0,21.01
NLY_pg.N,24.77,0.04,24.96,24.42,25.12,24.42,24.91,0.02,25.54,24.53,25.16,25.71,23.01,25.07,25.78,23.01,25.17,25.78,22.1,24.85,26.24,19.27,24.47,26.24,0.0,19.18
NLY_pi.N,25.51,0.04,25.69,25.36,25.69,25.29,25.47,0.02,25.96,25.1,25.53,25.99,24.15,25.51,26.05,24.15,25.44,26.05,22.0,24.81,26.72,18.75,24.72,26.72,0.0,15.95
NLY_pj.N,25.46,0.02,25.67,25.34,25.88,25.33,25.46,0.01,26.19,0.0,19.34,26.19,0.0,9.9,26.19,0.0,4.93,26.19,0.0,3.29,26.19,0.0,1.97,26.19,0.0,0.98
NMAX.K,8.23,1.74,9.52,6.52,9.52,6.52,8.09,1.48,15.98,7.31,11.55,265.0,7.31,16.68,265.0,7.31,16.68,265.0,7.31,16.68,265.0,7.31,16.68,265.0,7.31,16.68
NMAX.N,8.23,0.47,9.5,6.52,9.5,6.52,8.09,0.42,,,,,,,,,,,,,,,,,,
NMIH.O,40.84,0.94,41.59,39.1,41.59,36.09,38.72,0.68,43.2,34.84,38.46,43.2,31.9,37.74,43.2,28.67,36.37,43.2,19.2,32.8,43.2,15.33,28.35,43.2,4.19,22.68
NMM.N,70.95,0.03,75.0,67.99,76.2,67.99,71.95,0.02,56.42,36.93,46.95,56.42,28.5,43.32,65.85,27.54,44.69,65.85,19.25,37.71,65.85,10.1,33.2,65.85,4.1,26.8
NMR.N,8.93,0.42,9.34,8.7,9.34,8.45,8.83,0.58,8.5,6.21,7.24,8.5,4.86,6.69,8.5,4.43,6.2,8.5,3.38,5.45,8.5,3.0,5.08,8.5,3.0,4.99
NMRK.O,15.35,1.77,15.9,14.83,15.9,14.48,15.11,1.44,19.84,11.98,16.88,19.84,9.64,14.62,19.84,9.22,13.37,19.84,5.07,11.3,19.84,5.07,11.6,19.84,2.49,10.89
NMZ.N,10.51,0.12,10.57,10.34,10.57,10.12,10.39,0.11,10.76,9.84,10.38,11.33,9.37,10.55,11.9,9.37,10.66,11.9,8.26,10.5,15.86,8.26,11.69,15.86,8.26,12.56
NNCHY.PK,14.38,0.0,51.02,0.0,54.53,0.0,12.67,0.0,40.43,28.21,34.45,40.43,24.74,32.12,43.74,24.0,33.71,55.0,24.0,34.51,61.04,24.0,35.94,62.35,19.53,37.47
NNE.O,20.56,2.91,22.99,19.62,28.7,19.62,23.05,3.14,60.87,23.61,36.89,60.87,17.26,33.05,60.87,3.25,26.42,60.87,3.25,26.42,60.87,3.25,26.42,60.87,3.25,26.42
NNGRY.PK,43.46,0.12,43.82,42.61,43.82,40.92,42.81,0.14,40.02,32.59,35.08,40.02,20.98,31.35,40.02,19.58,27.23,40.02,15.32,24.41,40.02,15.32,24.3,40.02,10.55,22.45
NNI.N,134.07,0.09,136.11,132.02,136.11,127.34,131.34,0.06,140.18,118.81,127.96,140.18,99.78,120.09,140.18,82.34,111.05,140.18,81.72,104.76,140.18,67.96,95.87,140.18,27.81,73.91
NNN.N,46.97,0.81,47.63,45.97,47.63,44.8,46.25,0.72,44.22,38.91,41.73,44.22,35.81,41.46,49.56,35.81,42.47,49.56,34.39,42.25,50.33,34.39,43.27,59.24,24.06,44.04
NNNN.O,13.57,0.07,18.0,11.01,23.01,11.01,15.25,0.05,55.65,10.5,36.17,55.65,5.18,24.76,55.65,5.18,24.76,55.65,5.18,24.76,55.65,5.18,24.76,55.65,5.18,24.76
NOC.N,517.34,0.38,549.01,493.94,559.65,493.94,528.79,0.35,640.45,489.77,573.7,640.45,427.0,530.22,640.45,418.91,503.88,640.45,414.74,488.09,640.45,282.98,456.19,640.45,175.0,371.46
NOG.N,18.24,1.59,20.13,17.18,21.75,17.18,19.43,1.24,31.28,20.2,24.48,42.34,19.88,27.43,44.2,19.88,32.86,44.2,19.88,33.65,44.2,8.58,29.37,58.5,3.35,25.76
NOK.N,12.97,13.21,14.16,11.9,15.07,11.9,13.66,15.52,8.19,4.0,5.36,8.19,4.0,5.2,8.19,3.29,4.57,8.19,2.94,4.4,9.79,2.94,4.68,9.79,2.35,4.93
NOMD.N,11.13,0.41,11.56,10.5,11.56,9.83,10.55,0.33,18.31,11.05,13.94,20.81,11.05,16.07,20.81,11.05,17.08,20.81,11.05,17.1,31.84,11.05,19.59,31.84,0.0,18.19
NOV.N,18.36,1.49,19.0,17.73,21.53,17.73,19.37,1.67,16.96,11.78,13.88,16.96,10.66,13.72,20.85,10.66,15.55,24.39,10.66,16.7,24.39,10.66,16.47,48.22,7.57,22.46
NOVT.O,161.18,0.72,166.75,153.6,167.0,148.98,158.33,0.62,137.35,98.27,116.46,155.39,98.27,124.31,187.12,98.27,145.95,187.6,98.27,149.44,187.6,98.27,145.82,187.6,11.23,102.65
NOVTU.O,67.57,0.05,69.6,65.88,74.99,55.25,66.63,0.04,59.29,47.57,52.43,59.29,47.57,52.43,59.29,47.57,52.43,59.29,47.57,52.43,59.29,47.57,52.43,59.29,47.57,52.43
NOW.N,101.02,4.82,110.62,89.41,115.34,89.41,100.97,5.23,211.28,151.16,179.16,239.5,135.84,184.78,239.5,127.68,175.63,239.5,70.79,152.78,239.5,67.44,133.4,239.5,9.2,86.95
NP.N,31.44,0.98,34.17,27.42,34.17,24.52,29.07,0.49,32.78,22.0,26.3,32.78,22.0,26.3,32.78,22.0,26.3,32.78,22.0,26.3,32.78,22.0,26.3,32.78,22.0,26.3
NPIFF.PK,15.49,0.36,15.9,15.14,16.43,15.14,15.88,0.3,18.44,11.43,15.71,18.44,11.04,14.68,18.98,11.04,15.5,29.5,11.04,17.26,41.06,11.04,23.17,41.06,11.04,21.76
NPK.N,124.13,0.04,127.39,121.75,133.48,121.75,127.23,0.04,120.0,91.42,105.49,120.0,79.96,98.55,120.0,69.58,88.33,120.0,66.97,83.81,120.0,60.0,83.5,134.35,60.0,89.69
NPKI.K,15.09,1.6,16.18,14.0,16.19,14.0,15.03,1.32,14.0,8.17,10.97,14.0,4.76,9.03,14.0,4.76,8.18,14.0,3.4,7.22,14.0,1.92,5.66,14.0,0.65,6.11
NPKI.N,15.09,0.56,16.18,14.03,16.19,14.03,15.03,0.42,,,,,,,,,,,,,,,,,,
NPKYY.PK,0.0,0.0,0.0,0.0,0.0,0.0,0.0,0.0,,,,,,,,,,,,,,,,,,
NPNGY.PK,0.0,0.0,0.0,0.0,8.66,0.0,0.46,0.0,0.0,0.0,0.0,0.0,0.0,0.0,0.0,0.0,0.0,0.0,0.0,0.0,0.0,0.0,0.0,0.0,0.0,0.0
NPNYY.PK,6.47,0.23,6.66,6.26,7.12,6.26,6.67,0.16,7.62,6.04,6.85,7.62,5.68,6.83,7.62,5.1,6.57,7.62,4.14,6.05,7.62,1.5,5.33,7.62,0.65,3.5
NPO.N,363.78,0.17,385.91,331.96,389.27,315.29,356.06,0.11,245.17,189.39,218.53,245.17,134.6,197.4,245.17,134.6,177.57,245.17,91.87,158.18,245.17,71.28,132.87,245.17,30.16,98.5
NPPEY.PK,0.0,0.0,0.0,0.0,18.77,0.0,0.99,0.0,,,,,,,,,,,,,,,,,,
NPPHY.PK,3.17,0.0,3.38,2.95,3.7,0.0,3.07,0.0,4.77,0.0,1.88,4.96,0.0,1.87,4.96,0.0,1.34,4.96,0.0,1.0,4.96,0.0,0.6,4.96,0.0,0.3
NPPNY.PK,1.71,0.0,6.0,0.0,6.33,0.0,1.28,0.0,15.21,5.03,6.45,15.21,5.03,6.24,15.21,4.9,6.34,15.21,4.9,8.18,22.23,4.9,9.21,22.84,4.9,12.87
NPPXF.PK,0.77,0.33,0.92,0.0,0.94,0.0,0.57,0.71,1.24,0.85,1.02,1.24,0.85,1.02,1.43,0.85,1.05,1.43,0.85,1.09,1.43,0.85,1.1,1.43,0.71,1.03
NPSCY.PK,3.42,0.55,3.54,3.32,3.64,3.32,3.47,0.47,4.79,3.74,4.1,4.8,3.66,4.14,5.2,3.66,4.29,5.27,3.38,4.33,10.54,2.3,3.97,10.54,1.49,3.81
NPSKY.PK,8.24,0.02,16.05,0.0,16.05,0.0,6.11,0.01,12.95,9.11,10.9,12.95,7.29,9.28,12.95,7.29,9.74,13.21,7.29,10.31,21.62,7.29,12.22,34.81,7.29,17.65
NPSNY.PK,9.96,0.16,10.36,9.69,10.88,9.69,10.19,0.18,15.15,11.96,13.37,15.15,7.41,11.82,15.15,5.93,9.91,15.15,5.9,8.94,15.15,3.5,8.03,15.15,2.85,6.98
NPXYY.PK,18.68,0.11,19.75,17.75,19.75,16.08,17.66,0.06,20.04,14.77,17.31,20.04,12.86,16.62,20.04,0.0,13.7,20.04,0.0,9.15,20.04,0.0,5.48,20.04,0.0,2.74
NRDBY.PK,18.88,1.33,19.54,18.33,19.54,18.09,18.82,2.12,19.05,13.91,16.44,19.05,10.87,14.9,19.05,10.3,13.33,19.05,9.81,12.62,19.05,7.96,11.79,19.05,4.79,10.52
NRG.N,144.31,1.19,150.69,135.24,150.69,120.16,136.11,0.92,180.4,141.51,160.62,180.4,79.72,139.19,180.4,50.23,107.81,180.4,30.26,84.47,180.4,30.26,66.5,180.4,8.92,47.1
NRGIY.PK,0.0,0.0,0.0,0.0,0.0,0.0,0.0,0.0,,,,,,,,,,,,,,,,,,
NRGV.N,4.33,3.91,4.87,3.8,5.61,3.8,4.33,2.61,5.56,0.72,2.73,5.56,0.6,1.97,5.56,0.6,1.69,5.56,0.6,2.03,22.07,0.0,4.37,22.07,0.0,2.18
NRILY.PK,28.6,0.05,31.71,26.04,31.71,25.48,28.31,0.05,43.2,34.54,38.93,43.2,27.23,37.37,43.2,24.13,33.53,43.2,21.62,31.03,45.66,20.75,31.32,45.66,9.09,28.32
NRIX.O,23.63,2.97,24.88,19.34,24.88,14.67,19.55,4.0,22.5,8.2,12.38,22.5,8.18,13.03,29.56,7.65,15.56,29.56,4.22,13.43,51.46,4.22,17.33,52.38,4.22,18.34
NRKBY.PK,0.0,0.0,0.0,0.0,0.0,0.0,0.0,0.0,,,,,,,,,,,,,,,,,,
NRP.N,99.06,0.02,101.21,96.39,107.0,96.39,101.09,0.01,109.08,94.9,103.07,111.48,88.25,101.81,111.48,80.36,97.21,111.48,43.02,84.39,111.48,12.78,62.42,111.48,4.51,42.8
NRSDY.PK,5.26,0.0,19.08,0.0,21.0,0.0,8.02,0.0,17.8,0.0,2.69,17.8,0.0,1.89,17.8,0.0,2.17,17.8,0.0,2.86,36.62,0.0,5.59,36.62,0.0,2.79
NRXXY.PK,7.48,0.0,26.42,0.0,29.2,0.0,9.32,0.0,17.12,10.75,13.56,17.12,5.55,12.01,17.12,5.1,10.72,17.12,5.06,9.95,17.12,3.77,8.84,17.12,3.77,8.84
NSA.N,45.24,0.22,46.2,44.08,46.46,43.0,44.94,0.2,33.58,27.49,30.5,40.58,27.49,33.31,49.32,27.49,37.03,49.32,27.49,36.81,70.02,27.49,42.46,70.02,15.73,34.58
NSA_pa.N,22.35,0.02,22.58,22.16,22.91,22.16,22.57,0.01,23.94,20.53,22.48,23.94,20.53,22.46,25.19,20.53,22.77,25.19,20.32,22.78,27.52,0.0,23.83,27.71,0.0,19.78
NSA_pb.N,17.11,0.0,25.5,0.0,27.6,0.0,22.6,0.0,22.72,0.0,12.68,22.72,0.0,13.35,28.5,0.0,10.14,28.5,0.0,6.77,28.5,0.0,4.06,28.5,0.0,2.03
NSANF.PK,1.39,0.01,2.11,0.0,2.43,0.0,1.86,0.01,2.83,1.99,2.35,3.33,1.99,2.49,4.3,1.99,2.85,4.8,1.99,3.15,6.7,1.99,3.84,10.79,1.99,5.33
NSANY.PK,3.82,0.34,4.0,3.72,4.54,3.72,4.06,0.31,5.27,4.1,4.73,6.32,4.1,4.95,8.79,4.1,5.78,9.65,4.1,6.47,12.74,4.1,7.58,22.14,4.1,11.86
NSC.N,317.1,0.42,324.0,306.78,324.0,297.67,310.97,0.51,301.99,255.78,283.51,301.99,202.01,262.12,301.99,202.01,252.7,301.99,183.75,240.94,301.99,183.75,247.74,301.99,64.55,198.7
NSHBY.PK,0.0,0.0,0.0,0.0,0.0,0.0,0.0,0.0,17.9,13.55,16.29,17.9,10.65,14.88,18.59,10.65,15.64,18.59,10.65,15.54,18.59,10.65,15.65,32.13,10.65,19.63
NSIT.O,117.21,0.59,125.0,110.22,125.0,102.68,112.45,0.48,148.58,77.1,111.95,181.92,77.1,129.35,228.07,77.1,160.28,228.07,77.1,153.84,228.07,74.1,130.61,228.07,18.26,87.98
NSP.N,42.49,0.29,45.61,37.81,45.61,33.4,38.66,0.31,63.2,31.2,47.35,95.93,31.2,61.5,119.02,31.2,78.38,130.99,31.2,89.57,130.99,31.2,94.21,142.43,20.27,80.48
NSRGF.PK,102.33,0.0,105.79,99.85,105.79,95.18,99.89,0.01,107.49,85.0,95.3,109.35,79.55,96.45,117.52,79.55,99.11,132.0,79.55,105.54,143.92,79.55,111.79,143.92,66.0,100.81
NSRGY.PK,103.62,0.57,105.73,101.43,105.73,95.56,100.7,0.47,107.9,86.98,95.48,109.31,80.11,96.73,117.55,80.11,99.27,131.64,80.11,105.67,141.95,80.11,111.93,141.95,66.08,100.9
NSSC.O,37.83,0.4,39.24,36.67,39.24,34.32,37.09,0.52,48.12,29.22,38.38,48.12,19.0,32.84,58.09,19.0,38.01,58.09,17.76,35.64,58.09,12.64,29.79,58.09,2.52,18.82
NTAP.O,155.85,2.75,163.9,149.27,172.05,149.27,158.86,3.03,126.66,100.56,113.01,127.78,71.84,107.92,135.45,71.84,110.57,135.45,59.73,97.93,135.45,58.08,89.49,135.45,20.66,69.86
NTB.N,59.92,0.14,60.82,58.51,60.82,57.75,59.01,0.1,52.09,40.85,45.58,52.09,34.77,42.57,52.09,28.75,38.59,52.09,22.93,35.35,52.09,22.93,35.25,53.62,13.76,34.91
NTCT.O,42.02,0.78,43.8,39.82,43.8,38.62,41.06,0.71,30.67,20.39,25.35,30.67,18.12,23.89,30.67,17.1,22.29,36.24,17.1,24.04,38.02,17.1,26.83,38.48,17.1,27.08
NTDOY.PK,10.63,4.01,11.13,10.18,12.5,10.18,10.93,3.66,24.92,16.35,21.43,24.92,13.94,20.04,24.92,11.36,16.77,24.92,9.26,14.74,24.92,9.26,13.77,24.92,3.07,11.07
NTES.O,126.25,1.08,131.24,114.1,131.24,114.1,123.61,1.01,159.55,122.24,139.79,159.55,87.67,124.22,159.55,75.85,108.52,159.55,75.38,104.49,159.55,53.09,100.94,159.55,25.64,78.31
NTIOF.PK,157.25,0.03,164.1,154.65,164.1,146.16,154.18,0.06,129.11,99.0,110.88,129.11,74.21,99.85,129.11,73.17,92.6,129.11,60.71,85.57,129.11,55.39,80.27,129.11,24.28,62.81
NTLA.O,16.98,4.92,18.48,15.58,18.48,11.81,15.2,6.61,28.25,7.95,13.04,28.25,5.9,11.14,34.87,5.9,16.84,47.48,5.9,23.48,202.73,5.9,47.59,202.73,5.9,34.07
NTNX.O,50.51,4.67,53.16,45.86,53.5,44.84,49.34,3.98,82.42,46.12,67.25,83.36,46.12,68.89,83.36,43.35,64.35,83.36,23.34,53.4,83.36,13.44,43.37,83.36,11.31,38.22
NTOIY.PK,15.76,0.08,16.36,14.99,17.24,14.81,15.75,0.06,11.61,6.8,9.42,11.61,3.75,7.45,18.08,3.75,9.25,25.85,3.75,12.98,39.42,3.75,18.43,39.42,3.75,17.26
NTR.N,62.75,0.66,65.22,59.75,68.06,59.75,63.89,0.72,63.94,53.06,58.57,65.0,45.0,56.28,65.0,43.7,53.43,85.15,43.7,57.31,117.22,43.7,63.89,117.22,23.86,57.6
NTRA.O,272.26,1.93,288.04,257.07,288.04,208.79,242.54,1.67,246.9,131.81,183.4,246.9,125.38,171.12,246.9,58.53,140.31,246.9,35.02,110.29,246.9,26.1,96.98,246.9,6.52,60.13
NTRS.O,175.98,0.88,181.21,172.25,181.21,165.9,173.85,1.1,141.25,118.99,129.99,141.25,81.62,117.39,141.25,76.67,103.14,141.25,62.44,95.34,141.25,62.44,99.95,141.25,54.38,94.2
NTRSO.O,18.68,0.08,19.02,18.3,19.02,18.24,18.55,0.07,21.15,19.18,20.04,21.15,18.74,19.99,24.29,18.74,20.86,24.29,18.1,20.96,27.99,18.1,22.53,28.07,17.1,23.19
NTSK.O,11.03,4.44,12.3,9.42,12.3,8.35,9.76,7.36,27.99,17.32,21.22,27.99,17.32,21.22,27.99,17.32,21.22,27.99,17.32,21.22,27.99,17.32,21.22,27.99,17.32,21.22
NTST.K,21.24,5.87,21.68,20.41,21.68,18.96,20.43,3.11,19.64,16.71,18.14,19.64,13.42,16.77,19.64,13.42,16.75,20.64,13.42,17.01,26.92,13.42,18.72,26.92,13.42,18.69
NTST.N,21.24,2.95,21.68,20.42,21.68,19.12,20.43,1.44,,,,,,,,,,,,,,,,,,
NTTYY.PK,22.38,0.23,23.19,21.47,23.56,21.47,22.65,0.23,28.38,23.49,25.91,28.7,22.8,25.65,32.45,22.25,26.21,32.45,22.25,27.26,32.45,22.25,27.42,32.45,17.68,25.14
NU.N,13.31,10.56,14.06,12.24,14.06,11.52,12.69,10.95,17.84,11.9,15.01,17.84,9.02,13.49,17.84,8.06,12.83,17.84,3.39,10.74,17.84,3.26,9.44,17.84,3.26,9.44
NUE.N,229.1,0.62,249.31,214.67,270.0,214.67,243.63,0.71,168.04,128.53,145.92,168.04,97.65,134.61,203.0,97.65,148.57,203.0,97.65,151.48,203.0,47.94,135.38,203.0,27.54,94.75
NUTX.O,176.4,0.18,204.0,146.0,204.0,131.15,155.92,0.14,193.07,77.21,115.35,193.07,28.82,102.8,193.07,4.16,60.02,318.0,4.16,70.48,7920.0,4.16,240.77,30000.0,4.16,1610.79
NUV.N,9.21,0.1,9.26,9.09,9.26,9.0,9.15,0.1,9.15,8.45,8.88,9.15,8.38,8.78,9.15,8.36,8.76,9.31,7.86,8.72,11.95,7.86,9.3,11.95,7.86,9.69
NUVB.K,5.64,15.07,6.18,5.33,6.6,4.45,5.41,8.93,9.75,1.86,4.46,9.75,1.54,3.35,9.75,1.43,3.0,9.75,0.95,2.56,15.23,0.95,4.32,15.23,0.95,4.72
NUVB.N,5.64,3.98,6.18,5.33,6.6,4.48,5.41,2.4,,,,,,,,,,,,,,,,,,
NUVL.O,123.59,1.68,123.8,123.43,123.8,87.3,121.62,5.54,112.88,71.13,88.83,112.88,55.54,82.39,113.51,55.54,82.11,113.51,23.1,69.27,113.51,7.09,53.25,113.51,7.09,53.25
NVAX.O,9.25,4.74,10.12,8.26,10.12,8.26,9.08,4.55,10.64,6.2,7.66,11.55,5.01,7.55,23.86,3.53,8.46,23.86,3.53,8.24,331.68,3.53,53.88,331.68,3.53,50.48
NVCR.O,15.92,1.73,17.8,14.63,18.35,13.43,16.17,1.76,18.6,10.7,13.1,31.17,10.7,16.48,34.13,10.7,17.21,120.03,10.7,26.73,232.76,10.7,61.42,232.76,5.95,52.03
NVDA.O,195.9,148.91,200.8,189.8,213.99,189.8,202.18,150.9,212.19,151.49,180.22,212.19,86.62,153.9,212.19,47.32,130.77,212.19,14.03,99.45,212.19,10.81,67.23,212.19,0.62,36.08
NVG.N,12.8,0.08,12.87,12.62,12.87,12.48,12.7,0.07,12.78,11.51,12.22,12.98,11.0,12.2,13.55,11.0,12.3,13.55,9.68,12.01,18.27,9.68,13.41,18.27,9.68,14.33
NVGS.K,19.44,0.9,21.78,18.3,23.16,18.3,21.24,0.54,18.29,13.94,16.34,18.29,10.55,15.44,18.29,10.55,15.67,18.29,10.55,14.99,18.29,7.84,13.25,18.29,3.8,11.88
NVGS.N,19.44,0.38,21.56,18.3,23.16,18.3,21.24,0.21,,,,,,,,,,,,,,,,,,
NVMI.O,503.65,0.61,552.39,452.32,615.99,452.32,532.52,0.55,361.32,232.72,298.81,361.32,154.0,258.86,361.32,128.74,224.64,361.32,81.91,185.64,361.32,67.4,151.02,361.32,8.57,89.19
NVO.N,48.64,1.97,50.89,47.0,50.89,41.0,45.75,2.03,71.79,43.09,54.84,93.78,43.09,64.77,148.14,43.09,94.14,148.14,43.09,91.09,148.14,33.3,74.44,148.14,15.45,49.97
NVPLF.PK,0.0,0.0,0.0,0.0,0.0,0.0,0.0,0.0,0.0,0.0,0.0,0.0,0.0,0.0,0.0,0.0,0.0,0.0,0.0,0.0,0.0,0.0,0.0,0.0,0.0,0.0
NVR.N,6766.52,0.01,6888.18,6555.74,6888.18,6151.86,6535.23,0.01,8560.06,7039.73,7713.26,8567.56,6569.99,7551.91,9944.0,6569.99,7897.26,9944.0,4520.01,7214.2,9944.0,3586.0,6213.08,9944.0,1464.11,4500.63
NVRI.K,22.2,0.61,23.56,20.27,23.56,19.37,21.55,0.51,18.74,7.7,12.62,18.74,4.72,10.17,18.74,4.72,9.54,18.74,4.72,8.91,23.73,3.73,10.78,30.04,3.55,13.72
NVRI.N,22.2,0.21,23.56,20.33,23.56,19.53,21.55,0.16,,,,,,,,,,,,,,,,,,
NVS.N,156.34,0.41,160.54,153.22,160.54,146.41,152.68,0.34,140.16,112.39,126.49,140.16,96.92,118.26,140.16,92.36,112.01,140.16,75.69,105.51,140.16,70.12,96.08,140.16,56.73,84.79
NVSEF.PK,66.37,0.04,158.24,0.0,158.24,0.0,63.05,0.05,138.87,110.74,125.59,138.87,95.96,116.64,138.87,90.24,110.48,138.87,75.3,104.35,138.87,69.17,95.03,138.87,55.59,82.27
NVST.K,27.04,2.6,27.9,25.96,27.9,22.92,25.66,2.63,22.67,18.77,20.53,22.68,14.22,19.49,25.64,14.22,19.57,43.29,14.22,23.82,52.03,14.22,30.56,52.03,10.08,29.43
NVST.N,27.04,0.69,27.89,25.96,27.89,22.92,25.66,0.78,,,,,,,,,,,,,,,,,,
NVT.N,162.4,0.72,176.48,149.9,184.49,149.9,166.11,0.7,117.15,69.0,95.34,117.15,41.9,79.22,117.15,41.9,75.19,117.15,37.52,66.29,117.15,21.81,52.95,117.15,10.56,42.46
NVTS.O,16.7,19.65,19.57,14.03,26.43,14.03,20.31,25.0,17.79,5.44,8.16,17.79,1.52,5.82,17.79,1.52,4.91,17.79,1.52,5.68,22.19,1.52,6.98,22.19,1.52,6.98
NVZMF.PK,53.0,0.0,64.9,0.0,64.9,0.0,50.79,0.0,71.74,58.02,63.82,75.97,53.55,62.9,75.97,49.89,61.23,75.97,38.85,57.07,82.59,38.16,60.9,82.59,31.52,54.13
NVZMY.PK,63.04,0.04,65.55,60.98,65.55,55.85,60.79,0.05,73.18,58.18,64.05,75.99,53.95,63.3,75.99,49.99,61.8,75.99,38.75,57.41,83.31,38.75,60.77,83.31,31.57,54.51
NWARF.PK,1.1,0.0,1.65,0.0,1.72,0.0,1.08,0.0,1.95,1.3,1.6,1.95,0.85,1.36,1.95,0.85,1.29,1.95,0.65,1.19,5.17,0.58,1.34,12.52,0.02,2.46
NWBI.O,15.15,1.65,15.46,14.92,15.46,14.22,14.79,1.39,13.62,11.25,12.37,13.62,10.75,12.38,15.42,10.45,12.43,15.42,9.8,12.2,15.48,9.8,12.84,19.1,8.52,14.13
NWE.O,71.64,0.65,73.82,69.67,73.82,65.49,70.54,0.65,69.23,50.93,59.25,69.23,50.46,57.09,69.23,46.15,54.44,69.23,45.97,54.52,70.8,45.97,56.25,80.52,45.06,58.57
NWG.N,17.71,1.12,18.39,17.02,18.39,15.54,16.99,1.34,17.74,12.92,14.98,17.74,9.16,13.64,17.74,5.16,10.88,17.74,4.3,9.34,17.74,3.96,7.9,17.74,2.36,6.86
NWHUF.PK,2.81,0.29,4.0,0.0,4.0,0.0,2.44,0.23,3.96,3.34,3.66,3.96,2.98,3.53,5.43,2.92,3.56,7.79,2.85,4.2,12.16,2.85,6.56,12.16,2.85,7.21
NWKHY.PK,0.0,0.0,0.0,0.0,0.0,0.0,0.0,0.0,,,,,,,,,,,,,,,,,,
NWN.N,49.64,0.18,51.49,48.62,51.49,48.41,49.54,0.15,49.63,39.3,44.06,49.63,38.03,42.63,49.63,34.83,40.59,52.38,34.83,41.44,57.61,34.83,44.82,77.22,34.83,53.05
NWS.O,29.02,2.06,30.4,27.78,31.49,27.78,29.34,2.29,35.58,27.92,31.79,35.58,26.25,31.73,35.58,23.99,29.79,35.58,15.73,26.55,35.58,15.15,24.32,35.58,7.88,18.99
NWSA.O,25.66,6.67,26.72,24.6,27.62,24.34,25.82,7.38,31.61,24.78,27.94,31.61,23.38,27.83,31.61,22.65,27.2,31.61,15.58,24.68,31.61,14.87,23.3,31.61,7.9,18.34
NWSGY.PK,1.37,0.0,9.59,0.0,10.05,0.0,1.03,0.0,10.7,8.15,9.08,10.7,7.65,8.72,13.85,7.01,8.5,13.85,7.01,8.46,13.85,6.85,8.49,19.91,6.4,10.7
NXE.N,9.61,1.53,10.23,9.23,10.91,9.18,9.98,1.88,9.98,6.26,8.1,9.98,3.92,6.97,9.98,3.92,7.09,9.98,3.49,6.37,9.98,2.56,5.57,9.98,0.5,3.98
NXGPY.PK,28.51,0.0,100.11,0.0,100.11,0.0,15.59,0.0,94.26,76.76,83.02,94.26,55.86,77.55,94.26,49.86,66.84,94.26,37.56,60.82,94.26,23.83,52.52,94.26,19.52,43.67
NXPI.O,281.16,4.63,307.38,267.55,327.5,267.55,295.11,4.62,241.42,183.0,219.64,255.45,148.09,212.1,296.08,148.09,227.02,296.08,148.09,215.09,296.08,132.08,204.08,296.08,58.41,153.88
NXST.O,173.32,0.69,187.28,154.47,187.28,154.47,171.9,0.54,223.36,172.74,195.42,223.36,141.66,179.51,223.36,141.66,173.17,223.36,132.3,170.31,223.36,106.66,166.5,223.36,34.65,121.61
NXT.O,113.42,6.46,123.62,106.28,135.8,106.28,118.92,3.9,112.74,52.61,77.55,112.74,36.06,62.82,112.74,30.93,53.97,112.74,28.24,48.93,112.74,28.24,48.93,112.74,28.24,48.93
NYAX.O,67.31,0.01,72.96,63.21,72.96,62.5,66.1,0.01,52.46,39.17,45.84,52.46,29.5,42.52,52.46,18.75,34.36,52.46,16.38,30.96,52.46,16.38,30.32,52.46,16.38,30.32
NYT.N,71.28,0.7,73.99,68.54,76.45,68.54,72.55,0.76,71.21,51.18,59.52,71.21,45.0,55.68,71.21,41.56,52.98,71.21,32.54,48.76,71.21,27.6,45.94,71.21,10.65,35.43
NZF.N,12.68,0.11,12.73,12.57,12.74,12.49,12.65,0.09,12.85,11.54,12.29,12.85,10.98,12.21,13.21,10.98,12.27,13.21,9.82,12.0,17.59,9.82,13.21,17.59,9.82,14.08
NZTCF.PK,0.3,0.01,1.07,0.0,1.13,0.0,0.22,0.0,1.58,0.98,1.31,1.84,0.98,1.32,3.3,0.98,1.85,3.4,0.98,2.13,3.55,0.98,2.56,3.55,0.98,2.61
O.N,62.72,2.15,63.85,61.32,63.85,59.85,61.91,2.21,61.08,55.86,58.08,61.08,50.72,57.04,64.87,50.66,56.7,68.84,45.04,57.44,75.4,45.04,60.92,80.75,36.81,60.38
OBDC.K,10.87,3.88,11.18,10.6,11.36,10.6,10.94,3.73,15.18,11.64,13.47,15.73,11.64,14.03,16.91,11.64,14.65,16.91,11.6,14.27,16.91,10.18,14.05,18.7,7.88,14.02
OBDC.N,10.87,1.12,11.18,10.6,11.36,10.6,10.94,1.25,,,,,,,,,,,,,,,,,,
OBICY.PK,11.81,0.25,12.78,11.26,12.9,11.01,11.89,0.32,21.08,0.0,13.56,21.08,0.0,6.95,21.08,0.0,3.46,21.08,0.0,2.31,21.08,0.0,1.38,21.08,0.0,0.69
OBK.N,51.49,0.12,52.5,50.67,52.5,48.1,50.22,0.08,39.87,32.13,36.43,41.09,28.9,35.7,41.09,27.7,33.82,41.09,25.66,33.29,47.26,25.66,36.38,47.26,16.01,34.77
OBOCY.PK,0.0,0.0,0.0,0.0,0.0,0.0,0.0,0.0,,,,,,,,,,,,,,,,,,
OC.N,147.87,0.52,159.81,131.92,159.81,114.72,132.72,0.39,159.2,97.53,132.05,192.86,97.53,141.53,214.41,97.53,156.05,214.41,85.44,143.62,214.41,72.86,122.16,214.41,28.62,91.03
OCANF.PK,25.26,0.37,26.55,24.16,29.35,23.57,25.77,0.48,31.39,13.16,20.81,31.39,0.22,15.83,31.39,0.22,11.59,31.39,0.22,9.78,31.39,0.22,8.08,31.39,0.22,8.07
OCDDY.PK,4.82,0.04,5.02,4.59,5.52,0.0,4.68,0.02,10.61,0.0,6.69,10.61,0.0,6.83,19.19,0.0,8.5,25.45,0.0,10.72,80.45,0.0,22.23,80.45,0.0,19.38
OCDGF.PK,0.34,0.0,2.35,0.0,2.6,0.0,0.4,0.0,4.84,2.25,3.26,4.84,2.25,3.41,9.43,2.25,4.29,12.99,2.25,5.5,39.25,2.25,13.01,39.25,2.25,13.65
OCFC.O,19.31,1.69,19.88,18.68,19.88,17.93,18.66,1.24,20.61,16.09,18.28,20.61,14.29,17.77,21.87,14.03,17.33,24.93,12.0,17.31,25.76,12.0,18.86,30.9,11.6,20.99
OCLDY.PK,2.43,0.0,17.0,0.0,17.0,0.0,2.65,0.0,17.02,13.0,14.48,17.02,8.71,11.58,17.02,8.71,11.44,17.02,8.71,11.12,17.02,8.04,10.82,17.02,7.64,11.67
OCS.O,13.16,0.49,14.35,11.5,14.35,10.52,11.97,0.64,22.0,16.0,18.86,23.08,14.0,19.13,23.08,10.1,16.0,23.08,6.26,14.34,23.08,6.26,13.3,23.08,6.26,13.3
OCSL.O,11.92,0.62,12.3,11.28,12.3,11.28,11.81,0.59,14.76,12.44,13.56,16.29,12.44,14.21,21.64,12.44,16.18,21.64,12.44,17.3,22.89,12.44,18.46,22.89,6.83,16.56
OCUL.O,9.73,3.04,10.24,9.41,10.62,8.07,9.37,3.28,16.44,9.04,12.05,16.44,5.78,9.96,16.44,3.76,8.89,16.44,2.0,7.41,23.68,2.0,7.99,24.3,2.0,7.39
ODC.N,101.1,0.07,106.84,98.18,106.84,83.99,96.77,0.05,69.61,45.61,58.07,69.61,40.66,52.36,69.61,29.63,43.7,69.61,16.71,37.74,69.61,11.09,29.02,69.61,11.09,23.52
ODD.O,15.67,2.24,17.94,12.58,17.94,9.48,13.11,1.8,77.83,35.76,55.08,79.18,35.3,53.99,79.18,30.34,47.2,79.18,24.12,45.42,79.18,24.12,45.42,79.18,24.12,45.42
ODFL.O,218.18,1.65,228.06,212.44,252.03,212.44,227.21,1.97,174.79,126.01,148.23,209.61,126.01,159.09,233.26,126.01,179.02,233.26,126.01,180.22,233.26,94.72,163.66,233.26,16.31,105.84
OERLY.PK,0.0,0.0,0.0,0.0,0.0,0.0,0.0,0.0,9.62,6.94,7.65,10.5,6.94,8.03,10.5,6.94,8.03,16.27,6.94,8.61,16.27,6.94,8.84,33.0,6.94,10.24
OEZVY.PK,5.59,0.0,13.72,0.0,14.41,0.0,9.85,0.0,17.11,13.63,15.03,17.26,13.12,15.15,19.87,13.12,15.53,19.87,13.12,15.66,23.87,13.12,16.65,23.87,2.27,13.17
OFG.N,49.4,0.18,50.58,48.35,50.58,46.25,48.08,0.18,46.11,37.94,42.4,46.11,33.15,41.7,47.62,33.15,40.72,47.62,22.42,36.87,47.62,16.02,32.2,47.62,4.56,23.04
OGCP.K,1.63,0.0,6.0,0.0,6.0,0.0,1.17,0.0,8.18,6.07,7.08,9.97,6.07,7.44,11.9,6.07,8.93,11.9,4.7,8.44,13.0,4.7,8.82,21.99,4.7,13.15
OGE.N,48.91,0.69,49.58,48.12,49.58,46.33,48.12,0.58,47.32,42.37,44.69,47.32,39.42,44.33,47.32,32.06,40.81,47.32,31.25,39.21,47.32,29.19,38.06,47.32,23.01,36.67
OGFGY.PK,7.65,0.01,7.88,7.15,8.55,7.15,7.72,0.01,8.88,7.09,8.02,8.88,6.25,7.53,8.88,5.16,7.05,8.88,4.72,6.42,8.88,3.0,5.47,8.88,2.12,5.66
OGN.N,13.53,0.94,13.6,13.46,13.6,13.37,13.46,0.86,11.28,6.19,8.86,17.23,6.19,10.78,23.1,6.19,14.67,32.43,6.19,16.69,39.47,6.19,21.99,39.47,6.19,21.99
OGS.N,77.61,0.4,80.2,75.61,80.2,75.38,77.15,0.34,83.93,71.27,77.64,83.93,66.59,75.68,83.93,57.76,71.09,84.25,55.6,72.2,92.21,55.6,74.05,96.97,48.02,74.48
OHI.N,48.29,0.85,49.59,46.94,49.59,43.4,46.48,0.9,46.34,35.7,41.7,46.34,35.08,39.49,46.34,27.53,37.23,46.34,25.62,34.89,46.34,24.81,33.78,46.34,13.33,33.59
OI.N,9.68,0.96,10.06,9.33,10.06,7.75,9.19,0.85,16.03,11.14,13.43,16.03,9.24,12.78,17.58,9.24,13.06,23.56,9.24,15.2,23.56,9.24,14.85,25.9,4.3,15.83
OICT.PK,0.0,0.0,0.0,0.0,0.0,0.0,0.0,0.0,,,,,,,,,,,,,,,,,,
OII.N,39.46,0.67,41.12,36.36,41.12,35.08,38.34,0.49,27.68,20.25,23.54,28.31,15.48,22.53,30.83,15.48,23.33,30.83,14.99,22.35,30.83,7.25,18.42,39.04,2.01,19.04
OJIPY.PK,0.0,0.0,0.0,0.0,0.0,0.0,0.0,0.0,,,,,,,,,,,,,,,,,,
OKE.N,87.91,1.53,90.48,85.46,92.1,83.08,87.78,1.52,83.91,64.02,73.71,111.01,64.02,82.24,118.03,64.02,83.99,118.03,55.92,77.73,118.03,37.39,69.84,118.03,12.16,61.41
OKIEY.PK,0.0,0.0,0.0,0.0,21.18,0.0,1.11,0.0,12.1,10.9,11.6,12.1,6.1,9.88,12.1,6.1,8.51,12.1,5.27,7.93,12.1,4.92,7.69,23.05,4.92,10.8
OKLO.K,51.82,10.96,56.34,49.56,63.0,49.56,55.55,10.31,193.84,50.08,94.91,193.84,17.42,66.27,193.84,5.35,39.15,193.84,5.35,29.56,193.84,5.35,23.32,193.84,5.35,23.32
OKLO.N,51.82,3.05,56.3,49.57,62.5,49.57,55.55,2.54,,,,,,,,,,,,,,,,,,
OKTA.O,134.54,3.4,148.85,116.8,148.85,107.0,123.43,3.49,104.98,75.05,90.32,127.57,75.05,96.17,127.57,70.56,92.01,127.57,62.4,86.7,294.0,44.12,122.54,294.0,21.52,111.67
OLCLY.PK,15.24,0.08,16.5,14.27,16.5,13.28,14.59,0.1,26.98,17.65,21.73,26.98,17.65,21.68,39.35,17.65,25.27,41.74,17.65,28.49,41.74,17.65,28.97,41.74,10.51,26.15
OLED.O,84.26,0.82,90.63,77.15,94.11,77.15,87.22,0.81,162.36,107.22,137.54,164.29,103.7,141.0,237.0,103.7,161.96,237.0,103.7,157.59,262.77,89.41,160.55,262.77,40.44,143.47
OLLI.O,73.06,2.54,78.37,69.0,88.84,69.0,76.57,2.33,141.74,100.0,126.66,141.74,94.88,118.62,141.74,68.05,103.22,141.74,46.25,90.94,141.74,37.67,81.08,141.74,16.13,69.97
OLMA.O,12.15,2.43,12.99,11.08,12.99,9.06,10.77,2.06,36.26,4.12,11.9,36.26,2.86,8.41,36.26,2.86,10.02,36.26,2.45,9.5,54.88,2.0,12.43,60.27,2.0,13.21
OLN.N,20.45,1.18,22.12,19.26,26.66,19.26,22.28,1.02,27.05,18.08,21.89,34.76,17.66,23.11,60.52,17.66,35.74,64.7,17.66,41.5,67.25,17.66,44.46,67.25,8.76,33.91
OLPX.O,2.06,16.72,2.08,2.04,2.08,2.03,2.05,9.85,1.7,0.99,1.31,1.8,0.99,1.35,2.77,0.99,1.64,7.1,0.99,2.25,30.41,0.99,6.37,30.41,0.99,6.37
OLYMY.PK,10.44,0.07,10.89,9.98,11.39,9.8,10.51,0.07,13.73,11.11,12.39,15.9,11.09,12.9,19.69,11.09,14.47,19.96,11.09,14.88,74.99,11.09,17.25,74.99,6.26,14.43
OMAB.O,112.48,0.11,115.57,109.02,115.57,95.69,107.84,0.11,116.26,95.69,105.87,116.26,68.48,96.05,116.26,59.08,83.96,116.26,50.23,83.01,116.26,41.43,70.42,116.26,18.98,55.55
OMC.N,75.42,2.18,80.24,71.58,80.24,70.29,75.03,2.38,83.19,69.86,75.96,89.27,68.39,77.26,107.0,68.39,85.92,107.0,68.39,85.83,107.0,60.38,81.09,107.0,44.5,77.65
OMCL.O,41.76,0.89,46.68,38.53,46.68,36.55,40.15,0.83,47.21,26.84,33.66,47.69,22.66,34.17,55.74,22.66,34.86,77.14,22.66,41.54,187.28,22.66,75.93,187.28,22.66,66.8
OMF.N,60.52,0.47,62.54,58.73,62.54,53.83,58.29,0.38,70.11,52.09,59.91,70.11,38.0,55.77,70.11,38.0,52.48,70.11,32.8,48.56,70.11,28.8,48.29,70.11,10.73,36.49
OMRNY.PK,35.99,0.12,38.51,33.8,38.51,33.13,35.73,0.11,29.6,23.23,26.53,34.91,23.23,27.88,47.89,23.23,32.81,66.18,23.23,39.19,107.49,23.23,52.98,107.49,23.23,51.45
OMVKY.PK,15.81,0.05,16.57,15.32,18.5,15.32,16.26,0.05,14.46,12.52,13.6,14.46,9.31,12.6,14.46,9.08,11.43,14.46,9.08,11.08,14.58,7.54,11.14,15.05,3.71,10.59
ON.O,96.15,19.33,121.3,86.47,132.42,86.47,110.36,15.07,63.63,44.56,51.96,67.0,31.04,49.47,85.16,31.04,60.81,111.35,31.04,68.4,111.35,31.04,62.28,111.35,6.97,40.11
ONB.O,26.02,5.35,26.55,25.47,26.55,23.78,25.24,4.54,23.61,19.39,21.84,24.49,16.82,21.71,24.49,15.36,19.95,24.49,11.66,18.36,24.49,11.66,18.04,24.49,10.68,17.11
ONC.O,289.72,0.32,316.0,272.75,316.0,253.95,276.07,0.33,385.22,239.25,315.49,385.22,172.67,278.46,385.22,126.97,226.57,385.22,126.97,221.74,426.56,118.18,235.67,426.56,22.51,178.26
ONDS.O,7.85,80.07,8.65,7.31,10.84,7.31,8.71,63.82,11.7,1.71,6.09,11.7,0.57,3.76,11.7,0.54,2.37,11.7,0.31,1.97,16.0,0.31,3.96,19.5,0.31,4.71
ONEXF.PK,64.44,0.01,79.52,0.0,79.88,0.0,72.66,0.01,92.45,74.27,83.03,92.45,60.72,78.02,92.45,60.72,75.16,92.45,43.8,67.76,92.45,43.8,65.8,92.45,25.66,64.25
ONON.K,36.25,5.04,38.36,34.67,39.74,34.67,37.19,5.03,55.95,34.38,45.34,64.05,34.38,48.47,64.05,25.78,44.66,64.05,16.6,39.12,64.05,15.44,34.81,64.05,15.44,34.81
ONON.N,36.25,1.54,38.29,34.69,39.74,34.69,37.19,1.4,,,,,,,,,,,,,,,,,,
ONTO.K,337.27,1.83,386.46,296.55,386.46,256.09,320.6,1.52,171.32,89.4,124.53,228.42,85.88,130.65,238.93,85.88,160.56,238.93,67.55,142.96,238.93,47.34,115.49,238.93,12.5,72.44
ONTO.N,337.27,0.45,386.35,297.04,386.35,256.27,320.6,0.37,,,,,,,,,,,,,,,,,,
OPCH.O,21.41,3.04,22.46,20.82,22.59,19.87,21.36,2.99,33.7,24.24,29.15,35.53,22.62,30.47,35.53,21.39,29.99,35.74,21.39,30.37,35.87,15.37,28.44,35.87,3.92,19.73
OPEN.O,4.69,90.85,5.32,4.2,5.32,4.08,4.52,58.23,10.87,0.53,5.74,10.87,0.51,3.45,10.87,0.51,2.9,10.87,0.51,2.81,39.24,0.51,6.88,39.24,0.51,7.84
OPHLY.PK,4.89,0.06,5.02,4.75,5.02,4.51,4.75,0.05,4.74,3.41,3.99,4.74,3.21,3.79,6.11,3.21,4.28,7.81,3.21,5.0,10.3,3.21,6.28,21.45,3.21,7.37
OPLN.N,41.04,0.75,42.9,39.33,42.9,36.44,39.1,0.49,31.07,24.12,27.15,31.07,17.11,24.09,31.07,13.0,20.51,31.07,12.24,18.54,31.07,11.14,17.44,31.07,9.42,17.92
OPRA.O,19.59,0.37,20.58,17.82,20.58,17.18,18.8,0.35,21.06,12.62,16.31,22.5,12.62,17.04,22.5,10.11,15.79,28.58,5.22,14.73,28.58,3.49,11.53,28.58,3.49,10.32
OPY.N,108.08,0.03,118.6,101.63,118.6,97.34,106.09,0.03,78.92,63.01,70.15,78.92,49.41,66.16,78.92,36.46,56.63,78.92,32.86,50.87,78.92,28.05,46.79,78.92,12.99,34.28
OR.N,31.57,0.27,32.87,30.26,38.21,30.26,33.01,0.3,42.25,25.14,33.12,42.25,17.55,27.54,42.25,12.77,22.23,42.25,11.24,19.53,42.25,9.2,16.49,42.25,4.68,13.67
ORA.N,113.18,0.4,125.42,106.2,143.69,106.2,125.35,0.32,116.62,83.73,99.79,116.62,61.72,85.89,116.62,59.45,78.91,116.62,58.76,79.07,128.63,58.76,79.69,128.63,32.32,69.09
ORANY.PK,18.64,0.18,19.56,17.78,20.68,17.78,19.46,0.16,17.03,15.1,16.06,17.03,9.71,14.53,17.03,9.6,12.84,17.03,9.6,12.42,17.03,8.81,11.96,18.57,8.81,13.67
ORC.N,6.93,2.1,7.01,6.8,7.01,6.42,6.74,1.63,7.77,6.83,7.2,9.0,5.68,7.38,9.08,5.68,7.83,12.65,5.68,8.45,31.08,5.68,13.21,63.0,5.68,26.17
ORCL.K,145.98,38.66,157.62,138.83,220.5,138.83,171.34,33.32,345.72,177.07,246.38,345.72,118.86,205.27,345.72,101.74,172.83,345.72,82.04,149.97,345.72,59.74,121.4,345.72,33.13,84.94
ORCL.N,145.98,9.42,156.12,138.86,220.5,138.86,171.34,7.46,,,,,,,,,,,,,,,,,,
ORI.N,41.16,0.61,41.91,39.93,41.91,37.55,39.63,0.7,44.19,33.66,38.74,44.19,31.25,36.97,44.19,24.28,33.0,44.19,20.81,29.85,44.19,14.41,25.9,44.19,9.06,20.13
ORIC.O,10.49,2.09,12.06,9.27,12.06,7.36,9.14,1.85,14.93,7.96,11.02,14.93,3.9,9.4,16.65,3.9,9.68,16.65,3.9,8.65,39.45,2.36,10.67,40.81,2.36,12.76
ORINY.PK,0.0,0.0,0.0,0.0,39.35,0.0,10.26,0.0,41.6,30.89,37.9,41.6,22.57,32.69,41.6,17.5,29.63,41.6,17.5,28.97,41.6,17.5,28.11,41.6,15.0,26.36
ORKA.O,89.5,2.52,97.78,82.22,97.78,61.56,78.45,1.9,32.64,10.97,21.34,32.64,5.48,16.51,33.0,5.48,18.23,33.0,5.48,16.54,35.5,5.48,17.13,571.55,5.48,84.44
ORKLY.PK,10.75,0.11,11.14,10.49,11.14,10.22,10.55,0.13,11.74,9.91,10.76,12.1,8.58,10.58,12.1,6.36,9.41,12.1,6.36,8.73,12.1,6.34,8.81,12.1,6.34,8.99
ORLA.K,9.85,3.14,10.5,9.26,12.04,9.2,10.25,3.55,14.98,9.16,11.43,14.98,5.38,10.13,14.98,3.02,7.09,14.98,2.6,6.09,14.98,2.3,5.18,14.98,0.0,4.32
ORLNY.PK,5.06,0.0,18.89,0.0,18.89,0.0,1.86,0.0,,,,,,,,,,,,,,,,,,
ORLY.O,89.41,11.61,93.52,82.71,93.52,82.71,89.11,9.28,108.72,88.91,99.11,108.72,78.83,94.24,108.72,60.97,83.75,108.72,51.15,76.01,108.72,28.27,62.51,108.72,11.3,41.95
OROVY.PK,0.0,0.0,0.0,0.0,78.4,0.0,4.12,0.0,93.88,76.25,86.37,93.88,60.77,80.5,93.88,59.0,75.3,108.0,58.65,76.08,164.18,34.15,85.54,164.18,10.27,79.63
ORRYY.PK,0.0,0.0,0.0,0.0,6.96,0.0,0.37,0.0,11.68,11.68,11.68,11.68,11.68,11.68,11.68,11.68,11.68,11.68,11.68,11.68,11.68,11.68,11.68,11.68,11.68,11.68
OS.O,0.0,0.0,0.0,0.0,0.0,0.0,0.0,0.0,27.22,16.51,20.51,30.93,16.51,22.83,35.39,16.51,25.1,35.39,16.51,25.1,35.39,16.51,25.1,35.39,16.51,25.1
OSAGY.PK,0.0,0.0,0.0,0.0,0.0,0.0,0.0,0.0,,,,,,,,,,,,,,,,,,
OSBC.O,23.29,0.52,23.95,22.75,23.95,21.4,22.56,0.41,20.96,16.42,18.35,20.96,14.14,17.73,20.96,13.0,16.56,20.96,10.79,15.85,20.96,9.75,14.94,20.96,5.96,13.06
OSCR.K,30.28,7.78,33.1,27.78,33.1,24.5,29.14,7.42,23.8,12.64,16.89,23.8,11.2,15.9,23.8,8.44,16.24,23.8,2.39,12.95,37.0,2.05,12.52,37.0,2.05,12.52
OSCR.N,30.28,2.65,33.1,27.79,33.1,24.5,29.14,2.16,,,,,,,,,,,,,,,,,,
OSGSY.PK,20.05,0.0,70.27,0.0,73.11,0.0,51.76,0.0,72.72,50.99,63.95,72.72,50.99,63.95,72.72,50.99,63.95,72.72,30.7,62.09,72.72,28.21,58.94,72.72,28.21,51.16
OSIS.O,218.09,0.29,224.9,210.79,233.44,198.0,218.86,0.28,292.34,204.0,244.73,292.34,150.84,223.95,292.34,120.42,183.32,292.34,78.35,159.55,292.34,69.31,131.61,292.34,48.19,104.93
OSK.N,148.76,0.26,155.37,140.61,155.37,126.93,140.98,0.24,144.3,113.93,130.65,144.3,77.0,115.0,144.3,77.0,111.95,144.3,72.16,104.93,144.3,69.35,104.23,144.3,29.76,87.25
OSSUY.PK,0.0,0.0,0.0,0.0,0.0,0.0,0.0,0.0,5.54,5.09,5.29,5.54,4.0,4.75,11.0,3.76,4.86,11.0,3.76,4.69,11.0,3.4,4.88,11.0,1.19,5.08
OSTIY.PK,0.0,0.0,0.0,0.0,0.0,0.0,0.0,0.0,16.65,16.65,16.65,16.65,16.65,16.65,17.18,14.6,16.27,19.37,14.6,17.13,23.5,14.6,19.25,23.6,14.6,19.22
OSW.O,28.01,1.22,29.25,26.96,29.25,23.62,26.76,1.04,23.49,19.32,21.41,23.49,14.21,20.17,23.49,11.98,17.86,23.49,8.96,15.73,23.49,6.8,13.37,23.49,2.45,12.46
OTEX.O,22.31,1.62,23.27,21.1,23.27,19.77,21.84,2.27,39.9,27.79,33.85,39.9,22.79,30.66,45.47,22.79,32.12,45.47,22.79,34.03,55.25,22.79,37.63,55.25,20.96,36.74
OTF.N,10.47,0.48,10.91,10.14,11.6,10.14,10.72,0.6,15.71,12.87,14.45,21.33,12.87,14.55,21.33,12.87,14.55,21.33,12.87,14.55,21.33,12.87,14.55,21.33,12.87,14.55
OTGLY.PK,15.01,0.03,15.83,14.16,15.83,14.16,15.06,0.03,19.45,15.0,17.4,19.74,10.83,16.05,19.74,6.1,12.52,19.74,5.94,10.91,24.5,3.98,10.59,32.45,3.98,12.76
OTIS.K,72.66,3.37,75.29,70.61,75.29,69.27,72.01,3.92,101.42,84.25,90.12,106.83,84.25,93.53,106.83,84.25,94.83,106.83,73.32,91.21,106.83,61.28,85.47,106.83,38.0,81.77
OTIS.N,72.66,1.28,75.29,70.61,75.29,69.28,72.01,1.48,,,,,,,,,,,,,,,,,,
OTSKY.PK,34.33,0.04,36.4,32.79,36.4,31.45,33.32,0.05,30.34,21.68,26.81,30.34,21.64,25.93,32.41,17.1,24.94,32.41,14.42,22.47,32.41,14.42,20.96,32.41,13.9,21.15
OTTR.O,90.15,0.33,91.87,88.24,91.87,85.51,89.11,0.29,86.48,74.15,81.06,86.48,71.66,79.86,100.84,71.66,82.34,100.84,57.29,79.98,100.84,39.35,71.33,100.84,25.8,56.95
OUKPY.PK,8.57,0.05,9.04,8.12,9.58,8.12,8.67,0.04,8.84,6.02,7.27,8.84,4.04,6.33,8.84,3.99,5.74,8.84,3.99,5.62,8.84,3.02,5.3,8.84,2.08,5.15
OUST.O,51.45,6.87,63.79,39.14,63.79,35.3,45.58,5.48,41.65,18.52,27.15,41.65,6.34,19.29,41.65,4.65,13.9,41.65,3.21,11.57,163.0,3.21,30.86,177.3,3.21,33.69
OUT.N,32.71,1.22,33.46,31.18,33.46,30.14,31.73,0.92,24.84,16.25,19.49,24.84,12.97,18.14,24.84,12.38,17.13,24.84,8.25,16.23,29.57,8.25,18.7,31.44,7.13,20.35
OUTKY.PK,0.8,0.0,2.99,0.0,3.66,0.0,1.54,0.0,2.5,1.89,2.18,2.5,1.37,1.98,2.5,1.37,1.97,3.0,1.37,2.1,3.63,1.37,2.31,5.43,0.95,2.32
OVCHY.PK,38.64,0.02,40.71,38.07,40.71,36.05,37.97,0.03,33.31,24.89,27.02,33.31,20.5,25.99,33.31,18.3,23.7,33.31,17.29,22.0,33.31,14.98,20.08,33.31,10.1,17.54
OVHGY.PK,0.0,0.0,0.0,0.0,10.25,0.0,1.49,0.0,,,,,,,,,,,,,,,,,,
OVV.N,52.98,0.93,53.97,51.86,58.83,51.86,54.39,1.08,44.12,35.5,39.78,46.35,29.82,39.71,55.95,29.82,42.45,55.95,29.82,42.57,63.3,14.69,40.86,71.55,2.1,39.48
OWL.N,8.78,6.16,9.56,8.31,10.06,8.31,9.18,6.39,21.08,13.26,17.33,26.72,13.26,18.86,26.72,13.26,18.92,26.72,9.7,16.63,26.72,8.06,14.87,26.72,8.06,14.82
OXFYY.PK,0.0,0.0,0.0,0.0,6.5,0.0,0.34,0.0,12.45,6.8,8.63,12.45,5.96,7.96,12.45,5.96,7.73,12.45,5.96,7.73,12.45,5.96,7.73,12.45,5.96,7.73
OXLC.O,8.77,0.82,9.03,8.47,9.69,8.11,8.82,1.16,21.15,12.88,16.62,25.95,12.88,20.05,28.9,12.88,23.19,31.35,12.88,24.11,42.65,12.88,27.92,59.0,9.3,36.86
OXLCN.O,21.17,0.0,24.9,0.0,24.99,0.0,23.47,0.0,24.76,24.05,24.34,24.76,23.4,24.21,24.76,23.2,24.07,24.76,21.85,23.7,25.03,21.4,23.66,25.03,21.4,23.66
OXLCO.O,20.43,0.0,24.04,0.0,24.28,0.0,21.43,0.0,24.01,22.95,23.34,24.01,22.28,23.13,24.01,21.69,22.81,24.01,20.2,22.4,26.0,19.99,22.88,26.0,19.99,22.88
OXLCP.O,0.0,0.0,0.0,0.0,0.0,0.0,0.0,0.0,24.97,24.1,24.47,24.97,23.75,24.34,24.97,22.9,24.0,24.97,21.72,23.6,25.7,21.3,23.91,25.7,11.01,23.59
OXY.N,49.22,2.67,51.75,47.78,58.46,47.78,52.42,2.53,48.99,38.8,43.46,53.19,34.79,44.33,71.18,34.79,51.1,71.18,34.79,54.56,77.11,17.32,50.12,87.67,8.53,53.3
OZK.O,51.43,1.47,53.39,49.11,53.39,48.75,50.87,1.27,53.66,42.37,48.93,53.66,35.71,47.25,53.66,35.71,45.69,53.66,30.72,43.76,53.66,30.72,43.14,56.86,14.2,40.02
OZKAP.O,16.07,0.04,16.27,15.9,16.44,15.9,16.19,0.03,17.85,15.92,17.04,18.08,15.69,16.9,19.88,15.11,17.0,19.88,12.76,16.59,25.26,12.76,17.55,25.26,12.76,17.55
P.N,74.22,1.16,80.02,68.66,80.02,64.87,73.1,1.23,,,,,,,,,,,,,,,,,,
PAA.O,22.12,1.52,22.68,21.34,23.08,20.96,22.07,2.46,19.16,15.68,17.45,21.0,15.58,18.0,21.0,15.02,17.62,21.0,11.28,16.42,21.0,8.07,14.04,33.95,3.0,17.72
PAAPU.PK,0.0,0.0,0.0,0.0,0.0,0.0,0.0,0.0,0.0,0.0,0.0,0.0,0.0,0.0,0.0,0.0,0.0,0.0,0.0,0.0,0.0,0.0,0.0,0.0,0.0,0.0
PAAS.K,45.08,4.29,47.37,43.73,53.98,43.73,46.82,5.12,55.85,26.76,37.01,55.85,20.35,31.11,55.85,12.16,25.18,55.85,12.16,22.15,55.85,12.16,23.18,55.85,5.38,20.65
PAASF.PK,0.57,0.26,0.62,0.55,0.79,0.55,0.65,0.16,0.53,0.22,0.35,0.53,0.0,0.36,0.65,0.0,0.41,0.68,0.0,0.46,1.05,0.0,0.57,1.05,0.0,0.35
PAC.N,253.34,0.03,257.32,249.06,257.32,221.62,244.84,0.03,272.84,206.91,236.13,272.84,170.53,219.34,272.84,133.86,191.44,272.84,103.16,182.57,272.84,94.34,159.24,272.84,42.45,124.74
PACS.K,42.71,1.3,45.89,38.45,45.89,34.07,38.56,1.05,40.09,7.5,16.83,40.09,7.5,14.35,43.92,7.5,20.91,43.92,7.5,20.91,43.92,7.5,20.91,43.92,7.5,20.91
PACS.N,42.71,0.42,45.8,38.61,45.8,34.17,38.56,0.33,,,,,,,,,,,,,,,,,,
PAEKY.PK,0.0,0.0,0.0,0.0,17.0,0.0,0.89,0.0,,,,,,,,,,,,,,,,,,
PAEXY.PK,0.0,0.0,0.0,0.0,0.0,0.0,0.0,0.0,13.54,13.54,13.54,13.54,13.54,13.54,13.54,13.54,13.54,13.54,13.54,13.54,13.54,13.54,13.54,13.54,13.54,13.54
PAFRY.PK,11.48,0.0,27.45,0.0,30.9,0.0,10.36,0.0,34.5,14.0,24.12,34.5,8.2,17.18,34.5,4.01,13.52,34.5,3.04,10.38,34.5,3.04,9.38,34.5,3.04,9.38
PAG.N,180.71,0.12,186.21,175.29,186.21,170.24,178.97,0.12,188.94,154.5,171.35,188.94,135.5,165.95,188.94,135.5,160.83,188.94,112.43,157.15,188.94,56.34,133.28,188.94,19.99,89.16
PAGP.O,24.06,1.12,24.6,23.22,24.98,22.81,23.98,1.36,20.19,16.68,18.57,22.3,16.6,19.17,22.3,15.78,18.69,22.3,11.79,17.34,22.3,8.25,14.81,36.59,3.04,18.34
PAGS.K,9.01,3.22,9.25,8.61,9.33,8.49,8.88,3.32,10.96,7.56,9.13,10.96,5.89,8.55,14.43,5.89,9.66,14.43,5.89,9.46,60.54,5.89,17.66,60.54,5.89,22.98
PAGS.N,9.01,1.07,9.24,8.61,9.32,8.5,8.88,1.0,,,,,,,,,,,,,,,,,,
PAHC.O,32.32,0.34,34.58,30.98,34.58,30.46,31.81,0.29,46.42,25.34,36.82,46.42,16.16,29.62,46.42,10.04,23.64,46.42,9.4,20.35,46.42,9.4,20.46,54.62,9.4,25.26
PAKTY.PK,0.0,0.0,0.0,0.0,0.0,0.0,0.0,0.0,0.72,0.72,0.72,0.72,0.72,0.72,0.72,0.72,0.72,0.72,0.72,0.72,0.72,0.72,0.72,0.72,0.72,0.72
PALAF.PK,6.7,0.08,7.15,6.15,7.65,6.15,6.87,0.06,6.77,3.81,5.22,6.77,2.33,4.76,14.48,2.33,6.31,14.48,2.33,5.97,14.48,1.99,5.5,14.48,0.0,3.33
PAM.N,81.09,0.04,83.71,79.06,90.07,79.06,83.43,0.04,94.5,55.0,74.87,97.54,55.0,76.86,97.54,38.3,65.64,97.54,26.88,56.68,97.54,12.22,41.82,97.54,8.72,37.51
PANW.O,332.56,8.7,368.17,285.27,368.17,251.15,298.64,7.63,223.61,165.21,196.59,223.61,144.15,191.09,223.61,130.04,178.64,223.61,66.11,155.93,223.61,51.93,124.54,223.61,17.88,77.69
PAR.N,17.64,0.51,19.16,15.84,19.16,13.06,15.81,0.4,72.1,31.65,45.66,77.53,31.65,54.97,82.01,31.65,53.64,82.01,24.94,47.63,90.35,20.37,49.03,90.35,4.31,33.39
PARR.K,57.08,0.9,62.17,50.97,62.17,48.92,54.78,0.88,48.4,26.62,36.14,48.4,11.86,26.99,48.4,11.86,26.61,48.4,11.86,27.49,48.4,11.66,22.98,48.4,5.72,19.82
PARR.N,57.08,0.36,62.17,50.97,62.17,49.45,54.78,0.36,,,,,,,,,,,,,,,,,,
PATH.K,11.01,60.95,12.27,9.87,12.27,9.87,10.71,53.76,19.84,10.35,13.69,19.84,9.38,13.07,27.87,9.38,14.77,27.87,9.38,15.46,90.0,9.38,23.26,90.0,9.38,23.26
PATH.N,11.01,6.67,12.26,9.89,12.26,9.88,10.71,5.79,,,,,,,,,,,,,,,,,,
PATK.O,89.6,1.59,96.19,82.35,96.19,82.35,87.71,0.84,116.78,91.02,105.02,116.78,72.99,96.42,116.78,60.67,88.0,116.78,39.63,75.58,116.78,27.83,64.01,116.78,11.13,48.31
PAX.O,10.98,0.95,11.36,10.56,12.06,10.56,11.22,0.88,16.47,12.68,14.47,16.47,9.43,13.18,16.47,9.43,13.02,17.46,9.43,13.61,23.28,9.43,14.54,23.28,9.43,14.54
PAY.N,24.78,1.28,28.26,21.1,28.26,20.13,22.4,0.65,39.37,27.55,32.84,40.42,22.68,32.22,40.42,14.77,27.16,40.42,7.09,22.07,40.42,6.77,21.52,40.42,6.77,21.52
PAYC.K,131.37,1.06,140.85,123.44,140.85,121.0,130.66,1.15,248.95,156.5,201.22,267.76,156.5,212.45,267.76,139.5,196.92,374.04,139.5,223.83,558.97,139.5,282.85,558.97,22.42,215.78
PAYC.N,131.37,0.36,140.79,123.62,140.79,121.0,130.66,0.42,,,,,,,,,,,,,,,,,,
PAYO.O,7.1,4.47,7.16,7.03,7.16,4.97,6.88,13.48,7.66,4.92,6.24,11.19,4.92,7.11,11.29,4.22,6.86,11.29,4.02,6.42,14.5,3.32,6.89,14.5,3.32,7.01
PAYX.O,101.32,3.92,106.84,95.68,106.84,93.02,99.82,4.0,148.76,108.0,127.88,161.24,108.0,138.11,161.24,108.0,133.16,161.24,104.09,127.31,161.24,85.3,122.3,161.24,45.76,95.45
PB.N,72.81,1.11,74.37,69.79,74.37,69.31,71.91,0.65,75.44,61.06,68.09,82.75,61.06,70.11,86.64,57.17,69.15,86.64,49.61,66.71,86.64,49.61,68.88,86.64,33.58,66.41
PBA.N,46.6,0.19,47.56,45.5,49.54,45.25,47.15,0.66,42.38,35.45,38.1,42.38,34.14,37.87,43.44,32.81,37.77,43.44,28.15,35.89,43.44,23.86,34.74,43.44,10.59,33.07
PBCRY.PK,8.2,0.91,8.67,7.7,8.9,6.64,8.2,0.76,14.14,10.78,12.42,15.9,10.78,13.03,18.28,10.78,14.4,18.28,10.78,14.47,18.28,9.99,13.74,18.28,4.67,11.63
PBDBY.PK,0.0,0.0,0.0,0.0,0.0,0.0,0.0,0.0,,,,,,,,,,,,,,,,0.0,0.0,0.0
PBF.N,46.07,1.22,50.31,39.84,50.31,36.45,42.37,0.92,41.46,21.24,29.08,41.46,13.62,25.58,62.75,13.62,33.63,62.75,13.62,36.85,62.75,6.24,30.85,62.75,4.06,28.79
PBH.N,48.33,0.32,49.69,46.39,49.74,45.22,47.65,0.29,81.64,57.42,65.41,89.92,57.42,73.92,89.92,57.42,72.37,89.92,52.9,68.43,89.92,34.84,62.56,89.92,26.25,52.14
PBI.N,17.46,1.26,18.24,16.59,18.24,16.16,17.29,1.27,13.1,8.95,11.01,13.1,6.88,10.14,13.1,3.68,7.96,13.1,2.8,6.56,14.39,2.31,6.35,21.81,1.68,8.21
PBMRY.PK,0.0,0.0,0.0,0.0,0.0,0.0,0.0,0.0,4.04,1.49,2.56,4.04,1.1,2.31,4.04,1.0,1.99,4.04,1.0,1.83,4.04,0.75,1.25,6.4,0.51,1.53
PBR.N,16.23,2.62,16.58,15.87,18.5,15.87,16.96,3.21,13.61,11.44,12.38,14.98,11.04,12.62,17.91,11.04,13.87,17.91,9.27,13.63,17.91,7.06,12.83,17.91,2.71,11.86
PBRa.N,14.66,1.33,14.94,14.41,16.4,14.41,15.21,1.81,12.7,10.76,11.55,13.59,10.28,11.69,17.31,10.28,12.97,17.31,8.1,12.64,17.31,7.1,11.95,17.31,1.99,10.94
PBSFY.PK,0.0,0.0,0.0,0.0,0.0,0.0,0.0,0.0,2.3,1.28,1.65,2.3,1.19,1.64,2.3,1.14,1.61,2.69,1.14,1.75,5.61,1.14,2.79,13.22,1.14,5.36
PBT.N,24.86,0.02,25.51,24.33,29.61,24.33,26.13,0.03,20.44,12.36,16.75,20.44,8.22,13.82,20.44,8.22,13.02,27.7,8.22,16.09,27.7,3.3,14.07,27.7,2.12,10.36
PCAR.O,121.25,3.19,126.05,117.86,126.05,113.94,119.42,3.43,113.11,91.09,99.38,113.98,83.58,98.5,123.92,83.58,101.69,123.92,63.83,94.2,123.92,50.69,80.08,123.92,25.97,61.03
PCCWY.PK,4.9,0.0,7.48,0.0,7.91,0.0,3.71,0.0,8.31,6.41,7.08,8.31,5.07,6.63,8.31,4.67,5.96,8.31,4.3,5.65,8.31,3.8,5.48,8.31,3.8,5.59
PCCYF.PK,1.1,0.03,1.25,1.02,1.44,1.02,1.2,0.06,1.18,0.83,0.99,1.18,0.59,0.89,1.18,0.59,0.86,1.18,0.43,0.79,1.18,0.3,0.73,1.18,0.27,0.69
PCFBY.PK,3.99,0.0,7.19,0.0,7.86,0.0,5.01,0.0,6.99,4.67,5.84,6.99,3.39,5.16,7.5,3.39,5.48,8.45,3.39,5.76,11.02,3.14,6.46,11.02,1.29,5.91
PCG.N,16.99,5.53,17.43,16.53,17.43,16.35,16.8,6.61,17.07,12.97,15.28,20.43,12.97,15.84,21.72,12.97,17.11,21.72,12.97,16.98,21.72,8.25,14.88,71.57,3.55,26.57
PCH.O,0.0,0.0,0.0,0.0,0.0,0.0,0.0,0.0,44.41,37.69,40.96,48.12,36.82,41.3,48.12,36.82,41.3,48.12,36.82,41.3,48.12,36.82,41.3,48.12,36.82,41.3
PCHUY.PK,0.0,0.0,0.0,0.0,0.0,0.0,0.0,0.0,,,,,,,,,,,,,,,,,,
PCOR.K,41.71,3.92,44.69,38.03,48.62,38.03,41.81,3.59,82.32,60.55,71.89,88.92,53.71,71.12,88.92,49.46,70.01,88.92,41.8,67.17,108.75,40.0,67.54,108.75,40.0,67.54
PCOR.N,41.71,0.93,44.68,38.04,48.25,38.04,41.81,0.77,,,,,,,,,,,,,,,,,,
PCRFF.PK,27.92,0.01,30.2,25.75,30.2,21.6,26.31,0.01,13.99,9.25,11.14,13.99,8.9,11.1,13.99,6.85,9.97,13.99,6.85,10.06,14.75,6.77,10.27,16.13,6.2,10.46
PCRHY.PK,28.08,0.2,29.56,26.9,29.56,22.39,26.3,0.19,14.0,9.3,11.12,14.0,9.3,11.13,14.0,0.0,8.83,14.0,0.0,5.89,14.0,0.0,3.53,14.0,0.0,1.76
PCT.O,7.83,4.56,8.36,7.3,12.81,7.3,8.65,7.43,17.37,7.42,12.26,17.37,5.4,10.63,17.37,2.38,8.87,17.37,2.38,8.25,35.75,2.38,10.09,35.75,2.38,10.16
PCTTU.O,1.57,0.0,11.0,0.0,14.5,0.0,5.04,0.0,23.85,8.99,16.81,23.85,6.6,12.48,23.85,3.0,10.96,23.85,3.0,10.07,49.95,3.0,14.02,49.95,3.0,13.57
PCTY.O,108.18,0.95,115.75,99.96,115.75,98.31,106.75,0.87,197.78,135.46,162.93,223.8,135.46,177.92,223.8,129.94,171.89,235.0,129.94,176.99,314.5,129.94,191.63,314.5,24.0,133.96
PCVX.O,56.78,2.87,59.5,53.09,59.5,45.3,52.09,2.02,50.27,29.08,38.93,93.77,27.66,47.25,121.06,27.66,64.64,121.06,27.66,59.04,121.06,15.51,45.53,121.06,15.51,44.76
PCWLF.PK,0.49,0.0,0.72,0.0,0.76,0.0,0.52,0.0,0.78,0.63,0.71,0.78,0.54,0.66,0.78,0.45,0.59,0.78,0.42,0.56,0.78,0.35,0.54,0.78,0.35,0.55
PD.N,9.52,0.68,10.3,8.54,10.3,8.16,9.02,0.78,18.0,11.12,15.24,20.0,11.12,16.06,26.69,11.12,18.43,35.33,11.12,20.83,58.09,11.12,26.31,59.6,11.12,27.52
PDD.O,78.76,9.49,85.0,71.94,85.02,71.94,79.76,8.55,139.41,102.08,121.26,139.41,87.11,115.65,164.69,87.11,121.01,164.69,59.67,111.27,212.6,23.21,101.7,212.6,16.53,83.6
PDFS.O,64.46,1.05,71.68,56.06,71.68,52.32,62.84,0.9,32.31,18.12,24.76,32.31,15.91,23.26,39.7,15.91,27.75,48.02,15.91,30.52,48.02,15.91,27.79,48.02,7.56,21.47
PDI.N,16.65,0.23,16.78,16.4,16.84,16.1,16.52,0.34,20.16,17.32,18.87,20.16,16.02,18.95,20.9,16.02,19.07,21.15,15.45,18.83,28.81,15.45,20.88,32.72,15.45,24.22
PDM.N,9.41,0.66,9.77,8.82,9.77,8.65,9.16,0.55,9.18,7.18,8.2,9.25,5.46,7.81,11.12,5.46,7.95,11.15,4.92,7.69,20.35,4.92,10.97,24.77,4.92,15.13
PDO.N,13.18,0.07,13.36,12.93,13.36,12.72,13.03,0.08,14.24,13.3,13.81,14.24,11.81,13.69,14.44,11.81,13.51,14.62,10.66,13.23,21.39,10.66,14.64,21.39,10.66,14.64
PEB.N,18.96,0.93,19.75,18.51,19.75,16.74,18.46,0.99,12.34,9.3,10.89,14.21,7.47,10.82,16.65,7.47,12.49,17.38,7.47,13.0,26.44,7.47,16.23,41.65,5.4,22.13
PEB_pe.N,19.93,0.01,20.63,19.45,20.63,19.45,20.13,0.01,21.16,0.0,19.21,21.16,0.0,18.84,23.21,0.0,19.55,23.21,0.0,19.23,25.75,0.0,20.61,27.24,0.0,14.9
PEB_pf.N,19.88,0.01,20.38,19.25,20.68,19.25,20.08,0.01,22.7,0.0,19.21,22.7,0.0,18.78,23.61,0.0,19.82,23.61,0.0,19.44,26.04,0.0,20.83,27.36,0.0,15.14
PEB_pg.N,20.1,0.01,20.61,19.39,20.63,19.39,20.27,0.01,21.23,0.0,18.88,21.23,0.0,18.76,22.94,0.0,19.76,22.94,0.0,19.56,28.93,0.0,19.4,28.93,0.0,9.68
PEB_ph.N,18.1,0.01,18.71,17.51,18.71,17.51,18.35,0.01,18.85,16.1,17.58,19.09,15.59,17.27,20.92,0.0,17.94,20.92,0.0,17.75,26.77,0.0,16.69,26.77,0.0,8.33
PEBO.O,38.48,0.39,39.33,37.53,39.33,35.15,37.09,0.29,32.3,27.49,30.01,33.83,26.21,30.15,37.07,26.21,30.36,37.07,23.05,29.46,37.07,23.05,30.0,39.58,16.34,29.65
PECO.O,41.97,1.58,42.7,41.38,42.7,40.12,41.6,1.36,36.58,32.84,34.68,37.76,32.4,35.2,40.12,30.62,35.32,40.12,27.85,34.68,40.12,26.51,33.8,40.12,26.51,33.8
PEG.N,81.78,1.06,83.66,80.09,83.66,77.03,80.53,1.05,91.24,77.93,82.73,91.24,74.79,82.38,95.11,56.86,78.85,95.11,53.72,73.07,95.11,52.51,68.93,95.11,34.75,59.84
PEGA.O,30.48,2.17,32.1,28.66,35.4,28.66,31.35,2.44,68.1,49.16,56.84,68.1,29.84,50.95,68.1,22.04,42.2,68.1,16.66,35.83,74.4,14.52,39.82,74.4,10.19,35.38
PEGIY.PK,2.37,0.0,16.62,0.0,16.62,0.0,0.87,0.0,,,,0.0,0.0,0.0,0.0,0.0,0.0,0.0,0.0,0.0,0.0,0.0,0.0,0.0,0.0,0.0
PEGRY.PK,12.52,0.01,12.99,12.26,13.75,12.07,12.67,0.03,14.66,11.8,13.31,14.66,9.43,12.64,15.42,9.43,12.7,18.91,9.43,13.29,31.9,9.43,16.04,31.9,9.43,16.42
PEN.N,316.92,0.12,319.19,314.86,321.97,314.86,317.69,0.13,321.02,221.28,264.21,321.02,221.28,267.7,321.02,148.01,241.49,346.51,148.01,249.35,346.51,115.11,239.66,346.51,40.23,181.72
PENG.O,67.28,3.36,77.37,58.63,77.4,56.61,65.0,3.14,29.8,17.12,22.95,29.8,14.2,20.95,29.81,14.2,20.77,29.99,12.66,20.46,37.25,12.04,21.41,37.25,5.75,18.48
PENN.O,21.58,5.51,22.34,20.74,22.36,18.78,21.2,4.19,20.6,13.24,17.18,23.08,13.24,17.38,26.53,13.24,18.23,36.26,13.24,20.89,142.0,13.24,36.27,142.0,3.75,30.93
PEP.O,140.52,10.39,144.74,134.94,147.64,134.94,142.13,10.13,157.8,132.47,144.86,160.15,127.6,143.3,183.41,127.6,156.27,196.88,127.6,163.23,196.88,127.6,162.37,196.88,93.25,140.32
PEXNY.PK,2.21,0.0,7.89,0.0,8.86,0.0,3.04,0.0,11.68,4.74,8.64,22.99,4.74,9.22,43.0,4.74,13.85,170.0,4.74,18.56,170.0,4.74,16.57,170.0,2.16,11.4
PEYUF.PK,16.86,0.16,17.48,16.57,18.53,16.06,17.38,0.1,17.43,12.98,14.45,17.43,10.0,13.48,17.43,7.88,12.14,17.43,7.88,11.14,17.43,2.29,9.75,30.36,0.7,10.53
PEYXY.PK,0.0,0.0,0.0,0.0,0.0,0.0,0.0,0.0,,,,,,,,,,,,,,,,,,
PFBC.O,106.21,0.18,112.26,98.7,112.26,97.0,102.49,0.16,103.05,83.75,92.96,103.05,71.9,88.83,103.05,66.88,83.95,103.05,42.42,76.45,103.05,42.42,72.97,103.05,20.04,60.63
PFE.N,24.05,13.64,24.56,23.62,26.49,23.62,24.98,13.64,27.68,23.12,24.95,27.68,20.92,24.84,31.54,20.92,26.37,51.59,20.92,29.87,61.7,20.92,36.33,61.7,20.92,35.5
PFG.O,108.83,1.65,112.58,104.66,112.58,104.66,109.23,1.48,92.1,75.0,82.17,92.1,68.39,81.07,92.1,68.39,81.36,93.87,65.17,79.82,96.17,47.52,75.6,96.17,23.31,64.22
PFGC.K,111.65,1.84,114.22,105.1,114.22,96.94,106.14,1.56,109.05,86.96,98.34,109.05,68.4,91.03,109.05,61.6,82.72,109.05,52.32,75.1,109.05,38.23,64.84,109.05,7.41,48.61
PFGC.N,111.65,0.62,114.21,106.17,114.21,96.94,106.14,0.51,,,,,,,,,,,,,,,,,,
PFH.N,16.38,0.03,16.56,16.12,16.56,16.12,16.33,0.02,18.72,17.07,17.86,19.24,16.7,17.81,21.56,16.7,18.85,21.56,16.7,19.08,26.4,16.7,20.84,26.49,0.0,11.26
PFS.N,23.64,0.54,24.23,23.24,24.23,22.36,23.28,0.47,21.29,17.4,19.2,21.29,14.34,18.31,22.22,13.1,17.65,24.57,13.1,17.74,26.19,13.1,19.77,28.91,9.08,21.17
PFSI.K,85.1,0.68,87.76,81.81,87.76,77.67,82.76,0.58,137.53,91.78,117.8,137.53,85.74,108.96,137.53,81.92,102.62,137.53,54.0,91.15,137.53,38.53,77.93,137.53,10.29,51.12
PFSI.N,85.1,0.26,87.65,81.92,87.65,77.67,82.76,0.19,,,,,,,,,,,,,,,,,,
PFSTY.PK,0.0,0.0,0.0,0.0,0.0,0.0,0.0,0.0,,,,,,,,,,,,,,,,,,
PG.N,148.68,4.07,152.12,144.18,153.34,144.18,149.26,3.49,162.5,138.14,151.82,179.99,138.14,158.41,180.4,138.14,161.82,180.4,135.83,157.44,180.4,121.54,151.71,180.4,70.74,125.26
PGEN.O,5.64,6.39,6.04,5.2,6.04,3.51,4.99,5.79,5.22,1.4,3.35,5.22,1.03,2.44,5.22,0.65,1.84,5.22,0.65,1.66,11.1,0.65,2.66,39.85,0.65,8.7
PGENY.PK,0.0,0.0,0.0,0.0,3.23,0.0,0.31,0.0,3.5,2.24,2.81,3.5,2.07,2.82,3.5,1.99,2.52,4.14,1.99,2.92,11.56,1.99,4.12,14.38,1.99,6.98
PGNY.O,29.17,1.29,31.07,26.85,31.07,25.18,27.36,1.44,27.76,17.98,22.86,27.76,17.01,22.31,42.08,13.39,24.52,44.95,13.39,28.05,68.32,13.39,35.18,68.32,13.29,33.62
PGPHF.PK,705.17,0.0,852.13,0.0,913.41,0.0,760.75,0.0,1438.0,1111.63,1294.17,1590.12,1086.97,1347.74,1590.12,1086.97,1364.49,1590.12,796.85,1257.1,1833.0,753.75,1273.38,1833.0,334.3,1022.35
PGPKY.PK,0.72,0.0,5.04,0.0,5.7,0.0,0.82,0.0,,,,,,,,,,,,,,,,,,
PGR.N,223.91,1.35,232.29,215.39,232.29,198.92,212.55,1.37,266.96,199.98,236.17,292.99,199.98,251.67,292.99,159.4,235.88,292.99,111.41,204.02,292.99,84.9,164.81,292.99,29.32,112.21
PGUCY.PK,0.0,0.0,0.0,0.0,0.0,0.0,0.0,0.0,,,,,,,,,,,,,,,,,,
PH.N,971.26,0.23,1002.97,952.14,1002.97,875.6,941.91,0.21,904.23,691.79,778.16,904.23,489.91,712.07,904.23,449.68,640.51,904.23,288.79,551.32,904.23,230.98,447.16,904.23,83.33,306.09
PHAR.O,13.66,0.01,14.31,12.96,14.31,12.12,13.07,0.01,18.3,9.54,14.11,18.3,7.5,11.84,18.3,6.65,10.57,18.3,6.65,11.04,18.3,6.1,10.82,21.99,6.1,10.84
PHAT.O,10.84,1.17,11.75,10.02,11.75,9.74,10.6,0.92,18.31,7.61,12.3,18.31,2.21,9.13,19.71,2.21,10.23,19.71,2.21,10.38,50.78,2.21,15.25,64.54,2.21,19.05
PHG.N,27.41,0.18,28.26,26.88,28.26,25.56,26.8,0.21,29.5,23.75,27.14,29.5,21.49,26.12,32.91,18.91,25.79,32.91,14.96,23.53,59.21,11.36,28.19,59.21,11.36,32.53
PHGPY.PK,0.0,0.0,0.0,0.0,10.42,0.0,0.55,0.0,,,,,,,,,,,,,,,,,,
PHI.N,17.95,0.04,18.32,17.41,18.41,17.07,17.77,0.06,23.46,18.64,21.0,25.12,18.64,21.9,30.29,18.64,23.2,30.29,18.64,23.08,37.86,18.64,25.68,49.14,15.53,26.85
PHIN.K,81.01,0.62,85.52,73.73,86.94,73.73,81.39,0.52,63.84,44.26,54.63,63.84,36.25,49.93,63.84,27.86,46.02,63.84,23.46,42.21,63.84,23.46,42.21,63.84,23.46,42.21
PHIN.N,81.01,0.25,85.44,73.73,86.74,73.73,81.39,0.2,,,,,,,,,,,,,,,,,,
PHM.N,135.17,0.69,140.0,130.68,140.0,117.1,128.25,0.79,142.05,104.87,123.43,142.05,88.46,114.1,149.47,88.46,116.87,149.47,45.53,101.86,149.47,35.04,80.16,149.47,14.61,54.49
PHMMF.PK,0.0,0.0,0.0,0.0,79.49,0.0,4.18,0.0,110.4,84.94,95.36,110.4,80.91,95.39,110.4,26.85,72.21,110.4,26.85,60.32,145.25,26.85,82.84,158.75,12.24,50.49
PHPPY.PK,4.13,0.0,10.0,0.0,12.3,0.0,2.79,0.0,14.04,11.17,12.83,14.04,9.6,12.0,16.62,9.6,12.68,19.16,9.6,13.84,34.77,9.6,17.4,34.77,7.91,17.0
PHVS.O,33.95,0.63,35.9,32.93,35.9,30.26,32.84,0.42,29.8,16.72,23.13,29.8,11.51,19.89,33.0,11.51,20.64,33.0,6.02,18.58,42.86,1.77,18.1,42.86,1.77,18.1
PHYS.K,30.61,4.68,31.44,30.09,33.04,29.76,31.3,4.74,34.83,25.0,29.1,34.83,20.17,26.45,34.83,15.31,22.47,34.83,13.94,20.03,34.83,12.48,17.67,34.83,8.81,14.46
PI.O,139.51,0.44,149.98,127.5,149.98,117.11,132.62,0.42,247.06,107.42,167.92,247.06,60.85,137.52,247.06,60.85,145.67,247.06,48.39,128.24,247.06,39.69,104.18,247.06,9.95,68.03
PIAHY.PK,0.27,0.0,1.88,0.0,1.92,0.0,0.2,0.0,,,,,,,,,,,,,,,,,,
PIAIF.PK,6.62,0.05,7.14,5.95,7.72,0.0,6.52,0.03,8.85,6.32,7.26,8.85,4.93,6.63,8.85,3.79,5.73,8.85,3.79,5.88,13.32,3.79,7.11,13.32,3.79,8.33
PIFFY.PK,0.0,0.0,0.0,0.0,7.41,0.0,0.39,0.0,11.51,9.85,10.44,14.5,9.85,10.89,16.29,9.85,12.74,16.29,9.85,13.57,16.29,9.85,12.54,17.25,9.85,12.84
PIFMY.PK,18.9,0.0,19.3,18.32,19.63,16.28,18.45,0.0,27.81,19.41,22.9,27.81,19.41,22.93,27.81,16.56,21.88,27.81,16.56,21.84,27.81,16.56,21.85,34.27,16.06,22.97
PII.N,68.06,0.41,73.59,61.59,73.59,61.59,68.88,0.34,75.0,40.41,59.88,75.0,30.92,51.43,100.73,30.92,66.63,138.4,30.92,80.35,147.72,30.92,95.06,147.72,30.92,94.53
PILBF.PK,3.55,0.02,3.78,3.45,4.71,3.45,3.93,0.04,3.0,0.85,1.79,3.0,0.69,1.46,3.0,0.69,1.81,3.71,0.69,2.16,3.71,0.62,2.03,3.71,0.08,1.32
PINS.K,21.35,13.82,22.45,19.2,22.45,18.73,20.99,18.56,39.93,24.37,32.53,40.9,23.68,32.31,45.18,23.68,33.8,45.18,20.6,31.67,89.9,16.14,36.19,89.9,10.1,34.67
PINS.N,21.35,4.62,22.45,19.21,22.45,18.91,20.99,5.89,,,,,,,,,,,,,,,,,,
PINXY.PK,3.42,0.0,12.05,0.0,14.03,0.0,1.99,0.0,20.0,13.13,17.45,20.0,9.7,14.51,20.0,6.0,9.79,20.0,5.65,9.16,20.0,5.65,8.33,20.0,5.65,8.08
PIPR.K,73.57,0.89,81.13,70.27,82.95,70.27,77.29,0.63,374.77,274.99,332.0,374.77,202.91,299.98,374.77,159.92,269.0,374.77,119.05,226.25,374.77,82.78,185.37,374.77,27.63,122.62
PIPR.N,73.57,0.36,80.9,70.29,82.67,70.29,77.29,0.25,91.38,67.62,81.64,91.38,49.89,73.76,91.38,39.44,66.14,91.38,29.31,55.63,91.38,20.36,45.58,91.38,6.81,30.15
PITPY.PK,0.0,0.0,0.0,0.0,2.64,0.0,0.28,0.0,,,,,,,,,,,,,,,,,,
PJT.N,155.84,0.21,172.66,142.5,172.66,142.5,155.93,0.17,189.72,158.16,175.52,190.28,119.9,163.65,190.28,88.66,141.07,190.28,59.71,119.87,190.28,54.65,100.47,190.28,19.25,70.54
PK.N,14.43,3.37,14.89,13.9,14.95,13.86,14.41,2.22,12.38,9.84,10.98,14.29,8.28,11.18,18.04,8.28,13.28,18.04,8.28,13.04,23.3,8.28,14.52,32.01,3.77,18.16
PKCOY.PK,0.0,0.0,0.0,0.0,13.7,0.0,2.11,0.0,,,,,,,,,,,,,,,,,,
PKCPY.PK,0.0,0.0,0.0,0.0,2.04,0.0,0.19,0.0,,,,,,,,,,,,,,,,,,
PKG.N,238.73,0.21,242.93,233.47,242.93,214.29,232.09,0.23,220.31,189.35,204.79,242.56,173.03,202.95,250.71,159.86,199.8,250.71,122.2,181.01,250.71,110.74,164.48,250.71,44.35,131.37
PKPYY.PK,0.0,0.0,0.0,0.0,0.0,0.0,0.0,0.0,,,,,,,,,,,,,,,,,,
PKX.N,51.56,0.13,53.46,49.59,66.05,49.59,57.04,0.13,61.23,44.99,53.31,61.23,39.47,49.92,93.16,39.47,59.18,133.07,39.47,66.89,133.07,36.54,64.48,133.07,26.31,60.4
PL.N,30.26,5.72,34.25,25.3,34.36,25.3,30.03,4.39,20.99,5.88,11.02,20.99,2.8,7.78,20.99,1.68,5.07,20.99,1.68,4.54,20.99,1.68,5.47,20.99,1.68,5.47
PLAB.O,30.82,1.79,33.43,28.28,34.31,28.11,31.13,1.64,39.8,18.61,23.59,39.8,16.46,22.07,39.8,16.46,24.21,39.8,13.86,22.96,39.8,10.89,20.06,39.8,7.2,15.11
PLBL.O,8.88,0.39,11.09,7.6,11.09,5.21,7.88,0.27,14.31,5.6,9.51,14.31,5.6,9.68,14.31,5.6,9.77,14.31,5.6,9.77,14.31,5.6,9.77,14.31,5.6,9.77
PLD.N,138.76,1.57,142.37,135.22,150.0,135.22,142.6,1.55,131.61,103.44,117.29,131.61,85.35,113.83,135.65,85.35,116.94,137.52,85.35,118.1,174.54,85.35,122.07,174.54,35.25,95.41
PLDGP.PK,37.96,0.0,53.34,0.0,53.99,0.0,44.77,0.0,59.0,50.15,55.12,59.0,50.15,55.38,73.0,50.15,56.41,73.0,50.0,56.48,80.0,50.0,59.49,89.99,50.0,62.61
PLGO.N,24.69,0.27,25.6,23.57,25.6,21.73,23.77,0.18,,,,,,,,,,,,,,,,,,
PLMR.O,130.39,0.41,142.94,116.3,142.94,105.52,119.54,0.31,156.55,107.75,124.43,175.85,98.42,130.54,175.85,54.5,108.25,175.85,45.29,90.36,175.85,43.64,83.25,175.85,18.06,76.87
PLNT.K,52.43,1.7,54.47,50.92,54.47,49.33,51.69,1.88,114.47,88.74,104.62,114.47,87.72,102.56,114.47,54.35,88.96,114.47,44.13,82.1,114.47,44.13,80.39,114.47,11.63,61.92
PLNT.N,52.43,0.55,54.06,51.0,54.06,49.37,51.69,0.64,,,,,,,,,,,,,,,,,,
PLOW.N,52.15,0.15,54.74,46.59,54.74,44.86,49.34,0.09,34.37,27.7,31.46,34.37,21.38,28.65,34.37,21.31,26.92,41.35,21.31,28.4,51.44,21.31,32.14,56.88,16.9,34.55
PLPC.O,392.29,0.12,414.35,358.55,414.35,349.49,382.21,0.1,245.99,139.04,194.29,245.99,118.99,167.44,245.99,109.01,146.99,245.99,78.53,143.56,245.99,54.97,113.72,245.99,31.59,84.98
PLTK.O,3.81,1.38,3.99,3.57,4.11,3.03,3.54,1.89,5.05,3.31,4.0,7.58,3.31,4.77,9.15,3.31,6.23,12.9,3.31,7.5,36.06,3.31,12.23,36.06,3.31,12.23
PLTR.O,120.02,51.86,134.07,106.37,137.76,106.37,124.99,43.69,207.52,128.51,171.55,207.52,63.4,138.0,207.52,15.66,85.48,207.52,5.84,61.47,207.52,5.84,43.68,207.52,5.84,42.4
PLUG.O,2.62,57.2,2.82,2.47,3.34,2.47,2.74,53.85,4.58,1.34,2.15,4.58,0.69,1.81,5.14,0.69,2.27,18.88,0.69,4.71,75.49,0.69,14.09,75.49,0.69,8.91
PLUS.O,81.59,0.25,85.27,78.85,87.0,76.59,81.78,0.27,93.98,62.11,76.51,93.98,53.83,72.46,106.98,53.83,77.49,106.98,41.71,70.74,106.98,40.37,62.48,106.98,15.44,49.3
PLXS.O,287.6,0.41,301.07,268.1,307.06,268.1,289.19,0.35,166.91,115.35,140.86,172.89,103.43,137.65,172.89,90.18,128.13,172.89,83.84,117.88,172.89,72.46,106.45,172.89,28.72,82.16
PM.N,181.17,2.21,186.0,175.84,186.2,172.44,180.27,2.07,183.98,142.17,161.59,186.69,116.17,159.32,186.69,87.82,133.71,186.69,87.23,121.14,186.69,78.34,111.0,186.69,56.03,100.86
PMDIY.PK,8.43,0.0,30.0,0.0,30.0,0.0,8.23,0.0,45.75,29.78,38.41,45.75,29.78,38.41,45.75,13.25,37.81,45.75,13.25,37.81,45.75,13.25,37.81,45.75,13.25,37.81
PMDKY.PK,0.0,0.0,0.0,0.0,0.0,0.0,0.0,0.0,,,,,,,,,,,,,,,,,,
PMMAF.PK,4.38,0.0,30.64,0.0,33.74,0.0,13.25,0.0,28.9,17.41,23.8,47.47,17.41,25.99,56.91,17.41,35.09,75.21,17.41,43.59,131.35,17.41,64.12,609.55,17.41,62.79
PMRTY.PK,19.84,0.03,20.46,19.3,24.25,19.3,21.0,0.04,44.68,23.86,31.86,44.68,0.0,23.51,44.68,0.0,11.96,44.68,0.0,7.98,44.68,0.0,4.78,44.68,0.0,2.39
PMT.N,10.92,0.9,11.42,10.34,11.42,9.83,10.39,0.72,13.37,11.6,12.41,14.92,11.6,12.8,15.22,11.6,13.37,15.89,10.52,13.26,21.52,10.52,14.83,23.77,3.5,16.29
PMT_pa.N,22.27,0.0,22.56,21.8,22.76,21.8,22.4,0.0,24.95,23.47,24.17,25.16,22.68,24.17,25.67,22.68,24.13,25.67,20.19,23.68,27.03,19.25,24.17,27.92,5.95,24.5
PMT_pb.N,22.45,0.01,22.77,22.03,23.0,22.03,22.57,0.0,24.87,23.17,24.14,25.05,22.8,24.12,25.19,22.26,24.02,25.19,19.8,23.49,27.58,19.1,24.06,27.58,0.0,20.63
PMT_pc.N,17.74,0.02,17.95,17.45,18.2,17.45,17.88,0.01,19.5,18.4,18.93,20.21,17.51,19.12,21.6,17.51,19.46,21.6,16.06,19.04,25.66,0.0,17.28,25.66,0.0,8.62
PMTU.K,25.45,0.0,25.6,25.3,25.9,25.3,25.52,0.0,26.26,25.03,25.53,26.26,24.46,25.46,26.48,24.46,25.5,26.48,23.75,25.4,26.48,23.75,25.4,26.48,23.75,25.4
PMTU.N,25.45,0.0,25.57,25.34,25.9,25.31,25.52,0.0,,,,,,,,,,,,,,,,,,
PMTV.N,25.26,0.01,25.4,25.11,25.4,25.07,25.23,0.0,25.8,24.99,25.44,25.8,0.0,22.41,25.8,0.0,11.16,25.8,0.0,7.45,25.8,0.0,4.46,25.8,0.0,2.23
PNC.N,248.22,0.66,253.45,242.53,253.45,226.82,239.2,0.86,214.55,176.9,195.41,214.55,145.14,187.32,216.11,139.75,178.47,216.11,109.41,163.04,228.13,109.41,169.57,228.13,77.41,146.2
PNDRY.PK,14.26,0.05,14.68,13.2,14.68,11.55,12.99,0.04,22.04,13.35,16.95,56.21,13.35,21.23,56.21,13.35,30.64,56.21,13.35,28.79,56.21,11.68,27.27,56.21,6.82,24.04
PNFP.N,100.28,0.45,102.59,97.56,102.59,91.74,97.5,0.5,,,,,,,,,,,,,,,,,,
PNFP.O,100.28,1.35,102.61,96.58,102.61,91.74,97.5,1.5,120.46,83.48,95.85,127.85,81.57,102.16,131.91,73.62,97.21,131.91,43.31,86.74,131.91,43.31,86.87,131.91,27.8,71.68
PNFP_pa.K,25.34,0.01,25.46,25.21,25.46,25.21,25.37,0.01,,,,,,,,,,,,,,,,,,
PNFP_PA.K,25.16,0.04,25.29,24.87,25.27,24.96,25.19,0.07,,,,,,,,,,,,,,,,,,
PNFP_pa.N,25.22,0.01,25.29,25.03,25.27,25.03,25.19,0.02,,,,,,,,,,,,,,,,,,
PNFP_pb.K,26.16,0.01,26.29,26.0,26.29,26.0,26.15,0.02,,,,,,,,,,,,,,,,,,
PNFP_PB.K,26.11,0.04,26.4,25.71,26.4,25.71,26.07,0.09,,,,,,,,,,,,,,,,,,
PNFP_pb.N,26.18,0.02,26.36,25.71,26.36,25.71,26.07,0.02,,,,,,,,,,,,,,,,,,
PNFP_pc.K,25.08,0.01,25.29,24.94,25.29,25.03,25.19,0.01,,,,,,,,,,,,,,,,,,
PNFP_PC.K,25.17,0.01,25.29,24.98,25.27,25.04,25.23,0.02,,,,,,,,,,,,,,,,,,
PNFP_pc.N,25.25,0.01,25.27,25.04,25.27,25.04,25.23,0.01,,,,,,,,,,,,,,,,,,
PNGAY.PK,13.21,0.32,13.54,12.84,14.81,12.84,13.87,0.29,17.34,12.6,14.48,17.34,9.9,13.17,17.34,7.6,11.55,17.34,7.6,11.88,26.67,7.6,13.54,26.67,7.6,15.6
PNR.N,76.29,0.63,77.88,74.58,77.88,70.79,74.64,0.71,113.94,97.49,106.78,113.94,74.94,100.7,113.94,68.19,93.45,113.94,44.66,82.55,113.94,38.55,73.15,113.94,22.12,57.34
PNTG.O,37.26,0.49,40.0,34.27,40.0,30.85,34.75,0.34,30.46,21.73,25.56,30.46,21.18,26.03,37.13,13.77,25.7,37.13,10.0,21.25,69.56,8.68,23.13,69.56,6.15,24.44
PNW.N,107.54,0.53,109.5,105.53,109.5,100.9,104.7,0.57,94.7,85.5,89.8,96.5,81.62,90.09,96.5,65.22,85.1,96.5,65.22,82.41,96.5,59.03,79.42,105.45,59.03,81.12
PNXGF.PK,0.0,0.0,0.0,0.0,10.13,0.0,1.06,0.0,10.36,8.35,9.06,10.36,5.89,8.09,10.36,5.89,7.56,10.36,5.42,7.32,10.4,5.42,7.53,10.4,5.32,7.76
POAHY.PK,3.15,0.68,3.37,3.01,3.64,3.01,3.34,0.59,4.79,3.71,4.15,4.79,3.3,4.03,5.58,3.3,4.33,6.3,3.3,4.71,12.37,3.3,6.29,12.37,3.02,6.26
PODD.O,158.01,1.69,167.82,148.02,167.82,138.79,151.77,1.61,354.88,276.46,312.99,354.88,230.05,296.78,354.88,160.19,251.36,354.88,125.82,250.41,354.88,125.82,256.02,354.88,23.94,178.54
POET.O,9.59,18.01,11.1,8.52,15.08,8.52,11.0,23.41,9.41,3.87,5.99,9.41,3.09,5.21,9.41,0.84,3.93,9.41,0.72,3.81,12.8,0.72,4.96,12.8,0.72,4.27
PONY.O,6.98,4.21,7.4,6.66,9.2,6.66,7.68,4.11,24.92,10.48,15.92,24.92,4.11,14.57,24.92,4.11,14.46,24.92,4.11,14.46,24.92,4.11,14.46,24.92,4.11,14.46
POOL.O,213.7,0.83,221.02,204.55,221.02,179.28,201.3,1.29,345.0,227.4,286.76,374.74,227.4,303.24,422.73,227.4,334.53,423.97,227.4,340.62,582.26,227.4,369.82,582.26,72.4,266.5
POR.N,52.05,0.89,52.91,51.3,52.91,49.39,51.08,0.61,51.1,39.73,44.6,51.1,39.55,43.53,51.1,39.14,43.99,51.55,38.04,44.66,57.02,38.04,46.39,63.03,31.98,46.16
POST.K,89.84,0.98,93.58,87.7,94.33,86.37,90.46,0.86,114.32,95.06,105.4,119.85,95.06,108.39,125.84,87.53,108.04,125.84,78.84,101.27,125.84,60.06,90.85,125.84,33.32,74.2
POST.N,89.84,0.35,93.4,87.75,94.28,86.38,90.46,0.33,,,,,,,,,,,,,,,,,,
POWI.O,79.03,1.11,86.79,70.89,91.18,69.37,79.77,1.09,60.12,30.86,43.09,68.2,30.86,49.15,85.0,30.86,59.09,99.6,30.86,66.77,110.66,30.86,73.95,110.66,19.76,56.31
POWL.O,273.67,1.14,316.99,243.35,316.99,243.35,285.35,0.85,413.0,203.46,295.63,413.0,146.02,246.44,413.0,76.29,212.97,413.0,33.98,163.11,413.0,18.81,108.73,413.0,15.62,70.63
PPAAY.PK,1.14,0.0,4.11,0.0,4.22,0.0,0.86,0.0,5.69,4.62,5.11,5.69,4.1,5.02,5.69,3.58,4.75,5.69,3.35,4.67,6.17,3.35,4.71,10.83,2.14,5.64
PPC.O,28.34,1.79,29.17,26.62,30.36,26.5,28.54,1.66,48.34,35.73,41.34,52.75,35.73,42.92,52.75,22.47,38.12,52.75,16.91,32.24,52.75,15.69,28.14,52.75,11.91,23.78
PPCCY.PK,46.88,0.01,49.19,43.99,51.54,43.99,47.96,0.0,66.76,47.08,56.75,66.76,35.39,50.7,66.76,28.2,42.27,66.76,21.82,37.14,66.76,18.22,31.35,66.76,16.76,29.49
PPERY.PK,8.79,0.15,9.09,8.45,10.18,8.2,9.2,0.2,12.5,9.64,11.29,15.61,9.64,11.86,20.07,9.64,14.29,20.07,9.64,14.28,20.07,7.66,12.62,20.07,4.26,10.87
PPG.N,122.83,0.61,125.69,119.84,125.69,112.34,119.73,0.74,120.71,93.43,105.79,124.71,90.25,108.65,148.45,90.25,120.04,152.89,90.25,125.37,182.95,90.25,132.88,182.95,69.87,121.44
PPL.N,36.53,3.56,37.36,35.6,37.36,35.06,36.09,3.36,38.26,33.17,35.99,38.26,31.22,35.2,38.26,25.35,32.38,38.26,22.21,30.52,38.26,22.21,29.69,40.2,18.12,31.06
PPLC.N,48.93,0.06,50.03,48.19,52.89,47.54,48.59,0.03,0.0,0.0,0.0,0.0,0.0,0.0,0.0,0.0,0.0,0.0,0.0,0.0,0.0,0.0,0.0,0.0,0.0,0.0
PPRUY.PK,29.23,0.71,30.75,27.83,31.84,27.83,29.83,0.67,40.7,22.17,31.0,40.7,17.02,26.94,47.41,17.02,30.06,65.69,17.02,38.01,93.44,17.02,49.83,93.44,15.0,46.87
PPTA.O,21.05,1.3,22.37,19.89,27.0,19.89,22.64,2.04,31.65,11.68,20.75,31.65,7.81,16.54,31.65,2.69,11.64,31.65,2.43,9.01,31.65,1.69,7.32,31.65,0.2,6.75
PR.N,18.4,3.99,18.94,17.9,20.15,17.9,18.82,3.96,15.2,11.92,13.57,16.02,10.01,13.57,18.28,10.01,14.34,18.28,8.43,13.46,18.28,6.14,13.05,18.28,6.14,13.05
PRA.N,3.57,0.08,25.01,0.0,25.01,0.0,16.9,0.19,24.41,22.8,23.92,24.41,13.9,21.86,24.41,10.77,17.81,24.41,10.77,17.47,29.09,10.77,19.74,57.79,10.77,29.85
PRAX.O,327.52,0.83,354.16,304.97,354.16,238.77,291.75,0.64,317.72,37.19,117.35,317.72,26.7,84.52,317.72,20.5,69.59,317.72,11.85,54.29,914.26,11.85,133.38,914.26,11.85,151.63
PRBKY.PK,10.85,0.09,11.61,10.02,12.6,9.6,11.02,0.07,0.0,0.0,0.0,0.0,0.0,0.0,0.0,0.0,0.0,0.0,0.0,0.0,0.0,0.0,0.0,0.0,0.0,0.0
PRCT.O,22.13,1.62,24.2,20.21,29.74,19.92,23.42,1.85,62.17,27.8,39.41,89.49,27.8,50.59,103.81,27.8,58.39,103.81,24.83,50.32,103.81,15.38,46.04,103.81,15.38,46.04
PRDO.O,33.31,0.72,35.43,31.76,35.65,31.28,33.31,0.68,38.02,26.66,31.82,38.02,23.87,30.02,38.02,16.12,25.7,38.02,11.5,22.1,38.02,9.65,17.94,38.02,2.23,15.14
PRDSY.PK,9.78,0.0,10.11,9.22,10.51,9.22,9.86,0.01,13.3,10.12,11.73,18.0,10.12,12.96,18.0,10.12,13.6,18.0,10.12,13.46,18.0,8.79,12.98,18.0,4.27,9.83
PRG.N,44.97,0.38,47.6,41.5,47.6,35.67,40.68,0.26,36.66,25.85,31.3,44.36,23.5,31.4,50.26,23.5,35.09,50.26,16.75,33.14,60.5,12.14,34.2,66.66,11.03,35.21
PRGLY.PK,0.0,0.0,0.0,0.0,0.0,0.0,0.0,0.0,6.0,6.0,6.0,6.0,6.0,6.0,6.0,6.0,6.0,6.0,6.0,6.0,6.0,6.0,6.0,6.0,6.0,6.0
PRGO.K,10.36,6.38,11.24,9.56,11.95,9.4,10.47,4.7,28.44,12.17,20.56,30.93,12.17,23.25,34.6,12.17,25.95,40.28,12.17,28.62,50.9,12.17,33.41,152.36,12.17,52.59
PRGO.N,10.36,2.74,11.24,9.57,11.94,9.4,10.47,1.8,,,,,,,,,,,,,,,,,,
PRGS.O,35.24,1.73,40.5,29.0,40.5,27.23,32.25,1.03,60.86,39.0,44.84,65.73,39.0,51.77,70.56,39.0,54.64,70.56,39.0,55.1,70.56,39.0,51.74,70.56,22.01,43.72
PRH.N,22.4,0.03,22.6,22.21,23.06,22.21,22.61,0.02,26.11,24.23,25.26,26.11,23.59,25.08,26.95,23.59,25.47,26.95,23.18,25.32,26.95,0.0,16.98,26.95,0.0,8.48
PRI.N,289.2,0.08,299.65,279.92,299.65,262.96,282.55,0.1,287.67,246.41,264.67,298.24,231.0,269.62,307.24,184.77,259.81,307.24,141.11,236.37,307.24,110.26,198.89,307.24,37.09,147.54
PRIM.K,93.74,2.38,99.29,87.05,125.96,65.0,98.08,3.03,146.16,77.04,118.97,146.16,49.1,95.08,146.16,30.94,74.16,146.16,21.88,59.15,146.16,15.9,45.86,146.16,9.42,34.05
PRIM.N,93.74,0.95,99.29,87.17,125.63,65.0,98.08,0.79,,,,,,,,,,,,,,,,,,
PRK.N,184.16,0.0,187.8,180.74,187.8,172.35,179.56,0.0,176.35,149.48,162.44,176.35,140.49,160.95,204.72,123.09,155.25,204.72,91.72,140.72,204.72,91.72,134.98,204.72,63.6,119.85
PRKS.K,47.24,0.82,49.19,45.72,49.19,40.66,46.15,0.96,56.95,29.62,45.98,60.63,29.62,47.01,60.83,29.62,49.72,68.19,29.62,51.12,76.57,27.06,52.34,76.57,6.75,36.46
PRKS.N,47.24,0.36,49.19,45.74,49.19,40.75,46.15,0.39,,,,,,,,,,,,,,,,,,
PRLB.K,79.36,0.3,82.37,75.38,83.15,72.9,78.79,0.27,55.9,38.48,48.49,55.9,29.58,43.52,55.9,25.76,38.51,55.9,23.01,36.13,286.57,22.04,50.26,286.57,22.04,72.84
PRLB.N,79.36,0.14,82.37,75.53,82.87,73.3,78.79,0.1,,,,,,,,,,,,,,,,,,
PRLLY.PK,13.48,0.0,24.57,0.0,24.57,0.0,12.11,0.0,0.0,0.0,0.0,0.0,0.0,0.0,0.0,0.0,0.0,0.0,0.0,0.0,0.0,0.0,0.0,0.0,0.0,0.0
PRM.N,34.59,1.36,37.52,32.69,38.17,30.45,35.03,0.83,29.66,13.8,22.1,29.66,8.78,16.87,29.66,3.88,12.98,29.66,2.8,10.72,29.66,2.8,10.75,29.66,2.8,10.75
PRMB.K,24.85,3.54,25.46,24.14,25.46,22.67,24.23,3.25,30.98,14.36,22.18,35.84,14.36,27.12,35.84,13.62,24.16,35.84,11.88,20.78,35.84,11.77,18.5,35.84,6.13,16.02
PRMB.N,24.85,1.09,25.41,24.15,25.41,22.67,24.23,1.01,,,,,,,,,,,,,,,,,,
PRMRF.PK,19.24,0.52,19.73,18.84,22.12,18.84,20.08,0.38,19.28,13.24,16.09,22.94,9.89,15.54,24.84,9.89,18.27,25.1,9.89,19.58,31.5,3.78,18.42,31.5,0.56,13.65
PRMRY.PK,2.75,0.0,19.25,0.0,20.0,0.0,2.07,0.0,,,,,,,,,,,,,,,,,,
PRNDY.PK,14.62,0.44,15.11,13.96,15.11,13.96,14.6,0.46,24.13,17.01,20.38,24.13,17.01,20.78,34.81,17.01,24.85,47.87,17.01,30.14,49.16,17.01,34.53,49.16,17.01,32.27
PROCF.PK,0.0,0.0,0.0,0.0,0.03,0.0,0.0,0.0,,,,,,,,,,,,,,,,,,
PROSF.PK,12.42,0.0,45.0,0.0,46.66,0.0,16.38,0.0,72.77,54.78,62.89,72.77,33.9,52.24,72.77,27.55,42.67,72.77,26.75,39.69,72.77,19.04,37.77,72.77,19.04,37.98
PROSY.PK,8.67,1.02,8.92,8.41,9.36,8.36,8.85,1.03,14.7,10.81,12.72,14.7,6.76,10.98,14.7,5.56,9.08,14.7,5.39,8.25,14.7,3.63,7.87,14.7,3.63,7.84
PRRFY.PK,2.0,0.0,13.98,0.0,13.98,0.0,1.42,0.0,13.52,11.11,12.49,14.85,10.45,12.63,14.85,8.48,11.93,14.85,6.6,10.72,14.85,5.03,9.04,14.85,1.02,4.2
PRS.N,22.01,0.03,22.37,21.76,22.37,21.76,22.06,0.02,25.19,23.54,24.4,25.19,22.47,23.89,25.42,22.47,24.33,25.43,22.31,24.32,28.48,22.22,25.06,28.59,0.0,18.74
PRSU.N,54.95,0.15,56.45,53.29,56.45,44.02,51.08,0.12,38.31,28.06,34.38,42.58,26.66,34.29,47.33,26.66,35.3,47.33,17.1,32.31,52.71,17.1,34.8,71.83,11.36,40.38
PRU.N,110.1,0.65,114.44,106.74,114.44,102.61,108.04,0.7,118.2,99.01,106.26,123.82,90.45,107.45,130.45,90.45,111.9,130.45,75.45,105.43,130.45,75.45,104.09,130.45,38.64,97.13
PRVA.O,26.12,1.55,27.52,24.44,27.52,21.36,24.29,1.28,26.51,18.77,22.93,26.51,18.77,23.06,26.51,15.92,21.23,30.15,15.92,22.53,50.77,15.92,25.16,50.77,15.92,25.16
PRYMY.PK,82.53,0.07,86.18,80.17,89.14,77.76,83.42,0.07,54.02,34.51,46.16,54.02,21.62,38.86,54.02,21.6,34.56,54.02,17.64,29.67,54.02,12.54,24.53,54.02,7.09,19.47
PS.N,32.57,0.05,35.88,29.4,36.1,29.4,33.09,0.05,0.0,0.0,0.0,0.0,0.0,0.0,0.0,0.0,0.0,0.0,0.0,0.0,0.0,0.0,0.0,0.0,0.0,0.0
PSA.N,323.51,0.35,329.69,315.4,331.74,308.35,321.28,0.34,312.58,257.06,283.41,322.49,256.6,290.3,368.17,256.31,297.7,368.17,233.51,292.72,405.3,204.1,296.26,405.3,149.37,253.44
PSA_pf.N,19.96,0.03,20.45,19.56,20.45,19.56,20.04,0.01,23.07,20.34,21.69,23.07,20.21,21.51,25.11,20.21,22.66,25.11,20.21,22.94,27.05,20.1,23.78,27.34,0.0,20.87
PSA_pg.N,19.8,0.03,20.3,19.43,20.3,19.43,19.9,0.02,22.31,20.03,21.11,22.48,19.87,21.12,25.04,19.87,22.4,25.04,19.87,22.75,27.33,19.87,23.63,27.37,0.0,20.32
PSEC.O,2.28,5.4,2.37,2.2,2.4,2.17,2.26,5.73,3.5,2.45,2.83,4.47,2.45,3.34,6.26,2.45,4.34,7.7,2.45,5.03,9.25,2.45,6.14,9.58,2.45,6.48
PSEC_pa.K,17.98,0.0,18.12,17.87,18.12,17.89,18.04,0.01,,,,,,,,,,,,,,,,,,
PSEC_PA.K,17.73,0.01,18.1,17.41,18.1,17.6,17.78,0.01,17.95,15.61,16.95,18.5,14.58,16.66,21.54,14.58,17.52,21.54,14.04,16.98,25.08,14.04,18.01,25.08,14.04,18.01
PSEC_pa.N,17.74,0.0,17.97,17.6,17.78,17.6,17.78,0.0,,,,,,,,,,,,,,,,,,
PSGTY.PK,0.21,0.0,1.5,0.0,1.76,0.0,0.17,0.0,3.42,3.13,3.27,3.63,2.38,3.22,7.8,2.38,4.57,9.92,2.38,5.51,18.02,2.38,9.07,20.29,2.38,13.95
PSHZF.PK,49.84,0.02,51.09,48.12,53.94,48.12,50.73,0.02,68.25,53.5,60.93,68.25,40.35,55.94,68.25,40.35,52.49,68.25,32.82,47.19,68.25,27.99,42.49,68.25,12.05,29.8
PSIX.O,37.5,0.4,39.78,36.2,43.23,36.2,38.71,0.42,121.78,44.17,80.02,121.78,18.1,58.44,121.78,1.7,35.6,121.78,1.7,25.79,121.78,1.25,17.7,121.78,1.25,13.18
PSKRY.PK,0.0,0.0,0.0,0.0,99.0,0.0,5.21,0.0,,,,,,,,,,,,,,,,,,
PSKY.O,9.91,7.98,10.39,9.35,10.97,9.35,10.07,8.88,20.86,9.95,15.1,20.86,9.95,13.32,20.86,9.54,12.39,25.93,9.54,13.89,101.97,9.54,22.54,101.97,9.54,35.56
PSMMF.PK,0.0,0.0,0.0,0.0,0.0,0.0,0.0,0.0,17.39,13.98,15.72,17.75,13.88,15.6,22.58,13.88,16.67,22.58,12.33,15.97,48.71,12.33,29.3,48.71,12.33,29.57
PSMMY.PK,28.46,0.02,29.8,27.55,29.8,26.88,28.13,0.15,36.9,27.82,32.27,38.84,25.47,32.44,45.6,25.47,34.74,45.6,23.04,33.21,95.5,23.04,45.33,95.5,23.04,52.82
PSMT.O,195.79,0.46,199.84,188.9,199.84,174.14,186.21,0.35,131.46,101.3,116.3,131.46,81.24,105.94,131.46,71.24,95.21,131.46,59.25,87.52,131.46,55.58,83.45,131.46,40.63,79.07
PSN.N,52.66,0.54,57.75,46.89,59.56,46.89,53.7,0.39,89.42,60.0,77.81,97.87,54.72,73.6,114.68,54.72,79.79,114.68,40.64,70.15,114.68,29.29,57.57,114.68,24.67,52.17
PSNY.O,19.12,0.18,20.96,16.51,21.22,16.51,19.72,0.14,42.6,11.75,26.45,42.6,11.75,29.34,69.88,11.75,34.13,197.7,11.75,59.32,492.3,11.75,138.94,492.3,11.75,138.94
PSNYW.O,1.7,0.0,2.59,0.0,3.22,0.0,2.35,0.01,24.0,3.01,6.65,24.0,3.01,6.05,24.0,2.73,5.72,24.0,2.73,7.28,24.0,2.73,7.28,24.0,2.73,7.28
PSO.N,15.97,0.34,16.74,15.13,16.74,14.79,15.49,0.33,15.26,12.85,14.11,17.9,12.85,15.02,17.9,11.68,14.15,17.9,9.29,13.06,17.9,7.68,11.89,17.9,5.08,10.78
PSPSY.PK,0.0,0.0,0.0,0.0,0.0,0.0,0.0,0.0,,,,,,,,,,,,,,,,,,
PSTG.K,74.22,3.08,80.02,68.63,80.02,64.8,73.1,3.29,100.59,53.43,75.02,100.59,34.51,65.23,100.59,34.32,59.48,100.59,22.14,50.31,100.59,16.79,40.6,100.59,7.93,28.52
PSTG.N,74.22,1.16,80.02,68.66,80.02,64.87,73.1,1.23,,,,,,,,,,,,,,,,,,
PSTVY.PK,6.87,0.0,13.05,0.0,13.85,0.0,5.32,0.0,14.95,12.23,13.91,14.95,10.9,13.01,14.95,8.6,11.56,14.95,8.6,11.61,23.1,8.6,12.43,23.1,8.6,12.43
PSUS.N,37.65,0.07,39.47,36.75,40.17,36.75,38.18,0.07,0.0,0.0,0.0,0.0,0.0,0.0,0.0,0.0,0.0,0.0,0.0,0.0,0.0,0.0,0.0,0.0,0.0,0.0
PSX.N,173.54,1.04,179.05,166.87,188.0,164.1,173.81,1.06,144.95,118.09,131.35,144.95,91.02,124.62,174.05,91.02,131.58,174.05,89.83,123.65,174.05,63.19,107.9,174.05,40.04,97.8
PSZKY.PK,27.95,0.02,29.89,27.05,30.85,26.36,28.32,0.02,25.85,17.64,21.24,25.85,13.95,19.94,25.85,12.2,18.33,25.85,5.25,18.29,25.85,5.25,18.17,25.85,5.17,17.54
PTA.N,19.22,0.02,19.46,18.95,19.55,18.86,19.18,0.02,20.9,18.87,19.95,20.9,17.48,19.69,21.28,17.48,19.65,21.28,15.85,19.03,26.0,15.85,20.42,26.25,0.0,10.65
PTAIY.PK,5.29,0.28,5.62,5.09,5.81,5.02,5.33,0.39,8.33,5.44,7.06,8.33,5.15,6.45,8.33,5.0,6.37,9.37,5.0,6.92,10.76,5.0,7.41,13.83,3.7,8.82
PTAUY.PK,0.0,0.0,0.0,0.0,0.0,0.0,0.0,0.0,,,,,,,,,,,,,,,,,,
PTBRY.PK,9.09,0.0,9.8,8.78,10.99,8.38,9.59,0.01,15.49,10.92,12.95,16.55,10.59,13.16,22.63,10.59,14.92,22.63,10.59,15.11,22.63,8.25,15.03,22.63,5.7,14.75
PTC.O,117.87,2.1,126.25,111.17,138.46,108.5,119.49,2.4,219.69,169.39,194.86,219.69,133.38,181.01,219.69,133.38,181.07,219.69,115.44,167.11,219.69,96.55,149.12,219.69,27.06,108.95
PTCAY.PK,0.0,0.0,0.0,0.0,0.0,0.0,0.0,0.0,0.0,0.0,0.0,0.0,0.0,0.0,0.0,0.0,0.0,0.0,0.0,0.0,0.0,0.0,0.0,0.0,0.0,0.0
PTCT.O,83.17,3.48,87.07,80.21,87.07,69.74,79.21,2.94,87.5,43.18,62.38,87.5,35.95,55.69,87.5,23.58,44.93,87.5,17.53,42.82,87.5,17.53,42.97,87.5,4.03,36.65
PTEN.O,9.13,11.57,9.88,8.5,12.2,8.5,10.18,10.34,6.97,5.1,5.86,9.57,5.1,6.51,12.65,5.1,8.16,17.86,5.1,9.83,20.53,5.1,10.52,29.76,1.61,12.79
PTGX.O,125.29,0.97,132.78,118.27,132.78,96.7,116.3,0.86,96.54,49.38,69.34,96.54,33.7,57.46,96.54,21.43,46.31,96.54,10.62,37.45,96.54,6.91,32.01,96.54,4.47,23.26
PTJSY.PK,0.49,0.0,3.45,0.0,3.45,0.0,0.36,0.0,4.56,4.56,4.56,4.71,4.56,4.64,6.59,4.56,5.4,6.59,4.15,5.03,7.63,3.83,4.96,9.51,3.83,6.36
PTKFY.PK,3.64,0.0,8.98,0.0,8.98,0.0,1.81,0.0,19.5,12.0,15.27,21.16,11.44,15.27,23.73,11.44,16.67,29.77,11.44,17.27,29.77,11.44,18.28,29.77,10.68,20.79
PTNDF.PK,0.0,0.0,0.0,0.0,0.0,0.0,0.0,0.0,0.34,0.19,0.25,0.34,0.14,0.2,0.34,0.14,0.24,0.49,0.14,0.29,0.61,0.14,0.37,0.61,0.11,0.33
PTNDY.PK,0.0,0.0,0.0,0.0,0.0,0.0,0.0,0.0,14.0,11.74,12.43,14.0,7.33,10.82,14.61,7.33,11.64,23.91,7.33,15.64,27.01,7.33,17.78,27.01,4.87,15.65
PTON.O,5.8,9.74,6.02,5.53,6.02,5.28,5.69,9.74,9.2,6.03,7.24,10.25,4.63,7.2,10.9,2.7,6.13,17.83,2.7,6.83,171.09,2.7,27.84,171.09,2.7,34.02
PTRN.O,25.1,3.59,28.56,21.1,28.56,17.5,22.28,2.83,20.1,11.3,14.49,20.1,11.3,14.49,20.1,11.3,14.49,20.1,11.3,14.49,20.1,11.3,14.49,20.1,11.3,14.49
PTRRY.PK,10.24,0.04,10.64,9.86,12.88,9.86,11.03,0.04,8.11,0.0,5.98,8.47,0.0,5.97,11.18,0.0,6.5,12.0,0.0,5.86,17.44,0.0,3.55,17.44,0.0,1.77
PTXKY.PK,0.0,0.0,0.0,0.0,2.94,0.0,0.72,0.0,5.09,2.32,3.34,5.09,2.13,2.99,5.09,2.13,2.92,5.09,2.13,2.86,5.09,2.13,3.14,6.33,1.67,3.66
PTY.N,12.0,0.14,12.15,11.76,12.15,11.62,11.86,0.14,14.68,12.76,13.79,14.87,11.71,13.93,15.1,11.71,14.12,15.1,11.71,13.87,21.42,11.26,14.77,21.42,9.0,15.39
PUBGY.PK,24.59,0.11,25.69,23.39,26.93,23.39,25.29,0.12,27.57,21.63,24.5,28.73,20.71,25.19,29.25,20.71,25.95,29.25,15.25,23.74,29.25,10.07,20.08,29.25,5.56,17.06
PUGBY.PK,9.32,0.0,9.91,8.88,9.93,0.0,8.91,0.0,10.2,7.48,8.77,10.44,7.48,9.04,14.9,7.48,9.78,14.9,7.48,9.78,14.9,7.48,9.78,14.9,7.48,9.78
PUK.N,27.16,0.15,28.13,26.5,28.13,24.61,26.64,0.21,31.64,24.24,27.42,31.64,14.39,23.88,31.64,14.39,21.13,34.36,14.39,22.9,43.57,14.39,26.69,46.66,14.39,30.6
PUMP.K,13.77,6.05,15.1,11.99,15.78,11.99,14.46,5.2,11.66,4.51,7.0,11.66,4.51,7.09,11.66,4.51,7.69,11.66,4.51,8.11,16.92,4.51,8.95,25.38,1.36,10.73
PUMP.N,13.77,1.65,15.05,12.0,15.77,12.0,14.46,1.31,,,,,,,,,,,,,,,,,,
PUMSY.PK,2.59,0.01,3.14,0.0,3.28,0.0,2.92,0.01,2.84,1.71,2.31,4.7,1.71,2.56,5.66,1.71,3.56,7.3,0.0,4.36,13.13,0.0,6.17,13.13,0.0,4.32
PUODY.PK,273.66,0.0,328.99,0.0,337.1,0.0,268.15,0.0,304.38,220.11,263.94,304.38,170.17,236.39,304.38,165.85,214.89,304.38,159.93,209.55,304.38,122.75,190.9,304.38,101.75,193.16
PUTKY.PK,25.42,0.05,26.89,24.36,26.89,23.18,25.21,0.06,37.2,25.5,31.93,37.2,23.33,30.09,37.54,23.33,30.82,44.17,23.33,31.73,48.33,23.33,33.21,61.05,15.23,32.6
PUTRY.PK,0.74,0.0,5.17,0.0,5.17,0.0,0.27,0.0,5.55,4.66,4.99,5.55,4.55,4.96,5.55,4.55,4.96,5.55,4.46,4.91,7.25,4.46,5.1,8.0,4.46,5.76
PVH.N,74.54,0.35,77.54,69.17,85.26,69.17,77.01,0.38,89.65,66.8,78.37,109.86,59.31,77.52,141.11,59.31,94.1,141.11,59.31,90.93,141.11,43.5,89.87,169.22,28.44,96.14
PVLA.O,145.34,0.46,161.38,130.8,161.38,100.0,124.43,0.35,114.69,21.55,64.95,114.69,11.28,43.7,114.69,6.2,28.74,157.6,6.2,37.06,492.0,6.2,110.54,780.0,6.2,202.13
PWP.O,16.27,1.76,17.57,14.94,17.57,14.54,15.96,1.56,23.25,16.72,20.02,27.03,14.12,20.07,27.03,10.73,18.72,27.03,6.8,15.76,27.03,5.47,13.61,27.03,5.0,13.54
PWR.N,696.39,0.77,721.15,650.17,742.73,642.51,700.39,0.52,473.65,363.01,414.04,473.65,227.5,360.95,473.65,187.44,314.61,473.65,134.65,269.37,473.65,67.64,206.64,473.65,16.78,121.08
PX.N,7.76,0.27,8.1,7.46,8.7,7.46,8.0,0.22,,,,,,,,,,,,,,,,,,
PXED.K,33.26,0.13,35.77,30.26,35.77,29.27,31.62,0.11,47.08,23.52,33.51,47.08,23.52,33.51,47.08,23.52,33.51,47.08,23.52,33.51,47.08,23.52,33.51,47.08,23.52,33.51
PXED.N,33.26,0.06,35.35,30.54,35.35,29.36,31.62,0.05,,,,,,,,,,,,,,,,,,
PYPL.O,44.12,17.69,45.49,42.21,45.49,40.2,42.75,17.42,79.5,58.0,67.71,93.24,55.85,70.34,93.66,55.77,69.72,93.66,50.25,68.77,310.16,50.25,111.64,310.16,30.52,100.18
PYTCY.PK,0.0,0.0,0.0,0.0,8.9,0.0,0.89,0.0,10.0,6.23,7.77,36.0,6.23,16.19,36.0,6.23,16.15,36.0,6.23,15.85,36.0,6.23,14.76,36.0,4.52,15.02
PZAKY.PK,5.28,0.0,19.0,0.0,21.11,0.0,6.03,0.0,,,,,,,,,,,,,,,,,,
PZZA.O,35.99,0.86,36.95,33.72,37.87,31.01,34.56,1.0,55.74,38.1,45.24,55.74,30.16,43.54,78.67,30.16,49.46,97.78,30.16,58.29,140.68,30.16,75.34,140.68,28.55,69.93
Q.N,155.58,0.69,170.0,139.61,177.14,135.68,155.38,0.74,105.25,70.5,84.94,105.25,70.5,84.94,105.25,70.5,84.94,105.25,70.5,84.94,105.25,70.5,84.94,105.25,70.5,84.94
QABSY.PK,36.89,0.05,37.74,36.33,37.74,31.6,35.1,0.05,41.65,30.28,34.97,41.65,23.61,32.46,41.65,15.52,26.79,41.65,14.54,24.43,41.65,13.93,22.21,41.65,6.3,20.66
QBBHY.PK,0.0,0.0,0.0,0.0,0.0,0.0,0.0,0.0,0.0,0.0,0.0,0.0,0.0,0.0,0.0,0.0,0.0,0.0,0.0,0.0,0.0,0.0,0.0,0.0,0.0,0.0
QBIEY.PK,17.38,0.07,17.89,17.12,17.89,15.89,16.98,0.11,15.69,12.46,13.74,15.88,11.05,13.73,15.88,9.59,12.58,15.88,8.72,11.69,15.88,6.0,10.28,15.88,4.16,9.18
QBTS.K,23.01,22.42,24.73,20.93,27.15,20.93,23.75,28.49,46.75,14.2,23.67,46.75,3.74,16.65,46.75,0.68,9.15,46.75,0.4,6.48,46.75,0.4,7.49,46.75,0.4,7.52
QBTS.N,23.01,4.1,24.72,20.93,27.14,20.93,23.75,4.46,,,,,,,,,,,,,,,,,,
QCOM.O,187.49,24.74,219.43,172.12,233.44,172.12,202.05,22.73,205.95,144.11,165.01,205.95,120.8,160.12,230.63,120.8,165.61,230.63,101.47,150.37,230.63,101.47,147.18,230.63,42.24,108.53
QCRH.O,97.4,0.17,99.87,93.87,99.87,92.35,96.07,0.14,88.16,66.65,77.0,88.16,60.83,74.29,96.08,53.22,70.91,96.08,35.14,63.31,96.08,35.14,58.7,96.08,18.05,47.9
QDEL.O,16.78,2.44,19.8,12.49,19.8,11.84,14.72,1.92,32.81,19.5,27.22,49.45,19.5,31.06,75.82,19.5,38.06,98.67,19.5,52.15,265.0,19.5,79.2,306.72,13.21,73.82
QFIN.O,15.63,1.28,16.55,14.67,16.55,13.92,15.24,1.43,45.05,17.61,28.23,48.94,17.61,34.73,48.94,13.71,28.98,48.94,13.12,25.17,48.94,9.47,23.18,48.94,6.37,19.85
QGEN.K,39.37,2.73,40.18,38.59,40.18,36.19,37.95,2.52,51.96,42.89,47.14,51.96,37.69,44.96,51.96,37.69,44.31,51.96,34.82,44.36,59.14,34.82,46.41,59.14,19.97,40.49
QGEN.N,39.37,0.62,40.16,38.63,40.16,36.19,37.95,0.52,,,,,,,,,,,,,,,,,,
QKIE.PK,1.62,0.0,2.28,0.0,2.28,0.0,1.19,0.0,,,,,,,,,,,,,,,,,,
QLYS.O,136.44,1.1,159.35,112.6,159.35,106.75,120.81,0.85,155.47,121.01,136.58,155.47,112.61,135.21,201.03,112.61,142.48,206.35,101.1,141.62,206.35,90.26,133.75,206.35,16.96,100.49
QNTQY.PK,23.35,0.0,26.37,21.48,26.37,0.0,18.7,0.01,30.11,21.32,25.99,31.77,17.95,24.52,31.77,15.87,23.8,31.77,14.8,23.12,31.77,13.2,22.19,31.77,10.48,19.07
QQQX.O,29.61,0.18,30.64,28.35,31.08,28.35,29.9,0.13,28.8,26.03,27.34,28.8,20.34,26.32,28.8,20.34,25.41,28.8,20.27,24.7,31.0,19.93,25.37,31.0,15.24,23.75
QRVO.O,91.66,1.26,100.17,86.95,104.64,86.95,95.81,1.45,106.3,78.7,88.65,106.3,49.46,81.57,130.99,49.46,91.9,130.99,49.46,94.27,201.68,49.46,113.34,201.68,33.3,95.67
QS.N,7.33,0.24,7.86,6.92,8.48,6.86,7.31,0.37,11.75,10.3,10.83,11.75,10.3,10.83,11.75,10.3,10.83,11.75,10.3,10.83,11.75,10.3,10.83,11.75,10.3,10.83
QSR.N,73.26,1.22,74.98,71.34,76.88,71.02,73.41,1.36,73.69,61.36,67.35,73.69,58.75,66.52,83.26,58.75,69.37,83.26,58.75,69.48,83.26,46.68,65.72,83.26,25.08,61.07
QTWO.K,49.06,1.14,53.72,43.5,53.72,40.79,45.8,0.83,95.1,58.57,75.4,103.71,58.57,80.7,112.82,39.66,74.0,112.82,18.91,59.76,148.56,18.91,64.72,148.56,16.43,60.31
QTWO.N,49.06,0.46,53.71,43.9,53.71,40.87,45.8,0.32,,,,,,,,,,,,,,,,,,
QUBT.O,9.39,13.17,10.19,8.83,11.52,8.83,9.87,15.59,25.84,9.5,15.69,25.84,4.37,12.88,27.15,0.35,7.4,27.15,0.35,5.35,27.15,0.35,5.13,39.6,0.1,4.85
QURE.O,45.49,2.21,50.47,41.15,50.47,25.65,39.19,3.05,71.5,12.33,28.37,71.5,7.76,21.23,71.5,3.73,13.81,71.5,3.73,13.82,71.5,3.73,18.52,82.49,3.73,24.68
QXO.N,17.06,7.95,18.6,15.66,18.6,14.75,16.71,4.85,22.33,15.69,19.93,24.69,11.86,17.54,280.0,10.64,39.93,280.0,10.64,35.06,280.0,10.64,33.47,280.0,8.87,26.31
QXO.O,17.06,36.8,18.6,15.66,18.6,14.75,16.71,24.57,,,,,,,,,,,,,,,,,,
R.N,263.76,0.18,268.53,256.98,284.02,256.98,268.21,0.15,200.36,157.78,180.04,200.36,126.86,166.0,200.36,106.62,148.86,200.36,76.16,130.71,200.36,60.6,109.42,200.36,22.67,85.71
RACE.K,373.24,0.71,392.25,348.68,392.25,343.38,362.24,0.6,519.1,356.93,439.64,519.1,356.93,448.24,519.1,330.16,437.17,519.1,213.97,390.89,519.1,167.45,319.53,519.1,31.66,218.34
RADLY.PK,3.49,0.25,3.7,3.1,3.95,3.1,3.47,0.26,4.85,2.25,3.54,4.85,2.17,3.37,13.73,2.17,4.04,31.23,2.17,4.63,31.23,2.17,4.57,31.23,2.06,4.44
RAIFY.PK,15.77,0.0,16.12,15.49,16.69,13.99,15.21,0.01,12.0,6.65,8.91,12.0,4.86,7.92,12.0,3.93,6.82,12.0,3.29,5.79,12.0,2.46,5.43,12.0,2.46,5.7
RAL.N,71.58,0.66,75.39,67.26,75.39,60.51,68.53,0.6,52.89,40.7,45.67,55.0,40.7,45.77,55.0,40.7,45.77,55.0,40.7,45.77,55.0,40.7,45.77,55.0,40.7,45.77
RAMP.K,37.59,0.9,37.86,37.32,37.92,37.25,37.59,1.31,34.5,25.07,29.11,36.08,22.82,29.45,42.66,21.45,30.21,42.66,20.26,29.34,87.38,15.37,33.9,87.38,15.37,35.22
RAMP.N,37.59,0.3,37.85,37.32,37.9,37.25,37.59,0.33,,,,,,,,,,,,,,,,,,
RANJY.PK,15.09,0.03,16.18,14.21,16.18,14.21,15.26,0.02,25.5,17.62,21.51,25.5,17.14,21.24,30.32,17.14,22.85,32.61,17.14,24.51,39.34,17.14,27.06,39.34,14.19,26.77
RAPP.O,39.71,0.55,43.76,38.33,43.76,33.51,38.28,0.43,42.27,11.05,22.76,42.27,6.43,17.4,42.27,6.43,19.06,42.27,6.43,19.06,42.27,6.43,19.06,42.27,6.43,19.06
RARE.O,31.95,5.07,35.0,29.07,35.0,21.39,27.94,3.17,42.37,18.41,31.44,46.5,18.41,35.02,60.37,18.41,41.35,60.37,18.41,41.53,175.0,18.41,56.56,179.65,18.41,60.74
RATIY.PK,0.0,0.0,0.0,0.0,38.6,0.0,2.03,0.0,,,,,,,,,,,,,,,,,,
RBA.N,114.45,0.43,117.02,111.27,117.02,104.5,110.53,0.35,119.55,95.15,106.85,119.55,86.88,103.03,119.55,60.89,90.96,119.55,50.82,80.71,119.55,47.93,72.65,119.55,20.72,54.23
RBC.N,627.53,0.08,666.25,590.54,666.25,572.34,620.26,0.08,464.91,365.43,406.38,464.91,291.64,376.57,464.91,241.54,329.99,464.91,195.88,296.7,464.91,152.93,260.28,464.91,54.38,190.59
RBGLY.PK,13.33,0.54,14.05,12.77,14.05,12.08,12.79,1.05,16.41,13.37,15.25,16.41,11.73,14.29,16.41,11.73,14.29,16.41,11.73,14.29,16.41,11.73,14.29,16.41,11.73,14.29
RBGPF.PK,38.15,0.0,68.32,0.0,68.32,0.0,36.46,0.0,82.13,65.7,75.65,82.13,58.2,70.34,82.13,58.2,70.34,82.13,58.2,70.34,82.13,58.2,70.34,82.13,58.2,70.34
RBLAY.PK,0.0,0.0,0.0,0.0,5.35,0.0,0.55,0.0,5.76,4.55,5.18,5.76,4.55,5.18,5.95,4.55,5.24,5.95,4.55,5.19,8.0,4.55,5.82,14.12,4.55,8.21
RBLX.K,53.29,11.02,58.43,44.7,58.43,40.68,48.61,12.31,150.59,80.3,115.23,150.59,50.1,93.56,150.59,29.55,67.73,150.59,24.88,57.55,150.59,21.65,59.18,150.59,21.65,59.18
RBLX.N,53.29,2.67,58.4,44.78,58.4,40.68,48.61,2.73,,,,,,,,,,,,,,,,,,
RBRI.PK,0.0,0.0,0.0,0.0,0.0,0.0,0.0,0.0,,,,,,,,,,,,,,,,,,
RBRK.K,79.02,3.85,89.35,69.75,89.35,66.37,73.96,4.01,99.75,64.75,81.34,103.0,47.35,77.63,103.0,28.34,61.87,103.0,28.34,61.87,103.0,28.34,61.87,103.0,28.34,61.87
RBRK.N,79.02,1.03,89.35,69.82,89.35,66.47,73.96,1.1,,,,,,,,,,,,,,,,,,
RBSFY.PK,4.06,0.0,7.6,0.0,8.7,0.0,3.23,0.0,7.69,6.0,6.97,7.69,4.85,6.36,7.69,4.43,6.01,7.69,4.01,5.75,11.07,3.87,5.93,16.24,3.87,6.32
RBSPF.PK,8.83,0.01,9.66,8.38,9.66,7.42,8.45,0.01,9.16,6.17,7.44,9.16,4.15,6.76,9.16,2.5,5.61,9.16,2.13,4.97,9.16,2.01,4.32,9.16,1.21,3.62
RCAT.O,10.04,13.07,11.81,8.86,13.33,8.86,10.74,12.15,16.7,5.77,9.46,16.7,4.58,8.38,16.7,0.56,5.48,16.7,0.52,3.99,16.7,0.52,3.42,3000.0,0.35,44.2
RCL.N,310.02,1.0,333.27,285.35,333.27,266.02,302.94,0.78,366.5,244.59,308.29,366.5,164.01,273.55,366.5,113.1,218.34,366.5,48.68,174.59,366.5,31.09,132.77,366.5,19.26,114.67
RCRRF.PK,70.89,0.0,74.92,68.69,74.92,0.0,66.37,0.0,64.97,45.3,54.69,73.84,43.71,57.25,79.28,37.71,54.92,79.28,24.25,46.29,79.28,24.25,45.85,79.28,8.61,35.08
RCRUY.PK,14.15,0.29,14.77,13.55,14.77,13.25,13.92,0.5,12.66,9.37,10.97,14.94,8.95,11.45,15.97,7.54,11.05,15.97,4.83,9.49,15.97,4.83,9.31,15.97,4.21,8.53
RCUS.K,30.34,1.93,31.74,28.0,31.74,21.84,26.79,1.75,26.4,7.92,15.4,26.4,6.5,12.79,26.4,6.5,14.59,26.4,6.5,15.91,49.1,6.5,21.82,49.1,6.3,19.33
RCUS.N,30.34,0.72,31.72,28.65,31.72,21.86,26.79,0.56,,,,,,,,,,,,,,,,,,
RCWLY.PK,0.0,0.0,0.0,0.0,32.0,0.0,1.68,0.0,,,,,,,,,,,,,,,,,,
RDDT.K,180.89,4.79,207.54,152.65,207.54,152.65,174.63,4.42,282.95,138.11,207.2,282.95,79.75,173.87,282.95,37.35,131.93,282.95,37.35,131.93,282.95,37.35,131.93,282.95,37.35,131.93
RDDT.N,180.89,0.9,207.51,152.66,207.51,152.66,174.63,0.88,,,,,,,,,,,,,,,,,,
RDEIF.PK,0.0,0.0,0.0,0.0,0.0,0.0,0.0,0.0,20.04,17.06,18.06,21.36,16.6,18.04,21.36,15.8,17.8,21.36,15.8,17.67,24.32,15.06,18.52,25.4,15.06,20.06
RDEIY.PK,8.67,0.08,8.96,8.37,11.04,8.37,8.69,0.1,10.98,8.55,9.44,11.5,8.03,9.53,11.5,7.68,9.14,11.5,7.5,8.89,11.5,7.03,9.15,11.61,7.03,9.67
RDN.N,37.69,0.61,38.39,36.65,38.39,33.56,35.88,0.59,38.84,32.28,34.87,38.84,29.84,33.96,38.84,26.15,33.11,38.84,18.25,30.31,38.84,17.84,26.89,38.84,9.29,22.43
RDNT.O,63.57,1.34,70.23,58.1,70.23,50.82,58.88,1.1,85.84,50.76,71.07,85.84,45.0,64.2,93.65,33.44,61.13,93.65,17.82,50.25,93.65,12.03,39.69,93.65,4.66,25.65
RDW.N,11.47,6.42,12.81,10.11,19.55,10.11,13.44,6.97,20.3,4.88,9.52,26.66,4.88,12.08,26.66,2.68,9.22,26.66,1.95,7.12,26.66,1.67,7.09,26.66,1.67,7.09
RDWR.O,29.87,0.17,31.46,27.45,31.46,26.1,28.78,0.22,31.57,21.68,25.55,31.57,18.46,24.32,31.57,15.71,22.15,31.57,13.53,20.96,42.19,13.53,23.88,42.19,9.98,22.12
RDY.N,14.67,1.14,15.67,13.95,15.67,13.08,13.96,0.83,15.25,13.14,14.21,16.17,12.26,14.13,16.86,12.26,14.58,16.86,10.24,13.84,16.86,9.58,13.12,16.86,5.63,10.81
REAL.O,11.98,3.51,13.26,11.4,13.26,8.81,11.34,3.53,16.74,4.71,10.23,16.74,4.61,8.42,16.74,1.52,6.01,16.74,1.0,4.61,30.22,1.0,7.26,30.22,1.0,9.29
REG.O,80.47,1.61,81.92,79.07,81.92,76.69,79.46,1.71,74.44,66.86,70.72,78.18,63.44,71.4,78.18,56.51,68.76,78.18,54.72,66.46,78.78,43.49,65.52,85.35,31.8,64.09
REGN.O,633.88,0.92,657.96,619.7,657.96,594.9,620.61,1.1,792.77,521.0,622.27,792.77,476.49,622.09,1211.2,476.49,795.88,1211.2,476.49,791.87,1211.2,441.0,719.11,1211.2,271.37,563.82
RELX.K,31.54,3.07,32.3,30.29,35.07,30.29,32.27,2.74,54.3,39.3,46.08,56.33,39.3,48.45,56.33,38.48,46.59,56.33,27.57,42.08,56.33,23.37,36.5,56.33,16.18,28.95
RELX.N,31.54,0.55,32.3,30.29,35.06,30.29,32.27,0.46,,,,,,,,,,,,,,,,,,
RELY.O,22.89,4.13,24.57,21.28,24.57,17.7,20.89,4.78,21.0,12.08,16.24,27.32,12.08,18.97,27.32,11.6,17.78,27.95,10.86,18.26,53.65,6.66,17.22,53.65,6.66,17.22
REMYY.PK,4.87,0.01,5.01,4.72,5.21,4.72,4.96,0.02,7.23,4.04,5.42,7.23,4.04,5.34,12.2,4.04,6.89,19.67,4.04,9.78,24.59,4.04,13.63,24.59,4.04,12.9
RENGY.PK,0.0,0.0,0.0,0.0,18.0,0.0,0.95,0.0,,,,,,,,,,,,,,,,,,
RENZY.PK,0.0,0.0,0.0,0.0,0.0,0.0,0.0,0.0,8.42,8.42,8.42,8.42,8.42,8.42,8.42,8.42,8.42,8.42,8.42,8.42,8.42,8.42,8.42,8.42,8.42,8.42
REPYY.PK,24.98,0.11,26.2,23.85,27.92,23.71,25.37,0.11,19.86,14.52,17.21,19.86,10.41,15.01,19.86,10.41,14.71,19.86,10.41,14.88,19.86,9.64,14.07,19.86,5.94,13.84
RERE.K,3.93,0.84,4.14,3.7,4.22,3.5,3.93,1.03,5.7,3.07,4.25,5.7,2.0,3.53,5.7,1.01,2.86,5.7,1.01,2.73,18.49,1.01,3.68,18.49,1.01,3.68
RERE.N,3.93,0.15,4.13,3.7,4.2,3.51,3.93,0.19,,,,,,,,,,,,,,,,,,
RES.N,5.76,0.97,6.0,5.47,7.31,5.47,6.38,0.85,5.95,4.18,4.96,7.16,4.11,5.16,8.17,4.11,5.92,10.32,4.11,6.64,12.9,3.23,6.65,26.92,1.75,9.66
REVG.K,0.0,0.0,0.0,0.0,0.0,0.0,0.0,0.0,64.47,45.71,54.61,64.47,26.51,45.26,64.47,26.51,45.26,64.47,26.51,45.26,64.47,26.51,45.26,64.47,26.51,45.26
REX.N,44.76,0.13,46.27,42.8,46.27,42.29,44.07,0.11,36.43,24.34,30.53,36.43,17.2,25.68,36.43,17.2,24.53,36.43,13.71,22.21,36.43,12.11,19.3,36.43,5.64,15.99
REXR.K,33.96,2.81,34.57,32.92,35.69,32.31,34.03,2.9,44.38,35.12,40.19,44.38,29.68,38.84,56.87,29.68,43.24,66.71,29.68,46.83,84.68,29.68,52.67,84.68,15.14,42.62
REXR.N,33.96,1.18,34.48,32.92,35.66,32.31,34.03,1.06,,,,,,,,,,,,,,,,,,
REXR_pb.K,22.18,0.01,22.4,21.9,22.1,21.9,22.02,0.02,,,,,,,,,,,,,,,,,,
REXR_PB.K,22.35,0.0,22.56,22.24,22.38,22.27,22.27,0.01,23.75,22.25,22.9,24.0,22.15,22.97,24.57,20.95,22.75,24.97,20.6,22.77,26.93,20.6,23.66,27.17,14.58,24.1
REXR_pb.N,22.27,0.0,22.44,22.26,22.3,22.27,22.27,0.0,,,,,,,,,,,,,,,,,,
REXR_pc.K,21.09,0.01,21.25,20.94,21.02,20.94,20.97,0.01,,,,,,,,,,,,,,,,,,
REXR_PC.K,21.39,0.0,21.67,21.21,21.62,21.45,21.45,0.0,23.33,20.92,22.0,23.33,20.13,21.86,24.53,20.13,21.88,24.68,19.71,21.94,28.09,19.59,23.35,28.11,14.67,23.82
REXR_pc.N,21.51,0.0,21.57,21.43,21.57,21.45,21.45,0.0,,,,,,,,,,,,,,,,,,
REYN.O,26.84,1.63,27.32,25.78,27.32,22.2,24.84,1.32,26.25,21.34,23.38,28.22,20.91,23.64,32.65,20.91,26.16,32.65,20.91,26.56,32.65,20.91,27.63,36.0,20.91,28.21
REZI.K,31.21,1.69,32.98,29.9,33.2,29.45,31.16,1.32,45.29,21.81,34.12,45.29,14.18,27.13,45.29,14.18,24.03,45.29,14.18,21.73,45.29,14.18,22.94,45.29,3.72,20.6
REZI.N,31.21,0.78,32.98,29.93,33.13,29.45,31.16,0.58,,,,,,,,,,,,,,,,,,
RF.N,30.3,3.18,31.04,29.49,31.04,28.1,29.39,3.92,27.98,22.71,25.76,27.98,17.74,24.03,27.98,17.42,22.63,27.98,13.72,21.34,27.98,13.72,21.35,27.98,6.95,17.73
RF_pc.N,24.42,0.03,24.63,24.18,24.63,24.05,24.29,0.01,25.09,22.99,24.34,25.09,21.94,24.08,25.54,20.97,23.73,25.54,16.68,22.84,29.95,16.68,24.23,29.95,0.0,16.56
RGA.N,216.0,0.14,225.14,207.42,225.14,200.84,211.02,0.15,208.43,165.95,192.41,232.66,164.5,196.67,233.42,162.01,199.12,233.42,121.01,181.23,233.42,94.35,156.65,233.42,55.64,142.47
RGC.O,6.61,0.83,8.78,5.6,21.98,5.6,12.51,0.45,30.0,9.39,15.3,83.6,0.09,10.93,83.6,0.08,5.99,83.6,0.08,4.56,83.6,0.08,3.22,83.6,0.08,3.22
RGEN.O,141.22,1.38,149.05,134.01,149.05,121.2,134.64,1.16,174.01,110.77,139.05,182.52,102.96,139.69,211.13,102.96,148.94,211.13,102.96,154.09,327.32,102.96,175.92,327.32,20.07,120.03
RGKUY.PK,2.43,0.0,17.0,0.0,17.0,0.0,0.89,0.0,0.0,0.0,0.0,0.0,0.0,0.0,0.0,0.0,0.0,0.0,0.0,0.0,0.0,0.0,0.0,0.0,0.0,0.0
RGLD.O,202.73,0.7,210.99,197.45,227.79,195.76,206.98,0.82,235.52,150.75,185.66,235.52,131.73,174.17,235.52,100.55,151.97,235.52,100.55,141.21,235.52,84.54,128.68,235.52,24.68,109.03
RGLXY.PK,0.0,0.0,0.0,0.0,4.4,0.0,0.8,0.0,5.27,3.24,4.05,5.27,3.2,3.98,5.27,2.44,3.66,5.43,2.44,3.79,6.71,2.44,4.33,9.2,2.44,6.14
RGRNF.PK,2.58,0.0,5.05,0.0,5.15,0.0,3.24,0.0,5.57,2.34,3.74,5.57,1.45,3.15,5.57,0.93,2.36,5.57,0.93,2.05,5.57,0.86,1.87,5.57,0.86,2.36
RGRSY.PK,0.0,0.0,0.0,0.0,0.0,0.0,0.0,0.0,,,,,,,,,,,,,,,,,,
RGTI.O,18.59,25.92,20.41,17.55,23.56,17.55,19.99,33.69,58.15,11.23,25.07,58.15,5.95,18.11,58.15,0.66,9.93,58.15,0.36,7.02,58.15,0.36,7.0,58.15,0.36,7.0
RH.N,164.15,0.4,172.0,154.15,172.0,135.64,154.25,0.31,256.49,139.01,194.13,455.31,123.09,228.54,457.0,123.09,260.37,457.0,123.09,270.06,744.56,123.09,346.13,744.56,24.41,236.06
RHHBY.PK,51.78,2.11,53.5,50.31,53.5,49.0,51.07,1.83,53.0,37.51,43.49,53.0,34.75,41.77,53.0,29.2,38.67,53.0,29.2,38.1,53.86,29.2,40.8,53.86,25.25,37.37
RHHMY.PK,0.0,0.0,0.0,0.0,0.0,0.0,0.0,0.0,8.83,8.83,8.83,8.83,8.83,8.83,8.83,8.83,8.83,8.83,8.83,8.83,8.83,8.83,8.83,8.83,8.83,8.83
RHHVF.PK,412.86,0.0,430.0,390.97,430.0,383.54,407.23,0.0,424.4,300.15,347.64,424.4,273.1,333.77,424.4,233.12,308.82,424.4,233.12,304.29,430.0,233.12,325.42,430.0,0.0,296.09
RHI.N,32.24,0.57,33.89,30.05,33.89,28.79,31.55,0.94,43.81,25.22,33.03,72.0,25.22,42.84,87.55,25.22,56.9,89.75,25.22,63.43,125.73,25.22,74.78,125.73,25.22,64.01
RHLD.N,141.58,0.05,157.41,120.67,157.41,115.98,131.33,0.04,,,,,,,,,,,,,,,,,,
RHLD.O,141.58,0.19,157.41,120.42,157.41,115.22,131.33,0.19,221.02,31.5,101.0,221.02,22.75,72.57,221.02,22.75,72.57,221.02,22.75,72.57,221.02,22.75,72.57,221.02,22.75,72.57
RHP.N,129.17,0.41,132.37,123.73,132.37,118.23,125.21,0.28,105.05,83.82,95.08,108.42,76.43,95.94,122.69,76.43,102.15,122.69,76.43,98.48,122.69,61.47,92.24,122.69,13.26,78.45
RICFY.PK,5.79,0.0,15.09,0.0,15.09,0.0,5.03,0.0,16.42,0.0,5.4,16.42,0.0,6.54,16.42,0.0,6.56,16.42,0.0,4.6,16.42,0.0,2.76,16.42,0.0,1.38
RICOY.PK,1.28,0.0,8.96,0.0,9.64,0.0,1.94,0.0,10.12,8.09,8.97,11.45,8.09,9.51,12.2,7.21,9.25,12.2,6.96,8.63,12.5,6.5,8.63,12.5,5.76,8.75
RIG.N,5.02,10.89,5.22,4.8,6.22,4.8,5.44,8.13,4.56,2.52,3.45,4.56,1.98,3.25,6.88,1.98,4.16,8.88,1.98,5.06,8.88,1.98,4.5,16.66,0.65,6.39
RINIY.PK,0.0,0.0,0.0,0.0,0.0,0.0,0.0,0.0,,,,,,,,,,,,,,,,,,
RIO.N,94.2,0.41,95.8,92.49,107.32,92.49,98.59,0.46,82.34,57.66,66.91,82.34,51.67,63.68,82.34,51.67,64.72,82.34,51.67,65.45,93.15,50.92,67.79,93.15,19.93,56.36
RIOCF.PK,9.15,0.19,16.09,0.0,16.55,0.0,13.6,0.11,13.99,12.18,13.33,14.04,10.91,13.0,15.4,10.91,13.2,17.65,10.91,13.69,20.63,10.91,14.93,23.33,8.64,16.51
RIOT.O,25.77,19.86,29.11,21.58,30.32,21.58,26.49,16.03,23.94,10.59,15.48,23.94,6.19,12.52,23.94,6.19,11.58,23.94,3.3,11.35,79.5,3.25,15.69,79.5,0.51,9.99
RITM.K,9.31,6.02,9.5,8.97,9.5,8.97,9.25,5.32,12.74,10.62,11.58,12.74,9.13,11.44,12.74,9.13,11.22,12.74,7.4,10.57,12.74,6.86,10.4,18.74,2.91,12.45
RITM.N,9.31,1.78,9.49,8.98,9.49,8.98,9.25,1.62,,,,,,,,,,,,,,,,,,
RITM_pa.K,25.35,0.01,25.45,25.22,25.38,25.22,25.27,0.01,,,,,,,,,,,,,,,,,,
RITM_PA.K,25.36,0.01,25.45,25.21,25.44,25.35,25.38,0.01,25.88,25.12,25.48,26.0,24.37,25.43,26.22,23.68,25.23,26.22,19.72,24.31,26.28,17.25,24.14,26.98,8.18,23.95
RITM_pa.N,25.41,0.0,25.44,25.31,25.43,25.35,25.38,0.0,,,,,,,,,,,,,,,,,,
RITM_pb.K,25.13,0.03,25.23,25.01,25.1,25.01,25.06,0.03,,,,,,,,,,,,,,,,,,
RITM_PB.K,25.15,0.03,25.3,24.96,25.29,25.21,25.21,0.03,25.75,25.01,25.38,25.75,24.08,25.33,25.86,23.01,25.07,25.86,18.69,23.98,26.0,16.77,23.68,26.5,6.25,23.34
RITM_pb.N,25.25,0.01,25.29,25.16,25.29,25.21,25.21,0.01,,,,,,,,,,,,,,,,,,
RITM_pc.K,24.52,0.02,24.58,24.46,24.58,24.46,24.5,0.02,,,,,,,,,,,,,,,,,,
RITM_PC.K,24.55,0.03,24.67,24.37,24.67,24.53,24.6,0.03,25.31,24.16,24.78,25.31,22.8,24.73,25.31,20.75,24.05,25.31,16.78,22.49,25.31,15.26,22.06,25.31,6.55,21.52
RITM_pc.N,24.6,0.0,24.65,24.51,24.65,24.53,24.6,0.0,,,,,,,,,,,,,,,,,,
RITM_pd.K,24.81,0.02,24.9,24.74,24.81,24.74,24.78,0.02,,,,,,,,,,,,,,,,,,
RITM_PD.K,24.71,0.07,24.84,24.52,24.84,24.8,24.81,0.07,24.9,24.01,24.56,24.9,22.33,24.29,25.25,21.86,23.81,25.25,18.01,22.71,25.64,16.69,22.67,25.64,16.69,22.67
RITM_pd.N,24.83,0.01,24.84,24.77,24.84,24.8,24.81,0.0,,,,,,,,,,,,,,,,,,
RITM_pe.K,24.78,0.04,24.86,24.69,24.8,24.7,24.76,0.04,,,,,,,,,,,,,,,,,,
RITM_PE.K,24.7,0.1,24.86,24.5,24.86,24.65,24.7,0.19,25.54,24.66,25.09,25.54,24.66,25.09,25.54,24.66,25.09,25.54,24.66,25.09,25.54,24.66,25.09,25.54,24.66,25.09
RITM_pe.N,24.75,0.03,24.84,24.55,24.84,24.65,24.7,0.04,,,,,,,,,,,,,,,,,,
RITPF.PK,9.05,0.0,31.69,0.0,31.69,0.0,4.9,0.0,30.5,25.5,27.26,30.5,23.86,26.71,30.5,21.98,25.59,30.5,21.98,24.91,37.68,21.98,28.94,37.68,17.35,26.38
RIVN.O,17.23,41.02,20.2,14.35,20.2,14.35,16.33,32.73,22.69,11.57,14.64,22.69,10.36,13.88,22.69,8.26,13.27,28.06,8.26,14.94,179.47,8.26,24.18,179.47,8.26,24.18
RJF.N,155.55,0.58,166.65,146.71,166.65,146.71,154.86,0.63,177.5,150.73,163.59,177.5,117.75,156.52,177.5,104.4,141.75,177.5,82.1,128.5,177.5,62.05,115.47,177.5,26.56,83.38
RKAGY.PK,0.0,0.0,0.0,0.0,0.0,0.0,0.0,0.0,7.6,7.31,7.47,9.07,7.31,7.89,9.07,5.41,7.34,9.07,5.41,7.0,9.5,5.41,7.5,19.41,5.41,11.55
RKGRY.PK,5.73,0.0,11.22,0.0,11.58,0.0,5.41,0.0,,,,,,,,,,,,,,,,,,
RKLB.O,94.07,28.77,107.6,80.0,119.79,80.0,100.66,30.2,79.83,33.73,51.34,79.83,14.71,38.11,79.83,3.47,23.07,79.83,3.47,17.04,79.83,3.47,13.81,79.83,3.47,13.74
RKT.N,15.46,5.61,16.39,14.49,16.39,12.18,14.2,6.11,22.56,13.18,17.66,22.56,9.52,15.21,22.56,9.52,14.52,22.56,6.62,12.61,36.13,5.65,12.59,36.13,5.65,13.03
RKUNY.PK,4.51,0.13,4.8,4.24,4.9,4.24,4.56,0.14,7.04,5.0,6.04,7.11,4.8,5.94,7.27,4.13,5.75,7.27,3.22,5.26,14.87,3.22,6.56,14.87,3.22,8.1
RL.N,401.84,0.23,418.03,392.95,421.02,364.92,400.99,0.23,379.34,267.27,319.36,379.34,177.88,284.38,379.34,134.99,232.63,379.34,103.26,195.05,379.34,82.56,161.36,379.34,59.82,130.17
RLAY.O,18.59,5.64,19.93,17.62,19.93,13.19,16.56,4.42,9.04,3.02,5.47,9.04,1.78,4.48,12.14,1.78,5.92,23.18,1.78,8.06,64.37,1.78,16.26,64.37,1.78,18.47
RLI.N,59.3,0.4,62.61,54.45,62.61,51.59,55.62,0.38,70.11,56.08,63.54,80.08,56.08,68.23,86.33,56.08,69.72,86.33,56.08,67.32,86.33,41.44,59.85,86.33,20.58,45.05
RLJ.N,11.76,1.06,12.03,11.32,12.03,10.47,11.31,0.8,8.06,6.54,7.4,10.24,6.17,7.83,12.39,6.17,9.08,12.92,6.17,9.55,17.51,6.17,11.2,25.09,3.89,14.88
RLJ_pa.N,24.95,0.03,25.24,24.31,25.4,24.31,25.05,0.02,26.22,23.74,24.98,26.22,22.85,24.85,26.62,22.85,25.01,26.62,22.85,24.7,29.45,22.4,25.57,29.45,0.0,21.26
RLLCF.PK,0.0,0.86,0.0,0.0,0.0,0.0,0.0,1.67,0.01,0.0,0.0,0.01,0.0,0.0,0.01,0.0,0.0,0.02,0.0,0.0,1.01,0.0,0.01,1.01,0.0,0.01
RLX.N,1.89,0.42,1.98,1.76,2.06,1.76,1.92,0.46,2.84,2.12,2.39,2.84,1.66,2.24,2.84,1.5,2.03,3.0,1.39,2.03,35.0,0.9,3.43,35.0,0.9,3.43
RLXXF.PK,31.47,0.0,32.52,29.37,35.49,29.37,32.23,0.0,55.11,38.0,46.04,57.01,38.0,48.32,57.01,35.7,46.53,57.01,27.3,42.09,57.01,0.0,36.47,57.01,0.0,32.2
RMBS.O,120.72,5.39,133.67,108.5,159.63,108.5,132.27,3.88,114.55,61.16,87.74,114.55,40.12,72.31,114.55,37.42,63.55,114.55,34.77,60.48,114.55,17.44,46.28,114.55,7.17,29.52
RMD.N,203.05,0.59,222.42,192.85,222.42,184.76,196.31,0.58,293.81,239.5,264.44,293.81,199.93,250.58,293.81,164.29,231.71,293.81,132.36,218.96,301.34,132.36,223.78,301.34,50.8,165.69
RMGGY.PK,0.0,0.0,0.0,0.0,0.0,0.0,0.0,0.0,,,,,,,,,,,,,,,,,,
RMLRF.PK,1.78,0.02,2.2,0.0,2.35,0.0,1.9,0.01,3.14,1.46,2.25,3.14,1.16,2.03,3.14,0.93,1.84,3.14,0.56,1.64,3.14,0.38,1.39,3.14,0.15,1.1
RMVEY.PK,11.81,0.03,12.26,11.22,12.26,10.98,11.54,0.03,22.15,13.52,18.2,22.15,13.52,18.3,22.15,12.58,16.61,22.15,11.24,15.63,22.15,9.73,15.98,22.15,0.0,12.63
RMYHY.PK,0.0,0.0,0.0,0.0,7.33,0.0,0.77,0.0,6.23,4.31,5.34,6.23,4.31,5.34,9.22,4.31,6.98,11.86,4.31,8.04,14.94,4.31,9.85,15.88,4.31,10.72
RNA.O,13.29,0.32,13.8,12.7,13.8,11.4,12.73,0.25,72.61,27.7,52.51,72.61,21.51,41.75,72.61,8.86,37.16,72.61,4.82,28.94,72.61,4.82,25.32,72.61,4.82,25.69
RNECY.PK,14.96,0.96,15.79,14.42,16.2,12.97,14.39,0.96,7.14,5.5,6.17,9.27,4.62,6.47,10.68,4.62,7.28,10.68,4.31,7.37,10.68,3.85,6.58,10.68,1.52,5.31
RNG.N,38.59,0.79,41.68,34.53,42.23,33.42,37.81,0.64,32.76,23.59,28.8,37.22,20.6,28.63,42.15,20.6,31.0,49.28,20.6,31.46,449.0,20.6,90.56,449.0,13.89,97.4
RNLSY.PK,5.87,0.25,6.0,5.6,6.78,5.6,6.1,0.25,9.76,7.14,8.09,11.2,7.14,9.1,11.72,7.14,9.2,11.72,6.59,8.77,11.72,4.44,8.04,24.61,2.9,11.25
RNMBY.PK,233.26,0.1,259.85,213.13,287.11,211.2,255.27,0.08,468.9,313.23,401.85,468.9,122.64,345.07,468.9,64.56,225.49,468.9,41.63,168.9,468.9,17.56,120.14,468.9,9.24,76.51
RNP.N,20.47,0.02,20.78,20.2,21.0,19.87,20.41,0.02,22.99,19.27,21.55,22.99,19.01,21.53,24.38,18.77,21.45,24.38,15.53,20.68,28.12,15.53,21.79,28.12,9.72,20.5
RNR.N,318.99,0.14,328.36,305.97,328.36,281.87,305.86,0.13,285.23,231.4,252.71,285.23,219.5,247.57,300.0,196.95,243.36,300.0,174.35,228.99,300.0,124.18,199.44,300.0,107.27,172.74
RNSHY.PK,0.0,0.0,0.0,0.0,0.0,0.0,0.0,0.0,0.0,0.0,0.0,0.0,0.0,0.0,0.0,0.0,0.0,0.0,0.0,0.0,0.0,0.0,0.0,24.3,0.0,12.15
RNST.K,43.08,0.93,44.0,41.74,44.0,40.49,42.43,0.84,40.4,33.04,36.63,40.4,26.97,35.71,40.4,26.97,34.05,40.4,22.99,32.6,46.97,22.99,34.24,49.78,18.22,35.12
RNST.N,43.08,0.4,44.0,42.34,44.0,40.86,42.43,0.36,,,,,,,,,,,,,,,,,,
RNW.O,6.19,1.16,6.42,5.95,6.52,5.95,6.22,1.45,8.24,5.04,7.42,8.24,5.04,6.96,8.24,5.04,6.55,8.24,4.04,6.28,14.08,4.04,7.04,14.08,4.04,7.04
ROAD.O,116.11,0.82,129.92,103.06,129.92,103.0,116.47,0.73,138.9,93.22,113.37,138.9,64.79,100.13,138.9,39.79,81.5,138.9,24.12,65.21,138.9,18.89,50.82,138.9,7.7,38.45
ROCK.O,44.37,0.38,45.7,42.52,45.7,37.08,41.65,0.4,75.08,42.86,59.93,75.08,42.86,59.82,87.4,42.86,66.2,87.4,42.86,64.32,103.02,36.58,63.66,103.02,18.23,52.1
ROG.N,156.86,0.11,168.5,140.46,168.5,135.74,154.7,0.1,95.98,61.3,80.17,105.11,51.44,77.69,134.46,51.44,95.15,173.16,51.44,111.72,274.33,51.44,155.26,274.33,42.12,134.21
ROHCY.PK,23.87,0.0,34.5,0.0,36.52,0.0,27.42,0.0,16.4,12.5,14.06,16.4,7.49,11.84,19.01,7.49,12.68,25.04,7.49,15.25,29.14,7.49,17.29,29.34,7.49,17.24
ROIV.O,34.82,7.17,35.9,33.61,35.9,28.28,32.11,6.44,23.47,10.7,16.05,23.47,8.73,13.5,23.47,8.73,12.37,23.47,6.58,11.44,23.47,2.52,9.77,23.47,2.52,9.77
ROK.N,481.57,0.49,497.24,462.26,497.24,439.84,468.28,0.33,415.69,306.5,360.64,415.69,215.0,322.1,415.69,215.0,298.97,415.69,215.0,296.22,415.69,190.08,285.81,415.69,87.55,226.95
ROKU.O,138.57,5.5,142.99,134.36,148.88,115.0,134.48,8.68,116.66,79.05,96.86,116.66,52.43,86.12,116.66,48.33,77.53,116.66,39.0,75.09,490.76,38.26,133.31,490.76,15.75,119.05
ROL.N,42.62,1.78,44.23,41.51,48.51,41.51,44.83,1.57,61.83,53.76,57.8,61.83,45.34,55.56,61.83,40.41,51.36,61.83,32.2,47.25,61.83,28.51,42.58,61.83,10.39,32.3
RONB.N,24.01,0.04,24.59,22.9,26.67,22.9,24.24,0.09,25.68,0.0,2.37,25.68,0.0,1.21,25.68,0.0,0.6,25.68,0.0,0.4,25.68,0.0,0.24,25.68,0.0,0.12
ROOT.O,58.19,0.33,65.0,51.58,65.0,48.26,55.19,0.28,134.0,68.08,92.23,181.14,68.08,108.31,181.14,7.22,79.45,181.14,3.31,55.61,461.34,3.31,72.08,530.64,3.31,81.01
ROP.O,346.72,1.33,366.66,326.73,366.66,320.11,337.59,1.36,575.77,435.42,498.26,595.17,435.42,529.93,595.17,435.42,537.94,595.17,416.78,516.28,595.17,356.22,484.91,595.17,155.79,383.7
ROST.O,212.39,4.46,230.0,205.92,242.81,205.92,225.62,3.51,185.85,126.32,154.83,185.85,122.36,147.28,185.85,122.36,145.66,185.85,99.0,135.21,185.85,69.24,123.41,185.85,50.42,102.63
ROYUY.PK,0.0,0.0,0.0,0.0,0.0,0.0,0.0,0.0,,,,,,,,,,,,,,,,,,
RPGRY.PK,23.92,0.14,25.94,22.97,27.62,22.41,24.63,0.15,55.54,0.0,36.24,55.54,0.0,35.95,55.54,0.0,29.79,55.54,0.0,20.56,55.54,0.0,12.32,55.54,0.0,6.82
RPM.N,111.22,0.29,112.98,108.42,112.98,104.01,108.74,0.29,129.02,101.83,114.12,129.02,95.29,114.88,141.78,95.29,116.19,141.78,78.53,108.19,141.78,74.58,100.43,141.78,36.78,80.11
RPRX.O,56.36,3.34,57.99,53.59,57.99,51.15,55.16,3.64,41.24,34.08,37.17,41.24,25.4,34.85,41.24,24.05,31.33,41.24,24.05,31.55,53.23,24.05,35.55,56.5,24.05,36.31
RPYTF.PK,0.0,0.0,0.0,0.0,104.54,0.0,5.5,0.0,144.02,144.0,144.01,144.02,144.0,144.01,155.69,131.0,143.26,155.69,92.97,123.86,210.0,92.97,134.71,210.0,57.66,119.92
RQI.N,12.39,0.11,12.59,12.23,13.5,12.16,12.57,0.1,12.74,11.3,12.16,13.46,10.42,12.29,14.4,10.42,12.34,14.4,9.17,12.05,18.38,9.17,13.13,18.38,5.8,12.75
RRC.N,37.07,1.12,38.03,36.05,39.66,36.01,37.4,1.2,40.82,32.6,36.48,43.42,30.33,37.26,43.42,27.31,34.99,43.42,22.61,33.04,43.42,6.81,28.39,46.95,1.7,22.97
RRR.O,65.23,0.98,68.11,62.28,68.11,57.4,62.55,0.83,64.25,51.76,58.66,64.25,34.36,52.38,64.25,34.36,52.59,64.25,34.36,49.52,64.25,20.4,44.91,64.25,2.44,33.18
RRX.N,224.39,0.43,240.04,211.88,240.04,199.38,219.8,0.33,160.04,127.96,144.83,167.67,91.18,138.6,184.0,91.18,148.71,184.0,91.18,145.9,184.0,91.18,143.22,184.0,45.56,108.22
RS.N,380.22,0.17,407.78,367.89,418.56,367.89,394.55,0.17,344.83,261.0,290.5,344.83,250.08,290.62,344.83,250.08,293.84,344.83,199.56,281.46,344.83,114.26,236.03,344.83,50.09,161.44
RSG.N,214.9,0.53,218.07,211.39,218.07,203.18,210.87,0.69,246.8,201.49,224.93,258.27,199.43,230.26,258.27,162.28,211.97,258.27,120.58,189.24,258.27,88.62,162.82,258.27,41.82,116.92
RSGPY.PK,0.0,0.0,0.0,0.0,0.0,0.0,0.0,0.0,,,,,,,,,,,,,0.0,0.0,0.0,0.0,0.0,0.0
RSHGY.PK,26.65,0.1,28.36,25.01,29.12,25.01,26.81,0.09,21.81,16.99,19.52,21.81,0.0,16.72,21.81,0.0,8.33,21.81,0.0,5.56,21.81,0.0,3.33,21.81,0.0,1.66
RSI.N,31.16,1.28,32.52,29.3,32.52,26.14,29.79,1.65,22.65,14.39,18.67,22.65,9.55,15.79,22.65,3.57,12.3,22.65,2.77,9.48,26.53,2.77,10.2,26.53,2.77,10.46
RSMDF.PK,0.0,0.0,0.0,0.0,16.99,0.0,2.63,0.02,27.69,16.57,24.57,30.0,11.91,24.05,30.0,11.91,23.58,30.0,11.91,21.69,30.0,1.9,21.89,30.0,1.9,18.71
RTMVY.PK,11.81,0.03,12.26,11.22,12.26,10.98,11.54,0.03,22.15,13.52,18.2,22.15,13.52,18.3,22.15,12.58,16.61,22.15,11.24,15.63,22.15,9.73,15.98,22.15,0.0,12.63
RTO.N,29.16,0.16,30.06,28.33,30.9,28.16,29.42,0.16,30.19,22.73,26.08,30.19,19.61,24.89,34.03,19.61,26.26,41.54,19.61,29.02,41.54,19.61,29.16,41.54,19.61,29.16
RTX.N,192.01,2.03,202.4,184.86,202.4,176.94,186.91,1.88,187.89,142.69,164.47,187.89,112.31,147.68,187.89,84.05,127.43,187.89,68.56,115.07,187.89,65.03,104.29,187.89,40.8,87.09
RUM.O,6.29,4.04,6.61,5.83,8.71,5.83,6.87,3.98,10.99,5.11,7.51,14.27,5.11,8.47,17.4,3.33,7.47,17.4,3.33,7.54,18.52,3.33,8.59,18.52,3.33,8.59
RUMBW.O,1.29,0.01,1.4,1.2,1.32,1.2,1.26,0.02,,,,,,,,,,,,,,,,,,
RUN.O,13.25,11.32,15.05,12.36,16.79,11.7,13.06,11.66,22.44,7.84,16.28,22.44,5.38,12.26,22.44,5.38,13.16,29.72,5.38,14.68,100.93,5.38,24.91,100.93,4.15,19.88
RUSHA.O,73.0,0.76,74.92,70.43,74.92,67.15,70.77,0.63,59.83,45.67,53.8,65.43,45.67,53.91,65.43,40.99,51.95,65.43,33.37,47.53,65.43,26.14,41.52,65.43,6.31,29.19
RUSHB.O,76.03,0.12,78.05,73.25,78.05,66.11,72.84,0.1,61.53,47.7,55.47,61.55,47.7,55.28,61.55,37.85,51.33,61.55,35.43,48.34,61.55,24.13,41.76,61.55,6.31,28.99
RVI.N,33.6,0.04,37.43,31.6,48.0,31.6,36.88,0.05,,,,,,,,,,,,,,,,,,
RVLV.K,23.08,0.87,23.85,21.89,23.85,18.8,21.69,0.95,31.48,18.08,22.98,34.39,16.8,23.45,39.58,13.96,22.84,39.58,12.25,21.48,89.6,12.25,31.33,89.6,7.17,28.67
RVLV.N,23.08,0.39,23.85,21.9,23.85,18.86,21.69,0.36,,,,,,,,,,,,,,,,,,
RVMD.O,186.7,4.58,193.69,168.19,193.69,141.44,168.14,3.48,81.97,34.0,52.36,81.97,29.17,46.08,81.97,25.93,43.23,81.97,15.44,37.41,81.97,14.08,33.49,81.97,14.08,33.29
RVT.N,18.4,0.05,18.6,18.15,18.6,17.29,18.06,0.06,16.87,14.79,15.87,16.87,12.16,15.4,16.91,12.16,15.22,16.91,11.85,14.64,19.99,11.85,15.55,19.99,7.5,14.7
RVTY.K,112.65,1.97,116.16,107.38,116.16,96.86,105.24,1.55,106.52,81.36,93.4,128.28,81.36,98.87,129.5,81.36,105.47,145.35,79.5,109.32,203.16,79.5,127.62,203.16,39.5,103.15
RVTY.N,112.65,0.52,116.01,108.0,116.01,97.07,105.24,0.45,,,,,,,,,,,,,,,,,,
RWEOY.PK,64.04,0.06,66.07,61.2,66.99,60.79,64.08,0.06,54.52,39.15,45.98,54.52,28.68,40.66,54.52,28.68,37.92,54.52,28.68,39.35,54.52,28.68,39.63,54.52,11.12,31.73
RXEEY.PK,43.32,0.01,44.5,40.65,45.11,40.65,42.89,0.02,40.5,29.19,33.79,40.5,21.76,30.64,40.5,21.76,28.85,40.5,19.46,27.13,40.5,14.61,25.0,40.5,5.78,21.29
RXO.N,27.11,0.87,28.59,25.8,29.86,24.68,27.07,0.82,18.67,10.44,15.44,26.92,10.44,16.91,32.78,10.44,20.8,32.78,10.44,20.46,32.78,10.44,20.31,32.78,10.44,20.31
RXRX.O,3.66,30.11,4.09,3.19,4.09,2.95,3.36,22.28,7.18,3.81,5.1,12.36,3.79,5.58,15.74,3.79,7.0,16.74,3.79,7.34,42.81,3.79,10.51,42.81,3.79,10.51
RY.N,205.64,0.56,209.35,201.57,209.35,194.41,202.07,0.64,172.38,127.39,145.71,172.38,106.1,133.2,172.38,93.98,121.61,172.38,77.9,112.39,172.38,77.9,107.26,172.38,44.38,89.69
RYAAY.O,64.82,1.13,67.13,62.84,67.13,55.74,62.02,1.0,73.92,55.14,62.98,73.92,38.52,55.83,73.92,36.96,52.16,73.92,29.59,48.27,73.92,22.36,44.26,73.92,17.78,39.55
RYAN.K,39.28,3.19,42.05,34.38,42.05,31.17,36.26,3.08,68.3,50.08,57.04,77.16,50.08,62.63,77.16,41.47,60.52,77.16,34.95,54.86,77.16,25.46,49.39,77.16,25.46,49.39
RYAN.N,39.28,1.2,42.05,34.39,42.05,31.17,36.26,0.96,,,,,,,,,,,,,,,,,,
RYCEF.PK,19.08,0.03,20.09,18.0,20.09,15.95,18.21,0.04,16.17,12.35,14.61,16.17,6.84,12.2,16.17,3.71,8.99,16.17,1.16,6.75,16.17,0.7,4.58,16.17,0.46,3.91
RYCEY.PK,19.23,5.3,20.19,18.52,20.19,16.25,18.39,3.92,16.27,12.78,14.74,16.27,6.8,12.31,16.27,3.68,9.04,16.27,1.13,6.77,16.27,0.71,4.6,16.27,0.59,4.32
RYDAF.PK,38.71,0.01,39.86,37.0,44.48,37.0,40.55,0.01,38.8,33.65,36.2,38.8,28.05,34.84,38.8,28.05,34.16,38.8,26.2,32.87,38.8,17.48,29.08,38.8,10.7,27.95
RYHTY.PK,0.0,0.0,0.0,0.0,0.0,0.0,0.0,0.0,8.38,6.81,7.66,12.5,6.68,8.18,18.54,6.68,11.36,30.51,6.68,14.17,57.12,6.68,24.27,57.12,6.68,29.8
RYKKY.PK,11.12,0.0,11.5,9.9,12.15,9.83,11.22,0.0,12.81,8.76,10.48,12.81,5.06,9.53,12.81,3.51,7.34,12.81,2.33,5.52,12.81,1.98,4.73,12.81,1.98,5.28
RYN.N,21.59,0.84,22.04,20.98,22.22,20.42,21.3,0.87,26.93,21.07,23.81,27.9,21.07,24.33,34.26,21.07,27.2,36.37,21.07,28.18,44.27,21.07,31.06,44.27,15.44,29.51
RYTM.O,110.78,1.11,115.0,105.52,115.0,84.73,99.9,1.11,122.2,62.84,99.46,122.2,45.9,79.42,122.2,35.17,63.03,122.2,15.5,50.15,122.2,3.04,36.8,122.2,3.04,32.08
RYZ.N,25.59,0.32,28.16,23.55,30.85,23.55,27.37,0.25,26.67,19.43,22.74,27.11,17.32,22.37,36.12,17.32,23.8,44.7,17.32,27.28,44.7,11.55,25.88,44.7,2.54,17.58
RZB.N,0.0,0.0,0.0,0.0,25.34,0.0,6.67,0.0,25.24,24.61,24.91,25.24,24.17,24.83,25.71,24.17,24.95,26.39,23.26,24.97,29.39,22.67,25.85,30.35,12.03,26.41
RZC.N,25.56,0.04,25.86,25.21,25.86,25.21,25.57,0.02,26.29,25.15,25.67,26.73,24.75,25.75,27.33,24.75,26.02,29.2,24.75,26.0,29.2,0.0,16.79,29.2,0.0,8.38
RZLV.O,2.77,24.89,3.35,2.38,3.35,2.23,2.65,17.67,8.45,2.19,3.86,8.45,1.07,3.03,14.5,1.07,5.75,14.5,1.07,6.84,14.5,1.07,7.52,14.5,1.07,7.52
S.N,16.83,2.25,18.9,14.83,18.9,14.31,15.7,2.06,21.39,14.44,17.16,25.24,14.44,18.53,30.75,14.33,21.11,30.75,12.43,19.68,78.49,12.43,25.82,78.49,12.43,25.82
SA.N,26.27,0.13,28.66,24.66,33.0,23.92,27.51,0.21,31.87,14.57,21.8,31.87,9.43,17.16,31.87,9.31,15.9,31.87,9.31,14.71,31.87,9.31,15.3,31.87,5.26,13.94
SAABY.PK,26.9,0.12,30.56,24.86,30.56,24.86,26.89,0.13,31.29,23.29,27.22,31.29,9.68,23.13,31.29,0.0,16.62,31.29,0.0,12.0,31.29,0.0,7.46,31.29,0.0,3.73
SAEYY.PK,0.0,0.0,0.0,0.0,8.28,0.0,1.19,0.0,12.6,6.86,9.15,15.67,6.86,10.76,17.94,6.86,12.62,17.94,5.26,11.93,29.99,3.82,13.38,29.99,3.82,13.44
SAFE.K,16.01,0.45,16.56,15.48,16.56,14.72,15.75,0.41,17.16,12.76,14.83,19.53,12.76,15.66,28.8,12.76,18.52,38.14,12.76,20.54,84.51,12.76,35.22,84.51,12.76,34.79
SAFE.N,16.01,0.24,16.55,15.5,16.55,14.73,15.75,0.2,,,,,,,,,,,,,,,,,,
SAFRF.PK,393.73,0.0,412.73,373.4,412.73,333.38,374.62,0.0,362.41,310.38,340.76,362.41,213.86,304.48,362.41,173.95,262.15,362.41,123.75,228.89,362.41,87.07,185.63,362.41,55.3,152.18
SAFRY.PK,98.51,0.36,102.46,94.41,102.46,83.59,93.57,0.24,90.44,77.7,85.17,90.44,54.31,76.14,90.44,43.04,65.22,90.44,30.94,56.37,90.44,21.63,46.1,90.44,13.87,36.45
SAFT.O,75.5,0.16,77.76,72.16,77.76,69.71,72.89,0.15,80.3,67.04,73.31,84.2,67.04,75.88,90.0,67.04,78.54,90.0,65.78,77.33,99.75,65.78,80.08,103.96,52.23,79.2
SAH.N,84.2,0.13,86.25,80.92,86.25,77.52,83.25,0.12,89.62,58.74,72.98,89.62,52.46,70.21,89.62,47.82,63.6,89.62,39.05,59.15,89.62,34.19,54.54,89.62,9.0,38.65
SAIA.O,423.4,0.34,444.81,410.14,494.71,410.14,444.48,0.42,358.5,249.32,301.98,538.02,229.12,329.67,628.34,229.12,403.31,628.34,204.02,382.74,628.34,168.03,323.6,628.34,18.28,196.58
SAIC.O,110.2,0.65,115.0,105.17,116.72,98.34,109.65,0.66,121.05,84.16,103.62,124.1,84.16,107.23,156.34,84.16,118.3,156.34,84.16,115.62,156.34,77.65,105.74,156.34,39.76,90.46
SAIL.O,14.38,4.39,16.03,12.4,18.44,12.4,14.25,5.5,24.0,17.25,20.89,26.35,15.05,20.46,26.35,15.05,20.46,26.35,15.05,20.46,26.35,15.05,20.46,26.35,15.05,20.46
SALRY.PK,12.18,0.03,13.48,11.29,14.53,11.29,13.31,0.02,16.08,9.83,13.21,16.08,0.0,12.45,17.2,0.0,12.94,17.2,0.0,12.41,22.7,0.0,12.84,22.7,0.0,7.87
SAM.N,181.8,0.17,192.36,176.03,192.36,163.6,179.37,0.11,242.46,187.27,209.48,302.68,185.7,222.8,371.47,185.7,261.45,420.0,185.7,288.14,1349.98,185.7,413.74,1349.98,128.85,364.37
SAN.N,13.76,1.3,14.38,13.32,14.38,11.91,13.27,1.32,11.93,8.2,9.96,11.93,4.44,8.35,11.93,3.84,6.51,11.93,2.98,5.58,11.93,2.26,4.66,11.93,1.71,4.59
SANA.O,3.59,4.24,4.1,3.21,4.1,2.61,3.2,4.06,6.55,2.6,4.05,7.3,1.26,3.25,12.0,1.26,4.58,12.0,1.26,4.62,44.6,1.26,8.45,44.6,1.26,8.45
SANM.O,238.2,1.86,257.49,215.39,269.54,215.39,244.08,1.69,178.39,95.49,130.03,178.39,63.66,106.56,178.39,48.83,86.46,178.39,43.4,76.16,178.39,30.59,62.79,178.39,16.31,46.39
SAP.N,156.34,0.38,163.0,148.06,183.65,148.06,160.67,0.44,313.17,233.51,268.01,313.17,233.51,273.67,313.17,148.38,239.01,313.17,103.28,203.64,313.17,78.3,169.96,313.17,70.97,139.98
SAPGF.PK,156.35,0.04,163.03,148.15,184.4,147.6,160.72,0.05,314.08,232.67,267.56,314.08,232.67,273.07,314.08,147.25,238.56,314.08,103.25,203.24,314.08,76.54,169.59,314.08,71.82,141.31
SAPMY.PK,0.82,0.01,1.01,0.0,1.19,0.0,0.94,0.01,0.63,0.42,0.52,0.63,0.31,0.49,0.63,0.22,0.44,0.63,0.21,0.38,26.32,0.07,4.16,348.2,0.07,21.25
SARO.K,29.36,4.42,31.02,27.43,31.02,24.7,27.55,4.35,31.85,23.97,27.64,31.97,21.31,27.51,34.38,21.31,27.8,34.38,21.31,27.8,34.38,21.31,27.8,34.38,21.31,27.8
SARO.N,29.36,1.78,31.01,27.49,31.01,24.71,27.55,1.68,,,,,,,,,,,,,,,,,,
SATS.O,99.64,9.61,104.74,94.62,131.22,94.62,108.33,14.31,111.39,26.04,63.36,111.39,14.9,44.41,111.39,11.83,31.59,111.39,9.53,26.65,111.39,9.53,25.18,111.39,9.53,31.12
SAUHY.PK,13.23,0.04,13.61,12.86,13.61,11.48,12.61,0.05,14.11,10.49,11.94,15.07,10.3,12.46,17.23,10.3,13.34,17.23,10.3,13.67,17.23,5.49,11.9,17.23,1.32,8.95
SAXPY.PK,20.96,0.08,21.45,20.49,21.45,20.19,20.83,0.11,24.43,21.11,22.75,24.43,15.7,20.9,24.43,15.66,19.1,24.43,14.27,18.39,24.43,14.27,17.96,24.43,8.82,17.31
SBAC.O,180.94,1.18,186.93,174.16,207.99,174.16,190.52,1.1,243.16,185.13,204.85,245.16,185.13,211.9,255.9,183.64,214.35,312.34,183.64,222.95,391.15,183.64,260.27,391.15,82.8,221.26
SBAGY.PK,2.9,0.0,20.29,0.0,22.42,0.0,2.25,0.0,,,,,,,,,,,,,,,,,,
SBCF.O,33.24,1.69,34.38,31.71,34.38,30.16,31.94,1.19,33.23,27.13,30.41,33.23,21.36,28.24,33.23,21.36,27.01,34.03,17.93,26.21,40.93,17.93,29.42,40.93,13.3,26.5
SBCLY.PK,2.0,0.0,14.0,0.0,14.0,0.0,0.74,0.0,,,,,,,,,,,,,,,,,,
SBET.O,5.03,14.73,5.72,4.46,6.09,4.46,5.22,11.19,40.46,8.68,15.93,124.12,2.26,12.78,124.12,2.26,12.08,132.0,2.26,19.75,2145.6,2.26,164.09,2145.6,2.26,302.41
SBFFF.PK,0.0,0.0,0.0,0.0,38.0,0.0,2.0,0.0,28.28,25.87,26.84,28.28,17.66,22.47,28.28,12.92,18.42,28.28,12.92,17.4,28.28,12.92,17.0,28.28,10.67,16.39
SBFFY.PK,9.81,0.0,35.27,0.0,38.02,0.0,5.61,0.0,30.4,23.52,26.95,30.4,17.5,26.01,30.4,12.75,21.44,30.4,12.18,19.51,30.4,12.18,18.2,30.4,10.89,16.78
SBGI.O,14.37,0.81,15.52,12.85,15.52,12.85,14.08,0.6,17.88,11.89,14.6,17.88,11.89,14.64,18.45,11.13,14.56,22.41,9.39,14.62,39.6,9.39,19.41,66.57,9.39,25.67
SBGSF.PK,319.95,0.0,338.11,310.0,346.56,295.04,317.51,0.0,312.95,242.77,272.98,312.95,198.76,260.69,312.95,186.69,249.74,312.95,140.18,223.07,312.95,106.34,195.07,312.95,49.39,147.26
SBGSY.PK,63.45,0.33,65.54,62.08,67.16,59.16,63.32,0.5,60.29,48.68,54.17,60.29,39.77,51.89,60.29,37.61,49.86,60.29,28.06,44.56,60.29,21.37,39.0,60.29,9.85,27.88
SBH.N,14.22,0.73,14.48,13.87,14.48,12.0,13.7,0.71,17.35,9.2,13.82,17.35,7.54,11.58,17.35,7.54,11.81,18.42,7.21,11.91,25.66,7.21,13.81,32.92,6.28,16.21
SBHMY.PK,1.83,0.0,12.81,0.0,12.81,0.0,3.2,0.0,20.16,13.92,17.75,20.16,7.15,11.93,20.16,6.69,10.44,20.16,6.68,10.09,23.66,6.68,12.88,26.43,6.68,14.73
SBLK.O,25.06,1.36,26.87,23.86,27.4,23.86,26.06,1.33,20.87,16.72,18.75,20.87,12.06,17.2,27.47,12.06,19.64,27.47,12.06,19.64,33.99,8.66,20.4,33.99,1.57,14.41
SBR.N,72.87,0.0,74.55,71.77,78.98,71.05,73.56,0.01,83.55,65.33,72.03,83.55,58.5,69.15,83.55,58.0,66.13,91.1,55.8,67.34,91.1,28.49,61.55,91.1,22.84,49.87
SBRA.O,19.64,3.88,20.21,18.8,20.21,17.8,18.94,3.73,19.97,17.16,18.61,19.97,15.6,17.97,20.03,12.83,16.9,20.03,10.08,15.5,20.03,10.08,15.35,29.1,5.54,17.81
SBS.N,5.76,2.49,5.86,5.53,5.86,5.21,5.55,2.53,26.46,18.35,22.62,26.46,13.64,20.22,26.46,12.72,17.75,26.46,8.21,15.51,26.46,5.6,12.46,26.46,3.87,10.89
SBSI.N,35.06,0.11,35.74,34.44,35.74,32.74,34.32,0.08,32.5,26.32,29.77,33.09,25.88,29.63,37.57,25.34,30.19,40.35,25.34,30.49,45.18,25.34,33.73,45.18,18.02,32.84
SBSI.O,35.06,0.2,35.76,34.36,35.76,32.13,34.32,0.15,32.65,26.32,29.77,33.14,25.85,29.63,38.0,25.3,30.19,40.35,25.3,30.49,45.22,25.3,33.73,45.22,18.01,32.84
SBSNY.PK,24.32,0.0,26.03,22.87,26.43,0.0,20.99,0.01,42.28,16.91,32.38,42.28,16.91,30.43,42.28,16.91,29.86,42.28,16.91,29.62,50.69,14.47,29.51,50.69,14.47,27.75
SBSW.K,8.74,6.3,9.16,8.34,11.08,8.34,9.34,6.17,15.82,7.1,10.42,15.82,3.05,7.6,15.82,3.05,6.04,15.82,3.05,6.47,20.68,3.05,9.58,20.68,2.02,7.98
SBSW.N,8.74,1.44,9.16,8.35,11.07,8.35,9.34,1.33,,,,,,,,,,,,,,,,,,
SBUX.O,103.4,8.68,105.75,100.09,105.75,94.47,101.5,8.06,98.89,77.99,86.93,117.46,75.5,90.81,117.46,71.55,90.02,117.46,71.55,93.61,126.32,68.39,96.12,126.32,47.37,81.62
SCABY.PK,10.42,0.0,11.05,9.98,11.54,0.0,10.02,0.0,14.6,0.0,2.07,14.6,0.0,1.49,16.5,0.0,1.7,16.5,0.0,1.4,18.85,0.0,0.97,18.85,0.0,0.49
SCBFF.PK,23.02,0.0,28.07,0.0,28.07,0.0,24.97,0.01,25.04,15.91,19.71,25.04,10.65,17.61,25.04,7.06,14.3,25.04,7.06,12.73,25.04,5.41,10.28,25.04,4.3,9.09
SCBFY.PK,55.19,0.15,57.95,53.37,57.95,47.57,53.54,0.22,50.59,32.35,39.98,50.59,22.28,34.74,50.59,14.35,27.11,50.59,14.33,23.78,50.59,10.88,19.66,50.59,8.48,18.34
SCCO.K,171.91,1.35,178.25,165.99,203.0,165.5,179.02,1.47,150.91,86.37,116.42,150.91,72.13,103.42,150.91,72.13,100.33,150.91,56.97,90.38,150.91,39.7,77.51,150.91,19.9,56.39
SCCO.N,171.91,0.44,178.24,165.99,202.91,165.57,179.02,0.43,,,,,,,,,,,,,,,,,,
SCCTY.PK,0.0,0.0,0.0,0.0,43.81,0.0,2.31,0.0,,,,,,,,,,,,,,,,,,
SCGLY.PK,17.67,0.31,17.95,17.29,18.17,15.71,17.34,0.6,16.5,11.31,13.25,16.5,5.49,11.16,16.5,4.3,8.18,16.5,4.18,7.18,16.5,3.72,6.51,16.5,2.47,6.96
SCGPY.PK,0.4,0.0,2.83,0.0,2.83,0.0,0.15,0.0,3.58,2.74,3.09,3.58,1.86,2.68,3.58,1.72,2.46,3.58,1.62,2.31,3.58,1.55,2.19,3.58,1.02,1.96
SCHW.K,93.76,11.21,101.17,87.63,101.17,87.18,92.09,12.12,102.28,89.34,94.89,102.28,65.88,88.19,102.28,59.67,79.11,102.28,45.0,73.06,102.28,45.0,73.24,102.28,21.51,57.24
SCHW.N,93.76,3.29,101.15,87.65,101.15,87.18,92.09,3.72,,,,,,,,,,,,,,,,,,
SCHYY.PK,16.84,0.09,17.04,16.49,20.25,16.49,17.7,0.1,29.04,21.4,25.75,29.04,15.41,23.41,31.31,15.41,23.96,39.79,15.41,27.01,52.11,15.41,28.19,63.04,15.41,36.8
SCI.N,76.29,0.53,78.62,72.4,78.62,69.23,74.55,0.55,84.6,75.06,79.89,85.0,71.79,79.15,89.37,64.1,77.02,89.37,52.89,72.95,89.37,45.65,68.49,89.37,20.26,52.92
SCL.N,55.85,0.09,57.08,53.73,57.08,51.22,54.3,0.08,60.75,41.94,48.84,65.86,41.94,52.75,94.75,41.94,67.43,114.49,41.94,75.52,139.0,41.94,90.95,139.0,41.65,87.65
SCMWY.PK,77.21,0.02,79.71,74.24,83.42,74.24,79.24,0.02,75.54,68.01,72.29,75.54,54.66,67.29,75.54,53.01,63.25,75.54,53.01,62.72,75.54,43.69,59.8,75.54,42.14,54.57
SCRNY.PK,0.0,0.0,0.0,0.0,16.89,0.0,0.89,0.0,,,,,,,,,,,,,,,,,,
SCRYY.PK,3.13,0.02,3.82,0.0,3.82,0.0,3.45,0.01,3.73,2.95,3.32,3.73,2.31,3.11,3.73,1.82,2.88,3.73,1.82,2.84,3.73,1.32,2.8,4.92,1.32,3.27
SCTAY.PK,0.0,0.0,0.0,0.0,0.0,0.0,0.0,0.0,,,,,,,0.0,0.0,0.0,0.0,0.0,0.0,0.0,0.0,0.0,0.0,0.0,0.0
SCTBY.PK,4.89,0.0,17.76,0.0,19.04,0.0,9.11,0.0,,,,,,,,,,,,,,,,,,
SCVPY.PK,1.12,0.0,7.81,0.0,7.81,0.0,1.22,0.0,,,,,,,,,,,,,,,,,,
SCZMF.PK,6.59,0.36,7.11,6.34,8.3,5.88,6.76,0.48,11.16,2.74,6.0,11.16,0.76,3.82,11.16,0.13,2.36,11.16,0.08,1.88,11.16,0.08,1.62,11.16,0.08,1.15
SDGR.O,16.7,2.13,17.82,15.09,17.82,13.9,15.55,1.46,23.75,15.99,19.53,28.47,15.99,21.06,36.13,15.99,21.87,59.24,15.99,25.15,117.0,15.85,34.04,117.0,15.85,37.9
SDHC.K,15.19,0.08,16.17,13.94,16.17,12.5,14.1,0.08,23.5,15.0,18.82,26.23,15.0,19.72,39.5,15.0,24.87,39.5,15.0,24.87,39.5,15.0,24.87,39.5,15.0,24.87
SDRL.K,38.71,1.43,40.32,37.34,46.15,37.31,40.67,1.09,35.22,26.14,30.8,39.99,17.74,29.06,56.46,17.74,37.15,56.46,17.74,38.54,56.46,17.74,37.75,56.46,17.74,37.75
SDRL.N,38.71,0.57,40.19,37.36,46.04,37.35,40.67,0.4,,,,,,,,,,,,,,,,,,
SDVKY.PK,40.76,0.26,42.28,39.36,42.59,37.99,40.58,0.2,33.25,22.7,27.85,33.25,16.94,24.61,33.25,16.94,22.64,33.25,16.31,21.61,33.25,12.81,21.66,33.25,7.05,18.3
SDXAY.PK,11.71,0.15,12.4,11.22,12.4,11.22,11.64,0.09,13.22,9.99,11.74,17.24,9.99,12.77,19.13,9.99,14.68,19.13,9.99,14.57,19.13,9.31,13.56,19.24,7.0,14.08
SDXOF.PK,0.0,0.0,0.0,0.0,55.69,0.0,5.75,0.0,63.05,49.74,56.5,81.42,49.74,62.51,89.21,49.74,71.04,89.21,49.74,71.54,89.21,48.0,63.92,96.76,37.54,70.47
SDZNY.PK,89.6,0.02,91.82,86.71,91.82,80.64,86.31,0.02,76.84,53.54,63.14,76.84,35.61,54.61,76.84,27.79,46.16,76.84,0.0,33.2,76.84,0.0,19.89,76.84,0.0,9.93
SDZXF.PK,12.79,0.0,89.55,0.0,89.55,0.0,13.81,0.0,73.45,55.5,62.45,73.45,36.68,51.55,73.45,27.31,42.6,73.45,25.75,40.45,73.45,25.75,40.45,73.45,25.75,40.45
SE.N,97.11,1.09,106.13,85.81,106.13,80.95,91.02,0.95,199.24,118.86,159.73,199.24,99.64,147.45,199.24,34.35,110.33,199.24,34.35,92.68,372.4,34.35,127.86,372.4,10.06,96.52
SEB.N,1957.95,0.0,4725.19,0.0,5332.35,0.0,3389.92,0.0,4725.66,2889.37,3642.5,4725.66,2407.47,3111.41,4725.66,2369.0,3119.43,4725.66,2369.0,3307.74,4725.66,2369.0,3522.98,4725.66,2369.0,3535.38
SEBYY.PK,0.0,0.0,0.0,0.0,0.0,0.0,0.0,0.0,,,,,,,,,,,,,,,,,,
SECYF.PK,15.9,0.41,17.0,15.5,17.0,14.95,15.58,0.51,15.16,10.88,12.48,15.16,8.5,11.45,15.16,6.83,10.26,15.16,4.13,8.85,15.16,1.99,6.97,15.16,0.46,6.2
SEDG.O,54.67,2.67,60.94,48.1,68.19,48.1,56.21,2.72,48.6,19.78,32.37,48.6,11.0,24.41,97.27,10.24,32.51,345.8,10.24,94.18,389.71,10.24,169.16,389.71,10.24,117.28
SEE.N,0.0,0.0,0.0,0.0,0.0,0.0,0.0,0.0,44.04,28.16,35.29,44.04,22.78,33.31,44.04,22.78,34.42,56.42,22.78,36.56,70.69,22.78,44.58,70.69,17.11,43.36
SEGSY.PK,0.0,0.0,0.0,0.0,0.0,0.0,0.0,0.0,28.51,22.17,25.45,28.51,22.17,25.45,28.51,22.17,25.45,28.51,22.17,25.45,28.51,22.17,25.45,29.15,17.44,24.73
SEGXF.PK,9.95,0.0,12.58,0.0,12.58,0.0,6.37,0.0,10.1,8.18,9.11,10.1,7.64,9.03,12.49,7.64,9.79,12.49,7.64,9.78,19.5,7.64,11.41,19.5,4.78,10.86
SEI.N,74.86,0.73,81.13,65.24,86.08,65.24,75.66,0.62,57.15,24.6,39.82,57.15,14.31,32.88,57.15,6.59,22.48,57.15,6.59,18.08,57.15,6.12,14.82,57.15,4.51,14.12
SEIC.O,89.41,0.71,95.61,85.94,95.61,85.94,89.53,0.67,93.96,77.51,85.52,93.96,64.66,83.07,93.96,61.58,76.39,93.96,52.2,70.77,93.96,46.3,65.98,93.96,32.01,60.67
SEKEY.PK,8.45,0.02,8.99,8.18,9.31,8.1,8.61,0.02,6.94,5.75,6.36,9.14,5.75,6.91,9.69,5.75,7.69,9.69,5.75,7.61,10.93,5.75,7.85,13.25,4.15,8.19
SEM.N,9.44,3.22,16.58,0.0,16.7,0.0,13.96,1.43,16.98,11.7,13.73,20.82,11.7,15.32,22.01,11.7,16.44,22.01,11.47,15.82,23.48,10.16,15.86,23.48,3.95,12.34
SEMR.K,0.0,0.0,0.0,0.0,0.0,0.0,0.0,0.0,11.92,6.56,8.76,18.74,6.56,10.16,18.74,6.56,11.75,18.74,6.56,10.91,32.48,6.56,12.76,32.48,6.56,12.76
SEMR.N,0.0,0.0,0.0,0.0,0.0,0.0,0.0,0.0,,,,,,,,,,,,,,,,,,
SEMUF.PK,10.0,0.0,70.0,0.0,70.0,0.0,7.37,0.0,,,,,,,,,,,,,,,,,,
SENEL.PK,0.0,0.0,0.0,0.0,0.0,0.0,0.0,0.0,,,,,,,,,,,,,,,,,,
SENEM.PK,25.43,0.0,178.0,0.0,178.0,0.0,9.37,0.0,,,,,,,,,,,,,,,,,,
SEOAY.PK,10.54,0.07,10.82,10.27,11.76,10.27,10.93,0.05,12.62,9.92,11.34,12.62,7.97,10.75,15.29,7.97,11.67,15.41,7.97,12.11,21.65,7.97,14.35,21.65,7.4,13.72
SEPN.O,34.6,0.77,37.48,32.0,37.99,30.05,34.46,0.5,30.5,10.3,18.5,30.5,4.17,14.26,30.5,4.17,15.72,30.5,4.17,15.72,30.5,4.17,15.72,30.5,4.17,15.72
SERV.O,6.3,3.99,6.82,5.78,8.03,5.78,6.68,5.34,18.64,8.02,11.49,24.35,4.66,11.21,37.0,1.77,9.51,37.0,1.77,9.51,37.0,1.77,9.51,37.0,1.77,9.51
SEZL.O,173.44,0.66,185.0,156.0,185.0,114.86,153.0,0.71,186.74,49.5,91.47,186.74,24.86,78.95,186.74,2.71,50.2,186.74,1.19,43.89,186.74,1.19,43.89,186.74,1.19,43.89
SF.N,71.23,0.58,75.11,67.85,75.27,67.85,72.08,0.53,132.81,103.22,116.09,132.81,73.76,107.66,132.81,67.65,97.13,132.81,53.55,85.32,132.81,47.93,77.09,132.81,16.7,55.41
SFB.N,19.81,0.01,19.97,19.51,19.97,19.51,19.76,0.01,22.32,20.23,21.35,23.0,18.8,21.13,24.08,18.8,21.66,24.14,18.34,21.58,27.94,18.34,22.81,27.99,0.0,19.35
SFBS.K,87.55,0.54,89.94,84.98,89.94,78.2,83.52,0.4,90.64,67.2,78.11,93.9,66.48,79.15,101.37,58.05,75.92,101.37,39.27,68.97,101.37,39.27,71.26,101.37,17.06,52.96
SFBS.N,87.55,0.27,89.94,85.11,89.94,78.2,83.52,0.19,,,,,,,,,,,,,,,,,,
SFD.O,24.62,1.35,25.19,24.16,27.08,24.16,25.34,1.29,26.06,21.08,23.22,26.06,18.43,22.4,26.06,18.43,22.4,26.06,18.43,22.4,26.06,18.43,22.4,26.06,18.43,22.4
SFDMY.PK,0.0,0.0,0.0,0.0,0.0,0.0,0.0,0.0,,,,,,,,,,,,,,,,,,
SFEGY.PK,0.0,0.0,0.0,0.0,0.0,0.0,0.0,0.0,,,,,,,13.74,13.74,13.74,13.74,13.74,13.74,13.74,13.74,13.74,13.74,13.74,13.74
SFFLY.PK,9.64,0.02,10.87,8.84,11.58,0.0,8.66,0.01,10.8,0.0,1.82,10.8,0.0,1.07,10.8,0.0,0.54,10.8,0.0,0.36,10.8,0.0,0.65,10.8,0.0,0.38
SFGYY.PK,4.34,0.35,4.56,4.05,4.58,4.05,4.35,0.35,5.5,0.0,2.36,5.5,0.0,1.21,5.5,0.0,0.6,5.5,0.0,0.4,5.5,0.0,0.24,5.5,0.0,0.12
SFHOY.PK,15.36,0.03,16.32,14.78,16.32,14.48,15.37,0.05,32.25,0.0,15.9,32.25,0.0,8.14,32.25,0.0,4.05,32.25,0.0,2.71,32.25,0.0,1.62,32.25,0.0,0.81
SFL.N,10.51,1.0,11.13,10.07,11.56,10.07,10.94,0.8,9.54,6.74,8.14,11.14,6.74,8.54,14.62,6.74,10.37,14.62,6.74,10.28,14.62,6.26,9.72,16.44,5.85,11.4
SFM.O,84.83,2.76,90.95,79.1,90.95,76.86,84.55,2.35,171.15,75.75,117.6,182.0,75.75,136.52,182.0,47.82,113.01,182.0,30.1,87.93,182.0,19.13,63.51,182.0,13.0,42.86
SFNC.O,22.86,1.75,23.4,22.52,23.4,21.49,22.37,1.73,21.39,17.0,19.24,23.44,17.0,19.73,25.95,16.03,19.91,25.95,13.36,19.34,33.43,13.36,22.39,33.5,13.36,23.72
SFRGY.PK,6.17,0.0,6.72,5.65,6.72,5.24,5.74,0.0,5.19,2.54,3.56,5.19,2.54,3.5,7.13,2.54,4.13,10.2,2.54,5.44,13.42,2.54,7.17,15.17,2.54,8.2
SFTBF.PK,38.0,0.01,43.6,35.43,47.15,35.43,41.32,0.03,45.0,17.08,28.58,45.0,9.54,21.71,45.0,9.54,17.99,45.0,9.0,15.46,45.0,8.38,14.92,45.0,4.71,12.55
SFTBY.PK,19.04,5.19,21.96,17.69,23.68,17.69,20.66,4.74,22.5,8.64,14.3,22.5,4.96,10.71,22.5,4.96,8.91,22.5,4.49,7.72,22.5,4.2,7.46,22.5,2.29,6.32
SG.N,8.77,1.24,9.48,8.03,9.48,7.33,8.67,1.27,16.7,5.14,8.87,35.93,5.14,15.25,45.09,5.14,21.43,45.09,5.14,17.84,56.11,0.0,15.58,56.11,0.0,7.78
SGAMY.PK,3.51,0.01,3.75,3.25,3.84,3.25,3.48,0.01,6.16,3.65,4.94,6.16,3.65,4.94,6.16,2.89,4.41,6.16,2.89,4.43,6.16,2.89,4.18,6.16,2.18,3.75
SGAPY.PK,34.3,0.08,35.82,32.82,35.82,32.33,33.7,0.09,37.51,29.25,33.46,37.51,21.68,30.22,37.51,16.7,25.45,37.51,16.38,23.02,37.51,15.7,21.02,37.51,14.4,22.48
SGBAF.PK,5.91,0.0,9.1,0.0,9.82,0.0,6.76,0.0,8.19,5.52,6.97,8.19,2.94,5.98,8.19,2.94,5.54,8.19,2.94,5.82,9.89,2.94,6.75,28.8,2.94,10.99
SGBLY.PK,19.74,0.03,20.24,19.25,20.69,18.8,19.68,0.03,17.85,12.22,14.54,17.85,10.55,13.5,17.85,8.69,12.58,17.85,7.51,11.66,17.85,7.46,10.77,19.73,4.32,10.98
SGDH.PK,0.0,0.0,0.0,0.0,0.0,0.0,0.0,0.0,,,,,,,,,,,,,,,,,,
SGGKY.PK,0.0,0.0,0.0,0.0,88.32,0.0,21.82,0.0,72.34,57.91,65.0,72.34,31.65,57.12,72.34,27.34,46.17,72.34,24.43,38.72,72.34,21.6,33.55,72.34,18.19,31.36
SGHC.K,13.95,3.7,14.75,13.24,14.75,12.68,13.66,3.83,14.0,9.39,11.58,14.0,5.31,9.65,14.0,2.5,6.65,14.0,2.5,5.53,14.0,2.44,6.42,14.0,2.44,6.49
SGHC.N,13.95,0.99,14.74,13.24,14.74,12.83,13.66,0.79,,,,,,,,,,,,,,,,,,
SGHDY.PK,1.38,0.0,9.65,0.0,9.65,0.0,0.51,0.0,,,,,,,,,,,,,,,,,,
SGHIY.PK,0.0,0.0,0.0,0.0,0.0,0.0,0.0,0.0,22.08,20.1,21.02,22.08,14.5,18.9,22.08,12.14,15.96,22.08,12.14,15.09,22.08,12.14,14.94,29.91,12.14,19.76
SGI.N,78.13,1.23,79.76,76.52,79.76,67.0,74.76,0.93,94.91,67.67,83.08,94.91,53.2,72.67,94.91,45.06,62.15,94.91,33.5,55.14,94.91,20.03,47.0,94.91,5.5,31.39
SGIOY.PK,8.58,0.26,9.0,8.3,9.02,8.29,8.67,0.24,9.23,7.65,8.59,9.23,6.71,8.2,9.23,6.22,7.83,9.23,6.22,7.73,13.0,6.22,8.39,13.0,6.16,8.72
SGML.O,12.21,1.6,13.12,11.51,16.44,11.51,13.35,2.28,14.63,4.25,7.31,14.63,4.25,8.14,31.85,4.25,11.14,43.18,4.25,18.55,43.18,2.46,16.41,43.18,1.06,14.74
SGOV.N,100.56,1.12,100.68,100.39,100.68,100.39,100.54,0.97,100.74,100.28,100.52,100.74,100.28,100.52,100.75,100.16,100.51,100.75,100.05,100.47,100.75,99.96,100.31,100.75,0.0,56.12
SGPYY.PK,43.84,0.06,45.06,41.8,46.65,41.8,44.03,0.07,68.52,55.15,60.59,69.79,55.15,62.7,69.79,49.22,60.31,69.79,35.42,55.26,69.79,28.42,47.9,69.79,24.61,42.29
SGRY.O,16.5,1.5,17.44,15.19,17.44,13.64,15.32,1.33,24.1,14.94,20.34,26.16,14.94,21.61,35.3,14.94,24.89,45.79,14.94,27.88,69.58,14.94,33.77,69.58,4.0,24.37
SGSOY.PK,11.59,0.07,11.82,11.41,11.82,10.8,11.36,0.08,11.63,9.86,10.71,11.63,8.42,10.34,11.63,8.18,10.07,11.63,7.97,9.72,13.53,7.97,10.26,13.53,7.0,9.93
SHAK.K,55.76,1.67,57.85,53.38,61.74,51.6,56.28,1.95,144.65,76.51,101.53,144.65,72.93,105.04,144.65,64.16,103.09,144.65,40.9,89.76,144.65,37.72,83.74,144.65,30.0,67.25
SHAK.N,55.76,0.55,57.85,53.4,61.73,51.68,56.28,0.54,,,,,,,,,,,,,,,,,,
SHALY.PK,1.49,0.0,10.4,0.0,10.4,0.0,0.55,0.0,,,,,,,,,,,,,,,,,,
SHANY.PK,0.0,0.0,0.0,0.0,0.0,0.0,0.0,0.0,,,,,,,,,,,,,,,,,,
SHC.O,17.61,2.72,18.11,16.87,18.11,15.39,16.65,2.67,17.83,10.93,15.29,17.83,9.53,13.82,17.83,9.53,13.83,19.4,8.02,14.52,30.38,5.78,16.98,30.38,5.78,17.2
SHCAY.PK,0.79,0.01,0.97,0.0,1.0,0.0,0.77,0.0,1.52,1.01,1.28,1.7,1.01,1.34,1.91,1.01,1.4,2.08,1.01,1.46,5.67,1.01,2.05,11.22,1.01,3.4
SHCO.K,0.0,0.0,0.0,0.0,0.0,0.0,0.0,0.0,8.97,6.12,8.38,8.97,4.77,7.56,8.97,4.77,7.56,8.97,4.77,7.56,8.97,4.77,7.56,8.97,4.77,7.56
SHECY.PK,21.86,0.21,22.96,21.19,24.42,20.71,22.21,0.23,17.93,13.64,15.49,17.93,11.88,15.39,23.23,11.88,17.64,23.23,11.88,16.95,23.23,9.74,16.25,23.23,4.64,12.81
SHEL.K,77.29,5.98,78.22,76.26,88.0,76.26,80.61,6.31,77.47,69.22,72.83,77.47,58.54,70.08,77.47,58.54,69.04,77.47,52.47,66.6,77.47,35.49,58.95,77.47,21.26,56.3
SHEL.N,77.29,0.74,78.22,76.28,88.0,76.28,80.61,0.81,,,,,,,,,,,,,,,,,,
SHG.N,64.04,0.08,70.75,60.04,71.42,60.04,65.49,0.08,56.13,45.08,50.83,56.13,28.76,43.52,56.13,27.1,39.97,56.13,24.99,35.94,56.13,22.98,34.06,56.13,17.09,35.42
SHGKY.PK,0.0,0.0,0.0,0.0,0.0,0.0,0.0,0.0,,,,,,,,,,,,,,,,,,
SHKLY.PK,0.0,0.0,0.0,0.0,0.0,0.0,0.0,0.0,,,,,,,,,,,,,,,,,,
SHLRF.PK,0.0,0.0,0.0,0.0,314.5,0.0,16.55,0.0,386.27,330.0,350.34,386.27,258.84,331.05,386.27,229.0,301.38,386.27,182.0,274.76,386.27,145.0,258.27,386.27,145.0,246.7
SHLS.O,9.81,6.32,10.87,8.7,11.44,8.7,10.02,5.95,11.36,4.18,7.57,11.36,2.71,5.95,17.5,2.71,7.05,30.1,2.71,11.78,44.04,2.71,17.05,44.04,2.71,17.05
SHMUY.PK,9.02,0.0,63.16,0.0,68.42,0.0,10.39,0.0,,,,,,,,,,,,,,,,,,
SHMXY.PK,0.0,0.0,0.0,0.0,12.65,0.0,1.87,0.0,,,,,,,,,,,,,,,,,,
SHNDY.PK,15.97,0.01,16.41,15.4,16.74,15.07,15.96,0.01,0.0,0.0,0.0,0.0,0.0,0.0,0.0,0.0,0.0,0.0,0.0,0.0,0.0,0.0,0.0,0.0,0.0,0.0
SHNWF.PK,0.0,0.0,0.0,0.0,0.0,0.0,0.0,0.0,5.52,4.79,5.25,5.52,3.5,4.91,5.52,3.5,4.79,6.35,3.5,5.34,9.02,3.5,5.98,9.04,3.5,6.28
SHNXY.PK,0.0,0.0,0.0,0.0,0.0,0.0,0.0,0.0,,,,,,,,,,0.0,0.0,0.0,0.0,0.0,0.0,0.0,0.0,0.0
SHO.N,11.48,2.11,11.92,11.12,12.06,11.12,11.62,1.45,10.26,8.48,9.18,12.26,7.48,9.44,12.41,7.48,10.02,12.41,7.48,9.97,13.91,7.48,10.59,17.59,5.75,12.09
SHO_ph.N,21.93,0.01,22.0,21.65,22.0,0.0,18.34,0.0,22.49,0.0,20.52,22.74,0.0,20.45,24.05,0.0,20.49,24.05,0.0,20.16,28.43,0.0,19.62,28.43,0.0,9.8
SHO_pi.N,21.32,0.01,21.56,20.71,21.56,0.0,20.15,0.0,21.3,0.0,18.64,22.0,0.0,18.71,22.78,0.0,19.56,22.78,0.0,19.32,26.18,0.0,18.02,26.18,0.0,9.0
SHOO.O,41.51,1.73,43.76,39.13,47.1,39.13,43.24,1.29,44.99,22.26,33.3,44.99,19.05,31.31,50.01,19.05,37.36,50.01,19.05,36.38,51.56,19.05,37.18,51.56,16.38,33.01
SHOP.O,116.87,8.13,123.7,111.32,123.7,104.11,112.56,8.77,182.19,111.33,148.07,182.19,69.84,126.77,182.19,48.56,102.26,182.19,34.65,86.98,182.19,23.63,88.88,182.19,1.85,57.85
SHPHY.PK,0.0,0.0,0.0,0.0,0.0,0.0,0.0,0.0,,,,,,,0.0,0.0,0.0,0.0,0.0,0.0,0.0,0.0,0.0,0.0,0.0,0.0
SHPMY.PK,1.05,0.0,7.34,0.0,7.34,0.0,0.39,0.0,,,,,,,,,,,,,,,,,,
SHTDY.PK,10.35,0.15,11.0,10.0,11.6,10.0,10.54,0.18,14.13,11.4,12.34,14.13,10.72,12.27,16.31,10.13,12.61,18.01,10.13,13.15,18.3,9.19,12.79,29.09,9.11,15.79
SHTPY.PK,0.0,0.0,0.0,0.0,0.0,0.0,0.0,0.0,,,,,,,,,,,,,,,,,,
SHV.N,110.22,0.21,110.35,110.04,110.35,110.04,110.21,0.17,110.5,110.02,110.28,110.5,110.02,110.28,110.64,109.91,110.29,110.64,109.86,110.27,110.64,109.73,110.28,112.99,109.73,110.36
SHV.O,110.22,3.23,110.35,110.03,110.35,110.03,110.21,2.84,110.5,110.02,110.28,110.51,110.02,110.28,110.64,109.91,110.29,110.64,109.85,110.27,110.64,109.73,110.28,112.99,109.73,110.36
SHW.N,345.63,1.1,353.15,335.4,353.15,299.11,327.25,0.97,379.54,319.21,343.55,379.54,308.84,346.04,400.28,282.45,341.95,400.28,205.81,311.5,400.28,195.57,293.4,400.28,78.41,217.77
SHWDY.PK,32.13,0.0,112.92,0.0,123.0,0.0,46.97,0.0,44.03,23.9,34.9,44.03,15.38,25.92,44.03,15.38,24.93,44.03,15.27,23.11,44.03,14.4,22.66,51.81,9.56,27.06
SHWGY.PK,0.44,0.0,1.6,0.0,1.88,0.0,0.97,0.0,3.51,2.29,2.93,3.51,2.06,2.72,3.51,1.82,2.54,6.84,1.82,3.08,9.92,1.82,4.67,11.28,1.82,4.86
SHZHY.PK,5.23,0.0,5.53,4.93,5.9,4.93,5.39,0.01,9.4,0.0,7.04,9.4,0.0,7.05,11.15,0.0,7.87,13.83,0.0,8.63,26.71,0.0,11.96,26.71,0.0,9.54
SHZNY.PK,0.0,0.0,0.0,0.0,0.0,0.0,0.0,0.0,,,,,,,,,,,,,,,,,,
SID.N,0.93,0.6,1.01,0.89,1.31,0.89,1.06,0.83,1.83,1.24,1.53,1.83,1.24,1.54,3.98,1.24,2.05,4.03,1.24,2.32,10.32,1.24,3.46,10.32,0.73,3.14
SIEGY.PK,156.86,0.22,161.46,151.84,161.46,148.28,155.68,0.19,146.89,122.72,135.47,146.89,94.54,125.81,146.89,83.64,110.15,146.89,63.31,99.71,146.89,46.37,88.76,146.89,28.93,72.22
SIELY.PK,0.0,0.0,0.0,0.0,10.92,0.0,0.57,0.0,13.45,7.45,10.63,13.45,5.75,8.74,13.45,3.5,7.6,13.45,3.5,7.2,13.45,3.5,6.54,13.45,3.5,7.11
SIETY.PK,27.39,0.0,98.32,0.0,99.69,0.0,25.21,0.0,114.0,83.93,95.89,114.0,77.0,92.4,114.0,60.2,81.47,114.0,45.54,76.5,114.0,25.74,69.25,114.0,9.33,32.93
SIFY.O,15.8,0.07,16.88,14.64,16.89,14.56,15.76,0.09,17.85,4.48,10.33,17.85,2.85,7.37,17.85,1.82,6.21,20.22,1.82,7.5,35.34,1.82,11.17,35.34,1.82,9.42
SIG.N,84.98,0.37,88.02,81.38,93.3,81.38,86.44,0.34,110.19,73.65,90.34,110.19,45.62,76.48,111.72,45.62,85.28,111.72,45.62,81.84,111.72,27.18,76.44,135.58,5.61,63.27
SIGCY.PK,12.05,0.0,17.61,0.0,17.61,0.0,13.31,0.0,19.07,9.73,13.78,23.2,9.73,16.9,23.2,0.0,16.17,27.83,0.0,12.64,27.83,0.0,8.04,27.83,0.0,4.01
SIGI.O,97.43,0.9,100.4,94.25,100.4,87.3,94.09,0.67,91.63,71.75,80.45,96.49,71.75,83.95,109.58,71.75,90.34,109.58,71.75,93.31,109.58,62.81,88.06,109.58,29.27,71.49
SIGIP.O,15.97,0.11,16.14,15.55,16.19,15.45,15.96,0.09,18.71,16.66,17.49,18.74,16.61,17.53,20.3,16.61,18.12,20.3,15.17,17.72,27.36,15.17,19.63,27.36,15.17,19.73
SII.N,112.64,0.03,120.0,104.6,137.75,103.65,117.0,0.03,102.3,61.99,79.21,102.3,39.51,64.7,102.3,31.5,52.86,102.3,28.04,46.56,102.3,28.04,43.46,102.3,28.04,42.66
SILA.K,17.34,1.43,30.38,0.0,30.38,0.0,25.52,0.91,26.27,21.94,24.2,27.5,21.94,24.63,27.5,0.0,23.97,27.5,0.0,23.95,30.44,0.0,24.08,30.44,0.0,24.08
SILA.N,17.34,0.77,30.38,0.0,30.38,0.0,25.52,0.37,,,,,,,,,,,,,,,,,,
SILXY.PK,18.75,0.01,19.55,18.0,21.15,0.0,17.11,0.01,35.5,11.21,21.3,35.5,8.25,17.43,35.5,8.25,17.06,35.5,8.25,15.66,35.5,3.31,13.13,35.5,0.56,10.91
SIM.N,0.0,0.0,0.0,0.0,0.0,0.0,0.0,0.0,29.45,27.58,28.45,29.45,26.24,27.63,31.73,26.24,27.95,38.22,26.24,28.89,38.22,20.5,28.75,38.22,6.12,24.51
SIMO.O,318.91,0.85,349.99,286.09,355.0,239.15,301.43,0.87,106.6,70.12,85.61,106.6,37.21,70.9,106.6,37.21,68.95,106.6,37.21,66.27,106.6,37.21,68.3,106.6,26.72,56.07
SIND.N,10.3,0.27,12.29,0.0,12.29,0.0,8.01,0.21,,,,,,,,,,,,,,,,,,
SINGF.PK,3.23,0.0,5.88,0.0,5.88,0.0,2.9,0.03,5.92,4.53,5.18,5.92,4.16,5.08,5.92,3.99,4.95,5.97,3.96,4.87,5.97,2.99,4.29,6.18,2.39,4.25
SINGY.PK,11.85,0.05,12.17,11.69,12.17,10.62,11.37,0.09,11.71,9.28,10.23,11.71,8.74,10.11,11.71,8.59,9.9,11.84,7.99,9.74,11.84,5.93,8.83,14.68,4.8,9.39
SION.O,42.95,0.5,45.0,40.44,45.0,32.26,38.86,0.45,45.0,16.14,29.84,45.0,7.26,23.1,45.0,7.26,23.1,45.0,7.26,23.1,45.0,7.26,23.1,45.0,7.26,23.1
SIRI.O,29.44,4.98,31.16,27.59,31.16,26.69,28.37,6.77,24.92,19.83,22.31,27.41,18.69,22.41,56.8,18.69,27.9,79.5,18.69,33.61,79.5,18.69,44.61,79.5,18.69,49.21
SITE.K,113.39,0.93,117.83,109.4,117.83,101.91,109.21,0.86,154.0,116.08,131.14,154.0,101.25,128.28,188.01,101.25,138.78,188.01,101.25,142.32,260.0,97.36,151.39,260.0,25.49,112.74
SITE.N,113.39,0.3,117.61,109.54,117.61,101.98,109.21,0.26,,,,,,,,,,,,,,,,,,
SITIY.PK,29.24,0.0,42.62,0.0,46.93,0.0,32.81,0.0,39.83,27.96,34.81,39.83,19.4,30.17,39.83,13.46,25.54,39.83,13.02,22.05,42.82,13.02,24.54,42.82,5.62,21.08
SITM.O,674.98,0.96,757.8,586.15,769.47,586.15,692.11,0.69,387.52,186.49,272.37,387.52,105.4,230.32,387.52,72.39,185.08,387.52,72.39,162.47,387.52,72.39,162.0,387.52,15.42,141.55
SJM.N,114.19,0.59,117.25,110.95,117.3,101.35,113.1,0.66,114.74,97.51,105.99,121.41,93.47,107.45,134.33,93.47,112.78,163.06,93.47,121.99,163.06,93.47,126.24,163.06,91.34,122.23
SJMHF.PK,0.03,0.0,0.19,0.0,0.26,0.0,0.07,0.0,0.43,0.3,0.36,0.43,0.27,0.34,0.43,0.27,0.33,0.64,0.27,0.38,1.48,0.27,0.64,1.48,0.27,0.81
SJMHY.PK,0.21,0.0,0.75,0.0,0.85,0.0,0.16,0.0,1.59,0.98,1.31,1.59,0.93,1.18,1.7,0.93,1.28,2.55,0.93,1.52,5.22,0.93,2.41,5.27,0.93,2.81
SKBSY.PK,26.86,0.01,27.67,26.35,27.67,24.51,26.21,0.02,29.12,23.02,25.82,29.12,17.75,24.46,29.12,15.85,21.73,29.12,12.97,19.78,30.15,11.74,20.67,30.15,11.74,20.72
SKE.N,27.18,0.24,29.32,25.34,32.37,24.58,27.44,0.44,26.05,13.81,18.04,26.05,8.54,14.78,26.05,3.29,10.55,26.05,3.05,8.76,26.05,3.05,8.5,26.05,3.05,8.5
SKFRY.PK,26.08,0.02,27.56,25.1,27.56,24.68,25.79,0.02,27.59,22.54,25.25,27.59,15.86,23.07,27.59,15.86,21.49,27.59,15.39,20.29,30.5,12.57,20.77,30.5,11.13,19.76
SKHHY.PK,14.41,0.08,15.16,13.87,15.16,13.15,14.11,0.11,19.25,13.0,15.63,19.25,13.0,16.32,22.37,13.0,17.3,24.8,13.0,18.77,34.3,13.0,21.75,34.3,11.74,19.88
SKHSY.PK,20.91,0.06,21.78,20.18,21.78,19.71,20.53,0.1,23.88,20.2,22.16,24.82,20.2,22.34,28.93,20.03,22.99,28.93,16.98,22.0,28.93,15.87,20.97,28.93,13.66,19.21
SKLTY.PK,18.05,0.01,18.6,17.38,20.02,17.38,18.41,0.01,40.12,29.94,33.72,40.12,22.83,31.16,40.12,22.83,31.45,40.12,22.83,31.36,52.11,22.83,31.57,52.11,19.38,31.45
SKM.N,32.21,0.43,34.67,30.92,41.35,30.92,35.2,0.57,23.8,19.67,21.35,23.8,19.67,21.45,24.58,19.67,21.67,24.58,18.28,21.29,55.24,18.28,26.79,55.24,18.28,32.45
SKPJY.PK,9.27,0.0,33.29,0.0,33.29,0.0,3.42,0.0,,,,,,,,,,,,,,,,,,
SKSUY.PK,11.59,0.0,81.14,0.0,81.14,0.0,11.92,0.0,97.95,80.16,88.7,97.95,78.1,86.1,97.95,69.95,80.8,97.95,69.85,79.54,97.95,58.27,76.02,103.12,55.9,75.07
SKT.N,39.88,0.54,41.5,39.07,41.5,36.74,39.7,0.55,34.85,29.27,32.97,36.75,28.73,32.54,37.57,25.67,31.23,37.57,17.24,28.06,37.57,9.62,23.64,42.19,4.05,23.14
SKWD.O,59.18,1.19,62.2,54.12,62.2,45.26,53.42,0.68,57.65,44.09,49.04,65.05,41.28,50.98,65.05,29.4,45.18,65.05,17.5,38.53,65.05,17.5,38.53,65.05,17.5,38.53
SKY.N,86.45,0.39,90.48,82.24,90.48,74.35,82.6,0.36,89.39,60.22,74.71,110.0,59.44,80.57,116.4,59.44,81.92,116.4,51.5,76.49,116.4,29.4,68.4,116.4,3.36,43.71
SKYT.O,34.75,0.76,36.0,33.55,39.0,33.55,35.68,0.76,24.23,8.49,14.47,24.23,5.67,11.76,24.23,5.63,10.47,24.23,4.73,9.9,36.8,4.43,12.0,36.8,4.43,12.0
SKYW.O,98.52,0.53,101.34,95.0,101.34,83.27,93.66,0.47,123.94,91.84,105.92,135.57,74.7,102.35,135.57,48.28,90.57,135.57,16.14,71.8,135.57,14.76,57.26,135.57,10.58,50.03
SLAB.O,218.3,0.82,219.68,216.51,220.9,216.51,218.74,0.6,153.71,115.5,133.83,160.0,82.82,130.28,160.0,82.82,125.34,194.68,74.56,130.71,211.98,74.56,137.58,211.98,36.56,111.1
SLB.N,46.18,4.01,47.47,44.59,57.35,44.59,50.05,4.57,40.88,31.65,35.52,44.66,31.14,36.63,55.69,31.14,41.45,62.11,31.14,45.39,62.11,21.24,41.43,87.83,11.87,47.81
SLCJY.PK,2.22,0.2,2.74,0.0,2.93,0.0,2.59,0.14,3.16,2.53,2.79,3.91,2.41,2.85,3.91,2.41,2.94,4.54,2.41,3.13,5.09,2.12,3.24,5.09,0.72,2.67
SLDE.O,19.78,2.11,21.79,18.02,21.79,16.25,18.0,1.41,21.66,12.53,16.54,25.9,12.53,16.83,25.9,12.53,16.83,25.9,12.53,16.83,25.9,12.53,16.83,25.9,12.53,16.83
SLDP.O,2.59,5.03,2.72,2.47,3.07,2.47,2.72,4.81,8.86,2.05,4.65,8.86,0.68,3.06,8.86,0.68,2.28,8.86,0.68,2.29,14.85,0.68,4.3,14.85,0.68,4.3
SLF.N,78.48,0.1,80.0,77.39,80.0,73.09,77.26,0.12,66.57,56.28,60.28,66.81,52.44,59.75,66.81,46.45,56.74,66.81,43.56,54.22,66.81,37.96,52.64,66.81,24.34,45.44
SLFPY.PK,1.84,0.0,12.91,0.0,12.91,0.0,1.36,0.0,11.4,9.9,10.61,11.4,6.36,9.66,11.4,6.36,8.47,12.15,6.36,8.81,18.92,5.57,9.93,54.29,5.57,14.95
SLG.N,52.03,0.45,53.46,48.89,53.46,48.26,51.01,0.44,66.26,40.26,54.29,69.61,40.26,57.12,82.75,40.26,58.42,82.75,19.07,49.87,85.63,19.07,55.76,120.68,19.07,72.62
SLG_pi.N,21.31,0.01,21.68,20.82,21.68,20.82,21.32,0.01,23.44,20.43,22.12,23.97,20.43,22.29,24.87,19.73,22.43,24.87,15.15,21.24,26.97,15.15,22.69,27.5,0.0,23.87
SLGN.K,46.13,1.0,46.96,44.69,46.96,36.08,42.79,0.99,57.04,36.15,44.47,57.61,36.15,48.46,58.14,36.15,48.36,58.14,36.15,47.93,58.14,35.61,45.94,58.14,22.24,37.55
SLGN.N,46.13,0.37,46.94,44.71,46.94,36.13,42.79,0.36,,,,,,,,,,,,,,,,,,
SLI.N,2.78,0.03,3.12,2.66,3.67,2.66,3.17,0.03,6.38,1.93,3.51,6.38,1.08,2.54,6.38,1.06,2.0,6.38,1.06,2.51,12.89,1.06,3.78,12.89,1.06,3.78
SLLDY.PK,10.89,0.06,11.36,10.58,11.42,10.22,10.86,0.06,12.35,9.38,10.42,12.35,7.19,9.87,12.35,6.6,9.27,12.35,5.16,8.42,12.35,5.02,8.13,16.63,4.95,9.0
SLM.O,25.56,3.6,26.14,24.0,26.14,21.26,23.71,3.21,34.97,24.87,29.32,34.97,23.81,29.62,34.97,18.04,25.72,34.97,10.81,22.16,34.97,10.81,20.3,34.97,5.09,14.91
SLMBP.O,74.13,0.01,75.06,72.5,75.14,72.5,74.66,0.0,83.05,70.58,75.32,83.15,65.5,75.05,83.15,65.5,74.83,83.15,53.2,70.38,83.15,49.82,65.82,83.15,18.91,61.36
SLNLY.PK,0.0,0.0,0.0,0.0,0.0,0.0,0.0,0.0,,,,,,,,,,,,,,,,,,
SLNO.O,0.0,0.0,0.0,0.0,0.0,0.0,0.0,0.0,90.32,41.8,64.48,90.32,41.5,63.26,90.32,35.7,55.03,90.32,1.81,40.17,90.32,0.85,28.31,146.99,0.85,36.46
SLOIY.PK,65.13,0.01,68.4,62.28,94.0,60.0,70.98,0.01,23.15,13.13,18.02,29.95,13.13,22.28,83.78,13.13,51.72,91.5,13.13,57.05,135.0,13.13,73.75,135.0,13.13,74.01
SLSR.K,8.29,0.18,8.77,7.73,10.47,7.73,8.72,0.15,8.39,4.51,6.12,8.39,2.5,4.98,8.39,1.9,3.93,8.39,1.9,4.05,13.41,1.9,5.7,13.41,1.9,5.54
SLTCY.PK,6.78,0.0,10.11,0.0,10.6,0.0,6.27,0.0,,,,,,,,,,,,,,,,,,
SLVM.K,38.46,0.41,40.8,36.83,42.26,36.83,39.4,0.36,53.49,37.52,45.92,82.06,37.52,54.97,98.02,37.52,62.67,98.02,37.33,56.75,98.02,22.94,51.03,98.02,22.94,51.03
SLVM.N,38.46,0.18,40.76,36.85,42.24,36.85,39.4,0.15,,,,,,,,,,,,,,,,,,
SLVYY.PK,2.98,0.03,3.03,2.9,3.18,2.9,3.02,0.02,3.52,2.8,3.18,3.86,2.8,3.26,4.38,2.34,3.27,4.38,0.74,3.04,4.38,0.74,2.8,4.38,0.74,2.66
SM.N,26.29,1.46,26.92,25.47,33.55,25.47,28.21,1.34,29.23,17.59,23.61,44.95,17.59,26.7,53.26,17.59,35.34,53.26,17.59,34.85,54.97,5.9,32.98,54.97,0.9,25.43
SMA.N,33.05,0.37,33.85,32.28,33.85,30.91,32.62,0.27,39.37,30.44,35.1,39.37,29.89,35.15,39.37,29.89,35.15,39.37,29.89,35.15,39.37,29.89,35.15,39.37,29.89,35.15
SMAWF.PK,309.77,0.01,325.85,303.46,332.9,292.7,308.95,0.01,295.0,246.06,270.98,295.0,185.93,251.59,295.0,163.79,219.98,295.0,125.53,199.08,295.0,92.5,177.81,295.0,64.4,152.54
SMBMY.PK,0.0,0.0,0.0,0.0,15.0,0.0,0.79,0.0,18.85,15.06,17.1,18.85,13.76,16.62,24.8,1.1,13.97,25.0,1.1,16.71,25.75,1.1,16.79,369.78,1.1,47.09
SMCAY.PK,22.57,0.16,23.52,21.68,23.52,18.94,21.73,0.21,19.01,14.31,16.82,20.44,14.3,17.43,31.42,14.3,21.03,31.42,14.3,22.46,37.1,14.3,24.62,37.1,10.35,21.56
SMCI.O,28.84,52.57,33.68,26.7,44.95,26.7,31.47,76.74,62.36,29.02,44.46,66.44,25.71,41.43,122.9,17.25,52.66,122.9,6.9,41.93,122.9,3.05,26.97,122.9,0.85,14.63
SMCIP.PK,50.79,2.41,56.89,47.44,62.38,0.0,44.34,4.35,0.0,0.0,0.0,0.0,0.0,0.0,0.0,0.0,0.0,0.0,0.0,0.0,0.0,0.0,0.0,0.0,0.0,0.0
SMDPY.PK,0.0,0.0,0.0,0.0,9.95,0.0,1.49,0.0,,,,,,,,,,,,,,,,,,
SMECF.PK,449.7,0.0,481.47,422.8,482.4,367.62,430.52,0.0,401.0,281.0,338.73,417.75,281.0,350.58,622.0,281.0,421.33,622.0,281.0,449.05,744.23,281.0,492.02,744.23,196.02,430.7
SMERY.PK,37.1,0.75,39.0,34.83,198.96,34.83,112.15,0.43,146.99,97.46,119.86,146.99,50.0,96.76,146.99,12.09,62.56,146.99,7.21,47.64,146.99,0.0,38.32,146.99,0.0,19.27
SMFG.K,24.13,1.74,25.51,23.5,25.51,22.77,24.07,2.16,19.83,14.4,16.68,19.83,11.83,15.75,19.83,9.56,14.1,19.83,7.53,12.38,19.83,5.38,10.1,19.83,4.49,8.58
SMFG.N,24.13,0.36,25.51,23.5,25.51,22.77,24.07,0.53,,,,,,,,,,,,,,,,,,
SMFNF.PK,40.78,0.04,43.36,37.38,43.97,37.38,40.46,0.03,34.65,22.25,27.55,34.65,19.67,26.02,34.65,15.59,23.28,34.65,12.79,20.66,34.65,9.04,18.39,34.65,7.08,16.15
SMG.N,68.51,0.28,71.17,65.06,71.17,56.52,64.63,0.27,70.59,52.06,59.58,78.97,45.65,60.36,93.89,45.65,65.23,93.89,43.67,64.38,254.14,39.1,94.87,254.14,39.1,95.0
SMGZY.PK,34.31,0.02,35.08,33.4,35.08,33.06,34.2,0.03,34.28,30.45,32.46,34.28,20.81,29.43,34.28,19.34,25.52,34.28,18.49,23.92,34.28,15.88,22.27,34.28,9.13,20.71
SMHRY.PK,0.0,0.0,0.0,0.0,0.0,0.0,0.0,0.0,2.21,2.21,2.21,2.21,2.21,2.21,2.21,2.21,2.21,2.21,2.21,2.21,2.21,2.21,2.21,2.21,2.21,2.21
SMMNY.PK,19.62,0.15,19.99,19.33,20.61,19.33,19.8,0.16,28.92,23.46,26.86,30.19,23.28,27.03,31.73,23.28,27.73,31.92,23.28,27.56,38.23,19.44,28.25,38.23,16.19,26.1
SMMT.O,14.69,5.03,15.94,13.88,15.94,12.55,14.21,6.44,30.98,15.62,21.53,36.91,15.55,21.49,36.91,2.1,16.12,36.91,1.25,11.47,36.91,0.66,8.47,36.91,0.66,7.46
SMMYY.PK,11.71,0.27,12.28,11.27,14.47,11.27,12.6,0.2,10.5,5.46,7.52,10.5,4.07,6.56,10.5,4.07,6.87,10.5,4.07,7.35,13.78,4.07,8.38,13.78,3.98,7.96
SMNNY.PK,10.76,0.07,11.65,10.52,11.65,9.63,10.45,0.12,15.07,9.36,11.37,15.16,9.36,12.63,19.69,9.36,14.17,19.69,9.36,14.67,32.88,9.36,17.68,32.88,9.36,16.69
SMNR.PK,0.78,0.1,1.31,0.45,4.89,0.0,1.19,0.07,23.0,9.0,17.23,23.0,9.0,13.58,23.0,4.05,9.39,23.0,4.05,9.98,23.0,4.05,10.0,23.0,4.05,10.0
SMPL.O,13.14,2.61,13.84,12.25,13.84,11.7,12.66,2.22,34.19,18.45,25.17,40.01,18.45,30.19,43.0,18.45,32.99,43.0,18.45,34.24,45.77,18.45,34.79,45.77,10.93,28.46
SMPNY.PK,19.58,0.11,21.67,18.51,21.67,18.51,19.46,0.17,17.79,13.93,15.62,17.79,12.44,15.27,17.79,7.96,12.97,17.79,6.51,11.07,17.79,5.97,9.58,17.79,3.98,9.29
SMR.N,10.0,6.58,10.86,9.56,11.84,9.13,10.23,6.57,57.33,13.98,34.23,57.33,11.09,28.6,57.33,1.88,19.5,57.33,1.81,15.37,57.33,1.81,13.44,57.33,1.81,13.4
SMSEY.PK,9.1,0.01,9.47,8.8,10.5,8.8,9.46,0.02,13.09,9.25,11.06,15.16,0.0,11.19,20.06,0.0,12.84,20.06,0.0,13.6,20.06,0.0,12.03,24.06,0.0,13.21
SMSMY.PK,18.66,0.0,19.8,17.55,21.35,17.55,19.41,0.0,12.88,8.16,10.29,12.88,7.01,9.71,12.88,6.34,8.78,12.88,6.34,9.04,16.99,6.34,9.99,16.99,3.18,9.01
SMSSY.PK,0.0,0.0,0.0,0.0,6.57,0.0,0.35,0.0,,,,,,,,,,,,,,,,,,
SMTC.O,150.17,5.54,170.95,130.37,177.35,130.37,157.52,4.64,81.32,42.38,62.62,81.32,24.05,52.73,81.32,18.16,44.66,81.32,13.13,37.93,94.92,13.13,47.78,94.92,13.13,44.65
SMTGY.PK,0.84,0.0,5.91,0.0,6.84,0.0,3.5,0.0,4.41,1.83,2.97,4.41,1.27,2.48,6.6,1.22,2.8,12.16,1.22,4.49,12.16,1.22,4.75,12.16,1.22,4.78
SMTOY.PK,55.13,0.13,78.0,7.91,89.13,7.91,68.05,0.09,45.75,20.95,31.41,45.75,12.12,24.81,45.75,12.12,20.24,45.75,10.24,17.55,45.75,9.96,15.82,45.75,8.34,14.93
SN.N,148.4,0.45,154.0,140.6,154.0,116.82,138.98,0.48,128.0,83.25,106.38,128.0,60.59,100.34,128.0,45.94,89.34,128.0,25.25,80.88,128.0,25.25,80.88,128.0,25.25,80.88
SNA.N,403.97,0.14,414.51,393.79,414.51,378.22,392.61,0.16,357.0,310.56,334.64,365.78,290.09,331.79,373.42,252.98,312.35,373.42,227.19,295.23,373.42,166.0,263.98,373.42,91.16,210.65
SNAP.K,4.56,43.61,4.88,4.27,5.94,4.27,4.9,47.76,10.41,6.9,8.1,13.28,6.9,8.71,17.75,6.9,10.66,17.9,6.9,10.71,83.34,6.9,22.78,83.34,4.82,20.08
SNAP.N,4.56,7.38,4.87,4.27,5.94,4.27,4.9,8.74,,,,,,,,,,,,,,,,,,
SNBOY.PK,0.0,0.0,0.0,0.0,0.0,0.0,0.0,0.0,,,,,,,2.81,2.81,2.81,2.81,2.81,2.81,2.81,2.81,2.81,2.81,2.81,2.81
SNCHQ.PK,0.0,0.0,0.0,0.0,0.0,0.0,0.0,0.0,,,,,,,0.0,0.0,0.0,0.0,0.0,0.0,0.0,0.0,0.0,0.0,0.0,0.0
SNCPF.PK,0.0,0.0,0.0,0.0,0.0,0.0,0.0,0.0,55.0,54.3,54.65,55.0,43.0,50.77,55.0,20.45,33.49,55.0,14.16,28.9,55.0,11.2,26.07,55.0,5.6,22.06
SNDA.N,40.56,0.49,42.74,38.32,42.74,33.32,37.42,0.36,33.5,23.8,27.66,33.5,19.34,25.74,34.26,0.0,25.02,34.26,0.0,19.74,58.37,0.0,23.49,312.6,0.0,83.19
SNDFY.PK,0.0,0.0,0.0,0.0,0.0,0.0,0.0,0.0,,,,,,,18.0,18.0,18.0,18.0,18.0,18.0,18.0,18.0,18.0,18.0,18.0,18.0
SNDK.O,2038.78,13.17,2348.0,1693.0,2354.39,1536.0,1971.56,11.9,284.76,40.1,129.34,284.76,27.88,92.42,284.76,27.88,92.42,284.76,27.88,92.42,284.76,27.88,92.42,284.76,27.88,92.42
SNDR.K,36.25,0.83,37.16,35.19,39.27,34.88,36.62,1.08,27.74,20.11,24.03,31.19,20.11,24.57,33.9,20.11,25.05,33.9,20.11,25.64,33.9,20.11,24.91,33.9,14.06,23.3
SNDR.N,36.25,0.35,37.14,35.2,39.27,34.89,36.62,0.44,,,,,,,,,,,,,,,,,,
SNDX.O,21.36,2.65,22.34,19.8,22.34,16.66,19.57,2.18,22.73,8.59,15.27,22.73,8.58,13.93,25.34,8.58,17.09,29.86,8.58,18.05,29.86,8.58,18.59,29.86,3.39,14.77
SNEJF.PK,20.7,0.01,21.97,18.68,23.9,18.68,20.74,0.19,31.45,22.47,27.54,31.45,18.69,25.62,31.45,14.32,22.09,31.45,14.32,20.66,31.45,12.13,19.88,31.45,3.87,15.36
SNEX.O,124.8,1.34,139.18,114.26,141.99,114.26,128.98,1.21,106.98,80.28,94.9,106.98,64.42,87.68,106.98,41.12,69.95,106.98,33.08,60.58,106.98,23.25,49.26,106.98,10.79,33.8
SNFRY.PK,0.0,0.0,0.0,0.0,0.0,0.0,0.0,0.0,0.0,0.0,0.0,0.0,0.0,0.0,0.0,0.0,0.0,0.0,0.0,0.0,0.0,0.0,0.0,0.0,0.0,0.0
SNHIY.PK,0.0,0.0,0.0,0.0,0.0,0.0,0.0,0.0,,,,,,,,,,,,,,,,,,
SNIRY.PK,0.0,0.0,0.0,0.0,0.0,0.0,0.0,0.0,,,,,,,,,,,,,,,,,,
SNLAY.PK,6.75,0.01,7.1,6.03,7.94,6.03,7.1,0.01,7.25,5.15,6.37,7.25,4.5,5.66,7.25,4.5,5.48,7.25,4.5,5.63,8.07,4.5,6.07,9.59,4.5,6.48
SNMCY.PK,13.23,0.05,13.71,12.85,13.71,12.38,13.12,0.09,15.25,10.2,13.15,16.04,9.0,13.07,16.04,8.9,12.43,16.04,7.36,11.05,16.04,6.12,9.64,16.04,4.34,9.32
SNMRY.PK,14.28,0.07,14.59,13.93,15.17,13.93,14.51,0.06,13.37,11.47,12.31,13.37,8.74,11.41,13.37,8.5,10.45,13.37,8.5,10.37,13.37,7.62,10.57,13.37,6.82,10.17
SNMSF.PK,8.17,0.02,15.11,0.0,15.11,0.0,9.3,0.02,19.29,13.0,15.46,24.05,13.0,16.91,26.76,13.0,19.84,29.19,13.0,21.9,45.0,13.0,26.92,47.25,6.83,27.55
SNN.N,29.84,0.33,30.64,28.56,31.4,28.56,30.16,0.24,38.79,29.27,34.37,38.79,23.69,31.01,38.79,23.65,29.07,38.79,21.53,28.73,46.06,21.53,30.86,52.25,21.53,34.09
SNOW.K,252.23,8.74,266.0,217.48,266.0,217.48,241.45,7.04,280.67,188.0,229.41,280.67,120.1,203.03,280.67,107.13,176.83,280.67,107.13,171.34,405.0,107.13,196.29,429.0,107.13,200.88
SNOW.N,252.23,2.68,266.0,217.67,266.0,217.67,241.45,1.85,,,,,,,,,,,,,,,,,,
SNPHY.PK,13.36,0.0,13.92,12.76,13.92,11.46,12.57,0.0,11.83,9.22,10.61,12.04,8.65,10.35,13.0,8.65,10.56,13.0,7.13,9.91,17.11,6.2,10.49,20.93,6.2,13.27
SNPMF.PK,0.3,0.0,0.56,0.0,0.57,0.0,0.34,0.05,0.6,0.48,0.54,0.61,0.46,0.54,0.7,0.45,0.56,0.7,0.45,0.56,0.7,0.39,0.54,1.08,0.39,0.6
SNPRY.PK,0.0,0.0,0.0,0.0,0.0,0.0,0.0,0.0,,,,,,,,,,0.0,0.0,0.0,0.0,0.0,0.0,0.0,0.0,0.0
SNPS.O,448.09,2.26,465.55,432.63,487.55,432.63,455.59,2.13,651.73,376.18,504.76,651.73,365.74,490.57,651.73,365.74,517.2,651.73,312.25,488.25,651.73,217.69,413.63,651.73,39.26,259.39
SNPTF.PK,0.0,0.0,0.0,0.0,0.0,0.0,0.0,0.0,11.62,8.27,9.76,11.75,6.95,9.22,11.75,4.54,7.18,14.72,4.54,8.82,32.09,4.54,16.89,32.09,1.99,14.48
SNROY.PK,7.8,0.0,14.53,0.0,14.53,0.0,8.21,0.0,20.01,0.0,1.6,20.01,0.0,0.82,20.01,0.0,0.41,20.01,0.0,0.27,20.01,0.0,0.16,20.01,0.0,0.08
SNWGF.PK,9.01,0.18,9.8,7.94,9.8,7.94,8.93,0.21,13.81,5.83,8.58,13.81,3.57,6.89,13.81,2.7,5.43,13.81,1.55,4.56,13.81,0.18,3.2,13.81,0.18,3.2
SNX.N,260.89,0.37,292.41,237.75,296.33,237.75,273.06,0.33,167.53,134.32,150.41,167.53,92.25,138.2,167.53,92.25,126.79,167.53,86.41,116.9,167.53,79.07,112.14,167.53,21.29,78.4
SNY.O,42.61,4.26,43.48,41.27,44.85,40.89,42.96,4.41,52.68,44.62,48.92,60.12,44.62,50.71,60.12,44.62,50.61,60.12,42.63,50.79,60.12,36.91,50.08,60.12,36.61,47.07
SO.N,96.37,2.48,97.98,95.09,97.98,90.93,94.63,2.74,100.82,83.81,92.32,100.82,80.46,90.32,100.82,65.8,84.95,100.82,58.85,79.74,100.82,56.69,74.63,100.82,41.98,63.2
SOAGY.PK,52.16,0.01,53.23,50.91,56.1,48.1,52.26,0.01,60.65,40.94,50.64,60.65,0.0,49.99,83.59,0.0,54.2,95.26,0.0,55.86,128.99,0.0,37.92,128.99,0.0,19.0
SOBKY.PK,12.74,0.31,13.16,12.46,13.46,12.46,12.95,0.3,17.25,13.24,14.76,17.25,11.82,14.52,17.25,11.48,13.66,17.25,10.21,12.89,17.73,9.27,12.66,17.73,0.0,7.88
SOBO.K,35.38,0.89,36.72,34.07,38.45,34.07,36.22,1.04,29.19,25.02,27.18,29.19,21.16,26.23,29.19,21.12,25.86,29.19,21.12,25.86,29.19,21.12,25.86,29.19,21.12,25.86
SOC.N,5.37,5.22,7.86,2.88,13.79,2.88,8.64,2.86,32.13,3.72,17.54,34.97,3.72,20.89,34.97,3.72,18.51,34.97,3.72,16.44,34.97,3.72,14.04,34.97,3.72,14.04
SOFI.O,18.08,81.96,19.19,16.82,19.19,15.65,17.4,84.7,32.73,17.35,25.8,32.73,8.6,19.94,32.73,6.01,14.36,32.73,4.43,12.03,32.73,4.24,12.31,32.73,4.24,12.29
SOHGY.PK,0.0,0.0,0.0,0.0,0.0,0.0,0.0,0.0,,,,,,,0.0,0.0,0.0,0.0,0.0,0.0,0.0,0.0,0.0,0.0,0.0,0.0
SOHVY.PK,1.19,0.0,8.32,0.0,8.32,0.0,1.29,0.0,7.6,4.95,6.22,7.6,4.66,5.65,7.67,4.66,5.81,7.67,4.66,5.8,7.72,4.46,5.95,9.46,4.46,6.37
SOJC.N,20.49,0.05,20.69,20.32,21.05,20.32,20.7,0.02,24.04,21.35,22.56,24.04,21.08,22.2,25.06,21.08,23.04,25.06,20.39,23.3,27.39,20.33,24.03,27.46,0.0,19.8
SOJD.N,19.28,0.11,19.43,19.17,19.67,19.17,19.41,0.05,22.4,19.84,20.82,22.4,19.52,20.65,24.55,19.52,21.67,24.55,19.32,21.79,27.49,18.76,22.86,27.6,0.0,13.91
SOJE.N,16.96,0.06,17.08,16.77,17.08,16.68,16.9,0.04,19.7,17.38,18.3,19.7,16.99,18.2,22.34,16.99,19.27,22.34,16.99,19.41,26.89,16.99,20.77,26.92,0.0,11.08
SOJF.N,25.05,0.05,25.22,24.81,25.45,24.81,25.11,0.04,26.61,25.25,25.93,26.99,0.0,24.91,26.99,0.0,12.41,26.99,0.0,8.28,26.99,0.0,4.96,26.99,0.0,2.48
SOLS.O,81.7,4.04,90.25,66.67,90.25,66.67,82.83,2.48,61.0,40.43,47.08,61.0,40.43,47.08,61.0,40.43,47.08,61.0,40.43,47.08,61.0,40.43,47.08,61.0,40.43,47.08
SOLV.K,78.2,1.42,80.6,76.29,82.72,73.04,77.59,1.52,88.2,66.11,74.95,88.2,60.7,73.81,96.05,47.16,69.44,96.05,47.16,69.44,96.05,47.16,69.44,96.05,47.16,69.44
SOLV.N,78.2,0.58,80.6,76.29,82.72,73.07,77.59,0.59,,,,,,,,,,,,,,,,,,
SOMLY.PK,9.94,0.13,10.47,9.35,10.47,9.35,9.99,0.12,10.31,8.06,8.99,10.31,7.83,8.9,10.75,7.06,8.76,10.75,6.67,8.57,12.28,5.0,8.74,12.78,5.0,9.36
SOMMY.PK,14.0,0.0,16.82,0.0,18.0,0.0,11.47,0.0,16.85,11.82,14.44,16.85,9.95,12.88,16.85,9.55,12.35,19.36,9.55,13.32,28.5,9.55,17.25,39.13,9.55,20.85
SOMN.N,50.09,0.06,50.77,49.43,51.06,48.56,49.82,0.03,51.08,0.0,13.17,51.08,0.0,6.74,51.08,0.0,3.36,51.08,0.0,2.24,51.08,0.0,1.34,51.08,0.0,0.67
SON.N,56.01,0.39,57.8,53.82,57.8,46.96,52.49,0.45,50.09,38.66,43.79,50.09,38.66,44.86,61.71,38.66,49.78,63.71,38.66,52.37,69.83,38.66,55.94,69.83,36.58,54.59
SONO.O,13.58,2.64,14.28,13.08,15.77,13.08,14.32,2.26,19.82,10.11,15.14,19.82,7.62,13.31,19.82,7.62,14.2,21.98,7.62,14.89,44.72,7.62,20.04,44.72,6.58,17.86
SONVY.PK,48.68,0.02,51.76,47.06,52.26,47.06,49.22,0.02,61.1,47.55,55.15,71.5,47.55,58.94,77.56,47.55,61.95,77.56,45.54,59.24,87.61,41.59,61.75,87.61,22.55,48.66
SONY.K,20.24,5.5,21.19,19.32,22.24,19.32,20.43,5.8,30.34,23.0,27.06,30.34,19.2,25.22,30.34,14.53,21.38,30.34,14.53,19.97,30.34,11.94,19.55,30.34,3.85,14.5
SONY.N,20.24,1.3,21.18,19.32,22.24,19.32,20.43,1.37,,,,,,,,,,,,,,,,,,
SOTDY.PK,0.0,0.0,0.0,0.0,10.37,0.0,0.55,0.0,12.97,11.0,11.95,15.33,11.0,13.3,15.33,11.0,13.25,15.33,11.0,13.32,23.0,11.0,14.55,23.0,11.0,14.55
SOTGY.PK,77.5,0.0,87.23,68.25,106.26,68.25,90.04,0.0,,,,,,,,,,,,,,,,,,
SOUHY.PK,14.03,0.15,15.35,13.44,16.28,13.44,14.83,0.13,12.24,8.07,10.0,12.24,7.52,10.06,13.34,7.52,10.6,17.1,7.52,11.33,20.48,7.52,12.1,20.48,2.91,11.01
SOUN.O,6.53,25.76,7.09,6.06,7.76,6.06,6.79,25.7,22.17,9.71,13.83,22.85,6.52,12.41,24.98,1.62,9.09,24.98,0.97,6.88,24.98,0.93,6.28,24.98,0.93,6.28
SPASY.PK,10.51,0.0,37.02,0.0,37.02,0.0,5.66,0.0,,,,,,,,,,,,,,,,0.0,0.0,0.0
SPB.N,85.6,0.17,87.89,83.36,87.89,80.39,84.09,0.15,63.56,50.01,55.84,87.23,50.01,62.21,96.63,50.01,74.62,96.63,50.01,73.82,107.2,38.93,76.56,125.08,19.6,76.81
SPG.N,225.38,1.33,228.36,220.04,228.36,206.16,218.38,1.19,188.96,159.47,177.15,190.14,136.34,171.84,190.14,135.22,164.44,190.14,100.17,148.54,190.14,82.1,138.23,229.05,42.26,146.95
SPG_pj.N,47.12,0.0,55.43,0.0,57.28,0.0,52.42,0.0,56.4,52.96,54.03,60.97,52.96,56.21,64.0,52.96,58.5,64.0,52.96,58.31,76.07,52.96,62.25,80.7,47.01,65.48
SPGI.K,417.31,3.26,447.7,393.03,447.7,393.03,416.73,2.68,579.05,470.0,515.13,579.05,427.14,510.15,579.05,407.69,488.35,579.05,321.14,451.14,579.05,279.32,423.74,579.05,78.55,311.16
SPGI.N,417.31,0.89,447.56,393.27,447.56,393.27,416.73,0.81,,,,,,,,,,,,,,,,,,
SPGNY.PK,3.17,0.0,11.12,0.0,11.12,0.0,1.17,0.0,0.0,0.0,0.0,0.0,0.0,0.0,0.0,0.0,0.0,0.0,0.0,0.0,0.0,0.0,0.0,0.0,0.0,0.0
SPH.N,17.4,0.03,17.75,16.9,19.56,16.55,17.65,0.14,19.59,17.3,18.61,22.24,17.24,19.24,22.24,15.2,19.07,22.28,14.43,17.92,22.28,13.84,16.98,37.06,8.64,20.33
SPHR.K,165.86,0.84,174.6,150.04,174.6,132.61,156.46,0.75,97.2,37.89,61.7,97.2,23.89,49.74,97.2,23.89,45.34,97.2,19.9,40.51,97.2,18.0,37.61,97.2,18.0,37.23
SPHR.N,165.86,0.27,174.3,150.58,174.3,133.19,156.46,0.22,,,,,,,,,,,,,,,,,,
SPIIY.PK,14.55,0.89,16.06,12.88,16.25,0.0,12.34,0.33,15.0,0.0,1.1,15.0,0.0,0.56,15.0,0.0,0.28,15.0,0.0,0.19,15.0,0.0,0.11,15.0,0.0,0.06
SPIR.N,17.57,0.37,20.19,15.51,20.19,15.35,17.64,0.47,,,,,,,,,,,,,,,,,,
SPKKY.PK,5.3,0.06,5.45,5.09,5.64,5.07,5.37,0.07,7.88,6.07,6.97,8.5,5.48,6.89,16.01,5.48,9.5,16.72,5.48,11.38,17.0,5.48,13.02,17.0,5.48,12.88
SPKOY.PK,0.0,0.0,0.0,0.0,0.0,0.0,0.0,0.0,,,,24.15,21.54,22.9,24.15,16.92,20.1,24.15,13.85,16.81,24.15,10.87,15.36,27.76,10.87,17.93
SPNT.K,23.97,1.05,24.74,22.84,24.74,21.52,23.38,0.95,22.89,17.17,19.38,22.89,13.26,18.06,22.89,10.84,15.63,22.89,5.72,13.49,22.89,4.07,11.26,22.89,4.07,11.34
SPNT.N,23.97,0.49,24.7,22.86,24.7,21.72,23.38,0.42,,,,,,,,,,,,,,,,,,
SPNT_pb.K,25.47,0.03,25.5,25.46,25.5,25.48,25.48,0.04,25.76,25.07,25.34,25.76,24.75,25.32,25.78,24.75,25.32,25.78,20.88,24.99,30.17,20.88,25.35,30.17,20.88,25.35
SPNT_PB.K,25.43,0.03,25.45,25.41,25.45,25.44,25.44,0.03,25.76,25.07,25.34,25.76,24.75,25.32,25.78,24.75,25.32,25.78,20.88,24.99,30.17,20.88,25.35,30.17,20.88,25.35
SPNT_pb.N,25.44,0.01,25.44,25.44,25.44,25.44,25.44,0.0,,,,,,,,,,,,,,,,,,
SPOT.K,466.3,1.67,489.94,438.7,515.2,438.7,472.51,1.88,769.71,548.73,662.18,785.0,443.21,632.34,785.0,185.37,478.22,785.0,79.14,368.01,785.0,69.28,296.69,785.0,69.28,252.33
SPOT.N,466.3,0.39,489.9,440.0,515.2,440.0,472.51,0.43,,,,,,,,,,,,,,,,,,
SPPSY.PK,0.0,0.0,0.0,0.0,0.0,0.0,0.0,0.0,12.87,12.87,12.87,12.87,12.87,12.87,12.87,12.87,12.87,12.87,12.87,12.87,12.87,12.87,12.87,12.87,12.87,12.87
SPRPY.PK,0.0,0.0,0.0,0.0,0.0,0.0,0.0,0.0,10.5,5.69,7.3,10.5,5.69,7.3,10.5,5.69,7.3,10.5,5.69,7.3,10.5,5.69,7.3,10.5,5.69,7.3
SPRY.O,8.28,2.84,8.97,7.5,10.87,7.5,9.2,1.98,18.63,6.66,12.04,18.9,6.66,12.63,18.9,5.19,11.61,18.9,2.55,9.86,63.41,2.55,12.45,63.41,2.55,12.77
SPSC.O,58.12,0.76,60.35,53.98,61.56,51.26,56.01,0.83,143.55,73.05,105.86,197.59,73.05,126.3,218.74,73.05,157.24,218.74,73.05,159.45,218.74,73.05,143.99,218.74,19.18,93.82
SPXC.K,235.92,1.63,251.08,221.86,251.08,217.74,235.07,1.05,233.71,165.33,194.43,233.71,115.0,170.26,233.71,95.0,154.35,233.71,61.09,129.02,233.71,41.66,100.49,233.71,7.62,65.86
SPXC.N,235.92,0.73,249.38,222.11,249.38,218.21,235.07,0.38,,,,,,,,,,,,,,,,,,
SPXCY.PK,37.28,0.03,38.49,36.76,38.49,33.14,36.33,0.03,27.97,23.4,25.69,27.97,17.08,23.01,27.97,13.08,19.33,27.97,12.53,17.66,27.97,11.37,16.4,27.97,9.05,13.96
SPXSY.PK,45.44,0.01,46.54,44.62,47.87,44.44,45.87,0.01,49.92,40.06,45.46,51.38,34.93,44.12,69.37,34.93,47.12,75.1,34.93,50.51,114.8,34.93,55.56,114.8,34.93,55.45
SQM.N,72.72,0.24,75.7,68.67,85.36,68.67,76.63,0.29,72.34,34.78,48.38,72.34,29.4,42.87,72.34,29.4,42.73,98.63,29.4,51.56,115.7,29.4,58.38,115.7,13.88,46.25
SQNNY.PK,6.34,0.0,7.64,0.0,8.39,0.0,6.76,0.0,12.89,7.46,10.21,12.89,6.24,9.4,12.89,4.71,7.17,12.89,4.71,7.15,12.89,4.71,7.5,12.89,4.2,7.39
SR.N,79.09,0.4,80.89,77.91,82.53,75.85,78.78,0.34,91.11,71.47,80.66,91.11,65.17,77.42,91.11,56.43,70.22,91.11,53.78,68.34,91.11,53.78,68.7,91.11,50.58,70.2
SRAD.O,15.09,2.03,16.16,14.37,17.42,14.37,15.42,2.76,32.22,20.12,26.85,32.22,17.1,24.64,32.22,9.17,18.24,32.22,8.08,16.0,32.22,7.1,15.26,32.22,7.1,15.26
SRAWY.PK,0.0,0.0,0.0,0.0,0.0,0.0,0.0,0.0,,,,,,,,,,,,,,,,0.0,0.0,0.0
SRCE.O,82.06,0.19,83.9,80.0,86.64,75.5,79.29,0.16,67.39,56.89,62.29,67.77,52.14,61.46,68.12,47.3,58.59,68.12,38.77,54.44,68.12,38.73,51.81,68.12,26.07,47.6
SRE.N,93.1,1.41,94.34,91.28,94.34,88.99,91.98,1.89,95.71,73.19,86.02,95.71,61.93,81.16,95.77,61.93,79.75,95.77,61.93,77.79,95.77,57.37,75.2,95.77,43.36,67.14
SREA.N,21.03,0.07,21.35,20.71,21.43,20.71,21.02,0.04,23.77,20.65,22.51,24.23,19.66,22.16,25.46,19.66,23.24,25.46,19.66,23.47,28.47,19.66,24.43,28.47,0.0,16.2
SREDY.PK,0.0,0.0,0.0,0.0,0.0,0.0,0.0,0.0,,,,,,,,,,,,,,,,,,
SRGHY.PK,17.92,0.0,18.29,17.47,18.5,17.11,17.95,0.01,17.5,14.33,16.04,17.5,12.69,15.64,18.18,11.98,15.47,18.18,9.36,14.71,18.18,8.39,13.76,23.47,5.35,13.06
SRHBY.PK,0.0,0.0,0.0,0.0,0.0,0.0,0.0,0.0,9.86,8.15,8.68,9.86,8.15,8.92,9.86,8.15,8.84,9.86,7.33,8.65,9.89,7.33,8.87,28.56,7.33,13.1
SRJN.N,23.85,0.01,23.96,23.75,23.99,23.51,23.76,0.01,0.0,0.0,0.0,0.0,0.0,0.0,0.0,0.0,0.0,0.0,0.0,0.0,0.0,0.0,0.0,0.0,0.0,0.0
SRPT.O,17.79,5.89,19.63,15.79,19.63,14.68,16.79,3.98,25.32,10.42,19.45,129.84,10.42,45.8,173.25,10.42,87.07,173.25,10.42,96.91,174.49,10.42,93.02,181.83,8.0,89.23
SRRK.O,54.51,2.56,56.54,51.32,56.54,43.23,49.6,1.91,48.28,27.07,36.24,48.28,22.71,35.57,48.28,6.76,26.43,48.28,5.56,20.71,70.0,4.32,21.85,70.0,4.32,20.55
SRTOY.PK,20.45,0.02,20.9,18.96,20.99,17.7,20.03,0.03,25.34,0.0,5.07,25.34,0.0,5.87,30.62,0.0,8.31,31.97,0.0,9.26,43.52,0.0,5.83,43.52,0.0,2.91
SRTTY.PK,6.83,0.0,7.18,6.42,7.22,6.24,6.74,0.0,11.54,0.0,8.34,14.0,0.0,8.99,14.0,0.0,8.84,14.0,0.0,8.23,14.0,0.0,8.47,14.0,0.0,5.42
SRUUF.PK,18.69,0.34,19.3,18.2,19.61,18.2,18.7,0.37,20.5,15.82,18.0,20.5,12.55,16.81,25.1,12.55,18.36,25.1,10.65,17.0,25.1,7.5,15.24,25.1,7.5,15.24
SSAAY.PK,2.02,0.0,4.79,0.0,5.23,0.0,1.29,0.0,3.82,2.8,3.19,3.82,1.89,3.04,4.01,1.89,2.93,4.01,1.89,3.04,4.03,1.75,2.9,4.03,0.96,2.76
SSB.N,100.63,0.37,102.11,99.21,102.11,94.54,98.49,0.32,105.0,84.82,95.41,109.53,77.82,94.26,114.24,70.8,91.47,114.24,70.8,91.39,114.24,70.8,91.39,114.24,70.8,91.39
SSD.N,205.72,0.13,212.57,195.67,212.57,185.46,198.72,0.11,197.72,154.22,174.0,197.72,138.34,166.91,217.43,138.34,174.88,217.43,89.63,161.56,217.43,75.47,139.32,217.43,30.31,99.6
SSDOY.PK,16.35,0.06,17.45,15.28,17.45,15.11,16.11,0.07,19.44,13.6,16.47,20.04,13.6,16.81,33.88,13.6,21.36,52.51,13.6,28.23,79.55,13.6,39.49,84.8,13.6,45.99
SSEZY.PK,32.52,0.11,33.53,31.62,33.53,30.64,31.99,0.29,30.58,21.7,25.7,30.58,18.6,23.65,30.58,18.6,23.24,30.58,18.08,22.72,30.58,15.7,22.07,30.58,12.08,19.89
SSII.O,3.73,0.08,4.2,3.31,4.2,3.22,3.56,0.06,10.0,4.39,6.66,22.42,3.02,7.43,22.42,0.32,6.18,22.42,0.32,7.5,23.6,0.0,7.79,32.5,0.0,8.06
SSL.N,9.79,0.34,10.23,9.41,13.82,9.41,11.17,0.44,7.39,4.4,6.08,7.39,2.79,5.22,10.14,2.79,6.19,18.7,2.79,8.56,28.35,2.79,12.36,39.69,1.25,18.76
SSLZY.PK,4.97,0.2,5.17,4.89,5.98,4.89,5.22,0.21,5.38,3.93,4.63,5.38,3.17,4.41,5.59,3.17,4.64,5.59,3.17,4.73,6.36,3.17,4.92,6.36,1.53,4.39
SSMR.N,13.73,0.03,14.88,12.78,15.82,12.56,14.0,0.07,0.0,0.0,0.0,0.0,0.0,0.0,0.0,0.0,0.0,0.0,0.0,0.0,0.0,0.0,0.0,0.0,0.0,0.0
SSMXY.PK,9.16,0.12,9.78,8.61,9.78,8.01,8.91,0.15,18.1,9.0,12.56,20.31,9.0,15.27,22.0,9.0,16.64,24.38,9.0,17.76,46.27,9.0,22.93,46.27,9.0,23.29
SSNC.O,63.77,2.05,66.11,61.4,69.55,61.4,65.88,2.09,91.07,79.06,85.91,91.07,69.6,83.35,91.07,58.79,75.42,91.07,46.61,69.15,91.07,45.25,68.61,91.07,23.62,57.76
SSPPF.PK,0.0,0.0,0.0,0.0,0.0,0.0,0.0,0.0,2.5,1.71,2.26,2.5,1.71,2.22,2.91,1.71,2.45,3.39,1.71,2.78,5.5,1.71,3.22,8.44,1.71,3.99
SSREY.PK,39.91,0.04,40.79,38.92,40.79,36.51,38.68,0.07,48.62,39.38,44.76,48.62,35.39,43.2,48.62,26.66,37.41,48.62,23.41,33.58,48.62,17.26,29.13,48.62,13.5,26.02
SSRM.O,29.23,4.52,31.69,27.24,33.84,24.4,28.78,3.78,25.98,11.7,19.59,25.98,7.0,15.04,25.98,3.76,10.44,25.98,3.76,11.71,25.98,3.76,13.79,25.98,3.66,13.1
SSSGY.PK,0.0,0.0,0.0,0.0,0.0,0.0,0.0,0.0,,,,,,,,,,,,,,,,,,
SSUMY.PK,38.73,0.08,40.84,36.69,42.41,36.69,39.69,0.08,35.89,24.01,29.38,35.89,19.18,26.47,35.89,19.0,24.96,35.89,15.53,23.18,35.89,12.41,19.72,35.89,8.85,16.72
ST.N,46.95,0.7,50.15,44.39,52.54,44.39,48.75,0.66,36.18,28.35,31.79,36.18,17.38,29.01,43.14,17.38,32.42,54.32,17.38,35.52,65.58,17.38,42.23,65.58,17.38,43.37
STAA.O,28.83,0.73,31.3,26.96,31.3,26.96,28.95,0.62,30.81,16.4,24.81,30.81,13.5,21.89,52.68,13.5,28.75,81.81,13.5,36.52,163.08,13.5,60.35,163.08,4.98,43.32
STAEY.PK,0.0,0.0,0.0,0.0,0.0,0.0,0.0,0.0,0.0,0.0,0.0,0.0,0.0,0.0,0.0,0.0,0.0,0.0,0.0,0.0,0.0,0.0,0.0,0.0,0.0,0.0
STAG.K,38.9,1.54,39.47,38.03,39.47,36.78,38.47,1.52,39.73,33.72,36.81,39.73,28.61,35.79,41.63,28.61,36.56,41.63,28.61,36.08,48.27,26.56,36.28,48.27,14.97,31.47
STAG.N,38.9,0.59,39.45,38.03,39.45,36.8,38.47,0.56,,,,,,,,,,,,,,,,,,
STBA.O,49.26,0.29,50.4,48.19,50.4,45.79,47.98,0.29,42.95,34.01,38.51,42.95,30.84,38.0,45.79,28.83,37.11,45.79,24.51,34.79,45.79,24.2,33.28,47.77,16.98,33.76
STBFY.PK,13.98,0.09,14.53,13.58,14.53,13.25,13.64,0.13,16.35,14.51,15.57,18.05,14.51,15.84,19.9,14.51,16.5,20.0,14.31,16.7,22.9,14.31,17.45,25.72,14.31,19.45
STC.N,67.09,0.18,68.68,63.7,68.68,63.7,66.47,0.12,78.54,56.49,70.41,78.54,56.49,68.24,78.54,56.16,67.35,78.54,36.09,59.82,80.92,36.07,58.81,80.92,20.26,49.82
STE.N,213.41,0.27,218.56,206.97,218.56,198.09,208.68,0.29,268.5,220.58,245.24,268.5,201.37,236.09,268.5,198.11,230.03,268.5,173.42,222.66,268.5,159.47,216.9,268.5,61.38,163.64
STEL.K,22.5,1.33,39.69,0.0,39.69,0.0,32.57,0.77,32.74,27.88,30.56,32.74,24.12,29.0,32.74,21.27,27.22,32.74,20.24,26.33,36.09,20.24,27.46,38.71,12.5,27.53
STEL.N,22.5,0.59,39.69,0.0,39.69,0.0,32.57,0.32,,,,,,,,,,,,,,,,,,
STEP.O,41.12,2.57,44.59,38.85,49.45,38.85,43.13,1.81,68.4,54.06,62.13,68.4,40.07,59.21,70.38,30.46,52.93,70.38,19.83,44.28,70.38,19.83,40.26,70.38,19.83,39.59
STEW.K,17.98,0.08,18.5,17.66,18.5,17.5,17.81,0.08,18.67,17.22,17.97,18.67,15.0,17.43,18.67,13.64,16.24,18.67,11.75,15.16,18.67,10.65,14.31,18.67,6.52,12.15
STEW.N,17.98,0.01,18.38,17.69,18.38,17.51,17.81,0.01,,,,,,,,,,,,,,,,,,
STGW.O,7.25,1.97,7.73,6.74,7.73,6.21,6.89,1.57,6.89,4.46,5.26,7.48,4.03,5.45,8.18,4.03,6.06,9.23,3.82,6.08,11.04,2.35,6.22,23.9,1.01,6.58
STHRF.PK,26.64,0.04,27.46,25.66,34.84,25.66,29.24,0.04,24.7,16.51,20.36,24.7,12.02,17.79,24.7,12.02,17.11,24.7,11.66,16.77,24.7,11.66,16.77,24.7,11.66,16.77
STJPF.PK,2.35,0.0,16.43,0.0,16.43,0.0,0.86,0.0,19.0,16.03,17.16,19.0,9.5,14.1,19.0,5.0,10.5,19.0,5.0,10.67,23.86,5.0,16.19,23.86,5.0,14.21
STK.N,52.59,0.01,55.15,51.01,55.15,47.85,52.36,0.02,39.7,30.24,34.37,39.7,23.16,32.15,39.7,23.16,30.91,39.7,20.57,29.15,39.7,20.34,28.74,39.7,12.34,23.8
STLA.K,5.74,18.0,5.96,5.56,7.3,5.56,6.28,19.71,12.22,8.66,10.16,14.28,8.39,10.73,29.51,8.39,15.13,29.51,8.39,16.16,29.51,8.39,16.35,29.51,3.95,13.11
STLD.O,232.77,1.35,251.2,216.36,288.74,216.36,252.61,1.42,178.36,119.89,145.03,178.36,103.17,136.34,178.36,103.17,132.36,178.36,90.55,124.39,178.36,33.77,101.96,178.36,14.98,67.54
STM.N,72.35,3.09,75.84,66.79,81.16,66.79,74.23,3.35,33.47,21.11,26.81,33.47,17.26,25.78,49.04,17.26,31.13,55.84,17.26,36.2,55.84,17.26,37.61,55.84,5.12,28.06
STMZF.PK,19.18,0.01,19.95,17.85,20.12,17.82,19.14,0.02,16.5,13.62,14.9,16.5,9.87,13.83,16.5,9.41,12.23,16.5,7.67,11.02,21.0,7.67,12.29,21.0,3.6,12.07
STN.N,69.1,0.07,70.87,67.34,75.5,66.94,70.16,0.1,114.49,91.55,106.11,114.49,73.33,97.4,114.49,73.33,89.83,114.49,47.53,80.78,114.49,32.0,67.36,114.49,20.24,46.65
STNE.O,10.95,4.37,11.37,10.47,11.76,10.36,10.87,4.14,19.95,12.54,16.31,19.95,7.72,13.92,19.95,7.72,13.79,19.95,7.72,13.15,95.12,6.81,21.0,95.12,6.81,26.0
STNG.K,71.94,1.31,78.75,68.0,83.31,68.0,76.11,0.95,65.52,39.03,53.18,65.52,30.63,47.65,84.67,30.63,58.14,84.67,30.63,56.21,84.67,11.02,43.84,84.67,8.28,37.47
STNG.N,71.94,0.34,78.75,68.0,83.3,68.0,76.11,0.26,,,,,,,,,,,,,,,,,,
STOHF.PK,13.46,0.0,32.35,0.0,37.83,0.0,12.42,0.02,26.73,22.21,24.09,28.27,21.71,24.05,32.45,21.71,25.19,34.68,21.71,26.96,43.0,16.73,27.72,43.0,9.03,23.46
STOK.O,32.19,1.59,33.5,30.07,33.5,28.12,30.75,1.05,38.69,11.19,23.6,38.69,5.35,16.67,38.69,4.09,14.11,38.69,3.35,11.95,71.58,3.35,17.41,71.58,3.35,20.23
STOSF.PK,1.29,0.0,4.64,0.0,5.98,0.0,3.02,0.0,5.5,3.65,4.55,5.55,3.3,4.38,5.55,3.3,4.6,5.55,3.3,4.72,6.23,3.3,4.91,6.23,1.65,4.43
STRA.O,78.8,0.29,82.89,76.23,82.9,73.02,78.0,0.29,87.04,72.25,80.16,104.51,72.25,84.13,123.62,72.25,92.46,123.62,64.53,89.17,123.62,48.01,82.12,189.79,42.39,94.34
STRC.O,83.24,5.09,91.33,71.25,97.73,71.25,88.65,4.31,100.2,88.0,97.45,100.2,88.0,97.45,100.2,88.0,97.45,100.2,88.0,97.45,100.2,88.0,97.45,100.2,88.0,97.45
STRD.O,57.1,0.31,63.97,49.0,71.96,49.0,62.67,0.23,96.81,64.17,80.88,96.81,64.17,81.62,96.81,64.17,81.62,96.81,64.17,81.62,96.81,64.17,81.62,96.81,64.17,81.62
STRF.O,92.19,0.4,97.97,82.5,97.97,82.5,92.62,0.25,127.8,92.56,111.58,127.8,85.05,106.33,127.8,85.05,106.33,127.8,85.05,106.33,127.8,85.05,106.33,127.8,85.05,106.33
STRK.O,58.42,0.25,63.75,49.8,69.8,49.8,62.11,0.21,129.48,73.08,95.05,129.48,73.08,94.08,129.48,73.08,94.08,129.48,73.08,94.08,129.48,73.08,94.08,129.48,73.08,94.08
STRL.O,790.6,1.33,925.84,690.29,936.68,690.29,834.35,0.91,419.14,217.06,314.21,419.14,96.34,237.96,419.14,69.61,181.02,419.14,30.6,139.42,419.14,17.44,93.44,419.14,4.11,52.38
STRNY.PK,39.79,0.02,40.68,38.88,40.68,38.32,39.42,0.03,39.02,33.73,36.44,39.02,28.78,35.09,39.02,28.78,34.0,39.02,27.39,33.69,42.35,23.25,34.21,42.35,21.95,32.57
STRV.N,48.4,0.01,49.13,46.74,48.15,46.74,47.68,0.01,44.7,39.9,42.61,44.7,31.02,40.08,44.7,30.0,37.45,44.7,23.99,34.08,44.7,0.0,21.88,44.7,0.0,10.92
STT.N,170.53,0.94,175.96,164.81,175.96,158.9,168.81,1.01,132.98,101.98,115.68,132.98,73.01,105.09,132.98,70.33,93.29,132.98,62.79,86.89,132.98,58.66,84.56,132.98,42.12,79.55
STT_pg.N,21.47,0.03,21.61,21.31,21.77,21.22,21.47,0.03,23.89,21.8,22.75,24.43,21.32,22.8,25.15,21.32,23.57,26.4,21.32,23.65,30.45,21.32,25.11,30.45,0.0,25.18
STUB.K,12.73,11.54,13.82,11.11,13.82,9.2,11.7,9.24,27.89,9.83,16.07,27.89,9.83,16.07,27.89,9.83,16.07,27.89,9.83,16.07,27.89,9.83,16.07,27.89,9.83,16.07
STUB.N,12.73,5.18,13.82,11.18,13.82,9.2,11.7,3.5,,,,,,,,,,,,,,,,,,
STVN.K,18.33,0.28,19.45,17.21,19.45,16.27,17.62,0.4,28.0,20.09,23.96,28.0,17.81,22.98,34.73,16.56,23.18,36.3,16.56,24.6,36.3,13.36,22.76,36.3,13.36,22.76
STVN.N,18.33,0.09,19.45,17.23,19.45,16.28,17.62,0.11,,,,,,,,,,,,,,,,,,
STWD.K,16.61,4.25,16.98,16.29,17.25,16.29,16.76,3.75,21.05,17.46,19.26,21.05,16.59,19.4,21.22,16.59,19.64,22.29,16.06,19.51,27.0,16.06,21.1,27.0,7.59,20.98
STWD.N,16.61,1.43,16.98,16.3,17.24,16.3,16.76,1.25,,,,,,,,,,,,,,,,,,
STX.O,923.2,5.4,1111.0,795.66,1145.0,795.66,953.3,4.94,308.93,138.3,215.11,308.93,63.19,158.49,308.93,63.19,127.21,308.93,50.94,106.85,308.93,47.47,96.75,308.93,18.42,70.77
STZ.N,139.22,0.95,148.1,128.8,150.97,128.8,141.56,0.79,178.08,126.45,148.13,228.7,126.45,163.93,274.0,126.45,206.55,274.0,126.45,217.32,274.0,126.45,223.58,274.0,104.47,204.44
SU.N,54.18,0.88,55.34,53.29,64.12,53.29,57.15,1.11,45.6,37.23,41.19,45.6,30.8,39.22,45.6,30.8,38.3,45.6,27.59,36.13,45.6,16.4,32.54,45.6,9.61,30.9
SUBCY.PK,33.84,0.02,34.41,32.6,37.5,32.6,34.84,0.03,21.44,17.78,19.63,21.44,12.15,17.97,21.44,12.15,17.19,21.44,9.85,15.62,21.44,6.47,12.99,21.44,3.46,12.19
SUEZY.PK,0.85,0.0,5.98,0.0,5.98,0.0,0.31,0.0,5.9,5.5,5.75,6.64,5.05,5.78,7.85,5.05,6.47,9.58,5.05,6.56,9.58,5.05,6.87,9.68,5.05,7.21
SUGBY.PK,0.0,0.0,0.0,0.0,0.0,0.0,0.0,0.0,0.0,0.0,0.0,80.02,0.0,0.32,80.02,0.0,1.44,80.02,0.0,1.68,80.02,0.0,1.5,228.08,0.0,1.36
SUHJY.PK,14.56,0.16,14.91,14.24,15.69,14.13,14.73,0.18,13.55,11.0,12.21,13.55,8.19,11.01,13.55,8.19,10.37,14.63,8.19,11.0,16.4,8.19,11.83,18.21,8.19,13.21
SUI.N,121.08,0.52,123.77,117.51,128.05,117.51,122.14,0.44,131.53,115.53,125.78,133.18,105.82,124.37,143.05,105.82,123.66,158.35,99.43,124.94,204.97,99.43,140.46,204.97,60.67,121.66
SUN.N,67.27,0.06,68.98,62.0,68.98,61.34,65.31,0.12,56.38,47.98,52.42,59.77,47.98,54.12,64.85,47.98,54.8,64.85,40.91,52.21,64.85,28.35,46.74,64.85,10.47,37.74
SUNB.N,73.63,2.32,75.28,70.59,86.63,70.59,78.43,2.13,0.0,0.0,0.0,0.0,0.0,0.0,0.0,0.0,0.0,0.0,0.0,0.0,0.0,0.0,0.0,0.0,0.0,0.0
SUNC.K,67.51,0.47,69.37,62.64,69.37,61.61,65.74,0.48,53.79,47.0,50.36,53.79,47.0,50.36,53.79,47.0,50.36,53.79,47.0,50.36,53.79,47.0,50.36,53.79,47.0,50.36
SUNC.N,67.51,0.11,69.37,63.06,69.37,61.75,65.74,0.11,,,,,,,,,,,,,,,,,,
SUOPY.PK,52.86,0.01,64.36,45.78,64.36,38.96,49.72,0.01,24.14,14.55,18.66,24.14,10.29,16.06,34.84,10.29,21.74,34.84,10.29,23.76,52.09,10.29,27.16,57.91,10.29,28.24
SUPN.O,46.8,1.27,48.12,44.49,48.12,42.45,45.38,0.87,57.65,31.35,44.45,57.65,29.16,39.21,57.65,25.53,35.25,57.65,21.99,34.36,57.65,21.99,32.74,61.25,9.51,31.85
SURRY.PK,0.15,0.0,1.23,0.0,1.23,0.0,0.06,0.0,3.06,1.97,2.41,3.52,1.87,2.41,3.52,1.29,2.34,4.29,1.29,2.47,10.65,1.29,3.6,17.0,1.29,6.64
SURYY.PK,8.31,0.0,12.5,0.0,12.5,0.0,7.11,0.0,13.17,9.5,11.25,13.17,7.42,10.18,13.17,7.0,9.52,13.17,4.78,9.19,13.17,4.78,9.01,13.17,4.78,9.01
SUTNY.PK,7.58,0.11,8.1,7.3,8.1,7.12,7.5,0.29,6.31,5.05,5.69,6.31,3.99,5.38,6.31,3.6,4.96,6.31,3.31,4.52,6.31,2.72,4.03,6.31,2.28,3.77
SUZ.N,7.85,0.75,8.21,7.56,8.59,7.56,8.08,0.64,10.21,8.69,9.29,10.86,8.42,9.43,12.98,8.42,9.93,12.98,7.46,9.83,14.26,7.46,10.16,14.26,4.39,9.8
SUZRY.PK,0.0,0.0,0.0,0.0,0.0,0.0,0.0,0.0,,,,,,,0.0,0.0,0.0,0.0,0.0,0.0,0.0,0.0,0.0,0.0,0.0,0.0
SVAUF.PK,1.88,0.03,3.31,0.0,3.41,0.0,1.4,0.05,3.73,2.66,3.4,3.73,2.52,3.06,4.1,2.52,3.21,4.8,2.52,3.33,5.89,2.52,3.65,5.89,1.57,3.35
SVKEF.PK,2.91,0.0,20.75,0.0,20.75,0.0,2.13,0.0,21.11,17.29,18.72,21.11,12.59,16.64,21.11,12.59,15.35,21.11,10.64,14.62,21.11,9.35,13.4,21.11,6.04,11.61
SVM.N,10.4,0.06,11.28,9.88,12.92,9.53,10.79,0.08,9.17,4.26,6.08,9.17,2.92,4.92,9.17,2.22,4.19,9.17,2.08,3.78,9.17,1.99,3.87,9.17,1.51,3.91
SVMB.PK,0.0,0.0,0.0,0.0,1.0,0.0,0.05,0.0,5.11,2.1,3.0,11.87,1.03,4.59,170.0,0.03,9.07,638.0,0.03,241.35,638.0,0.03,213.76,638.0,0.03,213.76
SVNBY.PK,0.0,0.0,0.0,0.0,0.0,0.0,0.0,0.0,20.04,20.0,20.0,20.04,20.0,20.0,20.04,20.0,20.0,20.04,20.0,20.0,20.04,20.0,20.0,20.04,20.0,20.0
SVNDF.PK,0.0,0.0,0.0,0.0,12.0,0.0,1.25,0.0,15.02,12.1,13.56,17.3,11.3,13.98,19.08,6.67,14.03,19.08,6.67,14.05,19.08,6.67,14.11,19.08,6.67,13.53
SVNDY.PK,12.1,0.29,12.8,11.73,12.8,11.48,12.0,0.38,16.4,12.26,13.55,17.0,12.26,14.29,19.88,10.86,14.09,19.88,10.86,14.08,19.88,10.86,14.13,19.88,9.29,13.62
SVNLF.PK,6.35,0.01,15.1,0.0,15.13,0.0,4.6,0.0,14.98,11.67,13.32,14.98,10.0,12.74,14.98,8.61,11.41,14.98,7.86,10.63,14.98,7.75,10.38,14.98,6.56,10.46
SVNLY.PK,7.29,0.14,7.49,7.16,7.49,6.98,7.25,0.16,7.52,5.8,6.54,7.52,4.93,6.33,7.52,4.24,5.69,7.52,3.87,5.3,13.36,3.87,5.2,13.36,3.44,5.4
SVRA.O,6.09,2.41,6.29,5.72,6.29,4.73,5.63,2.11,7.0,1.98,3.93,7.0,1.89,3.35,7.0,1.89,3.82,7.0,1.52,3.55,7.0,1.02,2.71,49.62,0.69,6.01
SVTRF.PK,0.0,0.0,0.0,0.0,38.23,0.0,2.01,0.0,37.88,34.52,36.49,37.88,30.05,34.62,37.88,30.05,33.8,37.88,27.81,33.16,39.84,24.2,33.73,39.84,22.89,29.21
SVV.N,10.04,0.33,10.53,9.67,10.53,8.93,9.87,0.32,13.88,7.55,10.89,13.88,6.5,10.22,21.32,6.5,11.8,26.87,6.5,13.3,26.87,6.5,13.3,26.87,6.5,13.3
SW.N,46.27,1.86,47.85,44.42,47.85,38.17,44.38,1.85,49.0,32.73,41.69,56.05,32.73,44.13,56.98,32.73,45.51,56.98,32.73,45.51,56.98,32.73,45.51,56.98,32.73,45.51
SWDBY.PK,37.28,0.02,38.46,36.5,38.46,35.16,36.8,0.03,35.24,24.87,29.79,35.24,19.16,27.03,35.24,18.52,23.72,35.24,15.16,21.76,35.24,12.14,19.99,35.24,10.0,20.06
SWDHY.PK,0.0,0.0,0.0,0.0,0.0,0.0,0.0,0.0,,,,,,,,,,,,,,,,,,
SWDR.PK,0.0,0.0,0.0,0.0,0.0,0.0,0.0,0.0,,,,,,,,,,,,,,,,,,
SWGAY.PK,12.32,0.08,12.7,12.0,13.55,12.0,12.64,0.07,11.18,7.98,9.66,11.18,7.26,9.22,13.65,7.26,9.89,18.33,7.26,11.62,18.59,7.26,12.61,25.3,7.26,14.32
SWK.N,92.55,0.54,95.13,89.93,95.13,77.05,86.8,0.57,81.39,61.98,71.87,91.06,53.98,73.03,110.61,53.98,82.68,110.61,53.98,84.1,224.99,53.98,112.04,224.99,53.98,124.96
SWKS.O,66.26,5.61,74.58,61.72,79.2,61.72,70.54,5.68,90.9,60.06,72.18,95.46,47.93,71.79,120.86,47.93,85.97,123.69,47.93,92.33,204.0,47.93,112.14,204.0,47.93,103.44
SWOBY.PK,24.28,0.0,26.0,23.0,26.0,0.0,12.61,0.0,18.2,13.57,15.84,18.2,12.9,15.36,18.2,12.1,14.6,18.2,9.27,14.05,18.2,9.27,14.05,18.2,9.27,14.05
SWRAY.PK,10.58,0.05,10.73,10.24,10.88,9.89,10.55,0.04,9.63,7.77,8.62,9.63,7.77,8.62,9.63,7.49,8.52,9.63,5.74,7.99,9.63,4.55,7.1,11.49,3.91,7.78
SWRBY.PK,0.0,0.0,0.0,0.0,8.25,0.0,0.87,0.0,8.25,7.0,7.6,8.25,5.71,7.28,8.25,5.71,6.94,8.25,4.47,6.36,8.25,3.82,5.14,9.09,3.36,5.89
SWX.N,89.32,0.44,91.01,88.25,91.01,86.44,88.73,0.31,83.19,72.51,79.01,83.19,64.77,76.1,83.19,57.62,73.86,83.19,53.79,69.81,95.57,53.79,70.78,95.57,45.68,73.25
SWYBY.PK,0.0,0.0,0.0,0.0,0.0,0.0,0.0,0.0,,,,0.0,0.0,0.0,0.0,0.0,0.0,0.0,0.0,0.0,0.0,0.0,0.0,0.0,0.0,0.0
SXGCF.PK,6.29,0.07,6.83,5.96,7.46,5.85,6.53,0.13,8.06,3.32,4.95,8.06,1.11,4.08,8.06,0.6,2.89,8.06,0.32,2.13,8.06,0.23,1.47,8.06,0.23,1.16
SXI.N,341.06,0.09,363.58,317.94,363.58,288.04,318.82,0.07,252.78,152.65,210.36,252.78,128.93,188.89,252.78,128.93,181.69,252.78,101.0,166.09,252.78,75.15,138.56,252.78,37.88,110.21
SXT.N,122.19,0.22,125.15,117.76,125.53,110.11,119.61,0.19,121.08,89.0,101.89,121.08,66.72,91.82,121.08,55.02,82.3,121.08,52.9,77.45,121.08,52.9,79.79,121.08,38.24,73.86
SXYAY.PK,20.83,0.22,21.51,20.13,21.51,18.23,20.01,0.23,27.16,18.29,22.13,27.52,18.29,23.74,33.52,18.29,26.37,33.52,18.29,26.79,41.94,18.29,28.06,41.94,5.68,26.01
SYANY.PK,0.0,0.0,0.0,0.0,13.32,0.0,0.7,0.0,,,,13.57,10.38,12.52,13.57,9.78,11.6,13.57,8.9,10.89,13.57,5.8,9.04,13.57,2.72,7.25
SYBT.O,76.94,0.32,78.73,74.28,78.73,70.39,74.99,0.25,83.83,62.56,72.19,83.83,60.75,72.33,83.83,42.35,63.96,83.83,36.93,58.89,83.83,36.93,58.62,83.83,22.67,47.24
SYF.N,77.39,1.12,79.65,75.34,79.65,68.36,75.06,1.26,86.47,66.29,74.44,86.47,40.55,66.82,86.47,35.29,57.54,86.47,26.6,49.13,86.47,26.6,45.68,86.47,12.16,38.16
SYIEY.PK,25.3,0.07,26.03,24.81,26.03,21.68,24.44,0.07,27.11,19.31,22.54,30.58,19.31,24.66,34.58,19.31,26.93,34.58,19.31,26.76,37.54,19.31,28.37,37.54,14.38,24.95
SYK.N,322.69,0.9,334.71,309.4,334.71,299.23,313.52,0.77,404.19,347.91,375.35,405.59,329.38,376.29,405.59,292.46,362.03,405.59,243.94,334.9,405.59,188.89,298.69,405.59,86.7,230.88
SYM.O,43.04,2.3,47.06,39.38,47.06,38.18,41.92,2.2,87.88,38.19,58.29,87.88,16.32,42.47,87.88,16.32,38.64,87.88,11.68,37.0,87.88,8.75,27.18,87.88,8.75,27.18
SYNA.O,122.66,2.64,137.03,116.48,146.83,116.48,130.88,1.46,81.85,58.28,69.12,89.81,41.8,67.38,115.84,41.8,77.57,142.14,41.8,84.11,299.39,41.8,113.21,299.39,26.34,83.43
SYNSY.PK,0.0,0.0,0.0,0.0,0.0,0.0,0.0,0.0,,,,,,,,,,,,,,,,,,
SYRE.O,88.54,2.01,91.96,84.81,102.06,70.89,85.86,1.89,35.31,14.0,21.22,35.31,10.91,19.53,47.97,10.91,24.77,47.97,2.66,20.09,219.75,2.66,54.86,318.75,2.66,114.6
SYXZF.PK,0.0,0.0,0.0,0.0,0.0,0.0,0.0,0.0,,,,,,,,,,,,,,,,,,
SYY.N,83.32,1.46,84.87,80.46,84.87,76.05,80.49,1.42,83.47,72.35,78.02,83.47,67.26,75.55,83.47,67.26,75.92,83.47,62.24,74.91,91.51,62.24,76.96,91.51,26.01,68.81
SZGPY.PK,2.12,0.01,5.49,0.0,7.24,0.0,2.52,0.0,5.0,2.25,3.36,5.0,1.58,2.91,5.0,1.4,2.65,5.0,1.4,2.84,5.16,1.4,2.96,6.17,0.89,2.96
SZHFY.PK,0.0,0.0,0.0,0.0,329.7,0.0,67.46,0.0,,,,,,,,,,,,,,,,,,
SZKMY.PK,49.72,0.13,53.21,47.01,53.21,44.26,47.99,0.1,64.94,42.61,55.15,64.94,39.54,51.76,64.94,34.2,48.17,64.94,30.19,44.56,64.94,27.6,42.31,70.5,20.86,44.03
SZLMY.PK,55.27,0.01,57.32,53.87,57.32,51.67,54.51,0.01,59.75,48.53,54.06,59.75,37.85,50.01,59.75,32.94,43.83,59.75,25.53,39.98,59.75,20.93,34.77,59.75,10.35,31.06
T.N,21.33,19.52,22.72,19.9,23.6,19.9,22.24,16.17,29.78,24.02,26.86,29.78,21.38,26.62,29.78,15.95,22.92,29.78,13.44,20.83,29.78,13.44,20.45,33.14,13.44,23.53
TAC.N,13.68,0.24,13.98,13.32,14.06,12.18,13.45,0.28,17.87,10.28,13.61,17.87,7.82,11.99,17.87,5.95,10.21,17.87,5.95,9.8,17.87,5.95,9.88,17.87,2.54,7.8
TAGYY.PK,0.0,0.0,0.0,0.0,0.0,0.0,0.0,0.0,0.0,0.0,0.0,0.0,0.0,0.0,0.0,0.0,0.0,0.0,0.0,0.0,0.0,0.0,0.0,0.0,0.0,0.0
TAK.N,16.17,1.17,17.04,15.6,17.04,15.34,15.87,1.05,15.78,12.99,14.57,15.78,12.82,14.49,15.78,12.58,14.2,17.14,12.58,14.63,19.96,12.28,14.91,21.61,12.28,15.89
TAL.N,9.6,1.02,10.07,8.88,10.07,8.88,9.4,1.42,13.28,9.78,11.06,15.3,8.5,11.22,15.52,7.35,11.1,15.52,5.09,9.95,90.96,1.6,13.32,90.96,1.6,23.46
TALO.K,13.37,2.46,14.17,12.84,15.75,12.84,13.98,2.16,12.2,7.67,9.72,12.2,6.23,9.24,14.78,6.23,10.54,21.51,6.23,12.14,25.49,6.23,13.23,37.64,5.0,15.59
TALO.N,13.37,1.03,14.13,12.84,15.75,12.84,13.98,0.83,,,,,,,,,,,,,,,,,,
TAP.N,39.77,1.06,41.48,38.1,42.03,38.1,40.09,1.2,52.92,42.94,47.75,64.66,42.94,51.93,69.18,42.94,55.08,70.88,42.94,56.62,70.88,42.5,54.41,112.07,32.12,62.7
TAPa.N,13.59,0.0,47.8,0.0,48.0,0.0,14.61,0.0,54.78,43.89,48.68,65.82,43.89,53.33,68.6,43.89,56.62,84.0,43.89,60.14,88.0,43.89,60.89,108.0,42.0,64.44
TARS.O,63.55,1.6,67.88,56.51,69.48,56.51,63.0,0.96,85.25,38.51,61.95,85.25,38.51,54.74,85.25,18.99,44.43,85.25,11.33,35.06,85.25,10.8,30.26,85.25,10.8,30.19
TASK.O,4.86,0.67,5.3,4.46,5.9,4.46,5.12,0.65,18.39,10.68,15.04,18.59,10.68,15.09,19.6,10.56,14.28,22.0,7.94,13.8,85.49,7.94,20.46,85.49,7.94,20.46
TATLY.PK,0.0,0.0,0.0,0.0,0.0,0.0,0.0,0.0,,,,,,,0.0,0.0,0.0,0.0,0.0,0.0,0.0,0.0,0.0,0.0,0.0,0.0
TATYY.PK,12.71,0.0,29.72,0.0,30.5,0.0,14.15,0.0,30.37,18.66,23.87,33.6,18.66,26.75,44.76,18.66,29.88,44.76,18.66,31.57,62.97,18.66,34.64,62.97,18.66,35.32
TAVHY.PK,24.12,0.0,24.76,23.18,26.69,21.98,24.33,0.01,29.25,21.05,25.0,32.55,21.05,25.93,36.59,14.75,26.74,36.59,12.06,24.13,36.59,8.27,22.47,36.59,7.03,20.14
TBABY.PK,0.0,0.0,0.0,0.0,0.0,0.0,0.0,0.0,43.0,41.84,42.4,43.0,41.84,42.4,43.0,41.84,42.4,43.0,23.86,38.69,43.0,23.86,38.69,43.0,23.86,38.69
TBB.N,20.57,0.14,20.86,20.37,20.86,20.37,20.58,0.07,24.09,22.1,22.9,24.53,21.74,23.0,24.9,21.74,23.33,24.9,20.28,23.16,27.61,20.28,24.02,27.62,0.0,20.09
TBBB.K,41.89,0.66,43.0,40.32,43.81,39.07,41.67,0.65,35.38,23.81,27.95,35.38,23.0,27.98,35.38,18.71,27.34,35.38,18.71,27.34,35.38,18.71,27.34,35.38,18.71,27.34
TBBB.N,41.89,0.18,42.84,40.32,43.81,39.07,41.67,0.15,,,,,,,,,,,,,,,,,,
TBBK.O,63.12,0.44,66.36,60.42,66.36,53.99,58.94,0.45,81.65,55.58,69.35,81.65,40.51,61.37,81.65,29.92,52.68,81.65,25.13,46.51,81.65,13.26,37.72,81.65,3.36,23.12
TBLA.O,5.01,5.83,5.55,4.42,5.55,4.39,4.83,4.08,4.65,3.02,3.59,4.65,2.5,3.47,5.0,2.5,3.65,5.0,2.16,3.55,17.2,1.52,4.84,17.2,1.52,5.04
TBN.N,31.7,0.06,32.83,30.61,40.37,30.61,33.83,0.06,31.6,17.51,23.05,34.5,17.51,22.8,34.5,0.0,16.56,34.5,0.0,11.06,34.5,0.0,6.63,34.5,0.0,3.31
TBNGY.PK,0.47,0.0,3.3,0.0,3.55,0.0,0.36,0.0,4.0,3.14,3.52,4.4,3.14,3.75,5.3,3.14,4.19,6.7,3.14,4.48,7.35,3.14,4.65,7.85,1.55,4.57
TBPH.O,17.14,1.47,17.74,16.93,17.74,16.21,16.81,0.86,20.33,10.82,14.61,20.33,7.9,12.13,20.33,7.44,10.56,20.33,7.44,10.48,22.74,6.1,11.11,43.44,6.1,18.25
TBVPY.PK,0.0,0.0,0.0,0.0,0.0,0.0,0.0,0.0,38.7,33.56,36.18,40.66,32.88,36.74,40.66,32.88,36.72,52.8,32.88,38.79,61.81,32.88,42.94,71.77,32.88,51.43
TCBI.O,103.83,0.65,105.85,98.83,105.85,98.59,101.82,0.62,98.07,75.41,86.62,98.07,59.37,80.78,98.07,54.68,73.67,98.07,42.79,68.25,98.07,42.79,65.89,103.05,19.1,64.35
TCBIO.O,20.42,0.03,20.76,20.16,20.82,20.16,20.45,0.02,21.8,19.78,20.82,21.8,18.11,20.53,22.71,18.11,20.32,23.5,12.0,19.81,28.9,12.0,21.57,28.9,12.0,21.57
TCBK.O,54.03,0.29,55.32,52.92,55.32,49.72,52.64,0.21,50.6,39.69,44.69,50.6,35.2,42.88,51.06,31.73,41.61,52.66,28.66,40.63,58.62,28.66,42.31,58.62,23.05,38.21
TCCPY.PK,0.0,0.0,0.0,0.0,0.0,0.0,0.0,0.0,6.95,5.41,6.26,6.95,3.47,5.4,6.95,3.13,4.62,6.95,3.13,4.71,6.98,3.13,4.91,6.98,0.0,3.48
TCEHY.PK,54.98,4.65,58.28,52.84,59.57,52.84,56.23,4.32,87.68,62.7,77.36,87.68,46.76,69.38,87.68,33.0,57.7,87.68,33.0,52.81,91.72,23.49,53.28,91.72,15.47,46.36
TCGGY.PK,0.0,0.0,0.0,0.0,0.0,0.0,0.0,0.0,,,,,,,,,,,,,,,,,,
TCGLF.PK,57.51,0.02,80.0,27.0,80.0,0.0,24.61,0.01,5.91,0.0,2.19,5.91,0.0,1.12,5.91,0.0,0.56,5.91,0.0,0.37,5.91,0.0,0.22,5.91,0.0,0.11
TCNNF.PK,9.25,1.46,10.15,8.05,13.28,7.92,9.88,2.06,11.83,3.54,6.81,11.83,3.02,5.56,14.5,3.02,7.59,14.5,3.02,6.83,53.73,3.02,14.2,53.73,3.02,13.95
TCOM.O,40.61,5.5,41.58,38.04,48.83,38.04,44.42,3.97,78.65,58.3,69.15,78.65,51.35,66.02,78.65,34.42,58.53,78.65,30.7,51.01,78.65,14.29,42.32,78.65,14.29,41.08
TCTZF.PK,55.51,0.0,57.9,52.62,60.23,52.62,56.54,0.01,89.1,62.0,77.46,89.1,45.35,69.32,89.1,32.45,57.62,89.1,32.45,52.7,91.99,23.49,53.2,91.99,15.49,46.34
TD.N,120.58,0.61,122.64,118.75,122.64,113.44,118.54,0.54,95.04,72.21,79.75,95.04,52.96,70.99,95.04,51.3,64.49,95.04,51.3,63.58,95.04,51.3,65.81,95.04,33.49,58.59
TDAY.N,8.55,0.9,8.9,7.84,8.9,7.51,8.1,0.76,5.72,3.42,4.36,5.72,2.6,4.07,5.92,1.94,4.01,5.92,1.62,3.46,7.05,1.25,3.81,19.88,0.63,7.85
TDBOY.PK,0.0,0.0,0.0,0.0,0.0,0.0,0.0,0.0,,,,,,,,,,,,,,,,,,
TDC.N,34.06,2.24,36.46,30.89,36.46,29.03,32.95,1.38,32.02,19.83,23.84,33.03,18.5,24.09,49.43,18.5,29.3,57.72,18.5,34.2,59.5,18.5,37.33,59.5,17.62,34.3
TDG.N,1330.91,0.15,1360.98,1304.96,1360.98,1204.22,1297.15,0.13,1518.14,1235.74,1337.78,1518.14,1112.52,1310.26,1518.14,861.49,1220.02,1518.14,533.17,1050.59,1518.14,415.97,834.05,1518.14,113.07,552.81
TDHOY.PK,6.32,0.0,15.03,0.0,15.96,0.0,11.61,0.0,13.77,9.86,11.85,13.77,8.2,11.04,13.77,6.96,9.73,13.77,5.73,9.06,13.77,4.39,7.94,13.77,3.06,7.04
TDOC.K,8.72,5.38,9.54,7.77,9.54,6.74,7.92,4.46,9.77,6.58,7.82,15.21,6.35,8.23,22.54,6.35,10.12,34.36,6.35,14.54,308.0,6.35,50.44,308.0,6.35,59.45
TDOC.N,8.72,1.72,9.54,7.78,9.54,6.75,7.92,1.34,,,,,,,,,,,,,,,,,,
TDS.N,37.03,0.6,38.51,35.32,40.33,35.32,38.51,0.51,42.49,34.95,38.72,42.49,31.5,37.17,42.49,13.75,29.51,42.49,6.44,24.12,42.49,6.44,21.99,42.49,6.44,24.39
TDW.N,67.09,0.41,70.0,64.13,77.24,62.71,69.3,0.33,64.06,45.26,53.81,64.06,31.17,49.53,111.41,31.17,64.47,111.41,31.17,61.07,111.41,8.51,43.56,363.46,4.09,45.67
TDY.N,646.84,0.13,674.45,617.79,674.45,601.35,628.72,0.12,595.99,483.84,537.18,595.99,419.0,513.4,595.99,355.7,469.76,595.99,355.7,450.14,595.99,325.0,435.38,595.99,73.71,324.37
TE.N,8.78,4.85,10.07,8.01,10.9,7.36,8.83,6.05,7.73,1.16,3.0,7.73,0.92,2.28,7.73,0.92,1.96,11.15,0.92,3.47,16.93,0.92,6.25,16.93,0.92,6.79
TEAM.O,80.43,4.26,86.84,74.41,99.98,74.41,85.01,4.47,222.59,139.7,168.93,326.0,139.7,201.46,326.0,135.29,199.42,326.0,116.4,191.83,483.13,113.86,220.73,483.13,16.92,152.86
TECH.O,70.86,17.4,71.23,70.08,71.23,51.93,61.02,8.27,66.96,47.66,57.16,79.28,46.01,57.99,85.57,46.01,65.75,89.91,46.01,69.01,135.96,46.01,81.65,135.96,19.99,61.35
TECK.K,59.38,2.41,61.72,57.13,68.46,55.98,61.69,2.86,48.68,30.98,39.83,48.68,28.32,39.3,54.69,28.32,42.53,54.69,28.32,41.76,54.69,16.83,36.48,54.69,2.45,27.12
TEF.N,0.0,0.0,0.0,0.0,0.0,0.0,0.0,0.0,5.72,3.91,4.91,5.72,3.89,4.79,5.72,3.82,4.59,5.72,3.6,4.42,5.72,3.1,4.41,11.2,3.1,6.28
TEGPY.PK,0.0,0.0,0.0,0.0,0.0,0.0,0.0,0.0,,,,,,,,,,,,,,,,,,
TEL.N,199.54,0.8,205.58,194.52,220.57,194.52,205.82,0.8,250.64,167.55,215.84,250.64,116.38,183.68,250.64,116.38,164.99,250.64,113.5,152.97,250.64,104.85,145.37,250.64,48.65,113.97
TELDY.PK,0.0,0.0,0.0,0.0,0.0,0.0,0.0,0.0,12.56,12.0,12.56,12.56,12.0,12.56,12.56,12.0,12.56,12.56,12.0,12.56,12.56,12.0,12.56,12.56,12.0,12.56
TELFY.PK,4.03,0.45,4.23,3.78,4.6,3.78,4.23,0.32,,,,,,,,,,,,,,,,,,
TELNF.PK,4.09,0.0,14.56,0.0,14.56,0.0,1.51,0.0,17.46,11.73,15.71,17.46,11.24,14.98,17.46,10.75,13.74,17.46,10.0,12.9,18.45,8.45,13.74,24.35,8.45,16.57
TELNY.PK,14.48,0.08,14.83,14.06,16.09,14.06,15.05,0.07,17.32,13.79,15.61,17.32,11.09,14.73,17.32,10.55,13.19,17.32,9.34,12.43,18.78,8.55,13.35,24.49,8.55,15.8
TEM.O,58.55,7.38,63.11,52.57,63.11,45.31,52.9,6.87,104.32,53.39,74.13,104.32,31.36,65.13,104.32,22.89,58.62,104.32,22.89,58.62,104.32,22.89,58.62,104.32,22.89,58.62
TEN.N,36.59,0.09,39.3,34.89,41.33,34.89,37.72,0.09,26.69,18.84,22.2,26.69,13.44,19.9,31.48,13.44,22.27,31.48,13.44,21.28,31.48,6.63,16.94,38.35,6.63,17.73
TENB.O,35.12,4.64,42.44,27.35,42.44,25.5,30.02,3.29,35.69,23.46,29.28,45.44,23.46,32.44,53.5,23.46,38.06,53.5,23.46,39.57,63.61,23.46,41.9,63.61,16.28,37.8
TEO.N,12.81,0.08,13.2,12.44,16.24,12.44,13.67,0.15,13.13,6.26,9.51,15.1,6.26,10.05,15.1,5.29,9.05,15.1,3.71,7.84,15.1,3.4,6.42,29.95,3.4,10.02
TEPCY.PK,0.0,0.0,0.0,0.0,0.0,0.0,0.0,0.0,0.0,0.0,0.0,0.0,0.0,0.0,0.0,0.0,0.0,0.0,0.0,0.0,0.0,0.0,0.0,0.0,0.0,0.0
TER.O,433.12,6.21,487.91,362.01,487.91,340.34,415.81,5.69,205.0,88.6,140.41,205.0,65.77,118.55,205.0,65.77,119.91,205.0,65.77,113.53,205.0,65.77,114.28,205.0,17.34,79.57
TERN.O,0.0,0.0,0.0,0.0,0.0,0.0,0.0,0.0,48.26,3.66,14.75,48.26,1.86,9.31,48.26,1.86,8.1,48.26,1.86,8.13,48.26,1.45,8.33,48.26,1.45,8.33
TEST,100.0,100.0,100.0,100.0,100.0,100.0,100.0,100.0,,,,,,,,,,,,,,,,,,
TEST1,100.0,100.0,100.0,100.0,100.0,100.0,100.0,100.0,,,,,,,,,,,,,,,,,,
TEST2,100.0,100.0,100.0,100.0,100.0,100.0,100.0,100.0,,,,,,,,,,,,,,,,,,
TEVA.K,33.91,4.86,35.47,32.96,35.47,30.8,33.59,5.81,31.99,14.99,21.1,31.99,12.46,19.09,31.99,10.45,17.52,31.99,7.08,14.74,31.99,6.78,12.59,65.92,6.07,18.24
TEVA.N,33.91,1.12,35.47,32.96,35.47,30.82,33.59,1.3,,,,,,,,,,,,,,,,,,
TEX.N,71.26,0.7,74.65,66.62,74.65,59.47,67.34,0.55,58.58,41.7,50.71,58.58,31.63,46.82,67.99,31.63,51.58,67.99,31.63,52.06,67.99,26.65,47.71,67.99,11.55,39.01
TEZNY.PK,34.9,0.03,35.38,34.28,36.42,34.28,35.18,0.02,32.25,28.63,30.52,32.25,23.24,28.89,32.25,22.94,26.91,32.25,21.82,26.06,32.25,17.35,24.73,32.25,12.18,21.17
TFC.N,50.69,2.52,51.5,49.23,52.05,47.81,49.87,3.83,50.86,40.79,45.57,50.86,33.57,43.73,50.86,33.57,42.04,51.26,25.56,39.43,68.95,25.56,45.35,68.95,24.01,45.32
TFII.K,142.83,0.28,149.18,137.66,167.69,137.66,148.84,0.44,110.22,80.62,92.28,140.35,72.02,94.78,162.13,72.02,119.27,162.13,72.02,118.83,162.13,50.62,108.89,162.13,13.75,78.97
TFIN.N,77.22,0.12,80.24,74.79,80.24,70.83,74.86,0.1,,,,,,,,,,,,,,,,,,
TFIN.O,77.22,0.3,80.47,74.46,80.47,70.8,74.86,0.26,67.26,46.43,57.46,92.44,42.9,60.72,110.58,42.9,71.27,110.58,42.9,68.03,136.01,42.9,73.04,136.01,12.63,51.31
TFPM.K,29.99,1.12,31.84,27.96,32.19,26.61,29.45,0.89,35.86,22.6,28.57,35.86,15.05,24.16,35.86,11.75,19.75,35.86,11.75,17.77,35.86,8.68,16.16,35.86,8.68,16.16
TFSL.O,17.69,0.91,17.99,17.04,17.99,16.11,17.03,0.95,14.72,12.54,13.46,14.72,11.29,13.16,15.0,11.29,13.11,15.25,10.96,13.11,22.54,10.96,14.8,22.54,10.96,15.74
TFX.N,129.99,0.14,135.08,124.88,136.49,121.21,129.04,0.15,135.08,102.58,121.2,185.13,102.58,132.22,256.65,102.58,176.95,276.28,102.58,195.67,447.84,102.58,248.42,447.84,102.58,255.31
TGB.N,6.75,0.11,7.28,6.27,8.13,6.26,6.92,0.1,5.9,2.96,4.05,5.9,1.68,3.16,5.9,1.28,2.65,5.9,1.06,2.25,5.9,0.9,2.03,5.9,0.0,1.17
TGLS.K,45.57,0.36,48.78,43.63,48.78,41.2,44.8,0.29,83.32,44.26,64.19,90.34,44.26,69.94,90.34,40.94,64.07,90.34,28.21,55.84,90.34,6.5,41.76,90.34,2.15,25.15
TGLS.N,45.57,0.14,48.78,43.8,48.78,41.22,44.8,0.11,,,,,,,,,,,,,,,,,,
TGLVY.PK,0.19,0.0,0.7,0.0,0.84,0.0,0.27,0.0,0.73,0.46,0.57,1.18,0.46,0.67,1.18,0.46,0.74,1.18,0.46,0.74,8.67,0.45,1.85,9.9,0.44,2.31
TGNA.K,0.0,0.0,0.0,0.0,0.0,0.0,0.0,0.0,21.35,14.87,19.41,21.35,14.87,18.4,21.35,12.35,16.83,22.29,12.35,16.74,23.04,12.35,18.01,23.04,9.61,15.85
TGNA.N,0.0,0.0,0.0,0.0,0.0,0.0,0.0,0.0,,,,,,,,,,,,,,,,,,
TGONF.PK,3.8,0.0,13.35,0.0,13.35,0.0,4.0,0.0,19.62,15.3,18.12,19.62,13.25,17.14,19.62,9.5,15.63,19.62,9.0,14.08,19.62,8.18,11.76,19.62,6.48,11.54
TGOPY.PK,8.44,1.74,8.87,8.18,8.87,7.2,7.84,1.49,15.18,9.84,13.22,15.18,9.84,13.12,15.18,7.18,11.4,15.18,4.1,9.59,15.18,2.96,7.43,15.18,0.0,5.52
TGOSY.PK,0.0,0.0,0.0,0.0,0.0,0.0,0.0,0.0,0.0,0.0,0.0,0.0,0.0,0.0,0.0,0.0,0.0,0.0,0.0,0.0,0.0,0.0,0.0,0.0,0.0,0.0
TGS.N,29.4,0.07,30.56,28.24,33.56,28.24,30.57,0.08,33.6,19.79,27.07,34.3,19.79,27.32,34.3,11.82,23.17,34.3,8.15,19.41,34.3,4.05,13.96,34.3,3.72,12.49
TGSGY.PK,13.07,0.11,13.59,12.62,16.05,12.62,14.23,0.16,10.02,7.1,8.16,11.32,6.54,8.59,13.55,6.54,9.64,19.69,6.54,10.26,19.99,6.54,10.9,41.44,6.54,14.38
TGT.N,133.01,1.33,142.71,124.71,142.71,121.0,131.98,1.41,108.88,83.44,95.31,145.04,83.44,102.61,181.72,83.44,126.59,181.72,83.44,131.16,268.97,83.44,160.05,268.97,48.56,123.29
TGTX.O,54.63,3.14,56.74,51.15,57.38,40.12,51.5,3.24,39.73,25.28,32.8,46.48,25.28,34.1,46.48,12.84,27.36,46.48,6.46,23.79,56.74,3.48,23.04,56.74,3.32,17.12
TGVSY.PK,0.0,0.0,0.0,0.0,0.0,0.0,0.0,0.0,,,,,,,,,,,,,,,,,,
THC.N,192.61,0.39,208.47,181.87,208.47,157.85,181.4,0.44,222.0,146.99,189.75,222.0,109.87,166.09,222.0,73.35,146.98,222.0,48.19,120.14,222.0,36.71,97.75,222.0,10.0,60.83
THDDY.PK,0.0,0.0,0.0,0.0,0.0,0.0,0.0,0.0,23.75,0.0,3.14,23.75,0.0,2.56,23.75,0.0,1.84,23.75,0.0,1.53,23.75,0.0,1.69,23.75,0.0,3.0
THG.N,215.34,0.11,221.64,206.87,221.64,190.53,205.06,0.13,187.77,160.92,175.63,187.77,145.59,170.19,187.77,120.1,154.13,187.77,103.9,142.93,187.77,103.9,140.0,187.77,69.73,120.62
THKLY.PK,19.73,0.0,23.36,0.0,25.69,0.0,15.8,0.0,15.26,11.93,13.5,15.26,9.96,12.99,15.26,7.68,11.43,15.26,7.68,11.0,18.7,7.68,11.53,22.51,7.27,12.26
THLLY.PK,51.82,0.1,55.35,48.75,55.61,48.75,52.65,0.08,65.46,50.57,56.03,65.46,28.05,52.42,65.46,28.05,42.29,65.46,23.84,37.83,65.46,15.69,31.3,65.46,11.43,28.51
THNBY.PK,22.39,0.0,80.8,0.0,89.0,0.0,26.23,0.0,,,,,,,,,,,,,,,,,,
THNPY.PK,38.15,0.03,39.84,36.93,42.82,36.93,39.87,0.02,49.18,36.12,43.23,49.18,26.23,38.12,49.18,19.65,30.87,49.18,15.87,27.82,49.18,9.6,22.37,49.18,9.6,22.37
THNUY.PK,0.0,0.0,0.0,0.0,0.0,0.0,0.0,0.0,,,,,,,,,,0.0,0.0,0.0,0.0,0.0,0.0,0.0,0.0,0.0
THO.N,76.87,0.24,79.88,73.93,80.49,70.65,75.75,0.28,115.75,87.36,102.33,115.75,63.23,94.55,129.29,63.23,100.12,129.29,63.23,98.2,152.2,63.23,99.05,161.48,32.4,92.48
THQQF.PK,0.94,0.0,6.6,0.0,6.6,0.0,0.99,0.0,12.3,6.59,9.48,13.5,6.59,10.11,13.5,4.7,8.12,16.83,4.7,8.41,57.95,4.7,19.88,57.95,4.7,20.2
THR.N,0.0,0.0,0.0,0.0,0.0,0.0,0.0,0.0,41.1,23.92,29.85,41.1,23.28,28.94,41.1,23.28,29.6,41.1,19.69,28.43,41.1,13.26,23.99,41.1,9.98,22.19
THRM.O,34.66,0.43,36.66,33.33,37.66,33.33,35.36,0.41,38.55,27.83,34.92,41.09,22.75,32.87,62.93,22.75,40.85,76.12,22.75,46.5,99.0,22.75,57.07,99.0,22.75,48.02
THS.N,0.0,0.0,0.0,0.0,0.0,0.0,0.0,0.0,,,,,,,,,,,,,,,,,,
THUPY.PK,4.45,0.0,10.54,0.0,11.51,0.0,5.04,0.0,15.45,11.97,13.26,17.69,10.6,13.8,17.69,10.6,13.96,17.69,10.01,13.45,31.42,8.88,16.71,31.42,6.0,15.99
THYCY.PK,0.0,0.0,0.0,0.0,6.82,0.0,0.36,0.0,7.39,5.82,6.39,7.39,5.77,6.28,7.39,4.93,5.95,7.39,3.79,5.31,7.39,3.3,5.24,12.0,3.3,6.37
TIAIY.PK,0.0,0.0,0.0,0.0,0.0,0.0,0.0,0.0,7.31,5.15,5.95,7.31,2.92,4.95,7.31,2.29,3.89,7.31,2.18,3.56,7.31,1.59,3.78,10.02,1.59,5.29
TIC.N,8.15,0.73,8.46,7.98,8.83,7.89,8.23,0.66,14.92,8.81,11.27,14.92,8.78,11.1,14.92,8.78,11.1,14.92,8.78,11.1,14.92,8.78,11.1,14.92,8.78,11.1
TIGO.O,91.4,2.31,95.75,84.68,95.75,83.61,89.3,1.82,56.27,36.59,47.12,56.27,23.61,39.23,56.27,15.55,31.14,56.27,12.9,26.4,56.27,10.22,27.05,75.46,10.22,39.56
TIGR.O,4.58,2.39,4.72,4.37,5.05,4.37,4.67,2.86,13.55,7.75,10.14,13.55,5.64,9.05,14.48,3.1,6.87,14.48,2.31,5.86,38.5,2.31,7.57,38.5,2.03,6.94
TIIAY.PK,9.26,0.03,9.83,9.05,11.2,8.63,9.61,0.04,6.3,4.54,5.39,6.3,2.45,4.44,6.3,2.19,3.5,6.3,2.19,3.32,6.3,1.65,3.51,12.35,1.65,5.36
TILE.O,35.6,0.71,36.66,34.39,36.66,30.0,33.16,0.64,30.2,20.37,26.24,30.2,17.24,23.58,30.2,11.48,20.5,30.2,6.51,16.8,30.2,6.51,15.38,30.2,5.06,16.1
TIMB.K,21.69,0.33,22.25,20.92,22.77,20.65,21.6,0.32,23.88,17.65,21.09,23.88,11.32,18.37,23.88,11.32,17.21,23.88,10.2,16.27,23.88,9.81,14.59,23.88,7.08,14.78
TIMB.N,21.69,0.09,22.24,20.92,22.77,20.65,21.6,0.09,,,,,,,,,,,,,,,,,,
TINLY.PK,0.0,0.0,0.0,0.0,0.0,0.0,0.0,0.0,9.14,7.61,8.47,9.14,7.19,8.34,10.32,7.19,8.67,11.03,7.19,9.05,19.54,7.19,11.15,23.25,7.19,15.09
TISCY.PK,22.24,0.0,24.05,19.66,24.55,0.0,19.75,0.0,22.94,0.0,2.84,22.94,0.0,2.49,22.94,0.0,2.35,22.94,0.0,1.84,22.94,0.0,2.11,22.94,0.0,2.68
TJX.N,152.9,2.63,163.14,149.66,170.0,149.66,160.77,2.3,157.74,119.88,140.38,157.74,112.14,132.46,157.74,91.38,120.23,157.74,72.92,108.14,157.74,53.7,91.78,157.74,32.73,68.97
TK.N,10.42,0.34,12.03,9.81,12.5,9.81,11.43,0.24,10.59,7.12,8.57,10.59,4.99,7.54,10.59,4.99,6.88,10.59,3.2,6.15,10.59,1.69,4.73,10.59,1.3,4.72
TKAMY.PK,12.4,0.03,14.24,11.52,14.24,11.52,12.51,0.02,12.21,6.9,9.59,12.21,2.75,7.92,12.21,2.21,5.61,12.21,2.21,5.51,12.21,2.21,6.0,23.62,2.21,8.89
TKC.N,5.92,0.7,6.06,5.74,6.3,5.66,5.95,0.56,6.3,5.36,5.84,7.63,5.36,6.19,8.41,4.75,6.32,8.41,3.52,5.74,8.41,2.33,5.05,11.29,2.33,6.05
TKCBY.PK,0.0,0.0,0.0,0.0,47.28,0.0,2.49,0.0,25.1,25.0,25.05,25.1,22.11,23.79,29.75,21.85,26.24,36.79,21.85,29.25,60.47,21.85,34.42,83.3,21.85,49.44
TKCM.PK,0.0,0.0,0.0,0.0,0.0,0.0,0.0,0.0,2.25,0.0,0.19,2.25,0.0,0.21,2.25,0.0,0.11,2.25,0.0,0.07,2.25,0.0,0.04,2.25,0.0,0.02
TKECF.PK,0.42,0.0,2.94,0.0,3.55,0.0,1.52,0.0,6.0,3.28,4.53,6.0,2.25,3.79,7.2,2.25,4.33,7.2,2.25,4.23,7.2,2.25,3.77,7.2,2.25,4.09
TKECY.PK,2.9,0.0,3.1,2.8,3.53,0.0,2.74,0.0,5.8,3.07,4.67,5.8,2.26,3.82,7.73,2.26,4.52,7.73,2.26,4.53,7.73,2.26,4.12,7.73,2.26,4.17
TKFHY.PK,0.0,0.0,0.0,0.0,0.0,0.0,0.0,0.0,,,,,,,,,,,,,,,,,,
TKFOY.PK,0.0,0.0,0.0,0.0,0.0,0.0,0.0,0.0,,,,0.0,0.0,0.0,0.0,0.0,0.0,0.0,0.0,0.0,0.0,0.0,0.0,0.0,0.0,0.0
TKGBY.PK,1.69,0.02,3.2,0.0,3.2,0.0,2.03,0.01,3.75,2.7,3.33,3.92,2.5,3.26,4.05,1.73,3.09,4.05,1.01,2.56,4.05,0.69,1.94,4.05,0.69,1.96
TKGSY.PK,18.57,0.0,19.2,17.06,22.1,17.06,19.16,0.0,20.77,15.49,18.39,20.77,12.5,16.34,20.77,10.04,13.45,20.77,9.01,12.44,20.77,7.91,11.25,20.77,7.91,11.48
TKGZY.PK,0.0,0.0,0.0,0.0,0.0,0.0,0.0,0.0,,,,,,,,,,,,,,,,,,
TKHVY.PK,10.27,0.0,71.86,0.0,71.86,0.0,14.43,0.0,81.87,61.21,70.8,90.48,61.21,75.59,99.26,61.21,80.06,99.26,57.13,79.36,99.26,12.06,45.88,99.26,11.23,34.62
TKKYY.PK,0.0,0.0,0.0,0.0,0.0,0.0,0.0,0.0,,,,,,,,,,,,,,,,,,
TKMCY.PK,1.24,0.0,8.7,0.0,8.7,0.0,0.9,0.0,,,,,,,,,,,,,,,,,,
TKMTY.PK,0.0,0.0,0.0,0.0,8.65,0.0,1.34,0.0,,,,,,,,,,,,,,,,,,
TKO.N,203.11,0.56,218.52,189.87,218.52,189.87,202.65,0.66,218.11,152.32,188.55,218.11,133.43,173.04,218.11,75.37,140.26,218.11,65.56,123.75,218.11,44.21,97.16,218.11,13.7,69.85
TKOMF.PK,44.23,0.01,50.48,42.0,50.48,0.0,38.28,0.01,47.26,31.68,39.34,47.26,30.14,38.44,47.26,24.14,36.17,47.26,18.72,31.27,47.26,15.43,27.23,47.26,10.53,25.17
TKOMY.PK,44.95,0.12,48.49,42.05,48.49,42.05,45.38,0.1,46.23,32.13,40.11,46.23,30.14,38.87,46.23,23.57,36.38,46.23,18.97,31.62,46.23,14.75,26.15,46.23,9.92,20.6
TKPHF.PK,17.44,0.02,32.0,0.0,34.28,0.0,14.8,0.02,31.44,26.33,28.78,32.13,24.25,28.39,32.13,23.8,27.65,34.47,23.8,28.74,39.9,23.8,30.05,60.11,23.8,35.66
TKR.N,142.47,0.3,146.36,136.66,146.36,132.24,139.72,0.34,89.2,70.62,78.34,89.2,56.3,75.5,94.57,56.3,78.96,94.92,56.3,78.84,94.92,51.0,75.58,94.92,22.23,60.06
TKYMY.PK,0.0,0.0,0.0,0.0,0.0,0.0,0.0,0.0,12.97,10.6,11.68,12.97,7.6,10.46,12.97,7.6,9.41,12.97,6.48,8.83,12.97,6.22,8.45,16.81,3.09,9.65
TKYVY.PK,0.0,0.0,0.0,0.0,0.0,0.0,0.0,0.0,,,,,,,,,,,,,,,,,,
TLGPY.PK,17.56,0.08,18.34,16.75,18.8,16.75,17.81,0.08,17.23,15.16,16.15,17.23,11.98,15.04,17.23,11.19,13.85,17.23,11.19,13.75,17.23,11.19,13.72,17.23,11.19,13.72
TLK.N,13.85,0.25,14.3,13.23,16.39,13.23,14.65,0.32,22.38,16.14,19.45,22.38,13.16,17.68,26.84,13.16,18.96,29.58,13.16,21.16,33.2,13.16,23.3,34.81,13.16,24.93
TLLXY.PK,0.0,0.0,0.0,0.0,60.32,0.0,12.43,0.0,72.52,61.68,65.98,72.52,39.41,61.96,72.52,39.41,59.47,72.52,39.41,59.47,72.52,17.57,40.48,72.52,17.57,40.48
TLN.O,386.82,1.07,423.98,356.95,449.84,329.13,387.79,1.05,451.28,255.5,374.99,451.28,158.08,302.89,451.28,60.51,215.55,451.28,44.5,179.67,451.28,44.5,179.67,451.28,44.5,179.67
TLPFY.PK,28.64,0.01,29.89,25.7,34.22,25.7,30.68,0.01,52.76,32.44,39.3,58.33,32.44,44.51,83.74,32.44,50.23,150.55,32.44,63.51,229.47,32.44,109.22,229.47,32.44,102.02
TLRY.O,4.52,4.08,4.85,4.28,5.46,4.28,4.74,3.71,23.2,4.07,10.88,23.2,3.51,8.92,29.7,3.51,13.36,35.9,3.51,16.63,670.0,3.51,51.27,3000.0,3.51,161.21
TLSNY.PK,9.63,0.11,10.07,9.15,10.96,9.15,10.08,0.08,8.8,6.67,7.62,8.8,5.33,7.24,8.8,4.53,6.32,8.8,3.78,5.78,9.16,3.78,6.56,10.61,3.78,7.64
TLTZY.PK,8.67,0.16,9.07,8.3,10.0,8.3,9.08,0.16,9.34,6.88,8.09,9.34,4.62,7.49,9.34,3.82,6.23,9.34,3.32,5.42,9.34,3.32,5.83,9.34,3.32,5.96
TLX.O,11.46,0.19,12.23,10.62,12.23,9.21,10.4,0.22,16.98,7.49,10.94,30.36,7.49,13.96,30.36,7.49,14.16,30.36,7.49,14.16,30.36,7.49,14.16,30.36,7.49,14.16
TM.N,171.69,0.09,180.71,166.12,181.08,166.12,173.04,0.1,220.56,167.19,195.67,220.56,155.0,189.71,255.03,155.0,195.38,255.03,132.4,183.45,255.03,130.08,175.93,255.03,97.8,149.32
TMBBY.PK,0.0,0.0,0.0,0.0,0.0,0.0,0.0,0.0,0.0,0.0,0.0,0.0,0.0,0.0,0.0,0.0,0.0,0.0,0.0,0.0,0.0,0.0,0.0,0.0,0.0,0.0
TMC.O,4.31,4.7,4.68,4.11,5.82,4.11,4.78,5.28,11.35,4.37,6.51,11.35,1.02,4.69,11.35,0.72,2.96,11.35,0.65,2.33,15.39,0.51,3.32,15.39,0.51,3.97
TMDX.O,69.69,1.44,80.25,64.84,80.72,64.84,72.88,1.16,156.0,98.89,121.27,156.0,55.0,105.83,177.37,55.0,109.28,177.37,36.42,96.05,177.37,10.0,70.43,177.37,10.0,57.4
TME.N,8.49,1.77,9.02,7.94,9.43,7.94,8.71,3.18,26.7,17.45,21.73,26.7,10.26,18.02,26.7,8.2,14.92,26.7,5.7,12.47,32.22,2.95,11.42,32.22,2.95,12.26
TMHC.K,71.82,3.16,72.07,71.71,72.26,71.44,71.76,4.09,72.5,56.62,63.48,72.5,51.9,61.85,75.49,50.0,61.54,75.49,30.5,55.21,75.49,20.05,44.41,75.49,6.39,32.37
TMHC.N,71.82,0.75,72.07,71.71,72.25,71.44,71.76,0.81,,,,,,,,,,,,,,,,,,
TMHTY.PK,0.0,0.0,0.0,0.0,0.0,0.0,0.0,0.0,,,,,,,,,,,,,,,,0.0,0.0,0.0
TMICF.PK,0.0,0.0,0.0,0.0,34.36,0.0,1.81,0.0,65.49,41.3,51.27,71.79,41.3,57.44,71.79,41.3,54.18,71.79,39.56,51.81,71.79,39.56,52.66,71.79,31.32,49.26
TMICY.PK,37.3,0.01,40.35,34.78,40.35,34.01,37.09,0.01,68.5,41.23,53.88,79.99,41.23,60.26,79.99,38.85,56.05,79.99,36.63,52.86,79.99,36.63,53.32,79.99,31.05,51.28
TMO.N,511.56,0.9,529.15,493.87,529.15,457.9,487.89,0.77,602.02,403.8,515.48,610.87,385.54,497.6,627.88,385.54,533.45,627.88,385.54,532.26,671.96,385.54,536.36,671.96,119.76,388.42
TMP.N,94.47,0.01,96.78,92.74,96.78,87.59,91.88,0.0,77.02,62.07,67.84,77.02,55.05,65.84,78.14,43.38,60.74,79.22,43.38,60.09,88.87,43.38,66.7,93.01,43.38,69.77
TMRAY.PK,9.73,0.0,10.0,9.28,10.44,0.0,8.85,0.0,16.48,11.36,13.98,16.94,11.36,14.36,16.94,9.11,13.94,19.18,7.32,14.07,36.04,7.32,18.5,36.04,4.5,16.78
TMSNY.PK,83.4,0.0,87.92,78.93,87.92,78.93,82.67,0.0,103.31,70.21,86.43,103.31,68.85,82.33,103.63,55.28,77.45,103.63,55.28,77.25,170.18,52.1,92.73,184.7,52.1,111.67
TMTNY.PK,32.43,0.07,35.23,30.35,35.62,28.5,31.72,0.03,0.0,0.0,0.0,0.0,0.0,0.0,0.0,0.0,0.0,0.0,0.0,0.0,0.0,0.0,0.0,0.0,0.0,0.0
TMUS.O,176.9,6.98,184.0,165.66,189.89,165.66,180.96,6.59,261.56,194.01,227.03,276.49,194.01,235.94,276.49,158.84,211.73,276.49,124.92,188.86,276.49,101.51,166.02,276.49,33.23,117.89
TMVWY.PK,1.2,0.0,2.93,0.0,3.2,0.0,1.42,0.0,5.82,0.0,4.27,7.9,0.0,4.52,8.0,0.0,4.27,9.51,0.0,4.85,29.82,0.0,7.61,30.95,0.0,5.96
TNABY.PK,6.26,0.0,15.15,0.0,15.15,0.0,6.06,0.0,15.24,11.6,13.09,15.24,10.95,12.96,15.24,8.52,12.27,15.24,7.16,11.24,15.24,6.11,10.1,21.98,6.11,11.52
TNC.N,88.41,0.09,91.66,86.03,91.66,84.24,87.83,0.08,85.42,68.77,79.1,90.33,67.41,79.12,124.11,67.41,89.02,124.11,61.7,84.84,124.11,54.97,79.9,124.11,45.95,73.06
TNDM.O,15.63,1.79,16.5,14.8,20.18,13.95,15.9,2.26,24.5,9.98,15.79,38.28,9.98,20.02,53.69,9.98,28.18,53.69,9.98,28.92,155.86,9.98,53.71,155.86,2.14,52.08
TNET.K,51.49,0.39,55.41,46.8,55.41,42.9,48.33,0.36,76.09,54.22,63.71,97.02,54.22,72.2,134.67,54.22,89.15,134.67,54.22,91.88,134.67,54.22,88.44,134.67,11.1,66.43
TNET.N,51.49,0.16,55.32,46.96,55.32,42.93,48.33,0.15,,,,,,,,,,,,,,,,,,
TNGX.O,30.51,5.62,33.53,28.6,34.39,26.08,30.36,6.96,11.2,4.8,7.69,11.2,1.03,5.14,13.0,1.03,6.64,13.03,1.03,6.45,18.84,1.03,7.5,18.84,1.03,7.68
TNISY.PK,0.0,0.0,0.0,0.0,0.0,0.0,0.0,0.0,7.1,7.1,7.1,7.1,7.1,7.1,7.1,7.1,7.1,7.1,7.1,7.1,7.1,7.1,7.1,7.1,7.1,7.1
TNK.N,67.12,0.2,76.0,64.04,79.22,64.04,71.91,0.15,63.5,41.44,51.78,63.5,32.77,46.51,72.47,32.77,50.69,72.47,24.49,46.77,72.47,9.17,34.42,72.47,6.46,24.27
TNL.N,76.53,0.25,78.11,73.85,78.16,70.77,75.11,0.27,73.38,51.36,62.77,73.38,37.9,56.38,73.38,37.9,51.0,73.38,32.2,46.93,73.38,32.2,48.72,73.38,13.75,44.45
TNLIY.PK,0.0,0.0,0.0,0.0,0.0,0.0,0.0,0.0,,,,,,,,,,,,,,,,,,
TNPGY.PK,0.0,0.0,0.0,0.0,20.97,0.0,1.1,0.0,,,,,,,,,,,,,,,,,,
TOELF.PK,465.89,0.02,507.17,431.55,509.3,345.96,447.53,0.02,233.0,130.17,183.61,233.0,112.54,169.5,275.6,112.54,183.29,275.6,96.3,167.15,275.6,78.7,155.65,275.6,21.34,136.75
TOELY.PK,231.94,0.48,249.37,217.35,249.37,177.49,222.85,0.61,114.53,66.1,92.21,114.53,58.17,85.51,134.91,58.17,92.18,134.91,48.68,83.94,134.91,38.89,78.0,134.91,8.89,52.31
TOIPY.PK,0.0,0.0,0.0,0.0,15.23,0.0,1.56,0.0,10.99,10.07,10.6,10.99,6.71,8.52,15.37,6.71,9.46,15.37,6.71,9.66,16.8,6.71,10.08,30.25,6.71,13.78
TOKUY.PK,2.83,0.0,10.2,0.0,11.0,0.0,2.7,0.0,12.81,9.45,11.44,13.4,9.15,11.44,13.4,9.15,11.43,14.42,9.15,11.83,14.94,9.15,11.9,18.41,9.15,12.48
TOL.N,160.78,0.35,166.14,154.26,166.14,136.99,153.22,0.42,149.5,113.52,133.14,149.5,86.87,122.72,169.47,86.87,125.75,169.47,49.96,107.82,169.47,39.6,86.26,169.47,13.28,61.31
TOMYY.PK,0.0,0.0,0.0,0.0,0.0,0.0,0.0,0.0,0.0,0.0,0.0,0.0,0.0,0.0,0.0,0.0,0.0,0.0,0.0,0.0,0.0,0.0,0.0,0.0,0.0,0.0
TOPPY.PK,16.83,0.0,17.4,15.58,17.4,12.51,15.13,0.0,17.19,10.77,13.76,17.19,10.77,13.7,17.19,10.77,13.49,17.19,7.1,12.47,30.74,6.79,10.88,30.74,6.04,9.85
TORXF.PK,40.43,0.07,43.25,37.75,46.73,32.3,40.87,0.05,52.5,27.08,39.22,52.5,18.7,33.37,52.5,9.46,24.71,52.5,9.0,20.78,52.5,5.75,16.8,52.5,5.73,15.24
TOST.K,27.98,22.27,29.94,25.58,29.94,23.79,25.93,14.58,49.66,32.15,39.73,49.66,28.12,39.07,49.66,16.13,32.72,49.66,13.76,28.31,69.93,11.91,27.33,69.93,11.91,27.33
TOST.N,27.98,7.94,29.94,25.59,29.94,23.79,25.93,4.5,,,,,,,,,,,,,,,,,,
TOTDY.PK,52.72,0.01,54.65,50.7,60.09,46.4,51.51,0.02,28.3,23.84,26.21,28.41,22.16,25.72,37.75,22.16,26.93,39.28,22.16,28.06,70.23,22.16,31.43,70.23,22.16,34.84
TOWN.O,36.35,0.87,37.08,35.78,37.08,34.1,35.52,0.7,37.68,31.91,34.75,38.01,29.43,34.52,38.28,25.7,32.47,38.28,21.22,30.28,38.28,21.22,30.22,38.28,15.03,28.34
TOYOF.PK,17.2,0.01,18.1,16.5,18.85,16.5,17.42,0.07,22.26,16.5,19.56,22.26,13.95,18.98,26.02,13.95,19.55,26.02,13.01,18.36,26.02,12.66,17.61,26.02,9.8,15.31
TPB.N,85.59,0.15,89.05,83.28,89.05,75.31,82.94,0.17,112.95,70.13,94.16,112.95,52.42,79.93,112.95,21.99,58.46,112.95,19.72,46.65,112.95,18.82,42.67,112.95,6.5,34.39
TPC.N,80.3,0.34,84.87,75.74,85.63,68.65,77.71,0.25,77.0,43.74,60.65,77.0,18.34,44.87,77.0,7.85,32.27,77.0,4.9,24.05,77.0,4.9,19.19,77.0,2.61,19.11
TPG.O,40.55,2.73,42.72,38.46,45.33,38.46,41.47,2.56,69.2,51.42,59.03,70.11,37.52,56.11,72.98,37.52,53.17,72.98,24.74,45.67,72.98,23.09,41.73,72.98,23.09,41.73
TPH.N,0.0,0.0,0.0,0.0,0.0,0.0,0.0,0.0,37.49,30.26,33.27,38.96,28.01,32.84,47.75,28.01,36.1,47.75,18.63,33.39,47.75,14.61,28.43,47.75,5.89,21.19
TPL.N,409.92,0.19,444.0,374.95,444.0,348.61,384.67,0.17,360.08,270.0,310.14,487.59,270.0,367.19,587.28,156.13,316.5,587.28,139.96,272.55,587.28,77.63,229.45,587.28,10.94,140.8
TPR.N,145.52,1.23,151.03,142.42,156.44,138.76,146.22,1.11,131.39,84.64,109.47,131.39,58.4,92.99,131.39,35.26,68.99,131.39,25.99,58.67,131.39,25.99,50.4,131.39,10.18,42.71
TPRKY.PK,6.45,0.0,7.72,0.0,7.72,0.0,5.84,0.0,9.08,6.92,8.06,9.08,6.31,8.05,13.0,6.31,9.02,13.22,6.31,9.6,27.03,6.31,12.86,27.03,6.31,13.17
TR.N,39.02,0.34,40.92,36.68,40.92,35.78,38.29,0.18,44.17,33.39,38.99,44.17,28.67,35.52,44.17,26.79,32.74,44.17,26.79,33.46,50.77,25.45,32.46,50.77,22.27,30.26
TRATY.PK,0.0,0.0,0.0,0.0,39.2,0.0,6.06,0.0,,,,,,,,,,,,,,,,,,
TREX.K,49.27,1.81,50.34,46.96,50.34,39.83,46.98,2.1,68.78,29.77,50.68,75.55,29.77,55.59,101.91,29.77,67.42,101.91,29.77,65.08,140.98,29.77,72.48,140.98,7.78,52.61
TREX.N,49.27,0.62,50.31,46.98,50.31,39.98,46.98,0.7,,,,,,,,,,,,,,,,,,
TRGP.K,266.54,1.63,275.58,256.02,276.26,253.82,265.76,1.36,187.53,144.14,167.51,218.51,144.14,175.06,218.51,81.03,154.14,218.51,64.85,129.09,218.51,25.85,99.3,218.51,3.66,69.46
TRGP.N,266.54,0.69,275.47,256.16,276.1,253.9,265.76,0.54,,,,,,,,,,,,,,,,,,
TRI.N,84.43,0.02,89.35,79.59,89.35,76.43,82.0,0.02,218.4,128.21,163.12,218.4,0.0,147.39,218.4,0.0,73.4,218.4,0.0,49.0,218.4,0.0,29.36,218.4,0.0,14.66
TRIN.O,17.55,1.22,18.08,16.78,18.08,16.68,17.13,1.11,16.5,13.97,15.19,16.82,12.5,15.09,16.82,12.5,14.72,16.82,10.76,14.34,19.29,10.02,14.44,19.29,10.02,14.44
TRIP.O,13.75,3.22,14.3,12.61,14.3,11.35,12.87,4.41,20.16,12.8,16.33,20.16,10.43,15.44,28.76,10.43,17.2,28.76,10.43,17.48,64.95,10.43,22.89,74.67,10.43,31.32
TRKNY.PK,0.37,0.0,2.7,0.0,4.0,0.0,0.35,0.0,3.25,2.29,2.65,3.25,2.29,2.74,3.25,1.55,2.61,3.25,1.05,2.39,3.25,0.99,1.99,4.8,0.97,2.61
TRLV.N,9.25,0.26,10.12,8.07,12.3,0.0,8.58,0.2,,,,,,,,,,,,,,,,,,
TRMB.O,51.57,3.24,53.57,49.24,54.37,47.92,50.85,3.54,87.5,74.5,80.63,87.5,52.91,75.2,87.5,48.6,67.4,87.5,39.57,61.86,96.49,39.57,66.21,96.49,18.36,51.58
TRMD.O,26.97,0.94,28.99,25.52,30.62,25.52,28.49,1.05,23.67,16.36,20.62,23.67,13.6,19.35,40.47,13.6,26.05,40.47,13.6,26.79,40.47,6.17,20.97,48.86,4.37,17.5
TRMK.O,46.43,0.64,47.44,45.77,47.44,43.7,45.63,0.52,41.42,35.96,38.95,41.42,29.77,37.0,41.42,25.24,34.01,41.42,18.96,30.89,41.42,18.96,31.32,41.42,18.96,30.67
TRMLF.PK,41.88,0.15,42.9,41.25,50.28,41.25,43.21,0.21,48.11,39.85,43.75,49.24,38.25,44.67,49.28,35.58,44.26,50.95,34.63,43.99,55.27,11.41,39.47,55.27,3.93,27.16
TRMOY.PK,0.0,0.0,0.0,0.0,0.0,0.0,0.0,0.0,,,,,,,,,,,,,,,,,,
TRN.N,35.07,0.43,36.58,32.75,36.58,32.75,34.75,0.33,29.26,22.39,27.39,39.83,22.39,28.47,39.83,22.39,29.66,39.83,20.04,28.01,39.83,20.04,27.99,39.83,10.75,24.24
TRNO.K,66.23,1.52,68.47,64.24,68.47,62.99,65.87,1.2,63.66,53.0,58.47,69.2,48.18,59.69,71.63,48.18,61.0,71.63,48.18,60.66,86.0,48.18,62.29,86.0,20.44,50.88
TRNO.N,66.23,0.72,68.47,64.3,68.47,62.99,65.87,0.52,,,,,,,,,,,,,,,,,,
TROLB.PK,0.0,0.0,0.0,0.0,39.5,0.0,2.08,0.0,33.98,0.0,0.27,48.54,0.0,0.55,48.54,0.0,0.84,48.54,0.0,1.52,48.54,0.0,1.54,49.02,0.0,1.16
TROW.O,114.07,2.62,120.42,105.84,120.42,104.4,109.82,2.42,118.22,95.86,104.15,118.32,77.85,101.46,125.81,77.85,107.29,132.76,77.85,107.85,224.56,77.85,128.5,224.56,62.01,113.27
TROX.N,6.42,0.97,6.92,5.9,8.36,5.9,7.04,0.95,5.96,2.86,4.19,10.59,2.86,5.56,20.68,2.86,10.19,20.68,2.86,11.26,26.32,2.86,14.35,28.37,2.79,13.31
TRP.N,67.67,0.72,70.56,65.02,70.56,65.02,68.34,0.68,56.34,46.29,51.78,56.34,43.58,49.87,56.34,31.85,44.61,56.34,29.62,41.49,56.34,29.62,42.83,56.34,25.87,42.08
TRS.O,43.55,0.45,45.42,41.14,45.42,39.22,42.6,0.56,40.34,28.43,35.22,40.34,19.33,29.8,40.34,19.33,27.71,40.34,19.33,27.34,40.34,19.33,28.73,40.34,14.76,26.97
TRU.N,73.33,0.96,79.8,66.72,79.8,63.5,69.23,0.93,99.35,70.2,86.48,101.18,66.39,86.88,113.1,63.09,85.94,113.1,42.09,80.14,125.22,42.09,85.61,125.22,20.43,72.76
TRUMY.PK,13.67,0.14,14.1,13.07,14.61,13.07,13.85,0.14,19.6,13.92,16.56,20.18,13.92,17.56,21.22,13.92,17.87,21.22,12.56,16.81,25.26,12.56,17.33,25.26,7.46,16.77
TRUP.O,25.64,0.45,26.98,23.52,26.98,21.72,24.22,0.4,57.0,33.68,43.4,57.88,31.0,43.18,57.9,19.69,39.74,69.15,18.45,37.92,158.25,18.45,56.99,158.25,7.61,43.66
TRV.N,331.97,0.56,342.31,318.17,342.31,296.6,316.24,0.84,296.76,249.41,274.62,296.76,230.48,265.77,296.76,189.89,245.23,296.76,157.41,221.74,296.76,133.23,198.04,296.76,76.99,161.67
TRVI.O,18.13,3.45,19.26,17.33,19.26,13.2,16.39,2.59,14.39,5.47,9.53,14.39,3.47,7.57,14.39,1.27,5.17,14.39,0.97,4.16,14.39,0.46,3.33,14.39,0.46,3.65
TRYIY.PK,14.08,0.05,14.51,13.78,15.06,13.42,14.21,0.05,14.45,11.7,13.04,14.8,11.7,13.2,14.8,8.74,11.75,14.8,8.74,11.46,14.8,8.74,11.61,21.16,7.0,13.46
TS.N,55.28,0.24,57.37,53.52,63.21,53.52,58.33,0.26,41.75,33.65,37.43,41.75,30.08,36.88,41.75,27.25,35.23,41.75,24.7,34.04,41.75,14.88,30.37,41.75,8.86,28.15
TSAT.O,45.71,0.21,52.0,40.8,52.0,40.8,45.65,0.29,36.85,19.59,26.44,36.85,14.31,22.47,36.85,6.93,16.35,36.85,6.13,14.39,56.54,6.0,19.03,56.54,6.0,22.92
TSCDF.PK,6.13,0.03,6.34,5.83,6.65,0.0,5.15,0.02,6.39,5.25,5.86,6.39,4.0,5.3,6.39,3.39,4.77,6.39,2.68,4.29,6.39,2.09,3.86,6.39,2.09,3.68
TSCDY.PK,18.49,0.62,19.16,17.97,19.16,17.57,18.41,0.34,19.06,16.27,17.68,19.06,12.16,16.14,19.06,10.36,14.31,19.06,8.15,12.81,19.06,6.54,11.7,19.06,6.54,11.08
TSCFY.PK,0.0,0.0,0.0,0.0,0.0,0.0,0.0,0.0,,,,,,,,,,,,,,,,,,
TSCO.O,31.29,14.04,32.64,29.86,32.64,29.2,30.69,13.61,63.99,49.84,56.38,63.99,46.85,54.69,63.99,42.35,53.84,63.99,37.0,50.53,63.99,27.63,46.19,63.99,9.97,31.95
TSEM.O,245.64,1.64,289.73,210.67,319.94,209.84,259.39,1.86,129.58,42.08,75.46,129.58,28.64,59.0,129.58,28.02,48.82,129.58,21.43,44.31,129.58,21.43,41.6,129.58,10.36,31.14
TSGMY.PK,0.0,0.0,0.0,0.0,0.0,0.0,0.0,0.0,,,,,,,99.98,99.98,99.98,99.98,99.98,99.98,99.98,99.98,99.98,99.98,99.98,99.98
TSGTY.PK,8.26,0.0,29.0,0.0,31.03,0.0,10.8,0.0,36.69,30.5,32.74,38.7,30.42,33.71,42.19,25.05,32.79,54.88,25.05,37.64,57.57,25.05,41.03,57.57,16.25,34.43
TSHA.O,6.52,5.99,7.12,6.06,7.12,5.26,6.2,4.14,6.02,2.25,3.84,6.02,1.05,2.91,6.02,1.05,2.61,6.02,0.5,2.23,33.35,0.5,6.4,33.35,0.5,7.2
TSHTY.PK,6.41,0.0,9.37,0.0,10.28,0.0,5.45,0.0,12.15,8.55,10.01,12.15,7.65,9.93,12.82,7.65,10.04,15.4,7.65,10.46,20.0,7.65,11.01,20.0,7.4,11.82
TSHXY.PK,0.0,0.0,0.0,0.0,0.0,0.0,0.0,0.0,,,,,,,,,,,,,,,,,,
TSLA.O,403.68,50.5,432.86,368.6,432.86,368.6,399.66,49.77,498.83,288.77,395.06,498.83,214.25,356.97,498.83,138.8,293.54,498.83,101.81,268.25,498.83,101.81,265.56,498.83,9.4,149.73
TSLX.K,17.03,0.85,17.55,16.04,17.55,16.04,16.85,0.8,25.16,20.53,22.93,25.16,18.58,22.52,25.16,18.58,21.83,25.16,16.86,20.99,25.16,16.02,21.01,25.16,10.08,19.06
TSLX.N,17.03,0.15,17.54,16.04,17.54,16.04,16.85,0.16,,,,,,,,,,,,,,,,,,
TSM.N,447.17,3.69,478.89,419.2,478.89,405.68,439.21,3.64,313.98,221.2,268.98,313.98,134.26,230.3,313.98,98.8,195.22,313.98,73.78,161.3,313.98,59.44,138.71,313.98,20.46,90.96
TSN.N,58.33,1.21,59.07,56.46,59.07,54.63,57.26,1.35,60.47,50.57,55.07,64.34,50.57,56.54,66.86,50.57,57.64,66.86,44.94,56.55,100.7,44.94,65.41,100.7,42.59,66.85
TSRYF.PK,0.94,0.0,3.4,0.0,3.5,0.0,1.05,0.0,5.01,3.14,3.94,7.29,3.14,4.63,8.45,3.14,6.24,9.89,3.14,6.81,9.89,3.14,7.54,14.36,3.14,8.81
TSRYY.PK,3.18,0.03,3.29,3.04,3.42,3.04,3.25,0.03,5.55,3.17,4.47,7.55,3.17,5.22,8.86,3.17,6.48,10.51,3.17,7.03,10.51,3.17,7.6,14.79,3.17,8.72
TSUKY.PK,63.97,0.0,69.4,59.87,69.4,58.67,62.78,0.01,82.26,59.32,68.61,82.26,50.0,66.1,82.26,49.57,64.57,82.26,35.83,57.86,82.26,29.69,51.13,82.26,20.0,46.79
TSYHY.PK,10.42,0.0,11.08,10.11,11.81,0.0,10.24,0.01,16.7,12.3,14.14,16.7,11.3,13.94,17.39,9.5,13.26,23.53,9.5,15.05,27.3,9.5,16.52,34.63,9.5,19.85
TT.N,486.12,0.49,505.86,463.84,505.86,439.42,476.47,0.45,474.23,381.3,420.45,474.23,301.62,399.84,474.23,234.01,366.85,474.23,162.14,309.6,474.23,120.64,252.21,474.23,36.53,165.02
TTAM.K,18.7,0.32,19.57,17.9,19.57,15.15,17.69,0.31,17.24,12.18,15.2,17.78,10.8,14.6,17.78,10.8,14.6,17.78,10.8,14.6,17.78,10.8,14.6,17.78,10.8,14.6
TTAM.N,18.7,0.13,19.5,17.92,19.5,15.15,17.69,0.1,,,,,,,,,,,,,,,,,,
TTAN.O,71.95,2.82,79.13,60.51,79.13,60.51,68.82,1.95,119.99,83.48,103.7,131.33,79.81,104.09,131.33,79.81,104.11,131.33,79.81,104.11,131.33,79.81,104.11,131.33,79.81,104.11
TTAPY.PK,0.0,0.0,0.0,0.0,15.1,0.0,0.79,0.0,15.2,12.96,13.99,15.2,12.4,13.83,15.2,12.16,13.67,15.2,12.16,13.56,19.21,12.16,15.06,23.42,12.16,17.19
TTC.N,97.15,0.26,97.97,95.08,97.97,87.31,93.54,0.35,84.05,67.76,75.3,87.46,62.4,75.12,100.84,62.4,81.84,117.63,62.4,87.51,117.9,62.4,91.75,117.9,32.38,77.53
TTD.O,18.57,18.66,19.64,16.98,20.58,16.98,18.7,21.8,91.45,35.65,53.89,127.59,35.65,65.14,141.53,35.65,81.46,141.53,35.65,77.28,141.53,35.65,73.4,141.53,2.2,48.17
TTDKY.PK,22.55,0.34,24.06,21.52,26.65,21.0,23.28,0.22,18.51,10.8,14.2,18.51,8.1,12.6,18.51,5.09,12.06,18.51,5.09,10.55,18.51,5.09,9.4,18.51,3.19,7.52
TTE.N,76.9,0.26,79.06,74.78,90.68,74.78,81.58,0.26,66.6,63.82,65.5,66.6,63.82,65.5,66.6,63.82,65.5,66.6,63.82,65.5,66.6,63.82,65.5,66.6,63.82,65.5
TTEK.O,29.39,2.92,31.33,28.12,31.33,26.7,28.44,3.9,38.66,31.18,35.08,42.98,27.27,34.27,51.2,27.27,37.79,51.2,26.24,35.43,51.2,22.63,32.69,51.2,4.57,22.31
TTI.N,10.39,1.17,11.57,9.18,11.57,9.18,10.25,0.71,9.61,3.18,5.99,9.61,2.05,4.75,9.61,2.05,4.23,9.61,2.05,4.21,9.61,0.86,3.88,9.61,0.22,3.52
TTMI.O,180.14,5.04,219.8,147.94,223.83,147.94,191.39,3.17,80.58,39.2,55.87,80.58,15.77,41.26,80.58,13.43,29.84,80.58,11.13,24.51,80.58,9.76,20.38,80.58,4.67,16.65
TTNDY.PK,82.23,0.05,84.41,81.11,84.41,72.26,78.61,0.04,67.19,53.51,60.38,72.94,44.44,60.19,78.85,44.44,62.53,78.85,43.18,59.44,113.19,43.18,67.33,113.19,16.5,49.58
TTVSY.PK,10.9,0.07,11.51,9.95,13.03,9.95,11.13,0.09,19.17,14.48,16.04,19.17,8.41,14.34,19.17,0.0,12.41,19.17,0.0,8.99,19.17,0.0,5.39,19.17,0.0,2.69
TTWO.O,248.3,3.21,258.51,230.67,258.51,206.0,233.08,3.1,264.79,216.34,243.01,264.79,177.35,228.25,264.79,135.24,193.03,264.79,101.53,173.39,264.79,90.0,165.13,264.79,31.36,132.1
TTWSF.PK,0.0,0.0,0.0,0.0,0.0,0.0,0.0,0.0,,,,,,,,,,0.26,0.24,0.25,0.26,0.24,0.25,0.42,0.24,0.31
TU.N,10.64,2.11,11.27,10.07,12.35,10.07,11.34,2.14,16.73,12.54,15.15,16.73,12.54,15.12,18.55,12.54,15.71,21.82,12.54,16.75,27.49,12.54,19.07,27.49,12.17,18.25
TUFBY.PK,0.0,0.0,0.0,0.0,7.45,0.0,0.77,0.0,8.54,6.0,6.85,8.54,5.91,6.66,10.0,5.91,7.82,12.94,5.91,8.03,16.0,5.91,9.94,16.0,5.91,10.04
TUYA.K,1.79,0.78,1.84,1.72,2.22,1.72,1.88,1.4,2.82,1.99,2.37,4.53,1.54,2.5,4.53,1.25,2.07,4.53,1.15,1.97,25.9,0.72,4.04,25.9,0.72,4.04
TUYA.N,1.79,0.22,1.84,1.72,2.22,1.72,1.88,0.37,,,,,,,,,,,,,,,,,,
TV.N,2.71,0.13,2.8,2.6,3.08,2.6,2.79,0.15,3.36,2.04,2.63,3.36,1.55,2.28,3.51,1.55,2.42,5.75,1.55,2.89,13.17,1.55,5.09,25.67,1.55,9.92
TVTX.O,57.68,2.36,60.1,54.87,60.1,45.92,54.33,2.4,42.13,14.36,25.66,42.13,12.91,22.12,42.13,5.12,16.47,42.13,5.12,16.04,42.13,5.12,19.25,42.13,5.12,19.68
TW.O,97.64,2.13,104.74,91.42,104.74,91.42,98.95,1.71,147.49,101.7,117.95,152.65,101.7,126.89,152.65,88.49,119.93,152.65,62.45,106.03,152.65,51.47,94.37,152.65,33.23,82.77
TWFG.O,24.18,0.13,26.32,21.12,26.32,19.18,22.34,0.2,35.69,23.52,28.04,36.85,23.52,29.83,36.85,21.31,29.49,36.85,21.31,29.49,36.85,21.31,29.49,36.85,21.31,29.49
TWLO.K,202.17,1.88,213.88,182.66,227.5,179.2,198.7,2.15,145.9,91.84,118.22,151.95,77.51,115.34,151.95,52.51,92.13,151.95,45.02,81.89,457.3,41.0,139.99,457.3,22.8,119.54
TWLO.N,202.17,0.53,213.47,183.01,227.5,179.25,198.7,0.66,,,,,,,,,,,,,,,,,,
TWO.N,12.31,0.63,12.44,12.01,12.44,12.01,12.31,0.49,11.5,9.3,10.04,14.28,9.3,11.04,14.28,9.3,11.96,18.67,9.3,12.62,32.6,9.3,16.81,69.07,9.0,34.64
TWO_pa.N,24.73,0.01,25.41,24.33,25.41,24.33,24.68,0.01,24.68,22.82,23.45,25.05,21.65,23.66,25.27,21.65,23.68,25.27,18.85,22.83,27.1,16.93,23.47,29.66,0.0,21.36
TWO_pb.N,24.6,0.02,25.4,24.04,25.4,24.04,24.59,0.01,24.58,22.2,23.04,24.58,21.37,23.16,25.43,21.37,23.21,25.43,17.92,22.16,26.46,16.21,22.69,28.24,0.0,19.8
TWODY.PK,10.81,0.05,11.22,10.45,11.22,9.79,10.5,0.04,16.51,12.32,13.83,17.26,12.32,14.45,23.56,12.32,16.65,23.56,12.2,16.08,27.8,9.17,16.81,30.52,9.17,17.12
TWST.O,99.88,2.17,105.47,91.88,105.47,66.43,87.1,2.24,39.37,23.3,30.74,55.33,23.3,35.12,60.9,23.3,38.82,60.9,11.46,32.75,214.07,11.46,52.02,214.07,11.46,48.65
TX.N,43.11,0.09,45.78,41.33,50.58,41.33,45.93,0.1,38.97,29.95,34.77,38.97,24.05,32.17,44.39,24.05,34.74,45.81,24.05,36.45,56.74,24.05,37.3,56.74,9.65,30.86
TXG.O,38.0,3.73,40.56,34.49,40.56,28.01,33.85,3.51,20.34,11.16,14.07,20.34,6.78,12.49,55.96,6.78,19.49,63.57,6.78,29.33,208.99,6.78,62.09,208.99,6.78,68.29
TXN.O,296.54,12.54,316.59,275.78,334.03,273.88,301.0,10.51,221.69,152.73,183.38,221.69,139.95,182.85,221.69,139.95,185.61,221.69,139.48,179.87,221.69,139.48,179.08,221.69,46.73,139.63
TXNM.K,56.94,2.75,57.78,55.64,59.35,55.64,57.14,2.47,59.12,56.17,57.23,59.12,45.71,54.85,59.12,34.62,47.58,59.12,34.62,47.02,59.12,34.62,47.33,59.12,27.08,44.0
TXNM.N,56.94,0.87,57.77,55.64,59.35,55.64,57.14,0.74,,,,,,,,,,,,,,,,,,
TXRH.O,192.29,1.32,196.86,185.76,196.86,162.83,179.55,1.24,192.32,156.0,172.72,199.99,148.73,175.39,206.04,115.48,169.97,206.04,90.4,148.84,206.04,68.58,125.06,206.04,25.15,89.49
TXT.N,91.49,0.59,94.18,86.35,95.0,86.01,91.19,0.61,91.22,75.92,82.55,91.22,57.9,78.17,97.25,57.9,82.55,97.25,57.9,79.16,97.25,44.36,73.96,97.25,20.26,60.67
TY.N,34.8,0.01,35.39,34.42,35.98,34.42,34.87,0.01,35.04,31.61,33.41,35.04,26.65,32.27,35.04,26.65,31.72,35.04,25.16,30.16,35.84,25.16,30.47,35.84,17.0,27.63
TYCMY.PK,25.51,0.01,29.8,23.97,31.85,23.63,26.37,0.06,32.91,26.2,29.11,36.27,24.71,30.09,36.27,17.06,26.94,36.27,17.06,27.33,41.33,0.0,26.51,41.33,0.0,13.23
TYEKF.PK,1.79,0.0,12.5,0.0,12.5,0.0,2.57,0.0,12.6,7.3,9.9,12.6,3.0,8.24,12.6,2.33,6.52,12.6,2.33,6.21,12.6,2.33,6.65,24.67,2.33,10.03
TYG.N,42.81,0.02,43.41,42.35,43.68,42.05,42.76,0.04,44.49,40.35,42.82,48.7,34.0,42.59,48.7,28.02,38.83,48.7,26.72,35.79,48.7,20.1,33.23,148.4,4.6,62.21
TYHOY.PK,18.69,0.03,20.4,17.7,21.34,17.7,19.36,0.03,19.53,0.0,14.01,19.53,0.0,11.29,19.53,0.0,5.71,19.53,0.0,3.81,19.53,0.0,2.29,19.53,0.0,1.14
TYIDF.PK,0.0,0.0,0.0,0.0,0.0,0.0,0.0,0.0,115.52,106.94,111.2,129.0,74.4,105.09,129.0,66.75,94.16,129.0,51.49,85.92,129.0,49.75,80.82,129.0,38.5,63.76
TYIDY.PK,53.76,0.0,127.97,0.0,128.97,0.0,66.63,0.0,120.88,105.38,111.58,133.93,73.47,104.45,133.93,66.49,94.53,133.93,50.16,85.66,133.93,46.83,80.44,133.93,37.97,71.86
TYL.N,299.64,0.29,320.66,280.31,320.66,271.57,294.87,0.31,619.99,446.28,518.86,656.95,446.28,548.64,656.95,398.59,531.78,656.95,301.8,479.94,656.95,281.41,456.34,656.95,118.16,340.16
TYOBY.PK,0.0,0.0,0.0,0.0,11.79,0.0,1.8,0.0,,,,,,,,,,,,,,,,,,
TYOYY.PK,482.02,0.0,567.07,411.02,567.07,379.98,459.38,0.0,113.8,66.58,86.08,113.8,45.35,73.26,129.73,45.35,81.56,141.27,45.35,93.74,283.49,45.35,125.79,283.49,31.7,117.0
TYRA.O,31.11,1.18,32.62,29.26,32.62,24.66,29.11,1.12,26.41,9.1,14.88,26.41,6.42,13.08,29.6,6.42,15.66,29.6,6.42,14.96,31.36,4.93,13.91,31.36,4.93,13.91
TYRRY.PK,0.0,0.0,0.0,0.0,0.0,0.0,0.0,0.0,0.0,0.0,0.0,0.0,0.0,0.0,0.0,0.0,0.0,0.0,0.0,0.0,0.0,0.0,0.0,0.0,0.0,0.0
U.N,28.71,1.73,31.21,25.91,31.21,25.57,27.96,2.1,52.12,23.68,38.92,52.12,15.34,30.8,52.12,13.9,26.88,52.12,13.9,29.04,210.0,13.9,53.74,210.0,13.9,57.22
UA.N,6.24,2.62,6.75,5.7,6.75,5.33,5.9,1.46,7.07,3.96,5.02,7.84,3.96,5.67,10.61,3.96,6.56,11.41,3.96,6.93,23.0,3.96,10.03,45.99,3.96,14.53
UAA.N,6.43,4.54,6.92,5.88,6.92,5.48,6.08,2.76,7.57,4.14,5.23,8.72,4.14,6.01,11.88,4.14,6.93,13.04,4.14,7.42,27.28,4.14,11.24,47.94,4.14,16.74
UAL.O,134.69,5.23,138.77,132.0,138.77,101.77,122.74,5.94,116.32,78.33,98.61,116.32,52.0,91.43,116.32,37.02,73.73,116.32,33.68,64.59,116.32,30.54,56.88,116.32,17.8,61.32
UAMY.K,7.21,6.86,8.19,6.32,8.19,6.32,7.27,7.78,19.71,1.94,6.02,19.71,1.21,4.2,19.71,0.17,2.35,19.71,0.17,1.69,19.71,0.17,1.28,19.71,0.16,0.85
UAMY.N,7.21,1.93,8.18,6.32,8.18,6.32,7.27,1.84,,,,,,,,,,,,,,,,,,
UAN.N,111.83,0.01,117.5,108.33,119.8,108.0,112.18,0.01,104.12,84.22,92.68,104.12,64.19,86.16,104.12,61.9,79.88,118.06,60.72,81.77,179.74,14.7,83.72,179.74,5.8,60.95
UBER.K,73.66,25.12,77.76,71.66,77.76,67.19,71.93,23.38,101.99,78.31,91.78,101.99,60.63,84.7,101.99,54.84,77.71,101.99,25.02,65.76,101.99,19.9,55.04,101.99,13.71,50.18
UBER.N,73.66,7.04,77.76,71.66,77.76,67.21,71.93,5.79,,,,,,,,,,,,,,,,,,
UBS.N,50.14,0.24,52.24,48.99,52.24,46.76,49.55,0.31,47.3,33.5,39.62,47.3,25.75,35.96,47.3,25.75,33.1,47.3,17.99,29.64,47.3,13.81,24.49,47.3,7.52,19.4
UBSFF.PK,2.58,0.0,6.28,0.0,6.3,0.0,3.99,0.0,11.73,6.5,9.4,16.06,6.5,10.81,26.45,6.5,14.1,33.14,6.5,17.32,103.0,6.5,31.18,121.2,6.5,44.29
UBSFY.PK,1.18,0.04,1.25,1.08,1.25,1.04,1.13,0.09,2.4,1.27,1.89,3.35,1.27,2.12,5.25,1.27,3.0,6.73,1.27,3.82,21.34,1.27,6.72,24.55,1.27,10.32
UBSI.O,46.25,1.29,47.25,45.42,47.25,43.7,45.36,1.19,40.52,34.1,37.26,40.52,30.5,36.58,44.43,30.5,36.33,44.43,25.35,35.27,44.43,25.35,36.01,49.35,19.67,35.85
UCB.N,35.47,0.52,36.3,34.62,36.3,32.16,34.33,0.47,34.04,28.71,31.25,34.57,22.96,30.39,35.37,22.96,29.24,35.37,20.39,28.58,39.48,20.39,30.58,39.48,14.96,28.0
UCBJY.PK,148.53,0.02,152.0,144.35,160.08,139.54,148.49,0.03,151.76,95.95,125.43,151.76,71.16,109.51,151.76,43.17,92.28,151.76,34.85,75.85,151.76,32.82,65.04,151.76,29.2,57.66
UCLQF.PK,0.0,0.0,0.0,0.0,0.0,0.0,0.0,0.0,,,,,,,,,,,,,0.0,0.0,0.0,0.0,0.0,0.0
UCTT.O,122.05,1.94,144.22,103.3,144.22,82.67,112.3,1.53,31.11,21.28,25.6,40.1,16.66,25.86,56.47,16.66,33.39,56.47,16.66,32.82,65.33,16.66,36.78,65.33,4.5,26.43
UDIRY.PK,0.0,0.0,0.0,0.0,0.0,0.0,0.0,0.0,,,,,,,,,,,,,,,,,,
UDR.N,40.26,1.42,41.11,38.52,41.11,37.14,39.2,1.47,41.55,32.96,37.29,46.47,32.96,39.64,47.54,32.96,40.15,47.54,30.95,39.85,61.05,30.95,43.46,61.05,29.22,41.29
UE.N,23.0,0.66,23.56,22.6,24.11,21.98,23.06,0.53,21.48,18.44,19.67,21.73,15.66,19.4,23.84,15.66,19.32,23.84,13.13,18.08,23.84,12.43,17.74,29.26,6.75,18.99
UEC.N,10.68,0.11,11.29,10.28,13.28,9.36,11.03,0.17,17.76,5.9,11.57,17.76,3.86,8.82,17.76,3.86,7.77,17.76,2.3,6.56,17.76,1.52,5.28,17.76,0.39,3.85
UELKY.PK,0.0,0.0,0.0,0.0,0.0,0.0,0.0,0.0,29.12,25.15,26.41,35.0,25.15,28.72,53.5,25.15,36.82,53.5,13.75,29.44,53.5,8.0,20.4,53.5,8.0,24.41
UFGSY.PK,4.25,0.0,15.23,0.0,15.95,0.0,7.49,0.0,11.99,9.67,10.76,11.99,6.88,9.83,11.99,4.73,9.74,11.99,2.53,9.48,11.99,1.98,8.78,11.99,0.0,7.97
UFPI.O,90.29,0.54,93.24,86.2,93.24,79.9,86.75,0.56,109.8,87.11,96.26,120.0,87.11,101.09,141.33,87.11,110.87,141.33,75.01,105.46,141.33,53.77,93.92,141.33,19.89,65.33
UFPT.O,264.91,0.23,279.08,245.44,279.08,221.5,245.36,0.22,264.0,182.86,217.09,289.57,178.26,225.03,366.41,152.43,243.92,366.41,103.64,213.41,366.41,44.02,156.42,366.41,20.4,94.69
UGI.N,34.92,0.51,35.47,34.26,35.48,33.46,34.62,0.55,39.59,31.64,35.19,39.59,27.85,34.15,39.59,21.68,29.35,43.16,20.19,29.15,48.53,20.19,33.92,59.3,20.19,39.6
UGP.N,5.05,0.71,5.42,4.84,5.42,4.62,4.91,1.1,4.4,2.8,3.68,4.4,2.54,3.32,6.34,2.54,3.91,6.34,2.18,3.79,6.34,2.13,3.47,13.24,1.98,5.57
UHAL.K,66.61,0.26,68.24,64.21,68.24,57.71,63.7,0.3,64.38,48.48,56.07,75.19,48.48,60.85,79.04,48.48,64.47,79.04,48.07,62.68,79.04,43.78,61.06,79.04,22.01,48.11
UHAL.N,66.61,0.09,68.24,64.21,68.24,57.71,63.7,0.1,,,,,,,,,,,,,,,,,,
UHALb.K,58.57,0.62,59.85,56.5,59.85,51.89,56.26,0.56,57.38,44.4,50.97,67.36,44.4,54.96,73.97,44.4,59.76,73.97,43.62,57.99,73.97,43.62,57.99,73.97,43.62,57.99
UHALB.K,46.61,0.72,54.07,43.93,46.57,43.93,44.8,0.52,57.38,44.4,50.97,67.36,44.4,54.96,73.97,44.4,59.76,73.97,43.62,57.99,73.97,43.62,57.99,73.97,43.62,57.99
UHALb.N,58.57,0.27,59.85,56.5,59.85,51.89,56.26,0.23,,,,,,,,,,,,,,,,,,
UHS.N,150.4,0.31,161.31,144.12,161.31,140.12,146.78,0.33,246.08,152.86,200.49,246.08,152.86,191.17,246.08,150.17,190.92,246.08,113.83,173.04,246.08,82.52,156.21,246.08,65.73,138.9
UI.N,535.19,0.03,554.76,519.06,610.0,519.06,557.3,0.03,802.08,380.0,565.91,802.08,258.01,464.9,802.08,104.5,324.19,802.08,103.38,280.11,802.08,103.38,285.6,802.08,25.75,193.1
UILCY.PK,0.0,0.0,0.0,0.0,55.08,0.0,2.9,0.0,0.0,0.0,0.0,0.0,0.0,0.0,0.0,0.0,0.0,0.0,0.0,0.0,0.0,0.0,0.0,0.0,0.0,0.0
UL.N,61.05,0.52,62.56,59.99,62.56,55.75,59.35,0.51,69.64,61.93,65.27,70.33,58.2,64.73,70.56,49.77,62.3,70.56,49.46,59.63,70.56,45.46,57.94,70.56,41.34,57.68
ULCC.O,7.78,3.65,8.4,7.38,8.4,5.31,7.02,4.25,6.05,3.15,4.48,10.26,2.89,4.99,10.26,2.79,5.32,14.1,2.79,6.21,22.7,2.79,9.04,22.7,2.79,9.04
ULS.N,97.25,0.91,102.07,87.34,102.07,87.34,95.73,0.56,91.56,61.85,74.22,91.56,48.63,66.98,91.56,33.15,58.39,91.56,33.15,58.39,91.56,33.15,58.39,91.56,33.15,58.39
ULTA.O,464.67,0.82,493.98,443.6,493.98,443.6,465.99,0.81,616.34,467.24,531.05,616.34,309.01,465.92,616.34,309.01,443.02,616.34,309.01,450.4,616.34,276.0,420.09,616.34,124.05,335.77
UMBF.O,143.85,0.97,146.6,139.62,146.6,125.14,137.93,0.8,126.14,103.07,114.27,126.14,82.0,109.69,129.94,76.0,101.97,129.94,50.68,91.03,129.94,50.68,91.59,129.94,39.47,78.31
UMBFO.O,26.42,0.04,26.92,26.12,27.2,26.12,26.52,0.02,28.05,25.81,26.74,28.05,25.1,26.58,28.05,25.1,26.58,28.05,25.1,26.58,28.05,25.1,26.58,28.05,25.1,26.58
UMC.N,26.21,6.66,28.96,24.15,28.96,18.7,24.04,7.46,8.17,6.56,7.34,8.33,5.61,7.13,8.99,5.61,7.53,8.99,5.61,7.62,12.68,5.36,8.16,12.68,1.64,5.33
UMH.N,15.34,0.44,15.59,15.08,15.59,14.86,15.22,0.28,17.43,13.97,15.51,19.13,13.97,16.56,20.63,13.97,16.86,20.63,13.27,16.38,27.48,13.27,18.14,27.48,8.68,15.88
UMH_pd.N,21.34,0.03,21.6,20.75,22.08,20.75,21.69,0.01,23.39,21.56,22.47,23.39,20.99,22.4,24.42,20.99,22.78,24.42,19.9,22.4,26.65,0.0,23.53,26.65,0.0,18.38
UMICY.PK,5.88,0.02,6.08,5.68,6.99,5.68,6.26,0.03,5.26,3.72,4.38,5.26,1.96,3.48,6.69,1.96,3.82,9.71,1.96,4.99,17.71,1.96,7.72,17.71,1.96,9.04
UNBLF.PK,32.75,0.0,118.0,0.0,118.52,0.0,47.8,0.0,111.0,91.72,103.32,111.0,72.02,94.65,111.0,69.31,87.34,111.0,44.69,77.29,111.0,40.75,75.55,271.1,34.48,93.29
UNCRY.PK,45.06,0.45,47.15,43.38,47.15,40.23,44.09,0.58,42.04,32.77,37.64,42.04,19.41,32.84,42.04,13.44,25.92,42.04,7.24,20.97,42.04,4.09,14.92,42.04,3.21,11.77
UNF.N,266.76,0.06,273.67,261.28,280.0,259.34,265.88,0.06,211.42,147.66,171.16,243.0,147.66,182.75,243.0,147.66,179.68,243.0,147.66,178.03,258.86,147.66,186.7,258.86,96.9,172.03
UNFI.K,47.03,0.84,51.97,45.01,57.02,40.4,49.1,0.92,43.29,22.12,32.3,43.29,20.78,29.95,43.29,8.58,22.85,43.95,8.58,23.25,57.89,8.58,29.72,57.89,5.0,29.35
UNFI.N,47.03,0.35,51.79,45.06,56.99,40.5,49.1,0.35,,,,,,,,,,,,,,,,,,
UNH.N,421.25,1.59,430.16,407.18,430.16,396.68,412.15,1.81,380.06,234.65,320.66,606.36,234.65,381.65,630.45,234.65,457.9,630.45,234.65,471.68,630.45,234.65,465.74,630.45,107.52,344.79
UNICY.PK,2.87,0.79,3.0,2.8,3.0,2.77,2.86,0.58,3.67,2.61,3.21,8.1,2.61,3.62,8.1,2.61,4.49,8.1,2.61,5.07,8.16,2.61,5.63,8.96,2.61,5.29
UNIT.O,11.19,3.61,11.65,10.38,12.94,10.38,11.6,2.99,9.73,5.3,6.75,10.23,5.3,7.45,11.13,4.26,7.84,11.37,4.26,7.89,24.22,4.26,12.1,54.29,4.26,20.26
UNIXY.PK,0.0,0.0,0.0,0.0,0.0,0.0,0.0,0.0,,,,,,,,,,,,,,,,,,
UNLRY.PK,0.53,0.0,1.9,0.0,2.09,0.0,0.49,0.02,3.2,1.77,2.6,3.2,1.3,2.07,4.5,1.3,2.61,6.28,1.3,3.0,10.7,1.3,4.26,16.71,1.3,5.88
UNM.N,90.19,0.53,92.35,85.59,93.2,85.59,90.41,0.67,83.12,68.29,75.71,84.35,66.86,76.85,84.35,44.83,66.4,84.35,36.29,59.24,84.35,21.87,47.91,84.35,9.6,41.55
UNMA.N,21.71,0.05,22.06,21.26,22.59,21.26,22.01,0.02,24.66,22.86,23.78,25.33,22.71,24.07,26.05,22.71,24.57,26.05,21.5,24.29,27.73,21.5,24.91,28.14,0.0,19.0
UNP.N,274.76,1.1,283.99,262.88,283.99,255.69,268.39,0.91,241.52,210.87,226.82,256.72,204.72,228.96,258.61,204.72,234.44,258.61,183.7,226.26,278.94,183.7,225.35,278.94,67.06,181.49
UNPRF.PK,7.18,0.0,50.23,0.0,50.23,0.0,2.64,0.0,46.8,35.0,40.81,52.74,35.0,42.7,63.56,35.0,48.62,175.6,35.0,87.31,857.84,35.0,136.09,857.84,35.0,212.21
UNVGY.PK,10.57,0.47,10.96,10.26,10.96,10.03,10.46,0.97,16.6,12.23,13.93,16.6,12.18,14.12,16.6,11.28,13.97,16.6,9.64,13.37,16.6,0.0,10.65,16.6,0.0,5.32
UOLGY.PK,29.61,0.01,30.06,29.08,32.55,29.08,30.38,0.01,29.29,19.66,24.24,29.29,14.64,20.79,29.29,14.42,18.7,29.29,14.42,18.98,29.29,14.42,19.7,29.29,14.42,19.72
UOVEY.PK,61.7,0.03,62.85,60.21,62.85,58.68,60.79,0.03,59.01,50.0,54.45,59.01,44.43,54.41,59.01,39.94,50.31,59.01,38.44,47.56,59.01,33.5,44.41,59.01,22.59,38.91
UPB.O,7.02,0.61,7.72,6.28,7.72,5.85,6.55,0.7,33.0,10.54,20.21,33.0,5.14,14.93,33.0,5.14,16.29,33.0,5.14,16.29,33.0,5.14,16.29,33.0,5.14,16.29
UPBD.O,20.5,1.42,21.34,19.44,21.34,17.44,19.3,1.11,28.02,15.82,22.01,30.62,15.82,23.66,38.72,15.82,27.9,38.72,15.82,28.27,67.76,15.82,33.31,67.76,7.22,25.37
UPCHY.PK,24.71,0.0,86.5,0.0,95.66,0.0,42.05,0.0,127.25,101.07,110.88,127.25,92.48,111.27,127.25,54.28,91.67,127.25,54.28,89.94,132.0,54.28,93.14,132.0,54.28,92.81
UPMMY.PK,26.35,0.12,27.02,25.77,29.36,25.77,27.53,0.09,29.87,25.11,27.47,31.34,24.2,27.7,38.81,24.2,30.34,38.81,24.2,31.52,41.77,24.2,33.43,41.77,0.0,20.76
UPS.N,109.03,1.32,111.05,106.05,111.05,102.84,107.73,1.72,106.28,82.0,92.06,136.99,82.0,100.23,161.45,82.0,119.87,197.72,82.0,136.91,233.72,82.0,158.24,233.72,82.0,136.26
UPST.O,34.56,4.69,36.9,31.93,36.9,29.25,32.61,4.67,87.3,34.23,58.2,96.43,31.4,56.88,96.43,20.6,47.14,96.43,11.93,40.67,401.49,11.93,68.05,401.49,11.93,67.81
UPWK.O,8.56,3.13,9.29,7.81,9.29,7.78,8.44,3.22,22.32,11.46,16.62,22.32,11.13,15.72,22.32,8.43,14.07,22.32,6.56,13.24,64.49,6.56,21.06,64.49,5.14,19.59
URBN.O,71.13,1.28,73.65,68.42,79.42,68.42,73.09,1.22,83.94,59.54,72.15,83.94,41.89,64.99,83.94,33.86,53.13,83.94,23.55,45.87,83.94,17.81,39.18,83.94,12.28,33.84
URI.N,1118.11,0.17,1143.18,1085.77,1143.18,1048.53,1090.69,0.17,1021.08,746.64,879.55,1021.08,527.61,781.18,1021.08,527.61,745.74,1021.08,325.2,640.87,1021.08,224.8,511.29,1021.08,41.9,319.54
URMCY.PK,13.18,0.01,13.78,11.42,13.78,11.04,12.55,0.02,11.6,0.0,0.43,11.6,0.0,0.22,11.6,0.0,0.11,11.6,0.0,0.07,11.6,0.0,0.04,11.6,0.0,0.02
USA.N,5.79,0.33,5.88,5.69,5.88,5.63,5.76,0.35,6.95,5.8,6.42,7.34,5.65,6.56,7.48,5.65,6.72,7.48,5.62,6.54,9.46,5.42,6.92,9.46,3.68,6.39
USAC.K,26.16,0.14,26.73,24.91,28.43,24.81,26.33,0.31,26.52,21.85,23.77,30.1,21.59,24.68,30.1,21.06,24.29,30.1,18.48,23.4,30.1,12.75,20.69,30.1,3.52,17.95
USAC.N,26.16,0.04,26.51,24.91,28.35,24.81,26.33,0.14,,,,,,,,,,,,,,,,,,
USAR.O,20.32,11.85,22.03,18.54,26.07,18.54,21.66,14.35,43.98,9.32,16.67,43.98,5.56,13.98,43.98,5.56,12.36,43.98,5.56,12.0,43.98,5.56,12.0,43.98,5.56,12.0
USAS.K,4.79,3.33,5.19,4.53,6.24,4.47,5.03,3.98,6.24,2.0,3.56,6.24,0.95,2.53,6.24,0.5,1.63,6.24,0.5,1.43,8.65,0.5,2.03,12.6,0.5,4.49
USB.N,61.47,3.34,63.04,60.21,63.04,55.18,59.3,3.64,55.14,43.48,48.24,55.14,35.18,46.2,55.14,35.18,45.12,55.14,27.27,42.57,63.56,27.27,46.61,63.56,27.27,47.52
USB_ph.N,18.59,0.05,18.8,18.29,18.91,18.29,18.7,0.02,21.04,17.74,19.58,23.25,17.74,20.63,23.25,17.74,21.1,23.25,15.83,20.45,25.23,15.83,21.19,25.23,13.67,21.65
USDMY.PK,0.0,0.0,0.0,0.0,0.0,0.0,0.0,0.0,,,,,,,,,,,,,,,,,,
USFD.K,101.18,3.64,104.43,95.83,104.43,84.48,95.45,3.18,85.11,69.88,77.3,85.11,57.36,73.67,85.11,44.82,64.78,85.11,33.68,56.51,85.11,25.49,47.75,85.11,8.32,39.33
USFD.N,101.18,0.93,104.43,95.83,104.43,85.0,95.45,0.91,,,,,,,,,,,,,,,,,,
USLM.O,105.18,0.23,111.2,101.0,115.21,101.0,107.14,0.34,137.96,94.76,119.71,137.96,80.47,110.48,159.53,42.87,96.04,159.53,26.94,76.55,159.53,20.42,55.97,159.53,9.18,35.44
USNZY.PK,1.64,0.06,1.76,1.53,2.35,1.53,1.83,0.15,1.21,0.7,0.93,1.21,0.7,0.95,2.22,0.7,1.22,2.22,0.7,1.3,4.6,0.7,1.85,4.6,0.16,1.85
USPH.K,69.95,0.29,73.41,65.23,73.41,60.86,66.17,0.23,93.5,66.67,80.63,93.5,62.77,79.7,113.63,62.77,87.19,124.11,62.77,91.33,143.67,62.77,96.54,148.48,45.13,91.56
USPH.N,69.95,0.1,73.41,65.82,73.41,61.01,66.17,0.08,,,,,,,,,,,,,,,,,,
USSJY.PK,7.08,0.0,25.11,0.0,25.75,0.0,5.19,0.0,25.25,19.72,22.59,25.25,17.45,21.06,25.25,12.2,19.06,25.25,12.2,18.77,25.25,12.2,18.6,25.25,12.2,18.39
UTF.N,27.55,0.04,27.9,27.17,27.9,26.84,27.3,0.04,27.03,23.43,25.04,27.03,21.89,24.91,27.03,20.42,24.2,27.03,18.02,23.55,29.72,18.02,24.84,29.72,12.03,23.65
UTG.N,40.45,0.0,41.54,39.59,42.88,39.59,40.96,0.0,41.65,35.66,37.87,41.65,27.71,35.56,41.65,25.27,32.27,41.65,23.33,30.77,41.65,23.33,31.49,41.65,19.52,31.83
UTGPF.PK,0.0,0.0,0.0,0.0,0.0,0.0,0.0,0.0,10.84,6.99,8.58,11.9,6.99,9.29,13.16,6.99,10.07,13.4,6.99,10.47,16.25,6.99,11.3,16.25,6.75,11.08
UTHR.O,546.16,0.51,558.58,535.44,558.58,532.59,546.04,0.59,519.99,272.12,401.0,519.99,266.98,361.68,519.99,208.62,330.68,519.99,204.44,297.94,519.99,150.73,259.78,519.99,74.31,187.74
UTI.N,44.42,0.39,50.27,39.01,50.27,36.19,41.38,0.36,34.96,21.29,28.85,36.28,21.29,29.03,36.28,12.18,22.94,36.28,5.64,17.96,36.28,5.28,13.6,36.28,1.43,8.82
UTZ.N,7.86,0.86,8.37,7.21,8.37,6.8,7.37,0.69,14.67,9.2,12.02,15.77,9.2,12.7,20.04,9.2,15.02,20.04,9.2,15.2,30.09,9.2,16.51,30.09,9.2,15.67
UUGRY.PK,35.16,0.03,36.17,34.42,36.17,33.98,34.83,0.04,32.89,29.2,31.13,32.89,22.73,29.3,32.89,22.73,28.02,32.89,22.37,27.28,32.89,18.26,27.13,32.89,17.28,24.94
UUUU.K,14.28,8.07,15.42,13.58,18.06,13.57,14.88,9.93,27.33,5.57,13.79,27.33,3.2,9.4,27.33,3.2,7.72,27.33,3.2,7.4,27.33,3.2,7.1,27.33,0.78,4.6
UVE.N,41.71,0.14,43.96,39.28,43.96,36.44,39.44,0.09,35.38,21.88,28.19,35.38,18.64,25.63,35.38,15.64,22.54,35.38,9.99,20.03,35.38,8.15,17.21,47.86,8.15,21.05
UVRBY.PK,0.0,0.0,0.0,0.0,0.0,0.0,0.0,0.0,11.7,9.1,10.62,17.01,9.1,12.92,20.53,9.1,14.67,26.44,9.1,17.35,31.78,9.1,20.97,44.31,9.1,27.0
UVV.N,52.45,0.13,53.87,51.32,54.47,51.32,52.81,0.12,59.2,50.0,54.2,67.25,49.4,54.83,67.8,45.25,53.6,67.8,44.4,52.98,67.8,43.72,53.27,83.35,37.15,54.58
UWMC.K,2.18,25.36,2.38,2.05,2.66,2.0,2.26,27.8,7.14,3.98,5.31,7.14,3.8,5.27,9.74,3.8,6.21,9.74,3.31,5.91,13.83,2.84,5.96,14.38,2.84,6.48
UWMC.N,2.18,4.52,2.38,2.06,2.66,2.0,2.26,5.18,,,,,,,,,,,,,,,,,,
UZD.N,18.88,0.0,18.94,18.72,19.03,18.61,18.84,0.0,25.69,19.14,21.72,25.69,19.14,22.67,25.69,18.88,22.3,25.69,13.44,20.73,28.06,13.44,22.17,28.06,0.0,12.06
UZE.N,17.17,0.0,17.41,16.94,17.41,16.65,17.04,0.0,,,,,,,,,,,,,,,,,,
UZF.N,16.86,0.0,17.08,16.57,17.08,16.57,16.84,0.0,22.59,16.53,18.96,22.75,16.53,20.36,23.3,16.53,20.34,23.3,12.02,18.82,27.08,0.0,18.46,27.08,0.0,9.21
V.N,345.99,4.11,363.22,330.06,363.22,317.06,333.31,3.48,359.53,318.01,343.4,375.51,299.05,343.47,375.51,252.74,311.8,375.51,206.22,286.15,375.51,174.8,257.47,375.51,66.3,195.58
VAC.N,100.42,0.18,105.94,96.41,105.94,87.71,96.32,0.16,86.17,44.58,68.1,91.17,44.58,69.59,108.57,44.58,78.42,165.74,44.58,91.96,190.74,44.58,116.01,190.74,30.46,107.56
VACNY.PK,85.79,0.01,88.91,82.17,88.91,74.94,83.68,0.01,50.24,31.99,41.23,50.24,29.86,39.59,59.72,0.0,42.18,59.72,0.0,34.18,59.72,0.0,28.94,59.72,0.0,14.59
VAL.N,74.59,0.32,77.43,71.51,92.48,71.51,80.77,0.27,61.68,41.88,51.22,61.68,27.17,45.84,84.12,27.17,54.55,84.12,27.17,59.03,84.12,20.25,53.31,84.12,20.25,53.31
VALE.K,15.03,19.96,15.28,14.82,16.36,14.76,15.27,22.24,13.62,9.36,11.18,13.62,8.06,10.33,15.99,8.06,10.96,19.31,8.06,12.22,23.18,8.06,14.02,23.18,2.13,12.23
VALE.N,15.03,3.71,15.27,14.83,16.36,14.76,15.27,4.71,,,,,,,,,,,,,,,,,,
VARRY.PK,9.3,0.01,10.9,7.5,11.09,7.5,9.55,0.03,7.36,0.0,5.57,7.36,0.0,4.14,7.38,0.0,3.06,7.38,0.0,2.42,7.38,0.0,1.45,7.38,0.0,0.72
VBREY.PK,11.58,0.04,12.44,11.05,13.29,10.49,11.66,0.04,10.0,6.67,8.28,10.0,0.0,5.62,10.0,0.0,2.8,10.0,0.0,1.87,10.0,0.0,1.12,10.0,0.0,0.56
VC.O,102.58,1.14,125.0,93.82,126.95,93.82,111.64,0.78,129.1,93.16,111.81,129.1,65.1,97.85,129.1,65.1,101.39,171.66,65.1,114.62,171.66,65.1,115.51,171.66,38.69,101.92
VCEL.O,45.34,0.88,47.79,41.6,47.79,35.72,41.16,0.74,43.51,29.24,36.32,63.0,29.24,41.83,63.0,29.24,44.59,63.0,23.38,40.69,68.94,17.3,40.14,68.94,1.76,25.33
VCISY.PK,36.31,0.78,37.5,35.26,37.76,35.17,36.44,0.72,37.95,32.72,35.1,37.95,25.08,33.52,37.95,25.08,31.45,37.95,24.92,30.54,37.95,19.54,28.45,37.95,13.24,25.46
VCTR.O,85.19,0.57,90.96,81.41,90.96,81.41,86.11,0.52,73.0,57.03,66.19,73.0,47.0,64.01,73.42,32.55,57.16,73.42,26.8,48.69,73.42,15.69,41.09,73.42,7.27,31.55
VCYT.O,58.98,1.56,60.91,56.01,60.91,46.04,53.74,1.48,50.71,22.61,34.5,50.71,22.61,33.99,50.71,18.61,30.95,50.71,18.61,28.83,86.03,14.85,31.42,86.03,4.21,23.66
VDMCY.PK,9.25,0.04,9.49,9.01,10.0,8.57,9.16,0.04,8.57,7.44,7.96,8.57,5.1,7.37,8.57,4.56,6.43,8.57,4.56,6.38,11.55,4.56,7.32,14.66,4.56,8.56
VECO.O,67.73,2.19,76.4,53.88,86.63,53.88,71.29,2.09,34.45,19.29,26.74,34.45,16.92,24.33,49.25,16.92,29.6,49.25,16.92,27.91,49.25,16.11,25.8,49.25,6.27,21.26
VEEV.K,178.87,3.04,193.52,157.88,193.52,150.39,167.36,2.69,310.5,215.3,273.39,310.5,201.54,256.32,310.5,170.25,232.02,310.5,157.0,216.65,343.96,151.02,226.94,343.96,19.97,166.9
VEEV.N,178.87,1.04,193.39,157.91,193.39,150.51,167.36,0.87,,,,,,,,,,,,,,,,,,
VEMLY.PK,18.4,0.0,66.14,0.0,69.86,0.0,10.46,0.0,60.16,44.0,52.7,60.16,38.07,48.29,60.16,38.07,49.68,67.46,38.07,49.96,80.65,38.07,54.67,105.06,28.72,55.24
VEOEY.PK,20.75,0.08,21.3,20.34,21.3,19.69,20.56,0.09,18.22,16.01,17.15,18.49,13.44,16.73,18.49,13.44,16.23,18.49,13.04,15.87,18.9,9.2,15.28,18.9,7.69,13.07
VEON.O,52.11,0.12,53.5,51.0,53.96,48.2,51.51,0.09,64.0,42.54,52.14,64.0,34.55,48.78,64.0,18.5,37.88,64.0,10.62,31.25,64.0,6.0,31.11,112.75,6.0,52.51
VERA.O,41.86,3.17,44.87,36.76,44.87,30.82,37.38,1.96,56.05,19.07,29.32,56.05,18.53,28.3,56.05,14.2,33.89,56.05,5.2,26.5,56.05,5.2,23.85,56.05,5.2,23.85
VERX.O,11.9,2.18,13.11,10.78,13.18,10.21,11.85,1.8,36.75,18.54,25.3,60.71,18.54,33.35,60.71,18.54,34.81,60.71,11.92,30.12,60.71,9.44,25.3,60.71,9.44,25.36
VET.N,9.16,0.34,9.46,8.73,11.69,8.73,10.03,0.42,9.5,7.0,7.99,10.48,5.15,7.93,12.78,5.15,9.34,17.41,5.15,10.7,30.17,4.34,12.15,44.85,1.51,18.78
VFC.N,16.76,1.74,17.5,16.08,18.48,16.08,17.02,1.88,20.29,11.1,14.82,29.02,9.41,15.98,29.02,9.41,16.29,32.12,9.41,17.76,90.74,9.41,35.63,100.25,9.41,52.37
VFS.O,3.08,0.45,3.21,2.98,3.25,2.9,3.09,0.54,3.75,3.0,3.38,4.65,2.56,3.47,8.05,2.26,3.92,93.0,2.26,6.42,93.0,2.26,7.14,93.0,2.26,7.14
VG.N,11.01,2.59,11.37,10.27,13.82,10.27,11.54,3.76,18.17,5.72,11.29,24.99,5.72,12.0,24.99,5.72,12.0,24.99,5.72,12.0,24.99,5.72,12.0,24.99,5.72,12.0
VGNT.N,41.38,1.24,43.58,39.38,50.67,39.38,44.47,0.73,0.0,0.0,0.0,0.0,0.0,0.0,0.0,0.0,0.0,0.0,0.0,0.0,0.0,0.0,0.0,0.0,0.0,0.0
VIA.N,18.18,0.94,19.73,14.77,19.73,13.98,16.09,0.62,56.01,28.24,42.66,56.01,28.24,42.66,56.01,28.24,42.66,56.01,28.24,42.66,56.01,28.24,42.66,56.01,28.24,42.66
VIA.O,0.0,0.0,0.0,0.0,0.0,0.0,0.0,0.0,,,,,,,11.0,10.99,11.0,11.0,10.99,11.0,11.0,10.99,11.0,11.0,10.99,11.0
VIAAY.PK,0.0,0.0,0.0,0.0,0.0,0.0,0.0,0.0,,,,,,,,,,,,,,,,,,
VIAV.O,46.34,9.75,51.73,40.79,57.5,40.79,48.55,9.67,19.76,9.62,13.57,19.76,8.1,12.02,19.76,6.6,10.42,19.76,6.6,10.24,19.76,6.6,12.27,19.76,4.68,11.5
VICI.K,26.8,11.72,27.28,26.14,28.71,26.08,27.21,11.48,34.01,27.56,31.34,34.03,27.56,31.33,34.29,27.08,30.92,35.07,26.62,31.07,35.69,24.51,30.66,35.69,9.85,27.08
VICI.N,26.8,4.69,27.28,26.14,28.7,26.08,27.21,4.06,,,,,,,,,,,,,,,,,,
VICR.O,331.94,1.28,382.65,280.01,382.65,258.91,320.14,0.93,116.33,41.76,66.86,116.33,38.92,58.03,116.33,30.9,49.07,116.33,30.9,50.64,164.76,30.9,66.21,164.76,7.0,49.99
VIK.N,102.72,0.73,105.64,98.75,105.64,87.25,97.75,0.74,74.6,52.91,61.72,74.6,31.81,53.61,74.6,25.71,46.65,74.6,25.71,46.65,74.6,25.71,46.65,74.6,25.71,46.65
VIPS.K,13.21,3.25,13.62,12.65,14.14,12.65,13.44,2.8,21.08,14.79,17.91,21.08,12.14,16.31,21.08,11.5,15.7,21.08,11.5,15.66,46.0,5.75,15.54,46.0,4.3,13.99
VIPS.N,13.21,0.99,13.62,12.65,14.13,12.65,13.44,0.91,,,,,,,,,,,,,,,,,,
VIRDY.PK,0.0,0.0,0.0,0.0,100.37,0.0,5.02,0.0,121.0,52.5,70.92,121.0,52.5,68.27,121.0,35.65,52.45,121.0,35.65,64.82,157.0,35.65,81.42,6007.18,35.65,438.48
VIRT.N,60.85,0.42,63.89,56.9,64.8,52.66,59.48,0.46,,,,,,,,,,,,,,,,,,
VIRT.O,60.85,1.23,63.9,56.81,64.88,52.61,59.48,1.37,45.77,31.89,37.65,45.77,31.89,38.2,45.77,16.02,32.08,45.77,16.02,27.58,45.77,16.02,27.35,45.77,12.35,24.16
VISN.O,12.54,7.44,12.92,11.77,13.04,11.56,12.52,6.0,20.55,7.14,15.11,20.55,2.94,10.31,20.55,0.86,6.67,20.55,0.86,6.0,22.18,0.86,8.46,42.75,0.86,16.65
VIST.K,63.14,0.73,66.21,59.82,77.21,59.82,67.33,0.86,54.5,31.63,43.28,61.67,31.63,46.31,61.67,28.43,45.4,61.67,13.84,38.17,61.67,2.42,25.56,61.67,1.8,20.81
VIST.N,63.14,0.13,66.17,59.87,77.0,59.87,67.33,0.15,,,,,,,,,,,,,,,,,,
VITL.O,11.82,2.33,13.03,10.43,13.03,9.85,11.04,2.61,53.12,30.0,39.31,53.12,28.87,37.13,53.12,14.16,33.98,53.12,10.0,27.16,53.12,7.89,23.05,53.12,7.89,23.91
VIV.N,13.28,0.31,13.52,12.92,13.6,12.58,13.12,0.27,13.3,10.79,12.2,13.3,7.28,10.71,13.3,7.28,9.92,13.3,6.22,9.38,13.3,6.22,8.93,16.61,6.22,10.47
VIVHY.PK,2.47,0.02,2.55,2.39,2.55,2.37,2.45,0.02,4.16,2.66,3.35,4.32,2.46,3.2,4.64,2.12,3.63,4.64,2.12,3.65,5.32,2.12,3.66,5.32,1.42,2.87
VKTX.O,38.17,3.12,41.4,36.13,41.4,27.16,33.46,2.93,43.15,22.96,32.63,43.55,18.92,30.82,99.41,17.23,43.73,99.41,7.97,34.07,99.41,2.02,22.34,99.41,0.88,13.81
VLEEY.PK,7.28,0.01,7.66,6.94,8.8,0.0,7.39,0.01,7.35,5.29,6.23,7.35,3.75,5.7,7.84,3.75,5.68,12.21,3.75,6.98,20.1,3.75,9.42,40.44,3.75,16.44
VLKAF.PK,85.74,0.0,90.5,80.99,108.88,80.99,94.74,0.0,128.99,101.61,113.74,128.99,90.03,110.56,165.46,84.82,117.44,196.25,84.82,129.8,480.0,84.82,182.69,480.0,84.82,174.89
VLKPF.PK,89.25,0.0,97.5,80.28,112.35,0.0,90.96,0.0,128.13,98.7,111.75,128.13,85.0,107.55,139.86,82.37,110.49,152.25,82.37,116.89,299.96,82.37,149.85,299.96,82.37,155.51
VLMTY.PK,0.0,0.0,0.0,0.0,0.0,0.0,0.0,0.0,,,,,,,,,,,,,,,,,,
VLO.N,264.1,1.33,274.59,240.21,274.59,232.74,254.23,1.14,185.62,130.85,159.28,185.62,99.0,144.3,185.62,99.0,145.09,185.62,99.0,139.15,185.62,54.78,119.81,185.62,31.0,97.34
VLOWY.PK,4.74,0.04,5.0,4.52,5.96,4.52,5.2,0.47,4.15,3.44,3.79,4.24,3.07,3.78,4.24,2.8,3.57,4.24,2.1,3.35,6.85,1.43,3.09,51.07,1.43,12.57
VLPNY.PK,6.76,0.0,9.81,0.0,10.6,0.0,5.2,0.0,9.33,5.3,7.21,9.33,3.34,6.14,9.33,3.34,5.66,9.33,3.34,5.87,9.61,3.22,6.2,13.38,2.78,6.72
VLRS.K,9.32,0.78,9.74,9.0,9.74,7.15,8.69,0.67,9.99,4.34,6.51,9.99,3.49,6.17,9.99,3.49,6.71,15.05,3.49,7.97,23.58,3.49,10.8,23.58,2.94,10.89
VLRS.N,9.32,0.18,9.73,9.0,9.73,7.21,8.94,0.18,,,,,,,,,,,,,,,,,,
VLTO.K,90.01,2.76,92.95,84.85,92.95,81.58,86.16,2.58,110.11,95.84,103.32,110.11,83.86,100.78,115.0,73.91,99.33,115.0,65.51,96.51,115.0,65.51,96.51,115.0,65.51,96.51
VLTO.N,90.01,1.07,92.93,86.72,92.93,81.7,86.16,1.06,,,,,,,,,,,,,,,,,,
VLVCY.PK,1.12,0.0,4.08,0.0,4.81,0.0,2.27,0.0,7.66,3.73,5.34,7.66,3.26,4.59,7.68,3.26,5.14,9.68,3.26,5.74,9.68,3.26,5.75,9.68,3.26,5.75
VLVLY.PK,33.97,0.38,35.58,32.94,35.58,31.98,33.56,0.33,33.06,26.11,29.22,33.33,22.55,28.66,33.33,22.55,27.23,33.33,17.85,25.02,33.33,13.66,23.44,33.33,8.69,19.41
VLY.O,14.71,7.3,14.94,14.46,14.94,13.66,14.41,7.45,12.18,8.82,10.54,12.18,7.48,9.82,12.18,6.47,9.16,12.61,6.38,9.2,15.1,6.38,10.62,15.1,6.0,10.53
VLYPN.O,25.57,0.02,25.97,25.4,26.17,25.4,25.73,0.01,26.61,24.74,25.8,26.61,23.75,25.52,26.88,23.75,25.62,26.88,23.75,25.62,26.88,23.75,25.62,26.88,23.75,25.62
VLYPO.O,24.77,0.01,25.0,24.56,25.1,24.56,24.83,0.01,25.74,24.43,25.11,25.74,22.73,25.0,26.01,20.04,24.61,26.01,15.11,23.99,26.67,15.11,24.37,28.11,13.84,24.64
VLYPP.O,24.71,0.01,24.82,24.57,25.12,24.53,24.79,0.01,26.11,24.63,25.33,26.11,21.71,25.04,26.11,18.63,23.88,26.11,13.73,22.59,31.66,13.73,24.37,31.79,12.26,25.85
VMC.N,303.74,0.43,321.08,286.83,321.08,269.74,295.62,0.42,311.54,255.33,288.66,311.54,215.2,272.52,311.54,215.2,264.03,311.54,159.76,242.66,311.54,137.55,215.52,311.54,65.64,168.46
VMI.N,568.82,0.06,584.77,545.44,584.77,511.98,557.17,0.06,432.4,324.06,385.34,432.4,251.56,351.62,432.4,204.0,309.69,432.4,188.72,296.81,432.4,170.6,278.12,432.4,82.84,207.5
VNET.O,7.92,6.38,9.12,7.36,9.88,7.36,8.51,5.76,11.8,6.41,8.84,16.13,4.61,8.21,16.13,1.39,5.35,16.13,1.39,4.73,44.45,1.39,8.74,44.45,1.39,9.91
VNO.N,39.62,0.64,40.99,37.34,40.99,35.39,38.48,0.67,43.22,32.64,37.75,45.36,29.7,38.27,46.63,22.42,35.0,46.63,12.32,30.09,50.9,12.32,33.29,87.32,12.32,49.26
VNO_pl.N,17.8,0.03,18.08,17.54,18.08,17.5,17.78,0.02,19.2,17.15,17.99,19.2,15.33,17.79,19.44,14.66,17.29,20.09,11.3,16.51,26.51,11.3,19.22,26.51,0.0,21.81
VNO_pm.N,17.89,0.04,18.1,17.51,18.1,17.45,17.78,0.02,19.23,16.56,17.74,19.23,14.85,17.44,19.23,14.38,16.89,19.42,10.92,16.11,26.94,10.92,18.97,27.0,0.0,16.7
VNO_pn.N,17.63,0.04,17.86,17.27,17.86,17.22,17.55,0.02,19.18,16.64,17.64,19.18,14.81,17.41,19.18,14.31,16.89,19.18,10.81,16.1,27.78,10.81,19.05,27.78,0.0,9.71
VNO_po.N,14.77,0.03,15.08,14.5,15.13,14.5,14.86,0.02,16.29,14.12,14.89,16.29,12.51,14.84,17.32,12.15,14.6,17.32,9.2,13.95,24.97,0.0,13.24,24.97,0.0,6.61
VNOM.O,41.91,2.18,43.94,40.17,46.76,40.17,43.25,2.15,41.62,35.1,37.98,52.1,34.71,40.79,56.76,30.21,41.37,56.76,24.48,37.14,56.76,11.35,31.96,56.76,4.98,26.6
VNORP.PK,0.0,0.0,0.0,0.0,0.0,0.0,0.0,0.0,98.0,35.0,68.74,98.0,30.0,71.3,125.0,30.0,66.4,125.0,30.0,60.97,225.0,30.0,66.96,225.0,30.0,89.68
VNRFY.PK,0.0,0.0,0.0,0.0,14.97,0.0,0.79,0.0,16.04,9.87,11.38,16.04,9.87,11.29,16.04,5.5,8.66,16.04,5.06,8.06,16.04,4.27,6.79,16.04,3.09,5.76
VNT.N,29.14,0.61,31.26,28.31,31.26,27.81,29.29,0.62,43.78,33.89,39.71,43.78,27.22,37.52,45.6,27.22,37.72,45.6,19.36,34.86,45.6,16.55,32.17,45.6,16.55,32.12
VOD.O,13.41,3.83,13.96,12.88,15.56,12.88,14.21,3.64,13.3,10.61,11.75,13.3,8.0,10.53,13.3,8.0,9.79,13.3,8.0,9.9,20.36,8.0,12.28,34.7,8.0,17.9
VODPF.PK,0.79,0.22,1.55,0.0,1.56,0.0,0.6,0.08,1.45,1.01,1.16,1.45,0.78,1.04,1.45,0.78,0.97,1.45,0.78,0.99,2.03,0.78,1.28,3.43,0.78,1.83
VOLVF.PK,24.4,0.05,34.7,0.0,34.9,0.0,17.89,0.05,32.55,26.03,29.34,32.55,22.1,28.86,32.55,22.1,27.51,32.55,17.99,25.25,32.55,13.67,23.35,32.55,8.52,19.95
VONOY.PK,12.34,0.22,12.92,12.01,12.92,11.26,11.9,0.33,17.8,13.26,15.55,17.8,12.91,15.48,18.73,12.84,15.48,18.73,8.23,14.24,34.74,8.23,18.14,36.22,8.23,19.31
VOPKF.PK,29.72,0.0,53.4,0.0,53.4,0.0,13.75,0.0,50.6,42.85,46.65,50.6,37.6,44.98,50.6,30.95,42.95,50.6,29.82,40.13,52.93,18.45,38.21,57.99,18.45,43.94
VOPKY.PK,0.0,0.0,0.0,0.0,52.5,0.0,2.76,0.0,,,,,,,,,,,,,,,,,,
VOSSY.PK,1.11,0.0,7.8,0.0,7.8,0.0,0.41,0.0,10.62,7.7,9.79,10.62,5.76,8.3,10.62,5.76,8.3,10.62,4.18,7.83,10.62,3.55,6.85,10.62,3.55,6.6
VOYA.K,92.2,1.02,96.34,88.51,96.34,87.5,91.13,1.3,78.0,66.45,73.28,78.0,52.43,70.24,84.3,52.43,71.64,84.3,52.43,71.32,84.3,52.43,68.44,84.3,22.75,56.5
VOYA.N,92.2,0.36,96.34,88.68,96.34,87.66,91.13,0.4,,,,,,,,,,,,,,,,,,
VOYG.K,31.85,2.18,36.92,28.48,49.71,28.48,36.21,2.88,46.86,17.41,30.86,73.95,17.41,32.41,73.95,17.41,32.41,73.95,17.41,32.41,73.95,17.41,32.41,73.95,17.41,32.41
VOYG.N,31.85,0.7,36.92,28.48,49.66,28.48,36.21,0.83,,,,,,,,,,,,,,,,,,
VPG.N,134.63,0.19,151.45,119.48,151.45,112.5,134.54,0.15,40.03,25.58,32.15,40.03,18.82,28.18,40.03,18.82,28.78,45.67,18.82,31.38,45.67,18.82,32.32,45.67,10.28,29.12
VRDN.O,18.47,3.67,19.56,17.28,19.56,15.5,17.24,2.46,34.04,13.84,22.73,34.04,9.9,19.09,34.04,9.9,18.46,39.0,9.9,20.0,39.0,9.47,19.14,270.0,4.66,50.52
VRE.N,0.0,0.0,0.0,0.0,0.0,0.0,0.0,0.0,16.3,13.69,14.82,17.15,13.69,15.28,18.85,13.69,15.65,18.97,13.07,15.81,19.85,10.22,15.87,29.7,10.22,18.73
VRNS.O,41.64,2.89,46.42,36.46,46.42,31.48,36.63,2.47,63.9,30.02,48.73,63.9,30.02,46.55,63.9,30.02,47.86,63.9,22.01,41.78,75.33,15.61,43.09,75.33,4.42,31.21
VRRM.O,4.31,6.14,4.58,4.13,5.21,4.12,4.49,7.25,25.83,20.61,23.78,27.2,19.51,23.73,31.03,19.51,24.56,31.03,13.48,22.51,31.03,12.54,19.58,31.03,5.63,16.25
VRSK.O,182.55,2.6,190.02,176.26,190.02,168.18,180.07,3.42,314.8,197.0,250.08,322.92,197.0,272.39,322.92,197.0,265.54,322.92,169.74,249.09,322.92,156.05,225.37,322.92,64.79,171.45
VRSN.O,254.57,0.77,260.0,245.17,292.51,244.74,264.22,0.9,310.6,225.41,265.32,310.6,203.66,257.56,310.6,167.04,221.51,310.6,167.04,217.88,310.6,155.25,212.9,310.6,70.26,177.4
VRSUY.PK,0.0,0.0,0.0,0.0,0.0,0.0,0.0,0.0,,,,,,,,,,,,,,,,,,
VRT.N,314.53,2.84,339.07,294.3,358.54,275.22,312.02,1.98,202.26,110.13,153.51,202.26,54.28,128.26,202.26,44.31,108.64,202.26,11.95,81.48,202.26,7.76,56.31,202.26,4.76,42.64
VRTS.K,146.06,0.16,156.11,133.3,156.11,133.3,143.88,0.13,215.06,153.21,182.86,223.96,142.18,180.72,263.39,142.18,203.67,263.39,142.18,201.98,338.8,141.8,217.84,338.8,55.37,164.69
VRTX.O,503.36,2.69,529.99,473.5,529.99,433.8,471.72,1.91,484.56,362.5,424.47,519.68,362.5,443.46,519.88,362.5,447.02,519.88,282.21,411.17,519.88,176.36,342.34,519.88,71.46,252.96
VSAT.O,76.9,4.31,93.03,58.41,93.03,58.41,69.45,3.52,43.59,14.0,29.61,43.59,7.36,19.98,43.59,6.69,17.78,47.35,6.69,22.04,68.76,6.69,30.95,97.31,6.69,47.86
VSCO.K,81.96,2.56,88.57,74.6,88.57,73.27,79.76,2.08,56.95,17.53,31.09,56.95,13.76,27.83,56.95,13.76,26.43,56.95,13.62,26.14,76.0,13.62,32.92,76.0,13.62,32.92
VSCO.N,81.96,0.93,88.5,74.8,88.5,73.38,79.76,0.68,,,,,,,,,,,,,,,,,,
VSEC.O,227.93,0.69,240.56,211.89,240.56,167.95,209.48,0.56,186.0,123.69,161.74,186.0,88.69,139.45,186.0,57.1,112.35,186.0,39.88,92.63,186.0,31.85,73.71,186.0,13.83,55.1
VSH.N,52.8,2.74,62.63,44.75,69.36,44.75,57.17,2.39,18.2,11.79,15.51,19.81,10.35,15.5,24.68,10.35,18.15,30.05,10.35,20.15,30.05,10.35,20.55,30.05,9.96,19.01
VSNT.O,36.5,2.54,38.13,35.36,42.1,35.36,38.22,2.33,59.0,42.3,46.58,59.0,42.3,46.58,59.0,42.3,46.58,59.0,42.3,46.58,59.0,42.3,46.58,59.0,42.3,46.58
VST.N,159.1,1.18,171.0,148.63,171.0,137.99,156.16,1.22,219.73,158.66,190.15,219.73,90.76,169.91,219.73,37.81,129.65,219.73,21.19,95.9,219.73,15.48,65.98,219.73,11.32,47.09
VSTS.N,14.29,0.67,15.06,13.54,15.06,12.34,13.51,0.57,7.71,3.98,5.48,16.68,3.98,7.73,22.37,3.98,11.7,22.37,0.0,9.33,22.37,0.0,5.59,22.37,0.0,2.79
VSXY.N,81.96,0.93,88.5,74.8,88.5,73.38,79.76,0.68,,,,,,,,,,,,,,,,,,
VTAGY.PK,0.0,0.0,0.0,0.0,0.0,0.0,0.0,0.0,,,,,,,,,,,,,,,,,,
VTKLY.PK,5.74,0.0,6.98,0.0,7.36,0.0,5.72,0.0,9.0,6.87,7.8,9.0,5.55,7.31,9.0,5.34,6.93,9.0,5.34,6.63,10.94,5.26,7.14,16.62,5.26,8.98
VTMX.K,34.27,0.06,35.18,31.9,35.18,31.9,33.98,0.09,32.21,24.99,28.54,32.21,21.3,27.2,41.44,21.3,29.41,41.44,21.3,30.58,41.44,21.3,30.58,41.44,21.3,30.58
VTMX.N,34.27,0.02,35.12,32.39,35.12,32.25,33.98,0.03,,,,,,,,,,,,,,,,,,
VTOL.K,41.48,0.28,42.44,40.55,44.52,40.55,42.28,0.29,42.89,32.43,37.17,42.89,25.11,34.75,42.89,24.33,33.53,42.89,20.08,31.23,42.89,20.08,30.38,53.19,10.5,29.84
VTOL.N,41.48,0.11,42.33,40.56,44.42,40.56,42.28,0.14,,,,,,,,,,,,,,,,,,
VTR.N,89.85,1.89,92.97,86.14,92.97,78.87,85.79,1.68,81.87,61.94,71.31,81.87,56.68,68.03,81.87,41.45,60.73,81.87,39.33,55.78,81.87,35.33,54.39,81.87,13.35,56.41
VTRLY.PK,4.57,0.0,11.37,0.0,11.37,0.0,2.25,0.0,,,,,,,,,,,,,,,,,,
VTRS.O,16.31,10.68,16.98,15.8,16.98,14.94,16.07,10.42,12.62,8.62,10.26,12.62,6.85,9.87,13.62,6.85,10.8,13.62,6.85,10.59,18.77,6.85,11.49,54.44,6.85,21.58
VVV.N,39.28,0.81,40.24,37.57,40.24,35.53,38.25,0.85,41.33,29.05,35.14,41.33,29.05,35.42,48.24,29.05,38.27,48.24,29.05,37.16,48.24,22.53,34.54,48.24,9.06,28.4
VVVNF.PK,1.84,0.01,2.69,0.0,2.69,0.0,1.73,0.01,4.25,2.55,3.28,4.25,2.46,3.09,5.91,1.84,2.68,5.91,1.84,2.41,5.91,1.6,2.52,5.91,1.48,2.32
VVX.N,73.31,0.31,77.47,70.39,91.6,70.39,81.05,0.24,63.49,46.14,54.86,63.49,41.08,51.65,69.57,37.18,50.7,69.57,36.48,49.12,69.57,29.65,47.13,69.57,12.5,40.36
VWAGY.PK,8.52,0.65,8.95,8.07,10.64,8.07,9.38,0.45,12.83,10.38,11.4,12.83,9.03,11.05,16.48,8.57,11.72,19.3,8.57,12.94,43.54,8.57,17.12,43.54,8.57,16.53
VWAPY.PK,8.31,0.26,8.8,7.86,10.54,7.86,9.19,0.2,12.72,10.14,11.19,12.72,8.84,10.83,13.92,8.36,11.06,15.1,8.36,11.64,29.85,8.36,14.79,29.85,8.36,15.39
VWDRY.PK,9.16,0.13,9.62,8.52,9.62,8.4,8.92,0.3,9.07,4.92,6.91,9.07,3.96,5.9,10.29,3.96,6.86,10.62,3.96,7.51,17.47,3.96,8.74,17.47,3.69,7.27
VWSYF.PK,27.66,0.02,29.02,25.53,29.02,24.78,26.89,0.01,28.0,14.8,20.79,28.0,12.1,17.8,31.11,12.1,20.68,32.15,12.1,22.63,52.32,12.1,26.33,52.32,11.19,22.08
VYX.N,8.22,1.24,8.96,7.39,8.96,6.62,7.63,1.15,14.67,9.44,12.02,14.67,7.56,11.48,17.39,7.56,12.52,19.01,7.56,13.57,30.67,7.56,17.08,30.67,6.48,17.91
VZ.N,43.67,11.24,46.58,40.76,48.21,40.76,45.35,10.02,45.74,38.4,41.92,47.36,37.59,42.2,47.36,37.56,41.67,47.36,30.14,39.92,59.84,30.14,44.3,62.21,30.14,48.92
VZLA.K,3.26,4.14,3.51,3.08,3.95,3.05,3.39,5.35,5.95,2.83,4.08,5.95,1.69,3.24,5.95,1.07,2.46,5.95,0.94,2.04,5.95,0.91,1.88,5.95,0.16,1.68
W.N,94.12,0.8,96.7,90.02,96.7,66.76,85.28,0.88,114.91,50.7,84.71,114.91,20.41,62.61,114.91,20.41,57.66,114.91,20.41,55.81,368.3,20.41,104.8,368.3,20.41,104.35
WAB.N,268.2,0.33,284.79,260.19,284.79,254.62,268.04,0.32,222.45,184.4,201.4,222.45,152.29,196.83,222.45,123.78,180.12,222.45,91.89,155.63,222.45,71.05,128.45,222.45,35.07,102.6
WABC.O,59.12,0.26,60.54,58.11,60.54,55.78,58.24,0.25,52.1,44.93,48.74,53.86,42.0,49.06,59.97,42.0,49.63,59.97,35.52,48.76,66.85,35.52,52.75,69.08,35.52,55.05
WACLY.PK,114.62,0.0,142.96,0.0,150.92,0.0,99.29,0.0,203.51,134.85,164.69,203.51,134.85,165.15,203.51,115.3,157.37,203.51,88.0,145.28,203.51,72.29,128.09,203.51,72.29,123.22
WAFD.O,38.27,0.75,39.35,37.08,39.35,35.6,37.27,0.67,33.8,26.31,30.76,33.8,23.75,29.89,38.62,23.75,30.68,38.62,23.36,30.21,39.17,23.36,31.3,39.17,18.96,30.74
WAFDP.O,16.44,0.05,16.74,16.11,16.74,16.11,16.41,0.04,17.49,15.5,16.59,17.6,15.25,16.48,19.75,14.38,16.54,20.68,12.02,16.22,27.01,12.02,18.9,27.01,12.02,18.9
WAL.N,82.31,0.39,84.43,80.46,85.32,77.45,81.42,0.38,93.22,68.63,82.98,94.4,57.15,80.47,98.09,53.76,76.15,98.09,7.46,66.93,124.86,7.46,75.54,124.86,7.46,60.83
WARFY.PK,4.46,0.0,4.89,4.24,5.5,0.0,4.47,0.0,6.72,5.01,5.7,6.72,4.39,5.26,7.22,4.39,5.46,7.22,4.0,5.21,7.86,4.0,5.67,8.72,3.01,5.35
WAT.N,375.93,0.37,382.2,364.95,382.2,353.63,366.31,0.3,414.12,275.23,334.85,422.46,275.23,349.63,422.46,275.23,342.25,422.46,232.36,324.38,427.94,232.36,325.25,427.94,112.42,256.54
WAY.O,21.17,3.78,24.0,18.73,24.0,17.26,19.51,3.01,41.47,29.4,36.34,48.11,29.4,37.66,48.11,20.26,33.81,48.11,20.26,33.81,48.11,20.26,33.81,48.11,20.26,33.81
WB.O,7.33,1.33,7.58,7.09,7.78,7.09,7.44,1.42,12.96,9.38,10.83,12.96,7.1,10.16,12.96,7.03,9.37,21.83,7.03,10.69,55.25,7.03,18.42,121.35,7.03,34.27
WBD.O,26.7,18.05,27.3,26.0,27.3,26.0,26.68,22.94,30.0,10.76,18.5,30.0,7.52,14.29,30.0,6.64,11.48,30.0,6.64,11.85,78.14,6.64,17.51,78.14,6.64,21.83
WBHC.PK,0.0,0.0,0.0,0.0,0.0,0.0,0.0,0.0,400.0,262.5,400.0,400.0,262.5,400.0,400.0,262.5,400.0,400.0,262.5,400.0,400.0,262.5,400.0,400.0,262.5,400.0
WBI.N,32.0,0.46,34.86,28.28,36.15,27.98,31.12,1.01,27.07,19.31,23.24,27.07,19.31,23.24,27.07,19.31,23.24,27.07,19.31,23.24,27.07,19.31,23.24,27.07,19.31,23.24
WBKCY.PK,48.77,0.0,51.54,46.9,51.67,46.64,49.41,0.0,0.0,0.0,0.0,0.0,0.0,0.0,0.0,0.0,0.0,0.0,0.0,0.0,0.0,0.0,0.0,0.0,0.0,0.0
WBRBY.PK,5.23,0.01,5.38,5.05,5.57,5.01,5.22,0.02,7.74,5.45,6.69,8.15,4.92,6.72,8.15,4.92,6.67,8.15,4.59,6.38,8.53,3.77,6.37,25.8,2.41,5.42
WBS.N,76.36,1.13,77.61,75.29,77.61,71.81,75.04,1.18,65.33,52.73,59.48,65.33,39.5,56.17,65.33,39.37,52.36,65.33,31.03,49.14,65.33,31.03,50.41,69.59,18.17,48.5
WBTN.O,11.54,0.36,12.19,10.82,12.87,10.7,11.55,0.32,22.47,8.86,14.33,22.47,6.75,12.11,25.66,6.75,12.75,25.66,6.75,12.75,25.66,6.75,12.75,25.66,6.75,12.75
WCC.N,334.19,0.23,366.46,306.36,369.82,306.36,345.75,0.18,278.53,184.56,227.63,278.53,125.63,200.38,278.53,125.63,186.03,278.53,121.53,174.64,278.53,70.76,150.85,278.53,13.54,102.49
WCN.N,167.01,0.37,170.58,163.82,170.58,152.43,160.6,0.39,191.91,163.47,177.4,201.66,163.47,183.02,201.66,145.35,177.88,201.66,125.86,164.45,201.66,97.04,149.19,201.66,31.55,111.68
WCPRF.PK,10.43,0.52,10.72,10.01,12.26,10.01,11.06,0.51,8.7,6.5,7.68,8.7,4.9,7.06,8.7,4.9,7.18,8.98,4.9,7.34,10.14,3.5,6.87,10.14,0.5,5.95
WCRIY.PK,1.51,0.0,10.56,0.0,11.75,0.0,1.78,0.0,,,,,,,,,,,,,,,,,,
WD.N,54.05,0.17,55.99,52.63,55.99,50.46,52.71,0.13,90.0,59.88,75.76,98.0,59.88,78.19,118.19,59.88,89.69,118.19,59.88,86.94,156.11,59.88,96.17,156.11,19.5,71.72
WDAY.O,126.81,4.7,138.4,113.51,145.48,111.5,126.94,5.14,249.85,206.77,229.22,283.68,205.33,239.02,311.28,199.81,246.52,311.28,157.85,235.45,311.28,128.72,228.51,311.28,47.32,182.25
WDC.O,609.61,11.46,729.0,525.84,799.87,480.87,617.6,10.84,188.77,62.94,116.68,188.77,28.83,82.93,188.77,28.83,66.42,188.77,23.39,54.62,188.77,22.46,49.38,188.77,20.7,47.58
WDFC.O,245.31,0.16,249.42,240.87,249.42,203.25,231.97,0.17,237.33,186.19,206.88,253.48,186.19,221.0,292.36,186.19,236.45,292.36,158.6,224.27,333.42,145.16,223.73,333.42,94.0,186.73
WDS.N,19.24,0.12,19.63,18.84,24.71,18.84,20.29,0.22,17.7,14.27,16.19,17.7,11.27,15.41,21.51,11.27,16.77,26.92,11.27,18.89,26.92,11.27,19.54,26.92,11.27,19.54
WEC.N,117.54,0.8,119.06,115.58,119.06,111.0,114.94,0.91,118.17,102.52,109.56,118.17,91.95,106.99,118.17,75.14,96.91,118.17,75.14,94.12,118.17,75.14,94.33,118.17,50.44,83.71
WEGRY.PK,16.38,0.03,17.16,15.82,17.54,15.38,16.29,0.04,20.8,16.4,18.51,20.8,12.45,16.84,20.8,11.06,15.04,20.8,9.88,13.96,20.8,7.5,12.75,20.8,3.96,11.5
WEGZY.PK,9.0,0.04,9.63,8.76,9.69,8.03,8.82,0.12,9.34,6.35,7.51,9.83,6.35,7.86,10.36,6.31,8.09,10.36,5.93,7.91,10.36,4.41,7.42,10.36,1.37,7.11
WELL.K,229.24,3.51,236.34,219.33,236.34,198.97,217.78,3.8,209.05,148.97,175.57,209.05,123.11,161.15,209.05,85.4,135.17,209.05,65.18,116.72,209.05,56.5,101.58,209.05,24.27,84.98
WELL.N,229.24,1.26,236.06,219.5,236.06,198.97,217.78,1.36,,,,,,,,,,,,,,,,,,
WEN.O,8.16,47.39,9.45,7.22,9.45,6.07,7.29,33.09,12.04,7.83,9.45,16.48,7.83,11.47,20.65,7.83,14.78,23.9,7.83,16.87,29.46,7.83,18.72,29.46,6.82,17.65
WERN.O,43.19,1.22,44.52,41.25,45.27,39.68,42.61,1.08,31.48,23.06,27.76,38.6,23.02,29.05,42.71,23.02,33.5,50.31,23.02,36.69,50.31,23.02,39.36,50.31,18.61,35.15
WES.N,43.35,0.16,44.3,42.15,45.08,42.11,43.53,0.35,41.39,36.91,38.9,43.3,33.62,39.13,43.3,27.49,37.82,43.3,23.8,34.24,43.3,13.9,29.69,47.64,2.92,30.02
WEX.N,141.09,0.16,149.92,131.55,151.0,125.36,137.1,0.19,180.0,134.69,158.04,188.51,110.45,153.75,244.04,110.45,175.98,244.04,110.45,178.47,244.04,110.45,176.55,244.04,54.56,161.39
WF.N,58.3,0.05,62.14,55.67,66.62,55.67,60.06,0.04,59.9,49.33,55.1,59.9,29.88,46.04,59.9,27.63,39.54,59.9,24.51,35.65,59.9,22.18,33.46,59.9,15.56,33.88
WFAFY.PK,30.92,0.07,31.41,29.95,31.41,27.52,30.1,0.11,31.15,25.61,27.96,31.15,19.72,25.99,31.15,17.97,23.91,31.15,14.87,21.46,31.15,13.11,20.31,31.15,8.37,16.5
WFC.N,84.81,4.35,87.62,82.53,87.62,80.82,83.75,4.87,95.84,76.17,83.95,95.84,58.42,78.88,95.84,46.12,68.97,95.84,35.26,60.18,95.84,29.4,54.12,95.84,20.76,50.85
WFC_pl.N,1164.22,0.01,1178.0,1151.07,1179.87,1151.07,1165.46,0.0,1271.52,0.0,1213.38,1271.52,0.0,1194.39,1284.9,0.0,1193.55,1284.9,0.0,1177.96,1550.0,0.0,1246.29,1560.0,0.0,1252.35
WFC_py.N,22.61,0.04,22.87,22.24,23.33,22.24,22.83,0.03,25.07,23.15,24.29,25.07,21.92,23.87,25.33,21.92,24.08,25.33,21.12,23.76,26.86,21.02,24.26,27.15,0.0,21.59
WFCNP.PK,0.0,0.0,0.0,0.0,0.0,0.0,0.0,0.0,,,,,,,,,,,,,,,,,,
WFG.N,68.31,0.03,70.84,66.12,72.19,63.93,68.34,0.04,78.47,57.42,67.79,93.03,57.42,72.89,102.33,57.42,79.07,102.33,57.42,78.13,102.89,57.42,79.39,102.89,57.42,79.39
WFHG.PK,0.0,0.0,0.0,0.0,25.0,0.0,2.22,0.0,,,,,,,,,,,,,,,,,,
WFRD.O,82.45,1.53,85.48,79.76,103.63,79.76,91.11,1.42,82.26,49.47,65.99,82.26,36.74,60.53,135.0,36.74,81.65,135.0,36.74,79.28,135.0,5.45,57.34,135.0,1.31,48.9
WGO.N,31.13,0.44,32.02,28.51,32.02,26.81,29.39,0.32,47.74,28.48,34.73,50.78,28.0,36.09,74.09,28.0,48.49,75.39,28.0,53.13,87.53,28.0,57.84,87.53,15.41,47.7
WGS.O,69.2,0.93,72.95,63.5,72.95,51.51,62.22,1.06,170.87,76.04,123.1,170.87,55.17,103.32,170.87,2.47,67.77,170.87,1.16,47.65,896.94,1.16,116.57,896.94,1.16,122.5
WH.N,84.59,0.49,88.3,79.78,88.3,74.58,82.77,0.47,92.66,69.21,80.75,112.87,69.21,86.44,112.87,67.7,83.14,112.87,63.8,79.72,112.87,56.7,77.56,112.87,14.51,68.75
WHD.N,50.86,0.43,53.62,48.75,59.87,48.75,54.43,0.35,48.79,33.2,41.93,65.2,33.2,45.12,69.97,33.2,49.65,69.97,31.38,48.36,69.97,24.98,45.58,69.97,8.32,39.21
WHGLY.PK,21.51,0.04,22.52,20.75,23.0,20.75,22.03,0.04,23.24,18.07,20.52,23.24,13.7,18.52,23.24,10.79,15.86,23.24,9.28,14.13,23.24,9.28,13.96,23.44,9.28,15.37
WHITF.PK,4.61,0.01,5.61,0.0,6.44,0.0,5.49,0.01,5.32,3.48,4.45,5.32,2.5,3.99,6.16,2.5,4.42,6.62,2.5,4.54,7.25,0.9,4.02,7.25,0.25,3.73
WHR.N,38.64,0.64,40.88,36.94,44.93,36.1,39.31,0.66,111.82,65.36,82.8,135.42,65.36,88.47,135.42,65.36,96.72,160.67,65.36,109.22,257.67,65.36,143.03,257.67,64.0,149.22
WHREY.PK,0.0,0.0,0.0,0.0,0.0,0.0,0.0,0.0,0.0,0.0,0.0,0.0,0.0,0.0,0.0,0.0,0.0,0.0,0.0,0.0,0.0,0.0,0.0,0.0,0.0,0.0
WHSMY.PK,0.0,0.0,0.0,0.0,3.35,0.0,0.33,0.0,,,,,,,,,,,,,,,,,,
WIGBY.PK,12.99,0.0,24.2,0.0,27.05,0.0,8.41,0.0,,,,,,,,,,,,,,,,,,
WIHLY.PK,0.0,0.0,0.0,0.0,0.0,0.0,0.0,0.0,,,,,,,0.0,0.0,0.0,0.0,0.0,0.0,0.0,0.0,0.0,0.0,0.0,0.0
WILWY.PK,0.0,0.0,0.0,0.0,28.52,0.0,4.32,0.0,22.08,14.01,18.46,22.08,12.49,17.38,28.22,12.49,18.03,28.22,12.49,17.96,28.22,12.49,17.96,28.22,12.49,17.96
WILYY.PK,2.95,0.0,20.66,0.0,20.66,0.0,4.17,0.0,20.98,15.8,18.07,21.93,15.03,18.56,27.06,15.03,21.28,27.06,13.95,20.6,30.02,11.19,21.51,30.02,8.02,19.43
WINA.O,421.57,0.05,438.28,398.4,438.28,366.44,406.78,0.05,515.24,346.84,421.3,515.24,288.98,392.9,515.24,288.98,375.47,515.24,218.96,360.55,515.24,149.39,294.73,515.24,77.89,210.4
WING.O,170.66,1.24,179.73,155.11,179.73,138.0,160.39,1.14,381.45,206.0,279.19,388.14,204.0,278.76,433.86,204.0,317.73,433.86,129.46,274.33,433.86,67.67,219.17,433.86,15.38,138.03
WINN.N,32.18,0.01,32.92,31.15,32.92,31.15,32.17,0.01,32.71,28.78,30.71,32.71,20.99,28.67,32.71,20.05,26.57,32.71,13.3,23.53,32.71,0.0,16.96,32.71,0.0,8.47
WIT.N,2.07,3.25,2.3,1.84,2.52,1.84,2.19,4.2,3.12,2.56,2.77,3.79,2.56,2.96,3.79,2.54,3.01,3.79,2.16,2.81,4.98,2.16,3.08,4.98,1.26,2.54
WIX.O,46.54,1.17,50.4,41.2,51.18,40.16,45.15,1.6,190.93,92.23,135.71,247.11,92.23,159.28,247.11,92.23,158.21,247.11,70.28,135.21,362.07,53.12,147.03,362.07,14.79,126.25
WIZEY.PK,0.0,0.0,0.0,0.0,0.0,0.0,0.0,0.0,16.01,10.81,13.62,16.06,10.81,13.62,16.06,0.0,11.89,16.06,0.0,10.34,16.46,0.0,8.1,16.46,0.0,4.04
WJRYY.PK,16.79,0.09,18.22,15.82,18.22,15.36,16.33,0.15,24.85,18.95,21.41,24.85,16.32,20.84,24.85,16.32,20.07,24.85,16.32,20.27,31.99,16.32,21.43,45.86,16.32,27.62
WK.N,49.57,0.43,52.54,46.12,52.54,44.68,48.69,0.39,95.0,63.81,81.83,115.28,60.5,81.62,116.31,60.5,82.79,116.31,60.5,87.45,172.17,59.58,93.13,172.17,10.93,62.71
WKC.N,33.17,0.49,33.95,31.53,33.95,29.82,32.02,0.52,29.85,22.85,25.8,31.54,22.72,26.59,31.7,21.21,26.49,31.7,17.76,25.52,37.66,17.76,26.89,51.0,17.76,30.24
WLDN.O,78.83,0.41,82.99,75.8,101.75,75.8,87.2,0.37,121.0,62.16,96.55,121.0,30.43,70.13,121.0,17.23,51.37,121.0,13.86,40.6,121.0,10.98,37.2,121.0,7.1,32.22
WLFC.O,227.67,0.2,244.62,214.45,244.62,179.9,207.76,0.16,171.36,114.01,137.41,229.67,114.01,151.26,235.42,44.62,125.68,235.42,36.44,99.6,235.42,25.92,74.85,235.42,13.89,53.48
WLK.N,74.75,0.42,76.98,71.37,89.46,71.37,80.18,0.36,91.99,56.33,77.25,119.86,56.33,86.42,162.53,56.33,114.35,162.53,56.33,116.67,162.53,56.33,109.73,162.53,29.39,89.49
WLMIY.PK,28.31,0.05,29.56,27.72,29.56,25.89,27.9,0.05,26.84,21.92,23.39,27.21,21.4,23.52,27.3,21.4,23.84,32.42,21.4,25.2,42.2,21.4,28.09,42.2,18.07,26.76
WLTH.O,8.99,1.96,9.7,7.79,9.86,7.79,8.72,2.67,14.88,11.95,13.27,14.88,11.95,13.27,14.88,11.95,13.27,14.88,11.95,13.27,14.88,11.95,13.27,14.88,11.95,13.27
WLWHY.PK,0.93,0.0,3.3,0.0,3.45,0.0,0.69,0.0,3.86,0.0,1.57,3.86,0.0,1.56,4.69,0.0,1.83,4.69,0.0,2.04,4.69,0.0,2.01,7.15,0.0,2.95
WLY.N,49.39,0.35,53.19,44.52,53.19,40.0,46.34,0.29,44.4,29.93,37.8,47.24,29.93,39.94,53.96,29.93,40.94,53.96,28.96,39.44,65.98,28.96,44.41,71.75,28.96,47.29
WLYB.K,35.78,0.0,53.65,0.0,53.65,0.0,31.68,0.0,44.16,30.1,36.98,46.81,30.1,39.4,52.9,30.1,40.59,52.9,28.35,39.06,65.63,28.35,43.89,71.4,28.35,47.61
WLYB.N,35.78,0.0,53.65,0.0,53.65,0.0,31.68,0.0,44.16,30.1,36.98,46.81,30.1,39.4,53.25,30.1,40.59,53.25,28.35,39.06,65.63,28.35,43.89,71.4,28.35,47.38
WM.N,225.47,1.02,230.47,219.19,230.47,212.26,221.04,0.8,240.36,194.15,219.18,242.58,194.15,222.9,242.58,176.68,214.96,242.58,148.36,197.36,242.58,109.11,178.43,242.58,50.36,133.56
WMB.N,74.8,3.35,79.0,72.12,79.0,70.41,73.51,2.84,65.49,55.87,59.57,65.49,51.6,58.88,65.49,32.66,51.15,65.49,27.8,44.97,65.49,19.88,38.54,65.49,8.41,31.84
WMG.O,27.18,2.29,28.28,26.2,30.47,26.2,27.96,2.0,34.63,27.19,31.21,36.64,25.56,30.7,38.05,25.56,31.42,38.76,23.62,31.42,50.23,21.57,32.81,50.23,21.57,32.52
WMK.N,79.34,0.07,80.63,77.42,83.54,75.81,79.51,0.07,79.05,61.9,69.87,90.15,61.9,72.44,90.15,58.9,69.15,90.15,58.9,69.86,95.49,46.59,68.31,95.49,31.26,57.44
WMMVF.PK,2.9,0.01,2.96,2.8,3.12,2.8,2.93,0.01,3.52,2.7,3.13,3.52,2.5,3.04,4.29,2.26,3.26,4.29,2.26,3.46,4.29,2.26,3.45,4.29,1.6,2.96
WMMVY.PK,29.03,0.12,29.95,28.16,31.25,28.15,29.39,0.15,35.47,27.26,31.45,35.78,24.3,30.57,43.14,24.3,32.37,43.14,24.3,34.35,43.14,24.3,34.23,43.14,15.67,29.43
WMS.N,153.67,0.26,157.94,149.29,157.94,129.39,144.12,0.3,155.25,109.64,138.05,155.25,93.92,126.44,182.74,93.92,139.84,182.74,75.07,128.71,182.74,75.07,121.96,182.74,17.12,76.08
WMT.O,112.95,28.55,118.58,107.25,122.94,107.25,117.07,24.53,117.45,94.23,103.46,117.45,79.81,99.11,117.45,51.87,84.64,117.45,45.36,73.47,117.45,39.09,62.72,117.45,20.07,47.3
WOR.N,54.76,0.21,56.91,51.38,61.95,51.38,57.6,0.15,67.5,50.55,59.11,70.39,38.77,54.12,70.39,37.89,52.24,70.39,29.89,48.21,70.39,23.44,42.54,70.39,11.89,34.07
WPC.N,72.13,0.78,74.48,70.41,76.96,70.41,73.36,0.75,69.79,61.1,66.02,69.79,52.96,63.28,69.79,52.96,60.68,84.08,50.29,62.99,87.73,50.29,68.17,91.65,37.81,67.85
WPLCF.PK,12.26,1.79,13.2,10.9,13.2,10.36,11.38,1.54,15.92,11.1,13.45,15.92,10.77,13.4,15.92,0.0,11.74,15.92,0.0,10.39,16.0,0.0,8.72,16.0,0.0,4.36
WPM.N,113.15,0.4,117.14,109.15,132.98,106.84,116.18,0.54,124.27,85.6,102.4,124.27,55.52,89.32,124.27,38.57,72.16,124.27,38.38,63.1,124.27,28.63,54.07,124.27,10.04,39.64
WPP.N,16.37,0.12,17.42,15.45,19.31,15.45,17.5,0.12,36.64,17.47,24.41,51.74,17.47,32.48,57.37,17.47,40.94,63.9,17.47,44.73,83.69,17.47,51.5,121.55,17.47,65.24
WRB.N,70.82,0.73,72.28,69.04,72.28,66.63,69.03,0.91,77.78,64.46,71.49,77.78,54.82,68.42,77.78,45.32,61.19,77.78,35.02,54.34,77.78,25.0,47.03,77.78,12.02,33.76
WRBY.K,29.29,3.1,30.89,26.81,30.89,22.18,26.94,4.08,31.0,14.96,23.51,31.0,13.63,22.35,31.0,11.35,19.12,31.0,9.5,16.97,60.3,9.5,19.89,60.3,9.5,19.89
WRBY.N,29.29,1.18,30.87,26.9,30.87,22.2,26.94,1.63,,,,,,,,,,,,,,,,,,
WRD.O,5.62,2.54,5.96,5.18,6.78,5.18,5.99,2.75,12.55,6.82,9.39,44.0,6.03,11.12,44.0,6.03,11.94,44.0,6.03,11.94,44.0,6.03,11.94,44.0,6.03,11.94
WRTBY.PK,7.37,0.04,7.64,7.18,8.44,7.18,7.62,0.04,7.43,4.35,6.06,7.43,2.78,5.02,7.43,2.77,4.63,7.43,1.72,4.17,7.43,1.3,3.59,54.37,0.97,3.52
WS.N,34.42,0.23,38.81,31.48,44.65,31.48,38.65,0.18,38.4,28.61,32.4,38.4,21.3,29.74,46.99,21.3,31.96,46.99,21.0,31.76,46.99,21.0,31.76,46.99,21.0,31.76
WSBCO.O,25.27,0.03,25.48,25.1,25.64,25.1,25.36,0.01,26.03,25.02,25.6,26.03,25.02,25.6,26.03,25.02,25.6,26.03,25.02,25.6,26.03,25.02,25.6,26.03,25.02,25.6
WSC.O,28.01,2.27,29.77,26.14,29.77,25.54,27.98,2.04,31.88,14.91,22.96,39.6,14.91,26.52,52.16,14.91,33.37,53.46,14.91,37.01,53.46,14.91,36.1,53.46,7.45,25.72
WSFS.O,77.46,0.6,79.13,76.18,79.13,71.89,75.54,0.55,59.67,49.92,55.59,59.67,42.44,54.27,62.75,40.2,51.41,62.75,29.59,47.66,62.75,29.59,47.76,62.75,17.84,44.3
WSHP.O,7.49,1.89,10.99,4.62,10.99,4.62,6.23,0.73,250.0,20.02,114.62,250.0,20.02,114.62,250.0,20.02,114.62,250.0,20.02,114.62,250.0,20.02,114.62,250.0,20.02,114.62
WSM.N,233.15,0.39,244.51,222.44,244.51,201.64,225.44,0.47,210.59,161.9,189.25,219.93,130.24,182.21,219.93,95.82,162.07,219.93,54.72,131.27,219.93,49.45,108.85,219.93,13.02,69.48
WSO.N,408.81,0.12,420.87,396.38,420.87,370.07,395.01,0.11,493.23,323.34,392.33,532.7,323.34,434.21,570.83,323.34,448.27,570.83,251.49,414.17,570.83,221.07,358.05,570.83,106.61,260.58
WSOb.N,0.0,0.0,0.0,0.0,0.0,0.0,0.0,0.0,443.55,338.85,365.53,529.6,338.85,434.15,535.0,338.85,445.88,535.0,259.86,403.81,535.0,226.51,348.34,535.0,108.01,229.79
WST.N,357.07,0.3,367.66,343.62,367.66,315.24,340.16,0.28,322.34,206.8,258.29,348.9,187.46,251.4,413.7,187.46,293.67,415.38,187.46,311.63,475.03,187.46,323.52,475.03,53.88,223.34
WT.N,17.5,1.11,18.74,16.65,19.02,16.22,17.75,1.06,14.96,10.7,12.72,14.96,7.47,11.07,14.96,6.57,10.3,14.96,5.42,9.05,14.96,4.6,7.75,15.63,1.88,7.87
WTBDY.PK,7.94,0.02,8.45,7.72,8.45,7.63,7.93,0.03,11.06,7.73,9.83,11.06,7.41,9.33,11.77,7.41,9.67,11.91,7.41,9.84,12.75,6.28,9.82,35.74,5.7,11.3
WTBFA.PK,0.0,0.0,0.0,0.0,0.0,0.0,0.0,0.0,,,,,,,,,,,,,,,,,,
WTBFB.PK,399.51,0.0,403.05,388.0,403.05,0.0,334.77,0.0,,,,,,,,,,,,,,,,,,
WTFC.O,161.58,0.56,164.0,159.4,164.0,151.46,158.03,0.55,144.7,119.61,132.52,144.7,89.1,125.95,144.7,89.1,115.79,144.7,57.48,103.48,144.7,57.48,95.55,144.7,22.02,80.72
WTFCN.O,26.18,0.15,26.48,25.85,26.48,25.85,26.21,0.07,27.31,25.65,26.42,27.31,24.9,26.22,27.31,24.9,26.22,27.31,24.9,26.22,27.31,24.9,26.22,27.31,24.9,26.22
WTKWY.PK,65.05,0.12,66.66,63.22,74.41,63.22,67.53,0.1,164.93,99.69,128.98,189.96,99.69,149.23,189.96,99.69,155.57,189.96,99.69,144.93,189.96,77.49,127.43,189.96,30.78,92.36
WTM.N,2097.82,0.01,2183.87,2013.34,2183.87,1987.0,2046.44,0.01,2110.43,1645.32,1869.91,2110.43,1645.32,1850.24,2110.43,1475.0,1810.27,2110.43,1319.05,1695.9,2110.43,981.02,1483.08,2110.43,629.5,1191.79
WTRG.K,38.48,2.87,39.61,37.55,39.61,36.34,37.72,2.28,42.37,36.32,38.73,42.37,33.18,38.31,42.37,33.18,38.1,49.28,32.07,38.78,53.93,32.07,42.16,54.52,28.03,39.56
WTRG.N,38.48,0.68,39.6,37.57,39.6,36.34,37.72,0.67,,,,,,,,,,,,,,,,,,
WTS.N,372.01,0.39,393.74,356.01,393.74,311.3,347.67,0.22,286.84,242.78,271.99,286.84,178.45,245.38,286.84,175.46,223.12,286.84,142.21,207.46,286.84,113.44,183.05,286.84,44.72,129.95
WTSHF.PK,14.71,0.01,26.35,0.0,30.68,0.0,13.17,0.01,21.04,17.45,18.76,21.04,15.21,18.18,21.04,14.07,17.87,23.92,14.07,18.28,28.75,12.02,18.87,28.75,5.92,16.93
WTTR.K,19.08,2.96,20.06,17.66,20.06,17.32,18.63,2.03,12.05,7.86,9.96,14.66,7.2,10.15,15.14,6.99,10.3,15.14,5.52,9.45,15.14,4.06,8.39,21.96,2.22,9.26
WTTR.N,19.08,1.15,20.06,17.67,20.06,17.32,18.63,0.74,,,,,,,,,,,,,,,,,,
WTW.O,271.16,0.69,289.65,256.33,289.65,250.24,263.66,0.72,352.78,298.42,325.61,352.78,292.97,321.84,352.78,237.5,299.41,352.78,195.29,276.05,352.78,187.89,255.8,352.78,104.11,207.99
WU.N,7.71,1.88,8.02,7.2,8.02,6.9,7.44,2.27,9.9,7.86,8.6,11.94,7.86,9.3,14.18,7.86,10.78,14.78,7.86,11.27,26.61,7.86,14.49,28.43,7.86,17.48
WULF.O,24.16,39.36,28.01,20.6,29.84,20.6,25.89,31.8,17.05,4.24,10.52,17.05,2.06,7.3,17.05,1.24,5.62,17.05,0.54,4.25,43.98,0.54,7.13,43.98,0.54,7.53
WUXAY.PK,19.35,0.0,19.89,18.35,19.89,14.68,17.25,0.0,15.95,0.0,12.49,15.95,0.0,10.0,15.95,0.0,7.68,15.95,0.0,8.52,23.04,0.0,8.22,23.04,0.0,4.1
WVE.O,5.93,3.76,6.48,5.56,6.48,5.4,5.91,3.45,21.73,6.25,9.13,21.73,5.28,8.93,21.73,3.5,8.24,21.73,3.15,7.04,21.73,1.16,6.15,56.0,1.16,15.88
WWD.O,425.61,0.96,450.92,412.38,450.92,356.88,412.58,0.98,317.56,233.31,261.82,317.56,146.82,229.17,317.56,131.12,195.6,317.56,88.3,169.01,317.56,79.26,145.43,317.56,41.24,112.46
WWNTY.PK,3.05,0.0,21.35,0.0,25.44,0.0,2.46,0.0,38.05,28.47,33.8,38.05,28.47,32.86,38.05,26.44,30.95,38.05,26.44,31.09,50.18,26.44,34.77,50.18,26.44,34.92
WWUEY.PK,0.0,0.0,0.0,0.0,0.0,0.0,0.0,0.0,,,,,,,,,,,,,,,,,,
WWW.N,16.66,0.48,17.68,16.06,18.7,15.9,17.12,0.4,32.78,13.47,23.26,32.78,9.58,20.07,32.78,7.6,16.95,32.78,7.22,15.41,44.7,7.22,20.15,44.7,7.22,23.77
WXIBF.PK,1.35,0.01,4.8,0.0,4.8,0.0,0.71,0.01,5.61,3.22,4.41,5.61,2.19,3.81,5.61,1.3,2.91,9.2,1.3,3.86,20.35,1.3,9.11,34.25,1.3,8.79
WXXWY.PK,8.93,0.06,9.62,8.31,9.62,7.3,8.2,0.07,11.21,6.2,8.58,11.21,4.12,7.22,11.21,2.58,5.56,18.76,2.58,7.71,38.0,2.58,13.56,43.36,2.58,11.76
WY.N,24.34,2.48,25.85,23.23,25.85,23.23,24.45,2.26,26.9,21.16,24.35,31.66,21.16,26.1,36.25,21.16,28.88,36.25,21.16,29.65,41.54,21.16,31.35,41.54,12.11,29.46
WYGPY.PK,5.48,0.0,8.06,0.0,9.69,0.0,5.77,0.0,9.99,7.73,8.84,10.69,6.59,8.7,11.75,6.59,9.33,12.32,6.59,9.73,12.32,6.57,9.32,14.76,2.19,8.61
WYNMF.PK,0.09,0.0,0.66,0.0,0.75,0.0,0.25,0.01,0.97,0.69,0.84,0.97,0.61,0.78,1.05,0.6,0.79,1.33,0.6,0.86,2.17,0.39,0.98,3.98,0.39,1.68
WYNMY.PK,6.38,0.04,6.64,6.26,7.4,6.26,6.7,0.02,9.8,7.05,8.4,9.8,5.83,7.63,10.79,5.83,7.9,13.0,5.83,8.5,21.33,3.84,9.31,39.64,3.84,15.52
WYNN.O,97.75,1.81,104.37,93.15,111.29,93.15,102.41,1.6,134.72,96.86,119.56,134.72,65.25,102.73,134.72,65.25,97.55,134.72,65.25,98.41,143.88,50.2,95.05,203.63,35.84,106.09
WZZZY.PK,0.57,0.0,4.0,0.0,4.0,0.0,0.78,0.0,7.0,3.33,4.21,7.0,3.33,4.29,8.0,3.33,4.63,9.8,3.33,5.31,18.0,3.33,7.98,18.0,3.33,8.41
XEL.O,81.18,5.99,82.88,79.32,82.88,76.89,79.64,6.46,83.01,66.56,75.61,83.01,62.58,72.25,83.01,46.79,65.86,83.01,46.79,65.09,83.01,46.79,66.38,83.01,35.19,59.14
XENE.O,59.83,2.48,61.63,55.28,61.63,50.91,55.47,1.76,46.6,30.0,38.61,46.6,26.74,36.97,50.99,26.74,39.43,50.99,26.74,38.74,50.99,13.23,34.01,50.99,2.1,21.14
XERS.O,7.91,3.06,8.5,7.34,8.5,6.2,7.25,2.31,10.08,4.52,7.26,10.08,3.14,5.82,10.08,1.69,4.2,10.08,0.97,3.47,10.08,0.97,3.17,27.98,0.97,5.54
XHR.N,20.38,0.54,20.83,19.79,20.83,18.18,19.75,0.48,15.3,11.86,13.61,15.47,8.56,13.15,16.5,8.56,13.76,16.5,8.56,13.39,21.39,8.56,14.99,25.9,6.15,16.5
XIACF.PK,2.86,0.06,3.07,2.52,3.54,2.52,3.1,0.11,7.95,4.7,6.38,9.0,3.81,6.28,9.0,1.51,4.37,9.0,1.26,3.47,9.0,1.05,3.05,9.0,1.05,2.62
XIACY.PK,14.14,0.44,15.1,13.55,17.54,13.55,15.39,0.4,38.9,23.65,31.78,40.25,20.7,31.26,40.25,7.61,21.75,40.25,6.25,17.15,40.25,5.2,14.96,40.25,5.2,12.87
XIFR.N,12.01,0.24,12.77,11.54,12.77,11.26,11.78,0.23,11.43,8.12,9.68,19.26,7.53,9.83,35.12,7.53,18.02,76.95,7.53,29.03,88.61,7.53,48.15,88.61,7.53,45.33
XISHY.PK,3.64,0.0,5.25,0.0,6.44,0.0,3.17,0.0,,,,,,,,,,,,,,,,,,
XMTR.O,94.22,0.95,99.45,89.95,99.45,76.82,89.92,0.77,69.26,30.63,49.88,69.26,18.59,40.35,69.26,11.08,31.06,69.26,11.08,27.72,97.57,11.08,34.95,97.57,11.08,34.95
XNGSY.PK,21.08,0.07,22.05,20.55,26.68,20.55,22.77,0.11,39.4,30.92,34.06,39.4,25.07,32.17,41.19,22.53,31.31,65.36,22.53,35.93,92.3,22.53,47.24,92.3,15.69,40.25
XNJJY.PK,0.0,0.0,0.0,0.0,0.0,0.0,0.0,0.0,0.0,0.0,0.0,0.0,0.0,0.0,0.0,0.0,0.0,0.0,0.0,0.0,0.0,0.0,0.0,0.0,0.0,0.0
XOM.N,136.67,5.94,139.11,134.96,153.75,134.96,140.95,6.06,121.77,105.52,113.57,121.77,97.81,111.2,126.34,95.77,112.34,126.34,95.77,111.11,126.34,41.01,96.54,126.34,30.11,84.87
XP.O,16.17,5.07,16.72,15.64,16.85,14.8,15.8,5.78,20.35,15.61,17.77,20.64,10.82,16.69,26.78,10.82,18.28,27.71,10.3,18.79,53.08,10.3,23.92,53.08,10.3,26.35
XPEL.O,49.02,0.34,50.2,45.52,50.2,43.72,46.79,0.28,53.08,31.26,38.64,53.08,24.25,36.96,60.49,24.25,40.77,87.46,24.25,50.36,103.84,24.25,56.27,103.84,0.63,33.93
XPEV.K,12.94,8.67,13.98,11.77,16.3,11.77,13.64,7.99,28.24,17.26,20.88,28.24,11.14,19.86,28.24,6.55,14.69,28.24,6.55,14.17,60.04,6.18,21.12,74.49,6.18,21.83
XPEV.N,12.94,1.73,13.98,11.8,16.3,11.8,13.64,1.67,,,,,,,,,,,,,,,,,,
XPO.N,205.15,0.48,210.81,199.92,232.0,196.03,210.22,0.48,154.1,116.68,133.01,154.1,85.15,126.42,161.0,80.29,121.54,161.0,29.02,100.44,161.0,24.77,76.49,161.0,6.25,49.83
XPRO.K,14.26,1.92,14.86,13.02,17.18,12.72,14.84,1.48,15.04,8.24,12.17,15.04,6.7,11.3,24.5,6.7,14.77,25.04,6.7,16.3,32.64,6.7,16.53,106.35,6.7,30.99
XPRO.N,14.26,0.74,14.85,13.12,17.18,12.73,14.84,0.51,,,,,,,,,,,,,,,,,,
XRAY.O,11.18,8.74,12.48,10.46,12.48,9.75,10.58,6.16,17.09,9.85,13.12,20.6,9.85,14.68,37.6,9.85,21.01,43.24,9.85,26.18,69.54,9.85,35.62,69.54,9.85,44.46
XTEPY.PK,42.05,0.0,51.12,0.0,55.19,0.0,18.35,0.0,84.94,66.26,74.51,84.94,61.67,73.0,85.81,42.79,62.59,129.09,42.79,74.79,173.13,42.79,75.71,173.13,31.36,72.96
XVIPY.PK,0.0,0.0,0.0,0.0,7.13,0.0,0.38,0.0,,,,,,,,,,,,,,,,,,
XXI.N,5.33,0.52,5.83,4.81,6.28,4.81,5.56,0.59,41.74,8.71,20.94,59.72,8.71,20.83,59.72,8.71,18.03,59.72,8.71,18.03,59.72,8.71,18.03,59.72,8.71,18.03
XYIGY.PK,3.11,0.0,21.75,0.0,23.51,0.0,5.96,0.0,25.36,19.92,22.04,25.36,16.1,19.79,29.66,15.59,20.36,45.29,15.59,24.78,85.45,15.59,31.6,85.45,9.37,28.79
XYL.N,117.6,0.75,120.32,114.63,120.32,106.72,113.09,0.74,154.23,128.51,141.26,154.23,100.72,132.1,154.23,100.72,130.72,154.23,87.59,121.59,154.23,72.14,115.12,154.23,31.67,90.62
XYZ.N,77.26,2.17,81.01,73.79,81.01,65.48,73.79,1.96,82.5,57.0,71.92,94.23,44.27,69.16,99.2,44.27,70.71,99.2,38.85,68.45,289.22,38.85,105.38,289.22,8.06,81.47
XZO.N,17.14,0.11,19.04,14.53,19.04,12.67,14.75,0.08,24.5,13.0,19.02,24.5,13.0,19.02,24.5,13.0,19.02,24.5,13.0,19.02,24.5,13.0,19.02,24.5,13.0,19.02
YAGOY.PK,0.0,0.0,0.0,0.0,0.0,0.0,0.0,0.0,,,,,,,,,,,,,,,,,,
YAGZZ.PK,0.0,0.0,0.0,0.0,0.0,0.0,0.0,0.0,,,,,,,,,,,,,,,,,,
YAHOY.PK,5.22,0.15,5.41,4.95,5.41,4.94,5.1,0.24,7.99,5.16,6.19,8.41,5.16,6.49,8.41,4.32,5.91,8.41,4.32,5.79,14.97,4.32,7.17,14.98,4.32,7.63
YALA.K,5.48,0.4,5.7,5.01,5.7,5.01,5.37,0.36,9.29,6.6,7.43,9.29,3.82,6.52,9.29,3.71,5.55,9.29,3.41,5.29,41.35,3.0,7.18,41.35,3.0,7.4
YALA.N,5.48,0.07,5.7,5.01,5.7,5.01,5.37,0.06,,,,,,,,,,,,,,,,,,
YAMCY.PK,4.95,0.0,7.19,0.0,7.38,0.0,3.99,0.0,7.36,6.33,6.78,8.29,6.23,6.95,9.03,6.02,7.22,13.97,6.02,8.59,23.15,6.02,11.77,23.15,6.02,13.0
YARIY.PK,21.86,0.05,22.23,21.05,25.71,21.05,23.09,0.05,20.9,17.48,18.72,20.9,13.28,17.32,20.9,12.98,16.2,23.95,12.98,17.32,29.19,12.98,20.13,29.19,12.01,20.12
YASKY.PK,87.86,0.01,92.87,84.25,96.17,73.19,85.42,0.01,65.0,37.53,48.34,65.0,36.11,48.89,92.51,36.11,59.77,96.8,36.11,66.34,117.02,36.11,73.47,117.02,19.92,66.95
YATRY.PK,1.64,0.0,11.5,0.0,11.5,0.0,1.18,0.0,16.72,14.5,15.52,16.72,12.3,14.7,19.12,9.97,12.69,19.18,9.97,14.42,28.57,9.97,16.48,31.78,9.97,18.11
YELP.K,25.03,1.63,27.23,22.51,27.23,22.12,23.79,1.37,35.99,27.29,31.81,41.72,27.29,34.27,46.98,27.29,36.02,48.99,26.53,36.4,48.99,25.3,35.93,52.5,12.88,34.89
YELP.N,25.03,0.62,27.19,22.51,27.19,22.14,23.79,0.54,,,,,,,,,,,,,,,,,,
YETI.K,49.76,1.07,51.31,48.12,51.89,46.63,49.25,1.32,46.28,30.51,36.7,46.28,26.61,34.93,51.24,26.61,37.48,54.16,26.61,39.06,108.82,26.61,50.44,108.82,12.4,45.25
YETI.N,49.76,0.39,51.3,48.13,51.89,46.94,49.25,0.44,,,,,,,,,,,,,,,,,,
YIYU.PK,0.0,0.0,0.0,0.0,0.0,0.0,0.0,0.0,0.0,0.0,0.0,0.0,0.0,0.0,0.0,0.0,0.0,0.0,0.0,0.0,0.0,0.0,0.0,0.0,0.0,0.0
YKCLY.PK,0.0,0.0,0.0,0.0,0.0,0.0,0.0,0.0,,,,,,,,,,,,,,,,,,
YKLTY.PK,1.27,0.0,8.91,0.0,8.91,0.0,4.79,0.0,9.72,7.02,8.17,11.7,7.02,8.92,12.7,7.02,9.54,19.16,7.02,11.0,19.16,7.02,11.31,20.72,7.02,11.89
YLDGY.PK,0.0,0.0,0.0,0.0,0.0,0.0,0.0,0.0,12.25,9.15,10.92,12.25,7.2,9.67,12.25,6.57,9.31,12.25,6.57,9.65,18.45,6.57,11.44,28.63,6.57,17.67
YMHAY.PK,15.56,0.0,15.78,14.78,15.78,0.0,14.64,0.0,15.61,0.0,14.24,18.04,0.0,14.82,24.4,0.0,15.43,24.53,0.0,15.31,24.53,0.0,12.6,24.53,0.0,6.46
YMM.N,8.15,2.03,8.72,7.46,8.72,7.46,8.13,2.17,14.06,10.21,12.19,14.06,9.45,12.02,14.06,5.7,10.09,14.06,5.41,9.09,22.8,4.12,9.32,22.8,4.12,9.32
YMZBY.PK,0.0,0.0,0.0,0.0,0.0,0.0,0.0,0.0,,,,180.0,180.0,180.0,180.0,180.0,180.0,180.0,180.0,180.0,180.0,180.0,180.0,180.0,180.0,180.0
YOKEY.PK,19.99,0.0,70.05,0.0,71.09,0.0,14.32,0.0,66.24,51.15,60.0,66.24,34.12,47.8,66.24,34.12,46.73,66.24,29.57,42.45,66.24,29.4,39.38,66.24,17.21,36.67
YORUY.PK,0.0,0.0,0.0,0.0,0.0,0.0,0.0,0.0,36.85,36.85,36.85,36.85,24.01,27.13,36.85,19.0,25.25,36.85,15.48,23.57,36.85,12.76,19.92,36.85,12.2,18.57
YOU.N,55.19,0.8,57.5,51.76,57.5,49.54,53.26,0.66,42.11,27.23,33.6,42.11,21.47,29.45,42.11,15.88,26.33,42.11,14.52,25.03,61.1,14.52,26.45,61.1,14.52,26.45
YPF.N,45.33,0.27,46.7,44.05,57.47,44.05,49.43,0.37,39.8,22.84,31.94,47.42,22.84,33.82,47.42,14.53,28.55,47.42,8.5,23.3,47.42,2.82,15.9,47.42,2.27,15.67
YSS.N,24.63,0.39,27.29,22.67,34.69,22.67,27.59,0.44,0.0,0.0,0.0,0.0,0.0,0.0,0.0,0.0,0.0,0.0,0.0,0.0,0.0,0.0,0.0,0.0,0.0,0.0
YUEIY.PK,6.92,0.0,8.41,0.0,9.21,0.0,7.16,0.0,11.48,7.25,8.96,11.56,6.22,8.78,12.49,4.6,8.55,12.49,4.6,7.9,12.96,4.6,7.92,24.2,4.6,11.77
YUM.N,159.71,0.86,166.04,150.77,166.04,147.16,155.23,0.85,157.0,137.44,147.68,163.3,122.16,146.39,163.3,122.16,140.6,163.3,115.61,137.12,163.3,101.19,130.05,163.3,46.44,106.39
YUMC.K,41.13,1.45,43.0,40.15,44.98,40.15,42.24,1.87,49.43,41.69,45.64,53.99,41.0,45.97,53.99,28.5,42.57,64.7,28.5,46.95,69.67,28.5,49.55,69.67,23.79,45.61
YUMC.N,41.13,0.39,42.59,40.15,44.95,40.15,42.24,0.43,,,,,,,,,,,,,,,,,,
YZCAY.PK,14.58,0.0,16.1,14.05,19.42,14.05,16.15,0.0,15.12,9.9,12.61,15.12,9.18,11.5,19.69,9.18,13.13,19.69,9.18,13.37,21.4,3.45,12.14,21.4,1.64,8.02
Z.O,31.84,4.61,33.95,29.23,36.16,29.23,32.26,5.04,93.88,65.07,77.07,93.88,57.51,74.51,93.88,38.45,65.21,93.88,32.43,58.82,208.11,26.14,65.47,208.11,15.36,55.5
ZBH.N,88.97,0.76,93.32,83.72,93.32,83.72,88.5,0.8,108.25,85.34,96.96,114.43,85.34,99.3,133.67,85.34,107.02,149.05,85.34,112.98,174.9,85.34,120.75,174.9,72.15,119.71
ZBIO.O,26.16,1.72,29.25,21.94,29.25,16.77,21.72,1.1,44.6,8.91,24.58,44.6,5.83,16.88,44.6,5.83,16.67,44.6,5.83,16.67,44.6,5.83,16.67,44.6,5.83,16.67
ZBRA.O,259.9,0.88,276.0,239.1,276.0,211.86,243.78,0.91,352.66,227.19,293.43,427.76,205.73,299.58,427.76,205.73,312.09,427.76,194.59,298.24,615.0,194.59,351.44,615.0,46.13,254.37
ZD.O,51.67,0.92,53.87,47.32,53.87,43.86,48.13,0.76,40.14,28.55,34.94,56.48,28.55,37.37,70.9,28.55,46.35,94.06,28.55,54.4,135.0,28.55,72.06,135.0,28.55,70.3
ZEOOY.PK,0.0,0.0,0.0,0.0,0.0,0.0,0.0,0.0,11.83,11.83,11.83,11.83,11.83,11.83,11.83,11.83,11.83,11.83,11.83,11.83,11.83,11.83,11.83,11.83,11.83,11.83
ZETA.K,19.95,8.27,21.9,17.77,22.17,17.77,19.81,8.82,22.18,13.74,18.32,26.6,10.69,16.96,38.2,7.84,17.72,38.2,7.24,14.77,38.2,4.09,12.44,38.2,4.09,12.44
ZETA.N,19.95,2.23,21.89,17.77,22.17,17.77,19.81,2.31,,,,,,,,,,,,,,,,,,
ZFSVF.PK,625.83,0.0,750.0,0.0,750.0,0.0,676.78,0.0,791.41,669.0,719.24,791.41,566.46,693.54,791.41,477.21,624.38,791.41,425.75,575.52,791.41,383.0,518.85,791.41,203.76,429.57
ZG.O,31.73,1.38,33.7,29.03,36.34,29.03,32.34,1.54,90.22,63.15,74.52,90.22,56.63,72.32,90.22,38.06,63.28,90.22,31.48,57.19,212.4,26.21,64.82,212.4,16.45,55.21
ZGN.N,13.08,0.59,13.49,12.65,15.43,12.65,13.79,0.52,11.0,7.61,9.45,11.0,6.05,8.82,15.26,6.05,9.87,16.33,6.05,10.85,16.33,6.05,10.76,16.33,6.05,10.76
ZHAOY.PK,0.0,0.0,0.0,0.0,0.0,0.0,0.0,0.0,0.0,0.0,0.0,0.0,0.0,0.0,0.0,0.0,0.0,0.0,0.0,0.0,0.0,0.0,0.0,0.0,0.0,0.0
ZHHJY.PK,0.0,0.0,0.0,0.0,5.5,0.0,0.29,0.0,,,,,,,,,,,,,,,,,,
ZHUZY.PK,0.0,0.0,0.0,0.0,0.0,0.0,0.0,0.0,,,,,,,,,,,,,,,,,,
ZIJMF.PK,3.66,0.07,4.14,3.15,4.3,3.15,3.82,0.07,4.8,2.35,3.68,4.8,1.59,2.95,4.8,1.38,2.54,4.8,1.32,2.23,4.8,0.93,1.85,4.8,0.22,1.29
ZIJMY.PK,72.1,0.04,79.41,69.8,86.0,69.8,76.79,0.05,94.99,49.47,73.79,94.99,33.65,59.18,94.99,30.22,53.92,94.99,28.02,51.67,94.99,18.73,45.45,94.99,4.5,34.48
ZIM.N,25.4,0.23,26.04,23.3,26.25,23.3,25.28,0.26,22.13,12.33,15.98,23.6,11.04,16.59,28.99,8.75,16.75,28.99,6.15,15.82,87.72,6.15,26.22,87.72,6.15,26.22
ZION.O,69.69,1.5,71.26,68.31,71.26,62.96,67.61,1.85,60.77,46.19,55.05,60.77,39.32,52.74,63.22,37.76,49.6,63.22,18.26,45.11,75.44,18.26,49.89,75.44,18.26,45.63
ZIONP.O,15.8,0.01,18.66,0.0,18.85,0.0,17.61,0.0,24.35,19.73,22.01,24.5,19.73,22.64,24.51,19.01,22.07,24.51,13.61,21.13,30.0,13.61,21.8,30.0,13.61,22.68
ZLAB.O,18.75,0.84,19.61,17.23,19.61,16.26,18.07,0.97,41.2,16.82,28.92,44.34,16.82,30.34,44.34,13.48,25.83,49.81,13.48,27.54,193.54,13.48,51.65,193.54,13.48,47.67
ZLDPY.PK,1.33,0.0,9.31,0.0,9.31,0.0,0.94,0.0,,,,,,,,,,,,,,,,,,
ZLIOY.PK,0.0,0.0,0.0,0.0,9.7,0.0,0.51,0.0,10.95,7.6,9.03,10.95,4.05,7.81,10.95,4.05,6.94,10.95,4.05,6.67,16.79,3.23,7.63,16.79,2.65,7.01
ZLNDY.PK,14.77,0.03,15.53,13.98,15.53,13.67,14.42,0.04,17.15,12.61,14.68,20.64,12.61,16.12,20.64,8.68,14.71,24.68,8.68,15.18,62.33,8.68,23.56,62.33,8.68,24.07
ZM.O,86.29,3.52,91.09,82.27,102.8,82.27,89.38,4.13,91.42,69.15,81.09,91.42,64.41,79.82,92.8,55.06,73.55,92.8,55.06,71.91,451.77,55.06,127.48,588.84,55.06,142.78
ZNKKY.PK,1.26,0.0,8.85,0.0,9.37,0.0,2.32,0.0,12.34,8.22,10.48,12.34,5.29,9.65,12.34,5.29,9.32,12.34,5.29,9.08,13.24,5.29,9.61,13.24,5.29,9.59
ZNNGY.PK,0.0,0.0,0.0,0.0,0.0,0.0,0.0,0.0,,,,,,,,,,,,,,,,,,
ZS.O,139.86,2.91,152.5,122.15,152.5,119.5,131.52,4.01,336.99,224.88,283.68,336.99,164.78,254.9,336.99,153.45,224.42,336.99,84.93,197.85,376.11,84.93,202.65,376.11,24.76,155.07
ZSHGY.PK,2.67,0.0,6.48,0.0,8.0,0.0,4.21,0.0,22.0,13.31,17.05,22.0,13.31,16.43,22.88,10.99,17.0,62.57,10.99,26.17,98.97,10.99,43.59,98.97,5.68,43.29
ZSICY.PK,2.49,0.0,17.45,0.0,17.45,0.0,0.92,0.0,,,,,,,,,,,,,,,,,,
ZTCOF.PK,0.0,0.0,0.0,0.0,0.0,0.0,0.0,0.0,5.45,2.68,3.95,5.45,2.23,3.54,5.45,1.74,2.9,5.45,1.74,2.88,5.45,1.7,2.73,5.45,1.18,2.65
ZTO.N,22.45,0.45,23.25,21.47,23.25,21.47,22.36,0.39,21.88,17.49,19.47,22.01,16.34,19.14,27.49,15.91,20.04,30.04,15.91,21.9,37.75,15.91,24.16,37.75,10.4,21.86
ZTS.N,74.53,2.65,79.89,71.48,82.95,71.48,77.43,2.36,161.68,115.27,140.8,177.34,115.27,151.32,200.25,115.27,165.3,201.82,115.27,168.15,247.89,115.27,172.9,247.89,38.26,131.38
ZURVY.PK,37.04,0.08,38.07,36.11,38.07,34.34,36.17,0.11,38.29,34.02,35.75,38.29,28.54,34.58,38.29,23.46,31.06,38.29,21.48,28.67,38.29,19.16,25.93,38.29,10.14,20.77
ZWS.N,49.99,0.72,52.07,48.48,52.07,46.61,49.16,0.48,50.03,35.75,45.05,50.03,27.79,40.25,50.03,27.55,36.63,50.03,19.29,32.91,50.03,17.96,31.02,50.03,6.76,21.79
ZYME.O,25.07,0.76,27.14,21.91,27.14,21.91,23.94,0.7,28.49,11.51,18.06,28.49,9.03,15.48,28.49,7.97,13.34,28.49,6.02,11.65,59.03,4.11,14.71,59.03,4.11,18.06
ZZHGY.PK,0.0,0.0,0.0,0.0,1.34,0.0,0.07,0.0,1.98,1.98,1.98,1.98,1.98,1.98,1.98,1.98,1.98,1.98,1.98,1.98,1.98,1.98,1.98,1.98,1.98,1.98
