ric,current_price,capitalization
A.N,146.8,41.387156
AA.N,46.95,12.390548
AACAY.PK,5.22,6.071577
AADX.N,11.65,2.008384
AAGIY.PK,38.53,99.53898
AAIGF.PK,9.4,99.53898
AAKAY.PK,0.0,5.446066
AAL.O,13.1,8.671806
AAMI.K,88.92,3.155782
AAMI.N,88.92,3.155782
AAOI.O,95.76,8.130626
AAON.O,75.54,6.228548
AAP.N,45.01,2.718604
AAPG.O,16.41,1.527298
AAPL.O,333.08,4861.029474
AARTY.PK,49.34,16.888415
AAT.N,21.64,1.328787
AAUC.K,21.59,3.017361
AAVMY.PK,49.96,32.417537
AAVVF.PK,7.68,1.275102
AB.N,36.09,3.362694
ABBNY.PK,92.77,168.531756
ABBRF.PK,9.94,1.647886
ABBV.K,261.77,462.578292
ABBV.N,261.77,462.578292
ABCB.N,84.82,5.692036
ABCB.O,0.0,0.0
ABCL.O,11.17,3.618025
ABDBY.PK,5.0,3.723876
ABEV.K,3.03,47.715895
ABEV.N,3.03,47.715895
ABG.N,208.91,3.750335
ABLZF.PK,91.76,168.531756
ABM.N,49.59,2.906698
ABNB.O,170.65,100.612797
ABR.N,4.65,0.867495
ABR_pd.N,15.47,0.867495
ABR_pe.N,15.3,0.867495
ABR_pf.N,22.36,0.867495
ABT.N,103.09,178.385214
ABTC.O,8.65,0.629891
ABTZY.PK,5.45,3.344849
ABVX.O,113.58,10.095373
ABX.N,9.49,0.928048
ABXL.N,25.4,0.928048
ABXXF.PK,12.55,0.484288
ABZPY.PK,11.77,5.181086
ACA.N,145.15,7.127853
ACAD.O,27.52,4.741848
ACCYY.PK,10.65,12.263199
ACEL.N,11.53,0.936161
ACGBF.PK,0.8,358.284017
ACGBY.PK,20.48,358.284017
ACGL.O,97.95,33.423393
ACGLO.O,18.71,33.423393
ACHC.O,28.0,2.606808
ACHR.K,5.51,4.242848
ACHR.N,5.51,4.242848
ACI.N,12.72,6.173343
ACIW.O,52.65,5.315293
ACKAY.PK,9.8,1.313057
ACLLF.PK,50.85,5.197434
ACLLY.PK,85.9,8.134573
ACLS.O,105.31,3.25213
ACLX.O,115.07,6.729272
ACM.N,64.6,8.313789
ACMDY.PK,1.35,1.19436
ACMMY.PK,0.0,4.993493
ACMR.O,66.86,4.656745
ACN.N,195.0,119.328711
ACOPY.PK,4.83,3.530245
ACSAY.PK,21.34,29.5185
ACT.O,50.07,6.883807
ACVA.K,10.41,1.76787
ACVA.N,10.41,1.76787
AD.N,38.28,3.310416
ADBE.O,265.6,105.576
ADC.N,70.78,8.803568
ADDDF.PK,166.8,29.908895
ADDHY.PK,16.51,8.577985
ADDLY.PK,0.0,1.907316
ADDYY.PK,83.02,29.908895
ADEA.O,24.66,2.719508
ADI.O,361.02,174.937824
ADIG.N,20.35,1.545037
ADM.N,86.44,41.660586
ADMA.O,9.14,2.04722
ADNT.K,18.76,1.446338
ADNT.N,18.76,1.446338
ADOOY.PK,7.55,4.291003
ADP.O,276.63,109.894791
ADPT.O,24.78,3.954785
ADRNY.PK,36.72,32.506753
ADRZY.PK,18.99,10.023428
ADSK.O,228.93,47.84637
ADT.N,7.08,5.172359
ADUS.O,117.33,2.191056
ADX.N,25.65,3.204381
ADYEY.PK,10.98,34.96428
AEBI.O,12.03,0.933567
AEBMY.PK,0.0,2.402342
AEBZY.PK,0.35,2.402342
AEE.N,103.97,28.783393
AEG.N,9.06,14.333267
AEIS.O,254.35,10.18683
AELIY.PK,8.22,0.956449
AELKY.PK,0.0,34.983297
AEM.N,197.55,100.360866
AEMMY.PK,13.3,8.422531
AEO.N,15.43,2.585657
AEP.O,122.23,66.541688
AER.N,139.42,21.53064
AERO.K,15.48,2.126834
AERO.N,15.48,2.126834
AES.N,14.8,10.558892
AESI.K,13.14,1.642545
AESI.N,13.14,1.642545
AETUF.PK,24.54,13.883381
AEVA.O,14.67,1.022583
AEXAY.PK,6.0,0.57861
AFG.N,143.7,11.915815
AFGB.N,21.24,11.915815
AFGC.N,17.82,11.915815
AFGD.N,20.66,11.915815
AFGE.N,15.93,11.915815
AFL.N,117.01,58.662179
AFLYY.PK,1.28,3.480355
AFNDY.PK,0.0,6.313952
AFRM.O,73.38,24.759972
AFYA.O,13.7,1.212152
AG.N,18.8,9.290262
AGBK.N,6.44,1.02995
AGCO.K,122.3,8.56488
AGCO.N,122.3,8.56488
AGESY.PK,87.05,18.671402
AGGNY.PK,28.0,1.176475
AGI.N,35.66,14.947856
AGIO.O,33.22,1.983297
AGL.N,92.38,1.551172
AGLXY.PK,6.23,4.084445
AGM.N,225.21,2.337545
AGM_pd.N,20.93,2.337545
AGM_pe.N,20.75,2.337545
AGM_pf.N,18.55,2.337545
AGM_pg.N,17.38,2.337545
AGM_ph.N,23.35,2.337545
AGMa.N,156.02,2.337545
AGNC.O,10.09,11.961508
AGNCL.O,25.23,11.961508
AGNCM.O,25.41,11.961508
AGNCN.O,25.81,11.961508
AGNCZ.O,25.31,11.961508
AGO.N,72.92,3.205264
AGRO.K,11.72,1.691289
AGRO.N,11.72,1.691289
AGRPY.PK,28.95,12.538871
AGX.N,392.56,5.507555
AGYS.O,109.07,3.076405
AHCHY.PK,10.32,12.988741
AHCO.O,5.88,0.801704
AHEXY.PK,15.06,5.235748
AHKSY.PK,20.17,13.831863
AHL.N,37.5,0.1826
AHL_pd.N,18.45,0.1826
AHODF.PK,36.02,32.506753
AHR.N,53.4,12.433812
AI.N,11.17,1.795911
AIAGY.PK,98.0,8.508258
AIBGY.PK,26.86,27.786412
AIBRF.PK,13.26,27.786412
AICLY.PK,18.7,5.618049
AIFLY.PK,1.4,1.379308
AIG.N,76.29,39.89152
AIIXY.PK,74.97,4.365158
AIN.N,60.19,1.709396
AIPUY.PK,16.7,26.36695
AIQUY.PK,38.56,123.514653
AIR.N,120.08,4.834282
AIRYY.PK,9.05,15.670717
AIT.N,319.21,11.725827
AITUY.PK,20.44,2.76095
AIZ.N,283.27,13.971943
AIZN.N,17.94,13.971943
AJG.N,253.3,64.92079
AJINY.PK,0.0,0.0
AJMPF.PK,2.72,2.013691
AKAM.O,105.57,15.172162
AKBDY.PK,0.0,7.76981
AKBTY.PK,3.11,7.76981
AKCLY.PK,11.83,1.832176
AKOa.N,23.4,4.269536
AKOb.N,29.4,4.269536
AKR.N,19.82,2.721935
AKRBY.PK,19.47,25.10593
AKRYY.PK,9.3,2.165669
AKTS.O,23.17,1.24531
AKZOY.PK,22.28,11.430997
AL.N,65.0,7.282302
ALAB.O,257.04,44.592611
ALB.N,115.03,13.574122
ALBBY.PK,7.82,6.187398
ALBKY.PK,1.35,12.793456
ALC.N,67.74,33.676633
ALCTY.PK,0.0,54.214664
ALEDY.PK,5.0,0.927401
ALEUY.PK,12.05,12.520518
ALEX.K,20.84,1.518725
ALEX.N,20.84,1.518725
ALFRY.PK,13.55,2.916721
ALFVY.PK,54.88,22.799207
ALG.N,168.46,2.050321
ALGGY.PK,6.65,1.245306
ALGM.O,33.85,6.309709
ALGN.O,153.0,10.869097
ALGT.O,78.5,2.146014
ALH.N,21.27,4.158081
ALHC.O,12.94,2.684211
ALIZY.PK,51.3,195.254437
ALK.N,40.71,4.543363
ALKRY.PK,0.0,1.841075
ALKS.O,45.83,7.688591
ALKT.O,19.88,2.126007
ALL.N,258.48,65.358723
ALLE.K,155.39,13.213866
ALLE.N,155.39,13.213866
ALLY.K,41.94,12.758135
ALLY.N,41.94,12.758135
ALM.O,14.7,4.235202
ALMRY.PK,14.28,2.591445
ALMS.O,9.22,1.193393
ALNPY.PK,4.07,10.621642
ALNT.O,90.55,1.539577
ALNY.O,249.99,33.450941
ALORY.PK,14.74,4.585886
ALPMY.PK,14.85,27.020012
ALRM.O,55.39,2.719108
ALSMY.PK,1.78,8.46661
ALSN.K,123.49,10.197562
ALSN.N,123.49,10.197562
ALSSF.PK,2.58,1.987912
ALSYY.PK,0.0,7.603552
ALTB.PK,10.0,9.961
ALV.N,118.5,8.565875
ALVO.O,5.05,1.801924
ALX.N,250.61,1.279938
AM.N,21.62,10.262452
AMADY.PK,63.66,27.539436
AMAL.O,47.78,1.428629
AMAT.O,424.21,336.651971
AMBA.O,63.98,2.824139
AMBBY.PK,10.2,2.453955
AMBP.K,4.78,2.857036
AMBP.N,4.78,2.857036
AMBQ.N,59.61,1.44164
AMBUY.PK,0.0,10.201966
AMC.N,2.5,2.231512
AMCR.K,42.25,19.534105
AMCR.N,42.25,19.534105
AMD.O,493.41,805.47951
AMDIY.PK,0.0,22.344835
AMDLY.PK,74.66,4.784308
AME.N,233.65,53.56689
AMFPY.PK,46.67,3.600059
AMG.N,349.98,9.050459
AMGN.O,381.5,206.25111
AMH.N,31.63,11.380949
AMH_pg.N,21.38,11.380949
AMH_ph.N,22.48,11.380949
AMIGY.PK,51.93,15.883538
AMKAF.PK,3420.0,51.593882
AMKBY.PK,17.92,51.593882
AMKR.O,47.12,11.70708
AMLTF.PK,1.3,4.342123
AMLX.O,33.64,4.220417
AMN.N,34.19,1.324178
AMP.N,558.54,49.337636
AMPH.O,23.91,1.017082
AMPL.O,13.65,1.705104
AMPX.K,9.17,1.339559
AMPX.N,9.17,1.339559
AMR.N,197.85,2.508549
AMRC.K,22.68,1.203542
AMRC.N,22.68,1.203542
AMRX.O,17.22,5.997657
AMRZ.K,39.43,21.565278
AMRZ.N,39.43,21.565278
AMSC.O,27.28,1.321502
AMSSY.PK,10.25,1.996643
AMT.N,176.94,82.446971
AMTB.N,29.54,1.157668
AMTM.K,19.74,4.826557
AMTM.N,19.74,4.826557
AMVOY.PK,8.31,4.274548
AMX.N,23.12,69.273305
AMZN.O,253.54,2734.761943
AN.N,205.59,6.796971
ANAB.O,54.11,1.602115
ANCTF.PK,59.09,54.214664
ANDE.O,71.68,2.435369
ANDG.K,56.4,6.372549
ANDG.N,56.4,6.372549
ANET.K,187.81,236.870601
ANET.N,187.81,236.870601
ANF.N,140.62,5.967122
ANFGF.PK,48.75,47.790228
ANFTY.PK,0.0,47.790228
ANGPY.PK,14.3,22.88635
ANGX.N,5.48,1.023425
ANIOY.PK,10.09,4.965193
ANIP.O,70.4,1.617113
ANJFY.PK,0.0,3.560537
ANPA.O,2.58,0.038934
ANPDF.PK,9.32,26.263087
ANPDY.PK,235.46,26.263087
ANRO.N,31.68,1.24319
ANSLY.PK,107.84,4.159861
ANYYY.PK,14.22,42.85071
ANZGY.PK,26.83,81.154358
ANZLY.PK,1.1,0.704996
AOD.N,10.51,1.108451
AOMFF.PK,18.51,8.46661
AON.N,311.54,66.085558
AONNY.PK,8.82,24.764235
AOREF.PK,1000.0,4.6979
AORT.K,24.97,1.217443
AORT.N,24.97,1.217443
AOS.N,57.38,7.798434
AOZOY.PK,5.68,3.22661
APA.O,45.03,15.776328
APAJF.PK,8.04,10.314157
APAM.K,37.49,3.039414
APAM.N,37.49,3.039414
APD.N,287.13,63.939696
APELY.PK,29.36,3.016379
APEMY.PK,52.68,3.785614
APG.N,37.12,16.04179
APGE.O,135.07,10.223142
APH.N,78.55,193.701701
APLD.O,24.58,7.164311
APLE.K,15.48,3.65456
APLE.N,15.48,3.65456
APLS.O,41.03,5.252713
APMSF.PK,44.7,3.785614
APNHY.PK,9.72,4.405494
APO.N,128.31,75.772593
APOS.N,25.36,75.772593
APP.O,334.24,111.85375
APPF.O,221.87,7.857968
APPN.O,38.31,2.744053
APTV.K,44.79,9.299897
APTV.N,44.79,9.299897
AQN.N,5.35,4.141338
AQNB.N,26.18,4.141338
AR.N,38.1,11.713426
ARCAY.PK,50.0,4.326079
ARCB.O,135.69,3.032855
ARCC.O,19.8,14.216852
ARCO.K,7.94,1.654331
ARCO.N,7.94,1.654331
ARDT.K,11.0,1.551505
ARDT.N,11.0,1.551505
ARDX.O,3.52,0.87714
ARE.N,51.96,9.053904
ARES.K,131.52,43.43793
ARES.N,131.52,43.43793
ARGTF.PK,28.42,6.704411
ARGX.O,990.54,62.965867
ARHS.O,8.12,1.151024
ARI.N,6.57,0.844536
ARKAY.PK,66.02,5.02385
ARLO.K,13.76,1.480759
ARLO.N,13.76,1.480759
ARLP.O,26.14,3.363141
ARLUF.PK,40.51,25.865593
ARM.O,239.01,255.26268
ARMK.K,58.53,15.429974
ARMK.N,58.53,15.429974
ARMN.K,18.68,3.865216
ARMN.N,19.16,3.865216
ARNNY.PK,42.98,17.150063
AROC.K,30.49,5.346061
AROC.N,30.49,5.346061
ARQT.O,24.27,3.050544
ARR.N,15.5,2.194072
ARR_pc.N,20.49,2.194072
ARRPY.PK,13.16,12.498909
ARRY.O,4.41,0.679174
ARW.N,213.85,10.886125
ARWR.O,80.67,11.394998
ARX.N,19.83,4.306849
ARXCY.PK,26.96,13.883381
ARZGY.PK,26.1,80.46682
ARZTY.PK,5.11,1.162132
AS.N,27.55,15.363737
ASA.N,58.62,1.076077
ASAIY.PK,9.44,2.532535
ASAN.K,9.66,2.211851
ASAN.N,9.66,2.211851
ASAZY.PK,17.48,37.214642
ASB.N,29.94,5.654159
ASBA.N,24.83,5.654159
ASBFY.PK,25.32,17.731659
ASBHY.PK,10.0,15.983781
ASCCY.PK,26.29,19.474255
ASEKY.PK,15.1,10.575436
ASGLY.PK,7.2,7.880839
ASGN.K,34.05,1.39605
ASGN.N,34.05,1.39605
ASGSY.PK,0.0,1.103907
ASH.N,69.67,3.190424
ASHGY.PK,72.75,29.729143
ASIC.N,27.99,1.341475
ASKRY.PK,0.0,2.309886
ASLTY.PK,8.15,9.356006
ASM.N,6.25,1.065499
ASMIY.PK,873.31,43.434661
ASML.O,1575.15,624.749301
ASMLF.PK,1590.85,624.749301
ASMVY.PK,58.91,8.251583
ASND.O,264.92,17.398166
ASO.O,54.25,3.340655
ASOZY.PK,63.26,5.024107
ASR.N,252.1,6.988305
ASTE.O,41.16,0.947724
ASTH.O,39.6,1.964333
ASTS.O,60.0,23.35005
ASUTZ.PK,2.74,21.933608
ASX.N,37.08,86.502584
ASXFY.PK,38.97,7.640803
ATAI.O,7.35,2.725855
ATAT.O,32.46,4.415962
ATDRY.PK,1.66,5.247185
ATEAY.PK,9.6,2.047378
ATEC.O,10.86,1.677339
ATEN.K,25.61,1.859517
ATEN.N,25.61,1.859517
ATEYY.PK,198.5,148.173505
ATGE.K,105.64,3.65
ATGSY.PK,0.0,11.734423
ATHM.K,21.71,2.409533
ATHM.N,21.71,2.409533
ATHNY.PK,0.0,3.904494
ATHOF.PK,7.94,3.823597
ATHS.N,24.81,4.854645
ATI.N,188.15,25.620458
ATKR.K,94.07,3.177032
ATKR.N,94.07,3.177032
ATLCY.PK,17.33,94.132388
ATLKY.PK,19.93,94.132388
ATMU.K,44.37,3.620394
ATMU.N,44.37,3.620394
ATO.N,163.84,27.687085
ATOGY.PK,12.06,4.864845
ATR.N,124.91,7.941919
ATRC.O,55.79,2.837831
ATRO.O,70.96,3.046169
ATROB.PK,70.1,3.046169
ATS.N,19.43,1.909615
ATUSF.PK,47.28,2.783435
ATVDY.PK,6.02,1.361382
ATVK.PK,10.3,6.316236
ATWNY.PK,0.0,3.192856
ATZAF.PK,89.2,8.5711
ATZIY.PK,0.0,8.5711
AU.N,100.48,50.819695
AUB.N,39.94,5.704027
AUGO.O,86.3,7.23512
AUKNY.PK,24.95,8.193502
AUOTY.PK,8.99,6.848201
AUPH.O,16.41,2.18337
AUR.O,6.46,12.946843
AVA.N,36.65,3.069541
AVAH.O,14.38,3.13902
AVAL.K,5.36,6.343884
AVAL.N,5.36,6.343884
AVAV.O,153.4,7.795896
AVB.N,184.06,26.399289
AVDL.O,21.64,2.124041
AVEGY.PK,0.0,1.275102
AVEX.N,16.26,2.061264
AVGO.O,344.72,1645.565687
AVHNY.PK,26.3,10.298584
AVIFY.PK,10.35,31.856891
AVNS.N,24.99,1.170727
AVNT.K,41.16,3.775177
AVNT.N,41.16,3.775177
AVPT.O,13.6,2.87729
AVSFY.PK,25.0,1.782101
AVT.O,92.34,7.578619
AVTR.K,15.16,10.2536
AVTR.N,15.16,10.2536
AVVIY.PK,19.21,28.766861
AVVSY.PK,7.96,1.528683
AVY.N,170.92,12.953709
AWATY.PK,16.98,4.447258
AWI.N,160.23,6.771773
AWK.N,138.92,27.607431
AWR.N,87.12,3.453056
AX.N,93.75,5.318891
AXAHF.PK,50.89,105.90368
AXAHY.PK,50.67,105.90368
AXBKY.PK,5.3,40.646783
AXFOY.PK,24.95,5.510364
AXGN.O,43.78,2.564032
AXIA.N,10.22,31.181834
AXIA_p.N,0.0,0.0
AXIA_pc.N,10.84,34.27
AXIAY.PK,10.75,31.181834
AXICY.PK,10.44,31.181834
AXON.O,490.18,39.820956
AXP.N,327.78,221.353057
AXS.N,100.0,7.296632
AXS_pe.N,18.28,7.296632
AXSM.O,216.58,11.344638
AXTA.K,33.67,7.206053
AXTA.N,33.67,7.206053
AXTI.O,57.06,3.741607
AYAAY.PK,4.03,3.452896
AYALY.PK,6.81,4.91584
AYI.N,309.04,9.251281
AZBLY.PK,18.41,5.109086
AZLGY.PK,5.5,3.394796
AZLUD.PK,6.69,1.238044
AZLUY.PK,6.69,1.238044
AZN.N,163.78,254.834501
AZNCF.PK,163.78,254.834501
AZO.N,2965.52,48.413167
AZSAY.PK,0.0,1.238044
AZTA.O,32.04,1.403621
AZUL.N,6.69,1.238044
AZUXY.PK,0.0,1.238044
AZZ.N,132.75,3.989337
AZZRY.PK,0.0,15.905645
B.N,42.43,69.958098
BA.N,210.27,166.191104
BABA.K,109.23,271.504667
BABA.N,109.23,271.504667
BABAF.PK,14.43,271.504667
BABWF.PK,5.65,24.202733
BAC.N,59.47,415.858745
BAC_pe.N,18.44,415.858745
BAC_pl.N,1266.29,415.858745
BAC_pm.N,19.73,415.858745
BACHF.PK,0.77,301.052426
BACHY.PK,19.37,301.052426
BACRP.PK,300.0,415.858745
BAESF.PK,26.97,78.713528
BAESY.PK,104.51,78.713528
BAH.N,79.11,9.515744
BAK.N,2.01,0.723184
BALL.K,60.71,16.070141
BALL.N,60.71,16.070141
BAM.N,46.63,76.389772
BANC.K,18.46,2.924578
BANC.N,18.46,2.924578
BANF.O,111.56,3.748276
BANR.O,71.94,2.635844
BAP.N,376.04,29.8649
BASFY.PK,15.15,53.982323
BATRA.O,55.26,3.278443
BATRB.PK,71.0,3.278443
BATRK.O,49.91,3.278443
BAWAY.PK,51.6,15.833662
BAX.N,23.86,12.335525
BAYRY.PK,14.27,55.959932
BB.N,7.75,4.558611
BBAAY.PK,0.0,271.504667
BBAI.K,2.88,1.380944
BBAI.N,2.88,1.380944
BBAR.K,14.8,3.198603
BBAR.N,14.8,3.198603
BBD.N,3.54,37.499846
BBDO.K,3.18,37.499846
BBDO.N,3.18,37.499846
BBIO.O,72.38,14.149783
BBMPY.PK,1.52,1.892972
BBN.N,15.16,0.936775
BBSEY.PK,7.84,14.991841
BBT.N,31.36,2.628472
BBU.N,31.46,4.399007
BBUC.K,25.87,5.335656
BBVA.K,29.1,161.630208
BBVA.N,29.1,161.630208
BBWI.K,17.91,3.611468
BBWI.N,17.91,3.611468
BBY.N,94.83,19.888478
BC.N,70.14,4.544892
BCAT.K,14.7,1.555925
BCAT.N,14.7,1.555925
BCC.N,75.25,2.625574
BCCLF.PK,0.85,3.024629
BCCMY.PK,0.9,0.83805
BCE.N,23.47,21.912911
BCH.N,41.43,21.32658
BCHEY.PK,12.6,1.439028
BCHMY.PK,9.63,7.021784
BCKIY.PK,13.08,6.373225
BCLGY.PK,0.0,1.170234
BCLYF.PK,6.65,86.860015
BCMXY.PK,24.05,97.033865
BCNAY.PK,4.4,0.747077
BCO.N,109.28,4.501203
BCOMF.PK,4.3,0.97651
BCPC.O,166.83,5.31821
BCRX.O,8.23,2.103054
BCS.N,25.86,86.860015
BCUCY.PK,8.7,6.006448
BCX.N,12.7,0.968224
BDC.N,113.41,4.431858
BDJ.N,9.76,1.72698
BDMXY.PK,0.0,4.885664
BDNNY.PK,107.92,15.425566
BDORY.PK,4.38,24.614289
BDOUY.PK,18.39,9.932635
BDRAF.PK,225.12,22.344817
BDRBF.PK,222.13,22.344817
BDRFY.PK,17.29,20.545339
BDUUY.PK,23.3,9.56886
BDVSF.PK,13.15,4.859915
BDVSY.PK,28.36,4.859915
BDWBY.PK,3.05,9.810924
BDX.N,182.91,49.82227
BDYCY.PK,0.0,2.160277
BE.N,257.05,75.708254
BEAM.O,24.12,2.491298
BECTY.PK,8.35,5.188227
BEJRY.PK,0.0,6.642348
BEKAY.PK,4.5,2.154151
BEKE.K,16.7,19.485976
BEKE.N,16.7,19.485976
BELFA.O,189.34,3.239873
BELFB.O,230.39,3.239873
BEMPY.PK,0.0,3.075499
BEN.N,33.47,17.005334
BEP.N,29.43,8.867672
BEP_pa.N,16.82,8.867672
BEPC.K,29.71,5.514154
BEPC.N,29.71,5.514154
BEPTF.PK,0.63,1.439028
BESIY.PK,202.38,16.55931
BETA.K,20.68,4.837901
BETA.N,20.68,4.837901
Bfa.N,26.75,12.126524
BFAM.K,66.87,3.252243
BFAM.N,66.87,3.252243
BFb.N,26.24,12.126524
BFC.O,153.23,1.698648
BFFAF.PK,59.37,53.982323
BFH.N,109.23,4.196537
BFLBY.PK,19.08,3.1656
BFLY.K,7.41,1.973173
BFLY.N,7.41,1.973173
BFS.N,31.14,0.769691
BG.N,121.23,23.290601
BGAOY.PK,1.38,2.471815
BGC.O,12.16,5.781673
BGCHY.PK,15.0,1.312017
BGDVX.O,15.11,1.759476
BGEEX.O,19.02,3.073561
BGSI.K,91.4,2.547408
BH.N,364.95,1.161733
BHa.N,1822.69,1.161733
BHC.N,5.92,2.225576
BHE.N,72.25,2.595215
BHF.O,50.0,2.875578
BHFAM.O,9.65,2.875578
BHFAN.O,11.02,2.875578
BHFAO.O,13.8,2.875578
BHFAP.O,13.53,2.875578
BHKLY.PK,137.03,72.325814
BHP.N,84.74,220.810566
BHPLF.PK,43.25,220.810566
BHTGY.PK,0.0,2.076077
BHVN.K,12.64,1.909193
BHVN.N,12.64,1.909193
BICEY.PK,38.52,3.179924
BIDU.O,91.9,31.401788
BIDVX.O,15.08,1.759476
BIEEX.O,19.0,3.073561
BIIB.O,217.36,32.115809
BILI.O,15.74,6.590155
BILL.K,49.67,4.235698
BILL.N,49.67,4.235698
BIO.N,368.55,9.836793
BIOb.N,365.08,9.836793
BIOGY.PK,12.45,1.091305
BIP.N,35.65,16.317522
BIP_pa.N,16.58,16.317522
BIP_pb.N,16.14,16.317522
BIPC.K,35.82,4.418835
BIPC.N,35.82,4.418835
BIREF.PK,4.59,1.264517
BIREY.PK,0.0,1.264517
BIRK.K,30.66,5.062769
BIRK.N,30.66,5.062769
BITF.O,3.45,2.130628
BITW.K,51.9,0.0
BJ.N,95.31,12.039053
BJCHY.PK,0.98,0.896253
BJGPY.PK,13.0,1.387551
BJWTY.PK,16.44,2.049623
BK.N,157.66,106.972963
BKAYY.PK,22.75,8.62438
BKD.N,11.91,2.844313
BKE.N,40.27,2.074406
BKEAY.PK,2.35,6.408791
BKFKY.PK,12.99,2.83482
BKGFY.PK,8.74,3.970312
BKH.N,70.62,5.384997
BKHPY.PK,0.0,34.93058
BKHYY.PK,134.41,34.93058
BKKLY.PK,29.08,11.089193
BKNG.O,175.35,131.754571
BKNIY.PK,19.29,17.300322
BKPOY.PK,0.0,18.876245
BKPTY.PK,0.0,0.627744
BKQNY.PK,8.81,3.106996
BKR.O,56.78,56.364034
BKRIF.PK,22.2,21.756395
BKRIY.PK,23.59,21.756395
BKRKY.PK,9.67,29.010384
BKSY.N,20.8,0.851237
BKU.N,44.47,3.167698
BKV.N,23.82,2.606809
BKZHY.PK,42.82,20.840176
BL.O,30.29,1.760614
BLBD.O,62.41,1.976902
BLCO.K,17.58,6.282264
BLCO.N,17.58,6.282264
BLD.N,354.53,9.93555
BLDR.K,60.24,6.481611
BLDR.N,60.24,6.481611
BLFBY.PK,23.38,5.446766
BLFS.O,35.43,1.733354
BLJZY.PK,6.4,1.976614
BLK.N,1065.6,173.134624
BLKB.O,45.67,2.072966
BLLN.O,100.82,4.757397
BLMOY.PK,9.25,11.282401
BLRDY.PK,15.0,2.085143
BLSFY.PK,101.91,9.414132
BLSH.K,37.62,5.654369
BLSH.N,37.62,5.654369
BLTE.O,173.0,6.967081
BLUMY.PK,1.85,2.669253
BLWYY.PK,31.39,2.963036
BLX.N,54.58,1.685868
BMA.N,77.02,5.126197
BMBOY.PK,13.44,13.895284
BMEZ.N,16.27,1.016898
BMI.N,127.22,3.687707
BML_pg.N,18.63,415.858745
BML_ph.N,18.42,415.858745
BML_pj.N,19.56,415.858745
BML_pl.N,19.34,415.858745
BMNEP.PK,99.02,15.539112
BMNP.N,99.02,15.539112
BMNR.N,25.76,15.539112
BMNR.PK,25.76,15.539112
BMO.N,174.28,121.492039
BMPSY.PK,13.47,40.983512
BMRN.O,66.41,12.855233
BMRRY.PK,12.34,3.140021
BMUSY.PK,0.0,8.347159
BMWKY.PK,24.26,44.59849
BMXVY.PK,0.0,1.261071
BMXXY.PK,8.35,9.822024
BMY.N,64.1,130.938009
BMYMP.PK,700.0,130.938009
BN.N,37.61,92.216505
BNCDY.PK,52.5,20.041656
BNCPY.PK,0.0,1.474004
BNCZF.PK,20.44,28.292585
BNDSY.PK,8.66,20.423943
BNL.N,20.32,4.157484
BNMDF.PK,26.95,20.041656
BNNCY.PK,76.0,28.292585
BNPJY.PK,2.5,1.801193
BNPQF.PK,123.04,131.340658
BNPQY.PK,59.67,131.340658
BNPZY.PK,0.0,131.340658
BNS.N,93.43,113.962134
BNT.N,37.58,2.468413
BNTGY.PK,14.07,10.189986
BNTX.O,98.86,24.834064
BNY.N,157.66,106.972963
BOBS.N,16.15,2.110596
BOH.N,76.0,2.99823
BOKF.O,136.36,8.28617
BOLSY.PK,10.1,17.020583
BOMXF.PK,2.23,1.261071
BOND.N,88.75,8.643362
BOOT.K,142.84,4.325887
BOOT.N,142.84,4.325887
BORAY.PK,2.65,1.62982
BORR.K,4.12,1.271072
BORR.N,4.12,1.271072
BOSSY.PK,9.35,3.048241
BOUYY.PK,10.1,19.707575
BOW.N,33.72,1.110863
BOX.N,34.86,4.782819
BOZTY.PK,15.12,0.91274
BP.N,45.93,121.263075
BPCGY.PK,13.5,20.295365
BPHLY.PK,30.55,8.657174
BPIRY.PK,8.0,15.337962
BPOP.O,165.68,10.566822
BPOPO.PK,25.15,10.566822
BPRE.N,11.93,1.706519
BPXXY.PK,33.3,35.194647
BQACY.PK,0.0,1.153535
BQMCY.PK,0.0,4.481364
BQMGY.PK,0.0,4.481364
BR.N,174.39,19.884261
BRBR.K,9.2,1.069759
BRBR.N,9.2,1.069759
BRC.N,86.44,4.053968
BRDCY.PK,12.07,32.486417
BREJY.PK,4.42,16.676648
BRELY.PK,11.73,0.696773
BRFNL.PK,24.72,4.196537
BRGAY.PK,35.15,1.573836
BRKa.N,771770.02,1102.038772
BRKb.N,514.95,1102.038772
BRKR.O,52.66,8.023242
BRO.N,68.33,22.863926
BROS.K,44.05,7.69473
BROS.N,44.05,7.69473
BRRAY.PK,15.5,2.1e-05
BRRLY.PK,13.4,7.40267
BRSL.K,10.69,1.963624
BRSL.N,10.69,1.963624
BRTHY.PK,60.2,7.234201
BRX.N,28.57,8.767342
BRZE.O,25.6,2.907761
BSAC.K,34.75,16.71953
BSAC.N,34.75,16.71953
BSBR.K,5.95,21.927857
BSBR.N,5.95,21.927857
BSDGY.PK,26.93,6.525802
BSM.N,14.9,3.169388
BSMLP.PK,0.0,3.169388
BSPDY.PK,22.0,0.782564
BST.N,50.35,1.748153
BSTZ.K,30.44,2.092572
BSTZ.N,30.44,2.092572
BSUDY.PK,0.0,1.591871
BSX.N,45.05,65.28779
BSY.O,31.7,9.576345
BTDPY.PK,7.44,5.201179
BTDR.O,11.66,3.168981
BTE.N,5.03,3.474485
BTG.N,5.23,6.915593
BTGO.N,7.88,0.92626
BTGUY.PK,13.95,27.581965
BTI.N,57.29,124.037303
BTLCY.PK,5.25,5.403516
BTSG.O,60.3,11.931214
BTSGU.O,198.73,11.931214
BTSGY.PK,6.81,0.983645
BTSNY.PK,9.55,1.219874
BTT.N,22.25,1.415665
BTTAY.PK,24.23,0.758503
BTU.N,27.35,3.333965
BTX.N,8.67,1.011878
BUD.N,79.82,143.864899
BUGDF.PK,4.75,4.690839
BUHPY.PK,64.0,4.690839
BULL.O,9.04,4.78907
BUR.N,4.39,0.963976
BURBY.PK,13.5,4.868458
BURL.K,232.24,14.588201
BURL.N,232.24,14.588201
BUSE.O,30.53,2.521074
BV.N,11.25,1.04175
BVC.O,15.1,0.120611
BVENY.PK,3.74,1.601113
BVGLY.PK,11.12,1.6785
BVHMY.PK,3.52,1.131628
BVILY.PK,48.64,3.175527
BVN.N,33.2,9.714185
BVNRY.PK,10.44,2.496952
BVRDF.PK,31.25,14.702317
BVVBY.PK,64.6,14.702317
BW.N,7.03,1.047224
BWA.N,63.95,13.024463
BWERY.PK,59.25,1.601652
BWIN.O,32.0,4.463947
BWLP.K,25.11,3.983467
BWNB.N,25.16,1.047224
BWOFY.PK,9.25,0.779565
BWVTF.PK,115.0,86.860015
BWXT.K,148.53,13.608613
BWXT.N,148.53,13.608613
BX.N,128.29,153.242862
BXBLY.PK,26.68,17.770195
BXCAP.PK,1194.0,4.782819
BXDC.N,19.52,1.964686
BXMT.K,13.17,2.219719
BXMT.N,13.17,2.219719
BXMX.K,13.26,1.381232
BXMX.N,13.26,1.381232
BXP.N,64.5,10.29817
BXRLY.PK,0.0,2.166918
BXSL.K,24.65,5.742712
BXSL.N,24.65,5.742712
BY.N,38.43,1.736514
BYD.N,77.15,5.605365
BYDDF.PK,10.33,106.869051
BYDDY.PK,10.22,106.869051
BYDIY.PK,146.64,6.699826
BYITY.PK,11.15,1.231756
BYSD.PK,1.08,0.017613
BZ.O,15.45,7.359335
BZLEY.PK,34.5,10.614225
BZLFY.PK,17.51,11.265884
BZQIY.PK,12.33,7.172453
BZZUY.PK,21.62,7.723997
C.N,136.18,228.433341
CAAP.K,24.33,4.019782
CAAP.N,24.33,4.019782
CABGY.PK,26.77,18.832212
CACC.O,605.36,6.283988
CACI.K,637.16,14.080979
CACI.N,637.16,14.080979
CAE.N,24.33,7.801594
CAG.N,14.79,7.1002
CAH.N,234.89,54.629713
CAHPF.PK,9.61,19.857952
CAI.O,26.05,7.361605
CAIXY.PK,5.05,106.594462
CAJPY.PK,28.82,38.656034
CAKE.O,105.17,5.233326
CALM.O,75.02,3.503884
CALX.K,34.75,2.187999
CALX.N,34.75,2.187999
CALY.K,15.26,2.724071
CALY.N,15.26,2.724071
CALY.O,50.15,0.511482
CAMT.O,133.84,6.246069
CAOVY.PK,7.54,17.179226
CAPMF.PK,128.79,21.619975
CAPR.O,8.81,0.512204
CAR.O,118.7,4.193167
CARCY.PK,4.1,0.872567
CARG.O,34.93,3.111337
CARR.K,57.26,47.200853
CARR.N,57.26,47.200853
CART.O,49.48,11.454623
CASH.O,78.78,1.636525
CASY.O,621.61,22.974809
CAT.N,784.0,360.385113
CATY.O,62.42,4.164277
CAVA.K,54.89,6.411492
CAVA.N,54.89,6.411492
CB.N,341.85,131.885682
CBAGY.PK,0.0,1.580938
CBC.O,32.52,7.788707
CBGPY.PK,11.58,0.810088
CBL.N,54.43,1.684214
CBLNY.PK,8.9,1.024628
CBLUY.PK,16.95,1.152103
CBOE.K,284.5,29.710625
CBQRL.PK,0.0,4.667344
CBRE.K,140.9,40.801159
CBRE.N,140.9,40.801159
CBSH.O,58.65,8.412297
CBT.N,80.76,4.16972
CBU.N,63.34,3.332691
CBUMY.PK,20.42,3.311122
CBZ.N,54.6,2.962808
CC.N,14.58,2.194275
CCB.O,48.04,0.734355
CCC.O,6.76,3.981604
CCEC.O,22.13,1.332494
CCEP.O,104.67,46.178724
CCHGY.PK,62.66,22.880343
CCI.N,74.17,31.55603
CCJ.N,93.26,40.739558
CCK.N,112.37,12.221419
CCL.N,22.56,30.899284
CCO.N,2.38,1.211643
CCOEY.PK,14.11,15.125244
CCOI.O,9.32,0.477331
CCOJY.PK,12.11,4.198613
CCOZY.PK,29.59,25.418006
CCS.N,60.85,1.730142
CCU.N,11.5,2.149574
CCZ.N,64.67,59.086079
CDDRF.PK,9.95,2.374372
CDE.N,19.88,20.435348
CDEVY.PK,6.42,5.848635
CDGLY.PK,22.57,2.189514
CDLR.K,25.16,2.446984
CDLR.N,25.16,2.446984
CDNA.O,52.37,2.709321
CDNS.O,279.06,76.851171
CDP.N,34.92,3.960293
CDPYF.PK,23.3,3.553189
CDRE.K,28.62,1.225529
CDRE.N,28.62,1.225529
CDTHY.PK,0.0,0.972742
CDULY.PK,0.0,7.405096
CDW.O,151.7,18.965144
CE.N,44.78,4.914557
CECO.O,70.67,4.13913
CEF.N,43.32,7.38269
CEG.O,264.57,93.739103
CELC.O,83.53,4.087282
CELH.O,28.45,7.198847
CELJF.PK,12.34,2.038259
CENT.O,40.12,2.228332
CENTA.O,34.61,2.228332
CENX.O,41.54,4.112181
CEPU.K,14.0,2.213522
CEPU.N,14.0,2.213522
CERT.O,8.0,1.22031
CESDF.PK,13.7,2.885335
CESEY.PK,0.0,2.885335
CET.N,55.88,1.651804
CEVIY.PK,5.4,1.334416
CEVMY.PK,17.0,6.23535
CEZZY.PK,23.9,35.391689
CF.N,131.24,19.861616
CFACY.PK,19.16,2.764206
CFDZY.PK,0.0,2.685451
CFEIY.PK,4.39,2.835676
CFG.N,70.54,29.709811
CFIGY.PK,43.7,5.056594
CFLT.O,30.99,11.133731
CFR.N,163.39,10.15449
CFRUY.PK,21.18,113.991644
CG.O,41.82,14.901838
CGASY.PK,19.68,4.838871
CGAU.K,21.78,4.268454
CGEMY.PK,25.4,21.619975
CGHLY.PK,17.1,3.761682
CGKEY.PK,9.69,2.759807
CGNX.O,59.9,10.076608
CGON.O,73.79,6.540773
CGXYY.PK,24.23,16.646847
CHA.O,12.51,2.386449
CHBAY.PK,90.24,13.993625
CHBBY.PK,0.0,1.891092
CHCJY.PK,21.8,70.46529
CHCLY.PK,66.9,3.641774
CHCO.O,145.04,2.03711
CHD.N,94.58,22.434746
CHDAX.O,14.41,15.45895
CHDBX.O,14.15,15.45895
CHDDX.O,14.49,15.45895
CHDN.O,83.6,5.82694
CHDRF.PK,463.32,79.553775
CHDRY.PK,115.55,79.553775
CHE.N,514.29,6.72175
CHEF.O,112.84,4.60343
CHEOY.PK,48.59,6.396023
CHFFF.PK,0.6,3.924198
CHFFY.PK,6.48,3.924198
CHFHY.PK,9.26,1.342847
CHGCY.PK,20.75,70.141174
CHH.N,96.54,4.345132
CHHQY.PK,30.76,27.795355
CHJTF.PK,1.11,13.024409
CHKP.O,138.5,14.140427
CHLLY.PK,4.1,2.502528
CHLSY.PK,10.45,24.863214
CHNEY.PK,9.01,10.215355
CHPCY.PK,0.0,92.155443
CHRD.O,151.22,8.271412
CHRNY.PK,0.0,6.68935
CHRW.O,157.31,18.381871
CHRYY.PK,25.15,2.126565
CHSFY.PK,0.0,1.266287
CHT.N,45.25,34.950082
CHTR.O,143.35,16.424684
CHVKY.PK,0.09,5.045995
CHWY.K,21.35,8.581147
CHWY.N,21.35,8.581147
CHXIY.PK,0.0,4.315255
CHYCY.PK,4.08,1.171579
CHYM.O,33.97,12.860536
CHYYY.PK,14.21,55.066367
CI.N,290.05,76.642953
CIADY.PK,23.13,8.944115
CIB.N,101.84,26.451347
CIBEY.PK,2.42,8.839041
CICB.N,25.18,0.349831
CICC.N,24.97,0.349831
CICHF.PK,1.19,338.261183
CICHY.PK,25.31,338.261183
CICOY.PK,10.65,35.817801
CIEN.K,319.64,45.327677
CIEN.N,319.64,45.327677
CIFR.O,15.64,6.489005
CIG.N,2.15,7.34171
CIGc.N,3.34,7.34171
CIGI.O,94.0,4.805921
CIHKY.PK,33.62,159.517153
CII.N,24.12,1.054143
CIIHY.PK,32.5,59.259699
CILFY.PK,0.0,147.106272
CILJF.PK,3.88,147.106272
CIM.N,11.08,0.927527
CIM_pa.N,20.75,0.927527
CIM_pb.N,23.84,0.927527
CIM_pc.N,22.57,0.927527
CIM_pd.N,23.62,0.927527
CIMN.N,25.07,0.927527
CIMO.N,25.28,0.927527
CIMP.N,25.05,0.927527
CINF.O,172.02,26.401293
CION.N,7.11,0.349831
CISEY.PK,0.0,9.397672
CITAY.PK,6.14,4.012421
CIVDX.O,11.02,5.111
CIVI.K,27.38,2.336026
CIVJX.O,10.83,5.111
CIVMX.O,11.08,5.111
CJEWF.PK,1.55,14.505055
CJEWY.PK,15.98,14.505055
CJPRY.PK,12.48,25.069393
CKHGY.PK,139.0,32.013558
CKHUY.PK,8.83,33.818785
CKISF.PK,7.3,21.171581
CKISY.PK,41.03,21.171581
CKNHY.PK,35.43,2.088886
CKSNY.PK,5.07,1.219807
CL.N,87.89,70.06352
CLBEY.PK,4.83,2.407714
CLBK.O,11.4,3.072815
CLBT.O,11.67,2.93315
CLCGY.PK,23.08,2.679003
CLCHY.PK,0.0,2.30364
CLDX.O,39.18,3.076787
CLEGF.PK,16.6,22.567206
CLEGY.PK,0.0,22.567206
CLF.N,11.65,6.646792
CLH.N,322.99,17.049753
CLLNY.PK,14.65,19.586899
CLM.N,6.52,2.01909
CLMT.O,56.55,4.970645
CLOEF.PK,5.6,1.570036
CLOV.O,5.1,2.708897
CLPBY.PK,6.55,13.673666
CLPHF.PK,10.1,25.207487
CLPHY.PK,10.0,25.207487
CLPXY.PK,6.46,13.663449
CLRLY.PK,0.0,5.200711
CLS.N,316.08,39.982016
CLSK.O,13.27,3.407963
CLUS.PK,0.0,8.000877
CLVT.K,1.91,1.221758
CLVT.N,1.91,1.221758
CLX.N,89.31,10.800348
CLZNY.PK,12.68,4.205675
CM.N,114.17,104.520769
CMA.N,88.67,11.348052
CMAKY.PK,4.65,23.432299
CMBT.K,19.42,6.127376
CMC.N,64.99,7.189476
CMCLY.PK,148.88,54.401587
CMCSA.O,24.88,88.290078
CME.O,280.46,100.84672
CMG.N,37.03,46.858429
CMGJY.PK,0.0,8.839041
CMGMY.PK,7.58,1.947836
CMHHY.PK,20.8,8.762468
CMI.N,541.1,74.490254
CMP.N,24.06,1.01006
CMPBY.PK,0.0,1.412105
CMPCY.PK,4.0,5.28094
CMPGY.PK,31.39,53.376888
CMPIY.PK,9.7,1.296656
CMPO.O,12.98,3.762773
CMPR.O,84.15,2.049008
CMPRY.PK,0.0,3.496193
CMPX.O,1.96,0.352972
CMRE.K,15.13,1.829105
CMRE.N,15.13,1.829105
CMRE_pb.K,25.82,1.95
CMRE_pc.K,27.14,1.95
CMRE_pd.K,28.16,1.95
CMRF.PK,2.46,1.073298
CMS.N,66.82,20.953224
CMSA.N,19.38,20.953224
CMSC.N,20.42,20.953224
CMSD.N,20.24,20.953224
CMSQY.PK,28.36,16.442546
CMTOY.PK,18.86,4.578467
CMTSX.O,15.37,59.479405
CMTWX.O,15.1,59.479405
CMTYX.O,15.45,59.479405
CMWAY.PK,110.35,185.892281
CNA.N,48.09,13.013199
CNC.N,69.41,34.288193
CNGKY.PK,12.29,21.241339
CNGO.PK,23.5,1.661865
CNH.N,13.75,17.018732
CNHHY.PK,25.12,1.95278
CNI.N,122.09,74.093418
CNK.N,34.83,4.03721
CNL.N,13.31,1.233761
CNM.N,40.81,7.774062
CNMD.K,46.38,1.389139
CNMD.N,46.38,1.389139
CNMMY.PK,0.0,21.601282
CNO.N,55.53,5.137712
CNOB.O,31.86,1.60319
CNOBP.O,25.34,1.60319
CNP.N,38.65,25.459539
CNQ.N,50.32,104.004481
CNR.N,96.3,4.779972
CNS.N,74.11,3.81085
CNSWF.PK,2125.0,45.226169
CNSWY.PK,10.6,45.226169
CNTA.O,40.5,6.266523
CNVVY.PK,11.9,5.667801
CNX.N,35.42,5.240164
CNXC.O,29.27,1.786007
CNXN.O,85.75,2.164167
COCO.O,55.03,3.168612
CODLY.PK,0.0,5.843076
CODYY.PK,8.03,39.932443
COF.N,206.68,126.795046
COGNY.PK,0.45,0.937921
COGT.O,33.41,5.79747
COHR.N,266.5,52.189294
COHU.O,49.97,2.365501
COIHY.PK,21.3,5.942175
COIN.O,191.45,50.511579
COKE.O,200.67,13.357457
COLB.O,30.11,8.518187
COLD.K,14.97,4.273644
COLD.N,14.97,4.273644
COLL.O,22.81,0.742594
COLM.O,57.67,2.952311
COMP.K,10.65,8.067611
COMP.N,10.65,8.067611
CON.N,35.81,4.5306
COO.O,54.22,10.31022
COP.N,136.67,164.186793
COR.N,326.23,62.253546
CORT.O,111.8,12.085401
CORZ.O,16.96,5.449934
CORZR.PK,0.01,5.449934
COST.O,918.91,407.517108
COTY.K,2.72,2.395467
COTY.N,2.72,2.395467
COUR.K,5.42,1.433048
COUR.N,5.42,1.433048
COVTY.PK,34.18,14.403658
CP.N,89.77,79.161615
CPA.N,127.49,5.204068
CPAC.N,12.52,1.140784
CPAY.K,412.56,27.088524
CPAY.N,412.56,27.088524
CPB.N,21.24,6.336883
CPCAY.PK,9.13,11.026004
CPF.N,37.83,0.974025
CPFEY.PK,0.0,10.007639
CPK.N,129.25,3.115759
CPLFY.PK,0.0,11.562601
CPNG.K,15.11,27.160402
CPNG.N,15.11,27.160402
CPPBY.PK,23.4,8.690832
CPPCY.PK,13.93,12.299102
CPRI.K,14.16,1.609307
CPRI.N,14.16,1.609307
CPRT.O,31.73,29.375998
CPRX.O,0.0,0.0
CPT.N,103.83,10.439001
CPWIY.PK,0.0,4.290208
CPXXY.PK,0.0,6.733017
CPYYY.PK,8.12,9.19207
CQP.N,65.6,31.754185
CR.N,199.25,11.516721
CRAI.O,165.98,1.041833
CRARY.PK,10.64,65.398297
CRAUY.PK,13.75,19.049219
CRBD.N,20.84,15.512884
CRBG.K,34.8,15.512884
CRBG.N,34.8,15.512884
CRBJY.PK,36.8,26.640893
CRC.N,55.79,4.955262
CRCBY.PK,39.0,10.931169
CRCCY.PK,16.36,25.152047
CRCL.K,97.42,24.732588
CRCL.N,97.42,24.732588
CRDIY.PK,36.33,14.406477
CRDO.O,150.09,28.209703
CRF.N,6.34,1.070765
CRGY.K,14.59,4.82059
CRGY.N,14.59,4.82059
CRH.N,88.98,59.197016
CRHKY.PK,4.72,7.569898
CRI.N,30.5,1.119691
CRK.N,14.3,4.198774
CRL.N,273.11,13.037963
CRLFF.PK,8.73,1.536729
CRM.N,259.43,213.51089
CRML.O,6.46,0.948901
CRMLY.PK,12.97,11.15246
CRNX.O,84.95,9.012788
CROX.O,111.49,5.345396
CRPAY.PK,12.33,7.729017
CRPFY.PK,8.4,2.685451
CRPHY.PK,2.39,1.065448
CRPJY.PK,35.69,12.509116
CRRFY.PK,3.9,14.184534
CRS.N,420.38,20.83343
CRSP.O,52.96,5.120843
CRTO.O,17.32,0.848638
CRUS.O,116.34,5.830677
CRVL.O,72.18,3.646286
CRWCY.PK,66.17,3.736648
CRWD.O,235.38,241.013783
CRWV.O,82.98,45.766507
CRYCY.PK,4.48,6.778769
CRZBY.PK,49.39,53.254212
CSAN.K,2.73,2.780397
CSAN.N,2.73,2.780397
CSCCY.PK,21.0,7.671444
CSCO.O,110.06,433.921111
CSGP.O,31.52,12.771828
CSGS.O,80.69,2.300464
CSGVY.PK,4.65,18.289996
CSGYY.PK,36.6,4.91234
CSIOY.PK,132.24,3.053646
CSIQ.O,12.95,0.879263
CSL.N,327.92,13.023058
CSLLY.PK,30.72,59.016798
CSNVY.PK,23.05,1.530876
CSPCY.PK,4.52,13.024409
CSPDX.O,15.29,95.953898
CSPHX.O,15.02,95.953898
CSPJX.O,15.38,95.953898
CSPKY.PK,7.25,2.978206
CSQ.O,20.43,3.276352
CSQR.N,17.31,2.884434
CSR.N,58.62,0.984674
CSTL.O,33.44,1.021576
CSTM.K,25.29,3.427496
CSTM.N,25.29,3.427496
CSUAY.PK,23.18,148.418625
CSW.N,293.13,4.77611
CSWC.O,24.15,1.539173
CSWYY.PK,19.25,0.850968
CSX.O,48.91,90.604548
CSXXY.PK,34.0,6.439704
CSYJY.PK,9.9,0.690724
CTAS.O,200.82,80.362051
CTBI.O,77.84,1.414194
CTCGY.PK,0.0,37.243979
CTGCY.PK,0.0,15.791862
CTIHY.PK,68.96,9.870983
CTNKY.PK,0.0,2.534083
CTOS.K,8.81,2.004324
CTOS.N,8.81,2.004324
CTOWY.PK,14.93,20.366416
CTPCY.PK,8.59,49.44384
CTRA.K,32.56,24.724652
CTRA.N,32.56,24.724652
CTRE.K,38.11,9.005134
CTRE.N,38.11,9.005134
CTRI.K,19.57,1.975847
CTRI.N,19.57,1.975847
CTRYQ.PK,0.0,1.01882
CTS.N,57.02,1.628274
CTSH.O,64.1,28.873474
CTTAY.PK,8.0,16.073827
CTTPY.PK,15.9,0.969249
CTVA.K,82.54,55.070358
CTVA.N,82.54,55.070358
CTXAY.PK,60.5,7.244258
CUBB.N,21.52,2.66588
CUBE.K,39.72,8.943445
CUBE.N,39.72,8.943445
CUBI.K,78.91,2.66588
CUBI.N,78.91,2.66588
CUCSY.PK,13.5,3.492726
CUK.N,27.47,3.780699
CURB.K,29.08,3.345306
CURB.N,29.08,3.345306
CURLF.PK,10.09,2.365539
CURYY.PK,19.8,2.140337
CUYTY.PK,11.52,5.412641
CUZ.N,27.95,4.600628
CVBF.O,22.75,4.003942
CVCO.O,535.67,4.118982
CVCPY.PK,0.0,16.364957
CVE.N,33.27,61.465217
CVGYY.PK,0.0,1.102745
CVI.N,48.63,4.888803
CVLG.N,35.94,0.912077
CVLG.O,0.0,0.0
CVLT.O,140.21,5.810942
CVNA.K,70.87,77.989867
CVNA.N,70.87,77.989867
CVS.N,95.55,122.205619
CVSA.N,125.49,4.271532
CVTV.PK,5.25,1.50339
CVX.N,212.17,419.199391
CW.N,551.21,20.358635
CWAN.K,24.56,7.330872
CWAN.N,24.56,7.330872
CWEN.N,30.29,6.217775
CWENa.N,40.43,6.217775
CWH.N,6.14,0.634231
CWK.N,12.7,2.980864
CWQXY.PK,28.02,6.373099
CWST.O,90.95,5.788062
CWT.N,48.23,2.9825
CWYUF.PK,19.34,2.812999
CX.N,10.45,15.842302
CXM.N,5.79,1.344272
CXT.N,49.81,2.867129
CXW.N,34.23,3.385124
CYATY.PK,17.44,236.830712
CYBR.O,408.85,20.637502
CYD.N,35.0,1.313141
CYFWY.PK,16.16,2.82529
CYGIY.PK,4.08,4.166428
CYJBY.PK,36.3,3.872
CYPRY.PK,0.0,2.22522
CYRAY.PK,0.0,2.22522
CYRBY.PK,5.06,2.22522
CYTK.O,72.45,10.072247
CZMWY.PK,35.1,3.127213
CZR.O,29.68,6.048194
D.N,64.46,56.694243
DAC.N,158.26,2.880897
DAKT.O,17.91,0.861339
DAL.N,79.8,52.478318
DAN.N,30.3,3.259573
DANOY.PK,14.34,49.35891
DAO.N,14.53,1.75718
DAR.N,64.92,10.244565
DASH.O,203.54,88.193462
DASTF.PK,25.0,33.070948
DASTY.PK,24.62,33.070948
DATWY.PK,84.0,1.939885
DAVE.O,365.78,4.665709
DAWN.O,21.53,2.224785
DAY.N,69.86,11.180043
DB.N,39.37,75.339506
DBD.N,65.0,2.206528
DBOEY.PK,32.46,60.663718
DBRG.K,15.91,2.98305
DBRG.N,15.91,2.98305
DBRG_ph.K,17.59,2.81
DBRG_pi.K,17.49,2.81
DBRG_pj.K,17.36,2.81
DBSDY.PK,245.19,174.305694
DBVT.O,12.35,0.783219
DBX.O,37.31,8.112784
DCBG.N,26.97,1.810862
DCCPY.PK,45.85,7.31547
DCH.N,6.25,1.485029
DCI.N,87.93,10.192059
DCIIY.PK,0.0,27.019628
DCO.N,164.5,2.483914
DCOM.N,41.01,1.810862
DCOM.O,41.01,1.810862
DCOMP.O,16.6,1.810862
DCYHY.PK,35.85,11.349573
DD.N,124.29,16.784491
DDOG.O,230.05,82.605209
DDS.N,652.39,10.189974
DE.N,681.46,183.738933
DEA.N,23.84,1.128147
DEC.N,14.88,1.053051
DECK.K,80.54,10.968087
DECK.N,80.54,10.968087
DEI.N,10.57,1.770319
DELHY.PK,4.2,13.042138
DELKY.PK,30.04,5.473649
DELL.K,534.28,339.702036
DELL.N,534.28,339.702036
DEO.N,88.38,49.454515
DFH.N,12.7,1.149796
DFIHY.PK,17.15,4.791924
DFIN.K,48.44,1.190916
DFIN.N,48.44,1.190916
DFKCY.PK,17.69,13.477368
DFKUY.PK,17.69,13.477368
DFTX.O,40.25,5.40827
DG.N,129.17,28.497071
DGGRY.PK,0.0,2.771158
DGII.O,66.65,2.529242
DGX.N,237.89,26.256719
DHC.O,7.68,1.859551
DHI.N,139.41,38.993154
DHLGY.PK,32.29,74.149856
DHR.N,203.25,142.881915
DHRPY.PK,5.06,1.544561
DHT.N,22.15,3.571368
DIDIY.PK,3.57,16.092284
DIFTY.PK,5.49,7.523004
DINO.K,106.91,19.006871
DINO.N,106.91,19.006871
DIOD.O,90.31,4.158929
DIS.N,108.59,187.500931
DJT.O,8.85,2.45978
DK.N,74.47,4.55996
DKILY.PK,13.38,39.498034
DKKHY.PK,0.0,5.174143
DKL.N,56.49,3.26497
DKNG.O,24.85,12.336883
DKS.N,130.77,11.628926
DLAKY.PK,8.77,10.518555
DLB.N,61.91,5.799035
DLELY.PK,0.0,133.043099
DLICY.PK,24.88,45.1827
DLMAY.PK,12.75,32.639117
DLO.O,14.84,4.280106
DLR.N,179.14,66.460712
DLR_pj.N,18.73,66.460712
DLR_pk.N,21.23,66.460712
DLR_pl.N,18.55,66.460712
DLTR.O,119.17,22.359903
DLTYY.PK,0.0,11.602228
DLX.N,23.79,1.090921
DMC.N,31.53,1.48652
DMCHY.PK,1.09,1.731124
DMLP.O,29.77,1.461451
DMZPY.PK,6.25,1.284264
DNBBY.PK,33.68,48.562086
DNCLY.PK,0.0,1.712567
DNERY.PK,7.68,3.09408
DNFGF.PK,1.05,10.04705
DNFGY.PK,58.0,10.04705
DNIFY.PK,0.0,4.343228
DNIYY.PK,37.55,4.343228
DNKAY.PK,0.0,1.869858
DNKEY.PK,29.21,47.524462
DNLI.O,21.22,3.391962
DNLMY.PK,10.25,2.098559
DNLZY.PK,2.66,4.782945
DNN.N,2.9,2.630467
DNNGY.PK,6.69,26.734766
DNOPY.PK,9.3,9.215028
DNOW.K,15.64,2.827491
DNOW.N,15.64,2.827491
DNP.N,10.26,3.886515
DNPLY.PK,10.08,8.598411
DNTH.O,107.69,6.023573
DNTUF.PK,24.61,6.363689
DNTUY.PK,21.05,6.363689
DNZOY.PK,12.34,36.230834
DOC.N,20.37,14.04567
DOCN.K,120.21,14.134238
DOCN.N,120.21,14.134238
DOCS.K,26.39,4.703911
DOCS.N,26.39,4.703911
DOCU.O,69.76,13.038315
DOGEF.PK,19.86,26.734766
DOLE.K,13.24,1.250635
DOLE.N,13.24,1.250635
DOO.O,60.69,2.21172
DORM.O,126.6,3.756933
DOV.N,189.15,25.474765
DOW.N,28.9,20.875647
DOX.O,63.17,6.595896
DPC.N,39.96,5.969745
DPDSY.PK,0.0,0.507835
DPMAY.PK,24.13,12.828015
DPMLF.PK,42.03,9.255774
DPUKY.PK,5.6,1.083199
DPZ.N,323.64,10.710873
DQ.N,11.51,0.778837
DQJCY.PK,9.48,15.201525
DRD.N,25.59,2.224247
DRDGF.PK,2.68,2.224247
DRH.N,12.32,2.520742
DRI.N,218.57,24.816822
DRMKY.PK,14.7,3.170219
DRMTY.PK,1.95,0.842716
DROSY.PK,1.2,1.064431
DRPRY.PK,5.2,23.673608
DRS.O,35.91,9.584074
DRVN.O,12.47,2.057298
DRXGY.PK,19.33,3.602828
DSCSY.PK,32.75,36.345551
DSDVY.PK,99.46,47.88966
DSEEY.PK,12.19,19.144499
DSFGY.PK,16.53,1.851594
DSFIY.PK,10.48,26.726989
DSGR.O,34.79,1.609226
DSGX.O,80.02,6.856714
DSL.N,10.35,1.185811
DSNKY.PK,18.4,34.524313
DSRNY.PK,0.0,4.795268
DSVSF.PK,8.33,6.789781
DT.N,53.34,15.415374
DTB.N,15.7,27.286588
DTCWY.PK,10.22,7.524953
DTE.N,131.13,27.286588
DTEGF.PK,33.3,162.008336
DTEGY.PK,33.44,162.008336
DTG.N,15.94,27.286588
DTM.N,127.21,12.977366
DTNOF.PK,2.06,2.065255
DTNOY.PK,21.07,2.065255
DTRUY.PK,25.58,38.932879
DTTLY.PK,9.86,1.164765
DTW.N,19.15,27.286588
DUAVF.PK,326.6,25.354585
DUFRY.PK,5.19,7.384921
DUK.N,119.02,92.800155
DUKB.N,20.86,92.800155
DUKU.N,49.4,92.800155
DUOL.O,151.14,7.071277
DURYY.PK,3.9,1.356825
DV.N,13.52,2.095432
DVA.N,189.32,12.078616
DVAX.O,15.5,1.762103
DVCMY.PK,6.95,8.619531
DVDCF.PK,6.85,8.619531
DVN.N,49.73,54.703
DVSLY.PK,0.0,6.789781
DWAHY.PK,30.1,19.987428
DWVYF.PK,27.48,2.664517
DX.N,12.41,4.312393
DX_pc.N,25.93,4.312393
DXC.N,12.12,1.936518
DXCM.O,84.68,31.95491
DXPE.O,179.79,2.789828
DXPPY.PK,0.0,4.259079
DXYZ.N,31.57,1.504542
DY.N,286.83,8.651067
DYBTY.PK,0.0,2.153081
DYLLF.PK,0.96,0.900857
DYN.O,18.52,3.458544
E.N,55.4,84.319376
EA.O,209.7,52.986213
EADSF.PK,223.98,179.183176
EADSY.PK,56.38,179.183176
EAT.N,214.16,8.944395
EBAY.O,108.99,48.50055
EBC.O,21.84,4.990692
EBCOY.PK,13.57,12.647141
EBCRY.PK,7.31,1.921005
EBGCY.PK,0.0,11.350594
EBKDY.PK,69.41,57.085981
EBKOF.PK,137.02,57.085981
EBLMY.PK,44.29,1.961916
EBOSY.PK,26.03,2.42871
EC.N,17.74,36.941563
ECAT.K,14.47,1.439306
ECAT.N,14.47,1.439306
ECG.N,111.24,5.680341
ECL.N,275.51,77.233333
ECO.N,79.72,3.168116
ECOC.PK,0.05,1.205387
ECPG.O,99.74,2.115422
ECVT.K,9.97,1.0914
ECVT.N,9.97,1.0914
ED.N,105.78,39.120473
EDESY.PK,19.73,0.95881
EDN.N,24.38,0.567237
EDNMY.PK,16.65,7.887976
EDPFY.PK,53.15,22.385113
EDRVF.PK,15.69,15.055685
EDRVY.PK,28.79,15.055685
EDRWY.PK,24.95,4.822475
EDU.N,56.82,9.740192
EDVLY.PK,0.0,3.977372
EDVMF.PK,60.78,14.622328
EE.N,37.78,4.284332
EEFT.O,71.26,2.66538
EFC.N,12.81,1.651047
EFC_pa.N,25.17,1.651047
EFC_pb.N,25.21,1.651047
EFC_pc.N,25.7,1.651047
EFGSY.PK,25.05,12.104799
EFGXY.PK,21.43,5.87643
EFOR.N,34.05,1.39605
EFSC.O,64.14,2.321388
EFSCP.O,17.67,2.321388
EFX.N,172.29,20.241473
EFXT.K,22.16,2.711637
EG.N,379.54,14.552601
EGFEY.PK,2.03,19.5525
EGIEY.PK,6.02,7.813086
EGO.N,41.16,10.775747
EGP.N,197.57,10.623994
EGRAY.PK,0.01,0.581176
EH.O,4.51,0.342063
EHC.N,122.53,12.087999
EIG.N,50.21,0.901797
EIPAF.PK,28.42,84.319376
EIX.N,56.13,21.599609
EJPRY.PK,11.61,26.516904
EKIVY.PK,6.95,11.035
EKTAY.PK,5.11,1.90488
EL.N,98.22,35.535855
ELALF.PK,5.6,3.212488
ELAN.K,23.15,11.566245
ELAN.N,23.15,11.566245
ELE.O,21.1,1.357156
ELEZY.PK,23.88,49.971648
ELF.N,96.76,5.709614
ELFIF.PK,12.76,4.392037
ELFTY.PK,0.0,7.262237
ELMTY.PK,9.93,1.291295
ELMUY.PK,21.69,7.141948
ELPC.K,12.36,9.22047
ELPC.N,12.36,9.22047
ELS.N,61.58,11.950499
ELSYY.PK,0.0,6.1519
ELUXY.PK,5.4,2.167917
ELV.N,424.24,92.004628
ELVN.O,54.43,3.988128
ELVR.O,47.35,0.973494
EMA.N,49.01,15.150733
EMBJ.K,75.0,13.877339
EMBJ.N,75.0,13.877339
EME.N,749.7,33.069193
EMN.N,67.0,7.663287
EMO.N,54.61,1.092999
EMR.N,148.3,82.72174
EMSCY.PK,23.0,22.469058
ENB.N,48.16,107.439185
ENDTF.PK,12.9,2.450652
ENEAY.PK,22.48,2.910626
ENGGY.PK,9.51,4.898147
ENGIY.PK,27.26,69.441878
ENGQF.PK,26.93,69.441878
ENIC.K,4.31,6.026434
ENIC.N,4.31,6.026434
ENLAY.PK,10.09,103.079395
ENLT.O,73.13,10.387375
ENOGY.PK,0.0,1.975131
ENOV.K,18.22,1.050738
ENOV.N,18.22,1.050738
ENPH.O,36.66,4.844423
ENR.N,20.27,1.388163
ENS.N,169.35,6.107646
ENSG.O,174.93,10.195346
ENTG.O,128.52,19.637856
ENVA.K,226.72,5.644959
ENVA.N,226.72,5.644959
ENVMY.PK,0.0,14.622328
ENVX.O,3.02,0.662735
EOG.N,148.54,77.913564
EONGY.PK,19.93,52.839796
EOS.N,21.23,1.131899
EOSE.O,3.82,1.391121
EPAC.K,34.49,1.763737
EPAC.N,34.49,1.763737
EPAM.K,123.61,6.376667
EPAM.N,123.61,6.376667
EPC.N,26.71,1.231035
EPD.N,38.7,83.571766
EPDU.PK,0.0,83.571766
EPOAY.PK,25.22,29.273178
EPOBY.PK,21.48,29.273178
EPR.N,58.81,4.505371
EPR_pc.N,26.06,4.505371
EPR_pe.N,32.07,4.505371
EPR_pg.N,19.81,4.505371
EPRT.K,28.77,6.222174
EPRT.N,28.77,6.222174
EQBK.N,50.23,1.034361
EQH.N,53.67,14.63934
EQH_pc.N,15.99,14.63934
EQIX.O,998.72,98.545386
EQNR.K,44.54,109.219813
EQNR.N,44.54,109.219813
EQR.N,66.32,51.317031
EQT.N,53.21,33.283706
EQUEY.PK,7.78,9.654693
EQX.N,11.88,13.834399
ERAS.O,16.16,5.652154
ERBKY.PK,11.98,19.5525
ERELY.PK,9.0,5.602353
ERGSY.PK,0.0,3.793653
ERIC.O,10.05,34.158169
ERIE.O,253.88,13.275352
ERIXF.PK,10.39,34.158169
ERMAY.PK,5.33,1.45873
ERNXY.PK,38.9,18.911678
ERO.N,33.68,3.518118
EROC.N,11.26,2.470445
EROK.N,24.0,0.632526
ERPSY.PK,0.0,1.517294
ERRFY.PK,11.99,14.729605
ES.N,68.33,25.738186
ESAB.K,67.52,4.197571
ESAB.N,67.52,4.197571
ESAIY.PK,7.66,9.009326
ESBA.K,4.13,0.093166
ESE.N,263.19,6.818613
ESI.N,32.13,7.829789
ESLOY.PK,85.55,79.526528
ESLT.O,724.91,33.911891
ESNT.K,68.8,6.183503
ESNT.N,68.8,6.183503
ESRT.K,4.29,0.742739
ESS.N,275.73,17.720737
ESTA.O,71.92,2.143352
ESTC.K,85.11,8.935808
ESTC.N,85.11,8.935808
ESYJY.PK,9.0,6.832593
ET.N,21.49,73.996508
ETCMY.PK,0.56,2.51044
ETG.N,23.2,1.770668
ETN.N,393.16,152.703344
ETOR.O,29.91,2.378655
ETR.N,103.64,49.516858
ETSY.N,74.46,6.834069
ETSY.O,74.46,6.834069
ETV.N,15.24,1.77934
ETW.N,9.65,1.047969
ETY.N,14.15,2.253821
EUTLF.PK,2.11,2.51044
EVC.N,8.32,0.767839
EVCM.O,7.56,1.335589
EVEX.K,2.12,0.738791
EVEX.N,2.12,0.738791
EVGPY.PK,0.0,1.647254
EVKIY.PK,10.04,9.664053
EVLV.O,5.16,0.934611
EVMN.N,10.43,0.378527
EVMNY.PK,95.6,19.857952
EVO.O,1.68,0.587533
EVR.N,275.49,11.307319
EVRG.O,80.86,18.643662
EVT.N,28.61,2.132669
EVTC.K,29.33,1.752542
EVTC.N,29.33,1.752542
EVTR.N,49.25,5.95921
EVV.N,8.68,1.008646
EVVTY.PK,91.33,18.345841
EVVVY.PK,0.0,3.027214
EW.N,85.52,49.293728
EWBC.O,129.81,17.785509
EWTX.O,44.62,4.845916
EXAS.O,104.91,20.026082
EXC.O,42.72,44.097889
EXE.O,93.4,21.622454
EXEL.O,56.21,13.927809
EXETF.PK,22.2,2.134072
EXG.N,9.68,2.961461
EXK.N,9.72,2.891193
EXLS.O,36.45,5.526276
EXP.N,182.67,5.603462
EXPD.K,193.61,25.167484
EXPD.N,193.61,25.167484
EXPE.O,287.86,34.548768
EXPGF.PK,37.55,34.244228
EXPGY.PK,38.72,34.244228
EXPI.O,4.11,0.686855
EXPO.O,69.19,3.289714
EXR.N,139.4,29.450976
EXSNY.PK,18.5,3.240334
EXTR.O,21.63,2.822513
EXXRF.PK,81.74,17.169988
EYE.O,17.51,1.384504
EYPT.O,4.25,0.366402
EYUBY.PK,22.11,1.999133
EZPW.O,32.3,1.984621
F.N,13.86,55.268076
FA.O,22.28,3.826672
FAF.N,73.15,7.468615
FANDY.PK,58.08,32.52387
FANG.O,205.72,57.60661
FANUY.PK,18.57,36.951971
FAST.O,49.44,56.73228
FAURY.PK,3.17,2.145943
FBAK.PK,328.0,1.038738
FBASF.PK,1.7,6.733049
FBBPF.PK,4.42,7.377609
FBGBY.PK,18.38,2.255912
FBIN.K,40.74,4.863194
FBIN.N,40.74,4.863194
FBK.N,55.16,2.756794
FBNC.O,64.61,2.673188
FBOHY.PK,20.95,1.692002
FBP.N,28.15,4.297612
FCELB.PK,489.0,1.2217
FCF.N,21.38,2.160576
FCFS.O,221.79,9.619432
FCN.N,150.86,4.165482
FCNCA.O,2173.88,24.173969
FCNCB.PK,1799.9,24.173969
FCNCO.O,19.87,24.173969
FCNCP.O,19.4,24.173969
FCPT.K,23.88,2.620983
FCPT.N,23.88,2.620983
FCX.N,69.34,99.573455
FDBAY.PK,0.0,8.910782
FDP.N,31.53,1.48652
FDS.N,276.93,9.849166
FDX.N,312.57,73.976078
FDXF.N,129.44,19.353627
FE.N,45.83,26.519068
FEGE.N,52.24,2.494982
FEHZY.PK,13.56,4.049167
FELE.O,96.09,4.24828
FELTY.PK,20.32,12.300423
FEOE.N,55.32,1.924583
FER.O,54.62,39.776853
FERG.K,222.31,43.006474
FERG.N,222.31,43.006474
FFBC.O,32.74,3.436683
FFHOY.PK,0.0,18.116976
FFIN.O,33.26,4.767073
FFIV.O,411.49,23.301519
FFPP.PK,7.5,0.229083
FG.N,23.12,3.027222
FGHRY.PK,0.0,1.58534
FGN.N,24.58,3.027222
FGROY.PK,2.35,1.251336
FGRS.PK,0.0,7.970099
FGSN.N,20.56,3.027222
FHB.O,25.78,3.136927
FHFFY.PK,0.0,29.311001
FHI.N,58.99,4.40421
FHN.N,24.32,11.52226
FHNGY.PK,3.07,1.038082
FIBK.O,37.3,3.554862
FICO.K,1001.5,21.630031
FICO.N,1001.5,21.630031
FIG.N,23.91,12.744266
FIGR.O,35.65,7.970099
FIGS.K,13.98,2.322641
FIGS.N,13.98,2.322641
FIHL.K,24.92,2.06159
FIHL.N,24.92,2.06159
FINGF.PK,65.91,8.638805
FINMY.PK,28.39,33.037357
FINN.PK,19750.0,5.337042
FINV.K,3.39,0.824748
FINV.N,3.39,0.824748
FIRRY.PK,9.5,2.076531
FIS.N,38.18,19.689652
FISK.K,4.3,0.093166
FISV.O,50.99,27.114785
FITB.N,54.38,49.316818
FITB.O,54.38,49.316818
FITBO.O,18.17,49.316818
FITBP.O,21.7,49.316818
FIVE.O,249.59,13.740937
FIVN.O,31.75,2.372472
FIX.N,1582.8,55.705584
FIZZ.O,31.81,2.977903
FJIKY.PK,15.15,55.889167
FJSIY.PK,0.0,1.28717
FJTCY.PK,34.0,2.841441
FJTNY.PK,13.05,4.524927
FJTSY.PK,26.16,45.619039
FKKFY.PK,25.61,9.756093
FKURF.PK,32.75,55.889167
FLDAY.PK,10.24,3.979756
FLDYY.PK,16.89,1.113497
FLEX.O,108.32,40.013731
FLG.N,13.02,5.404509
FLGZY.PK,9.9,7.582473
FLIDY.PK,8.99,4.942681
FLMNY.PK,9.01,3.680935
FLNC.O,9.41,1.737052
FLNG.K,31.92,1.726629
FLNG.N,31.92,1.726629
FLO.N,6.0,1.272345
FLOC.K,19.71,1.780862
FLOC.N,19.71,1.780862
FLR.N,53.51,7.156484
FLRYY.PK,0.0,2.273721
FLS.N,71.39,9.074581
FLUT.K,100.65,17.466711
FLUT.N,100.65,17.466711
FLY.O,21.36,3.575763
FLYW.O,18.1,2.202185
FMBL.PK,9930.0,1.200676
FMC.N,10.98,1.374991
FMCC.PK,4.92,3.198293
FMCCG.PK,11.9,3.198293
FMCCH.PK,12.8,3.198293
FMCCI.PK,11.31,3.198293
FMCCJ.PK,11.59,3.198293
FMCCK.PK,12.95,3.198293
FMCCL.PK,12.0,3.198293
FMCCM.PK,11.6,3.198293
FMCCN.PK,11.77,3.198293
FMCCO.PK,13.25,3.198293
FMCCP.PK,13.45,3.198293
FMCCS.PK,11.45,3.198293
FMCCT.PK,14.05,3.198293
FMCKI.PK,7.03,3.198293
FMCKJ.PK,8.65,3.198293
FMCKK.PK,12.5,3.198293
FMCKL.PK,7.03,3.198293
FMCKM.PK,7.03,3.198293
FMCKN.PK,7.94,3.198293
FMCKO.PK,7.15,3.198293
FMCKP.PK,13.27,3.198293
FMOCY.PK,2.25,5.880745
FMS.N,22.86,12.267955
FMX.N,121.26,37.519815
FN.N,382.55,13.708627
FNB.N,18.31,6.463448
FNBKY.PK,53.53,16.137868
FNCDY.PK,14.67,6.177857
FND.N,48.13,5.125362
FNEVY.PK,4.53,1.609624
FNF.N,44.29,11.87826
FNIGY.PK,0.0,8.638805
FNLPF.PK,39.35,28.957844
FNMA.PK,5.55,6.427386
FNMAG.PK,14.52,6.427386
FNMAH.PK,6.95,6.427386
FNMAI.PK,7.39,6.427386
FNMAJ.PK,7.55,6.427386
FNMAK.PK,14.2,6.427386
FNMAL.PK,12.43,6.427386
FNMAM.PK,13.91,6.427386
FNMAN.PK,13.75,6.427386
FNMAO.PK,12.02,6.427386
FNMAP.PK,11.58,6.427386
FNMAS.PK,9.47,6.427386
FNMAT.PK,7.8,6.427386
FNMFM.PK,12.8,6.427386
FNMFN.PK,15.25,6.427386
FNMFO.PK,32000.0,6.427386
FNV.N,261.67,50.595825
FOIL.N,20.58,1.520301
FOJCF.PK,28.29,24.35108
FOJCY.PK,5.41,24.35108
FOLD.O,14.49,4.54987
FOR.N,26.83,1.368803
FORM.O,102.94,8.041747
FORTY.O,124.0,1.858134
FOSUF.PK,0.67,5.258944
FOSUY.PK,16.38,5.258944
FOUR.K,45.32,3.578473
FOUR.N,45.32,3.578473
FOUR_pa.K,56.0,3.57
FOVSY.PK,8.0,5.908172
FOX.O,61.14,27.184942
FOXA.O,68.53,27.184942
FPAFY.PK,3.18,2.665625
FPF.N,16.89,1.02772
FPRUY.PK,36.9,6.411724
FPS.N,28.64,8.718843
FQMLY.PK,0.0,25.443016
FQVLF.PK,30.48,25.443016
FQVTY.PK,11.0,1.196427
FR.N,61.37,8.136002
FRBP.PK,8.51,1.138866
FRCOY.PK,43.2,138.364152
FREGP.PK,13.28,3.198293
FREJN.PK,15.61,3.198293
FREJO.PK,15.58,3.198293
FREJP.PK,12.9,3.198293
FRESY.PK,0.0,28.957844
FRFHF.PK,1631.0,33.977171
FRHC.O,165.34,10.546653
FRHLF.PK,12.58,2.067681
FRME.O,41.51,2.606887
FRMEP.O,25.04,2.606887
FRMI.O,5.05,3.23436
FRO.N,50.52,11.246908
FROG.O,93.0,11.467022
FRPT.O,63.77,3.064663
FRSH.O,12.64,3.298039
FRSHY.PK,7.5,2.067523
FRT.N,114.53,9.951412
FRT_pc.N,18.52,9.951412
FRTAY.PK,14.36,3.435092
FRTRY.PK,0.0,2.861728
FRVWY.PK,20.36,1.496484
FSCO.K,5.2,1.051802
FSCO.N,5.2,1.051802
FSGCY.PK,7.7,1.370567
FSK.N,12.03,3.324374
FSLR.O,207.04,22.250545
FSLY.O,24.86,3.960198
FSM.N,11.63,3.446328
FSNUY.PK,13.22,29.725021
FSPKF.PK,25.79,14.815596
FSRCY.PK,344.12,5.788223
FSS.N,113.36,6.915216
FSTGY.PK,0.0,5.860895
FSUGY.PK,23.68,36.481725
FSUMF.PK,12.5,36.481725
FSUN.O,40.23,1.874073
FSV.O,135.31,5.934416
FTAI.O,176.0,18.076448
FTAIM.O,27.16,18.076448
FTAIN.O,24.99,18.076448
FTDR.O,80.1,5.518355
FTI.N,72.87,28.577019
FTK.N,26.34,0.954046
FTNT.O,170.18,124.863389
FTRE.O,17.41,1.655691
FTS.N,54.07,27.877177
FTV.N,55.19,16.668321
FTWYY.PK,0.0,1.287822
FUBO.K,11.87,1.296166
FUBO.N,11.87,1.296166
FUJHF.PK,16.94,12.376066
FUJHY.PK,8.54,12.376066
FUJIY.PK,10.53,26.20379
FUL.N,50.97,2.741544
FULT.O,23.75,4.534221
FULTP.O,17.8,4.534221
FUN.N,13.18,1.348529
FUPBY.PK,11.91,5.81992
FUPEY.PK,0.0,5.81992
FUTU.O,111.11,15.574025
FUWAY.PK,12.08,17.696646
FVGPY.PK,0.0,0.824748
FWDYY.PK,0.0,5.56705
FWONA.O,87.54,23.710208
FWONB.PK,87.5,23.710208
FWONK.O,95.4,23.710208
FWRG.O,11.36,0.701053
FXCNY.PK,22.14,1.622609
FYBR.O,38.49,9.63551
FYGGY.PK,1.75,20.355114
G.N,36.43,6.121493
GAB.N,5.53,1.898888
GAB_ph.N,18.85,1.898888
GAB_pk.N,19.04,1.898888
GABC.O,49.91,1.875558
GAILY.PK,0.0,11.961078
GALDY.PK,38.01,45.302744
GAM.N,65.08,1.733693
GAM_pb.N,24.03,1.733693
GAP.N,20.92,7.348571
GARPY.PK,26.5,3.343375
GASNY.PK,6.65,32.544621
GATX.K,176.1,6.21633
GATX.N,176.1,6.21633
GBCI.K,45.75,5.957197
GBCI.N,45.75,5.957197
GBDC.O,12.47,3.237855
GBERY.PK,66.76,22.279923
GBLBF.PK,85.11,11.268041
GBLBY.PK,8.74,11.268041
GBNXY.PK,0.0,3.843416
GBOOY.PK,58.63,33.786102
GBTG.K,9.46,4.941653
GBTG.N,9.46,4.941653
GBX.N,43.08,1.332882
GCMG.O,12.64,2.563292
GCT.O,52.74,1.883358
GD.N,356.81,96.537513
GDDY.K,104.47,13.230886
GDDY.N,104.47,13.230886
GDHRY.PK,0.0,0.781329
GDNGY.PK,4.38,2.078912
GDS.O,30.27,6.399714
GDTTY.PK,0.0,24.08079
GDV.N,29.4,2.548864
GDV_ph.N,20.93,2.548864
GE.N,317.56,329.488352
GEBEY.PK,0.4,1.829803
GEBHY.PK,2.45,1.829803
GEF.N,81.63,4.277721
GEFb.N,105.46,4.277721
GEHC.O,64.25,29.020842
GEL.N,15.43,1.88515
GELHY.PK,42.5,22.815184
GELYF.PK,2.12,22.815184
GEMI.O,4.81,0.623627
GEN.O,31.41,18.801619
GENI.K,6.8,1.887863
GENI.N,6.8,1.887863
GENSY.PK,28.38,1.91954
GEO.N,30.85,4.060464
GEV.N,874.76,232.977963
GFCHY.PK,0.0,5.405296
GFF.N,93.81,4.249097
GFI.N,43.12,39.004956
GFL.N,42.61,18.075318
GFS.O,43.54,23.892622
GGAAF.PK,5.38,1.227716
GGAL.O,42.96,6.0081
GGAUF.PK,8.0,1.227716
GGB.N,4.89,9.150161
GGDVY.PK,57.6,7.39003
GGG.N,76.54,12.395946
GGGSY.PK,8.41,2.407967
GGLAP.PK,49.27,4252.70034
GGLBP.PK,49.02,4252.70034
GGRPY.PK,0.0,6.178883
GGTKY.PK,0.0,3.243029
GH.O,167.84,22.523485
GHC.N,1167.63,4.944829
GHM.N,83.69,0.982272
GHRS.O,27.89,1.914433
GIB.N,72.91,13.354135
GIC.N,39.25,1.495752
GIGDY.PK,0.0,37.464458
GIGNY.PK,25.14,5.86996
GIII.O,27.83,1.193253
GIKLY.PK,5.75,6.765173
GIL.N,47.44,8.810437
GILD.O,146.41,181.541834
GILT.O,9.7,0.747188
GIS.N,36.47,19.497937
GIVPY.PK,5.75,6.679298
GIVSY.PK,46.0,6.679298
GJJSY.PK,0.0,43.089775
GJNSY.PK,27.92,14.929878
GKOS.K,171.09,10.091562
GKOS.N,171.09,10.091562
GL.N,172.92,13.288806
GLAPY.PK,123.07,5.98519
GLAXF.PK,24.0,101.4158
GLBE.O,37.49,6.297097
GLCNF.PK,8.01,93.755805
GLGDF.PK,2.97,1.294077
GLIBA.O,26.08,1.032085
GLIBB.PK,26.0,1.032085
GLIBK.O,25.84,1.032085
GLLNY.PK,0.0,5.103415
GLNCY.PK,15.91,93.755805
GLNG.O,51.47,5.255087
GLOB.K,40.49,1.74834
GLOB.N,40.49,1.74834
GLP.N,51.12,1.737853
GLP_pb.N,25.48,1.737853
GLPEY.PK,12.3,16.969254
GLPG.O,26.71,1.78534
GLPGF.PK,26.24,1.78534
GLPI.O,41.05,11.942268
GLTIL.PK,0.0,1.302156
GLUE.O,13.9,1.185856
GLVPY.PK,0.0,1.3421
GLW.N,143.6,123.695364
GLXY.O,24.13,9.432154
GLYYY.PK,25.25,1.572155
GM.N,87.16,76.478676
GMAB.O,32.65,20.491417
GMALY.PK,4.5,2.218738
GMBXF.PK,12.7,97.198335
GME.N,21.62,10.907311
GMED.K,75.77,10.173025
GMED.N,75.77,10.173025
GMKKY.PK,14.86,4.551568
GMNGY.PK,0.0,10.513047
GMRS.N,13.26,0.716328
GMVHY.PK,6.72,4.341
GMWKF.PK,237.89,7.862053
GMYOY.PK,31.48,2.751896
GNCGY.PK,14.71,2.725429
GNENF.PK,4.3,13.332979
GNENY.PK,4.31,13.332979
GNGBY.PK,24.43,6.245884
GNK.N,27.0,1.176838
GNL.N,9.02,2.086487
GNL_pa.N,22.4,2.086487
GNL_pb.N,21.6,2.086487
GNL_pd.N,22.77,2.086487
GNL_pe.N,22.57,2.086487
GNNDY.PK,43.88,2.203669
GNRC.K,176.98,10.442946
GNRC.N,176.98,10.442946
GNTX.O,22.58,4.75723
GNW.N,10.6,4.005221
GNWTY.PK,0.0,1.065267
GNZUY.PK,2.9,6.436751
GOF.N,9.02,2.015499
GOFPY.PK,7.45,12.089292
GOLD.K,47.32,1.379603
GOLD.N,47.32,1.379603
GOLF.K,84.59,4.940483
GOLF.N,84.59,4.940483
GOOG.O,345.71,4252.70034
GOOGL.O,349.39,4252.70034
GOOS.K,7.82,0.366371
GPAGF.PK,14.0,4.551568
GPC.N,133.21,18.364298
GPCR.O,38.44,2.741151
GPGI.N,12.98,3.762773
GPI.N,284.01,3.386031
GPK.N,9.52,2.818601
GPMXY.PK,26.85,97.198335
GPN.N,90.19,23.865933
GPOR.K,173.06,3.06037
GPOR.N,173.06,3.06037
GRAB.O,3.02,12.355732
GRAL.O,75.53,3.373641
GRBK.K,68.85,2.961286
GRBK.N,68.85,2.961286
GRBMF.PK,3.35,13.895284
GRC.N,71.5,1.888332
GRCPY.PK,0.0,3.373371
GRDDY.PK,11.1,1.749611
GRDLY.PK,13.17,1.200536
GRDN.K,46.49,2.944784
GRDN.N,46.49,2.944784
GRFS.O,7.48,6.765173
GRMN.K,280.38,54.071994
GRMN.N,280.38,54.071994
GRNCY.PK,7.24,1.042224
GRND.K,15.73,2.734198
GRND.N,15.73,2.734198
GROUY.PK,0.0,2.389477
GROY.K,3.36,0.778447
GRP_u.N,59.19,3.830057
GRPTY.PK,41.96,11.718007
GRRMY.PK,8.3,1.096786
GS.N,988.45,287.808378
GS_pa.N,19.01,287.808378
GS_pd.N,18.62,287.808378
GSAT.O,81.99,10.622902
GSBD.K,9.63,1.08404
GSBD.N,9.63,1.08404
GSCE.PK,25.0,287.808378
GSHD.O,59.91,2.127758
GSK.N,50.05,101.4158
GSL.N,45.74,1.648261
GSL_pb.N,26.57,1.648261
GT.O,5.32,1.531621
GTBIF.PK,7.31,1.63126
GTES.K,25.42,6.435103
GTES.N,25.42,6.435103
GTLB.O,49.25,8.20505
GTLRY.PK,0.0,5.193878
GTLS.K,209.9,10.047719
GTLS.N,209.9,10.047719
GTM.O,4.19,1.219751
GTMEY.PK,28.58,3.692859
GTX.O,26.2,4.88706
GTY.N,32.04,1.984324
GULRY.PK,15.45,2.978904
GUOCY.PK,0.0,2.091987
GVA.N,114.41,5.082881
GVDNY.PK,78.26,36.27359
GWIN.PK,0.66,0.234768
GWKSY.PK,26.0,7.862053
GWLLF.PK,0.94,15.995252
GWLLY.PK,10.29,15.995252
GWRE.K,153.0,12.544878
GWRE.N,153.0,12.544878
GWW.N,1277.51,60.171924
GXO.N,46.93,5.382147
GXYEF.PK,3.89,18.348509
GXYYY.PK,21.03,18.348509
GZPZY.PK,50.43,9.203892
H.N,163.71,15.427496
HACBY.PK,32.27,8.79063
HAE.N,106.31,4.836791
HAFN.K,9.33,4.6823
HAGHY.PK,8.82,10.250603
HAL.N,35.01,29.167894
HALMY.PK,92.9,17.613285
HALO.O,107.94,12.250974
HALYY.PK,0.0,9.222756
HAPVY.PK,1.43,0.655847
HAS.O,90.76,12.801196
HASI.K,36.84,4.713496
HASI.N,36.84,4.713496
HAWK.N,16.38,1.604676
HAWPY.PK,53.5,2.360259
HAYPY.PK,4.5,1.433906
HAYW.K,12.87,2.729979
HAYW.N,12.87,2.729979
HBAN.O,16.77,33.882357
HBANL.O,25.01,33.882357
HBCYF.PK,20.35,356.481346
HBM.N,25.63,11.400644
HBNB.O,5.0,1.170162
HBRIY.PK,3.87,5.939504
HCA.N,425.49,92.119223
HCC.N,95.46,5.040487
HCHDF.PK,7.94,4.082286
HCHDY.PK,101.0,4.082286
HCI.N,186.52,2.320097
HCIIP.PK,10.1,2.320097
HCM.O,13.66,2.380299
HCMLY.PK,16.78,47.720068
HCSG.O,22.04,1.512654
HCXLY.PK,50.46,8.108157
HCXY.N,25.03,3.290343
HD.N,310.87,310.151774
HDB.N,22.89,114.386076
HDL.O,12.05,0.777768
HDWEY.PK,0.0,2.374372
HE.N,10.36,1.789462
HEGIF.PK,3.2,3.061136
HEGIY.PK,13.16,3.061136
HEI.N,303.75,36.026424
HEIa.N,227.73,36.026424
HEINY.PK,41.75,47.242706
HENKY.PK,19.58,35.400601
HENOY.PK,21.18,35.400601
HESAF.PK,1652.5,173.12884
HESAY.PK,163.75,173.12884
HESM.K,39.89,8.224455
HESM.N,39.89,8.224455
HG.N,34.97,3.767637
HGER.N,35.88,4.616859
HGKGY.PK,7.97,16.71146
HGTY.K,13.93,4.786664
HGTY.N,13.93,4.786664
HGV.N,38.67,3.005593
HGZDY.PK,0.0,5.745694
HHH.N,60.94,3.639304
HHKIY.PK,0.0,0.967175
HHULY.PK,12.4,1.791878
HI.N,31.98,2.254867
HIG.N,137.59,37.269279
HII.N,280.01,11.033681
HIMS.K,28.81,6.721759
HIMS.N,28.81,6.721759
HIMX.O,13.6,2.37184
HINOY.PK,29.84,4.606051
HIW.N,30.66,3.381988
HKBNY.PK,6.89,1.031494
HKHHY.PK,39.21,22.282511
HKHUY.PK,0.0,6.579802
HKMPY.PK,41.31,4.356963
HKSHY.PK,14.3,1.143501
HKTTY.PK,15.49,11.959436
HKUOY.PK,16.93,3.141546
HKVTY.PK,7.8,7.064273
HKXCY.PK,50.69,64.242975
HL.N,18.82,12.642682
HL_pb.N,70.05,12.642682
HLBAY.PK,0.0,6.877261
HLBBY.PK,0.0,6.877261
HLBZF.PK,178.44,30.57771
HLDCY.PK,3.31,15.92663
HLDVF.PK,3.23,15.92663
HLF.N,12.05,1.262881
HLHLY.PK,16.18,4.997756
HLI.N,137.82,9.631757
HLIO.K,67.25,2.215926
HLIO.N,67.25,2.215926
HLIT.O,11.25,1.226998
HLLGY.PK,40.21,8.980957
HLMAF.PK,47.31,17.613285
HLMN.O,7.21,1.402669
HLMNY.PK,16.85,4.997756
HLN.N,9.39,40.691842
HLNE.O,96.27,5.305501
HLPPY.PK,4.21,4.461567
HLPTY.PK,0.0,6.295471
HLT.N,310.6,69.905161
HLTC.PK,10.85,0.714598
HLTOY.PK,11.54,9.049046
HLVTY.PK,6.19,25.721435
HLX.N,8.49,1.572355
HMC.N,32.49,49.569539
HMDPF.PK,169.07,1.542886
HMKIY.PK,8.35,3.751904
HMN.N,49.78,2.016142
HMNTY.PK,7.77,0.673189
HMY.N,19.63,12.526953
HNAMY.PK,0.0,1.299252
HNDAF.PK,10.2,49.569539
HNGE.K,94.79,7.649024
HNGE.N,94.79,7.649024
HNGKY.PK,41.96,17.858419
HNGZY.PK,4.45,6.904053
HNHAY.PK,0.0,110.589111
HNHPF.PK,15.68,110.589111
HNI.N,46.7,3.37089
HNKLY.PK,28.0,5.276991
HNLGY.PK,8.24,2.132005
HNNKY.PK,0.0,7.672383
HNNMY.PK,3.36,24.030273
HNORY.PK,14.72,3.688656
HNPHY.PK,0.0,26.598845
HNTIY.PK,5.48,0.797832
HOCPY.PK,144.73,48.91505
HOG.N,27.59,2.87136
HOKCY.PK,0.8,16.880893
HOLX.O,76.01,16.968845
HOMB.K,30.0,6.001489
HOMB.N,30.0,6.001489
HON.O,201.38,63.825379
HOOD.O,114.33,102.792076
HOPE.O,14.05,1.794773
HOS.N,8.49,1.572355
HOSXF.PK,0.38,4.107349
HOSZY.PK,0.0,4.107349
HP.N,42.63,4.260397
HPE.N,55.41,73.554823
HPGLY.PK,78.08,27.702597
HPHTY.PK,6.72,4.482994
HPIFY.PK,15.35,8.182798
HPQ.N,34.02,30.678929
HQH.N,21.98,1.257085
HQY.O,96.04,7.943977
HR.N,18.93,6.487685
HRB.N,45.74,5.638183
HRBAY.PK,0.0,5.927619
HRI.N,140.42,4.694443
HRL.N,20.96,11.535353
HRMY.O,41.54,2.41914
HROEY.PK,16.07,5.392991
HROW.O,34.07,1.277211
HRSPY.PK,0.0,6.153577
HRTG.N,35.09,1.04331
HSAI.O,17.06,2.712174
HSBC.K,103.94,356.481346
HSBC.N,103.94,356.481346
HSHCY.PK,10.67,27.664819
HSHZY.PK,8.98,5.042938
HSIC.O,88.93,9.910941
HSNGY.PK,19.7,37.06195
HSQVY.PK,7.6,2.182227
HSSKY.PK,17.85,5.240408
HST.O,22.36,15.322807
HSY.N,173.68,34.896768
HTCCY.PK,100.6,1.054737
HTCKF.PK,6.5,1.054737
HTCMY.PK,73.15,7.917253
HTFL.O,49.54,4.307683
HTGC.K,17.58,3.290343
HTGC.N,17.58,3.290343
HTH.N,38.85,2.225577
HTHIY.PK,34.38,157.300132
HTHT.O,43.12,13.182648
HTO.O,62.38,2.611027
HTSUY.PK,2.94,2.898155
HTZ.O,1.97,0.702209
HUAQY.PK,0.0,16.91276
HUBB.K,442.38,23.372073
HUBB.N,442.38,23.372073
HUBG.O,35.26,2.156273
HUBS.K,250.61,12.496969
HUBS.N,250.61,12.496969
HUIHY.PK,25.0,1.437737
HUM.N,407.02,48.875087
HUN.N,9.3,1.631021
HUPHY.PK,4.25,1.785776
HUPWY.PK,0.0,0.944478
HURN.O,156.43,2.488813
HUT.O,91.13,11.232635
HVNVY.PK,96.26,2.093546
HVRRY.PK,48.96,35.37022
HWC.O,75.72,6.07449
HWDJY.PK,40.36,5.42584
HWKN.O,120.67,2.519
HWM.N,227.13,90.579762
HXGBY.PK,9.61,25.125568
HXL.N,91.02,6.883247
HXXPY.PK,7.71,3.15391
HYMC.O,20.55,1.914884
HYNLY.PK,0.0,22.12338
HYPMY.PK,4.56,3.216507
HYSNY.PK,3.88,2.053309
HYT.N,8.07,1.578957
HZO.N,52.21,1.153148
HZRBY.PK,0.0,8.470366
IAC.O,38.97,2.901859
IAG.N,19.79,11.256977
IAMUY.PK,6.8,1.126397
IAUGY.PK,26.54,13.691644
IAUX.K,1.69,1.467429
IBDRY.PK,91.42,152.58401
IBIDY.PK,30.56,35.349442
IBKR.O,90.75,154.621228
IBM.N,249.09,234.676255
IBN.N,29.26,103.617646
IBOC.O,71.76,4.462863
IBP.N,200.3,5.323809
IBRX.O,8.37,8.87083
ICAGY.PK,11.1,24.202733
ICE.N,157.75,88.55998
ICFI.O,88.29,1.583383
ICGUF.PK,22.8,6.995224
ICHR.O,51.38,1.924398
ICL.N,5.51,7.198106
ICLR.O,168.93,13.033661
ICTEY.PK,84.65,31.934526
ICUI.O,157.6,3.941109
IDA.N,133.94,7.747363
IDCBF.PK,0.98,415.044942
IDCBY.PK,19.51,415.044942
IDCC.O,340.38,8.783849
IDEXY.PK,15.54,194.180772
IDKOY.PK,21.33,13.049566
IDT.N,71.02,1.766166
IDTRY.PK,13.2,9.088795
IDXX.O,509.56,40.143705
IDYA.O,38.03,3.669495
IE.N,9.69,1.541994
IEP.O,7.05,5.011951
IESC.O,319.55,12.733656
IESFY.PK,236.21,10.747445
IEX.N,222.14,16.376138
IFF.N,83.43,21.287161
IFHLY.PK,11.97,4.680249
IFJPY.PK,24.45,15.350921
IFNNY.PK,62.14,81.489069
IFS.N,54.68,6.073417
IGGHY.PK,18.4,6.042468
IGIC.O,25.74,1.097919
IGIFF.PK,63.1,14.561771
IGTAY.PK,0.0,1.042334
IHG.N,155.13,22.727779
IHICY.PK,17.5,19.202518
IHS.N,8.44,2.855596
IIDDY.PK,10.18,3.973364
IIJIY.PK,44.61,4.120323
IIPR.K,56.44,1.556127
IIPR.N,56.44,1.556127
IIPR_pa.K,22.41,1.49
IKTSY.PK,79.15,12.183449
ILKAY.PK,22.0,1.879209
ILMN.O,208.21,31.43971
ILPMY.PK,3.35,1.86465
IMAX.K,53.43,2.930214
IMAX.N,53.43,2.930214
IMBBF.PK,34.85,26.307577
IMBBY.PK,34.24,26.307577
IMCDY.PK,56.15,6.659264
IMCR.O,32.46,1.695484
IMDCY.PK,13.34,3.854345
IMHDY.PK,23.0,7.517034
IMIUY.PK,40.03,9.52196
IMKTA.O,83.19,1.580142
IMNM.O,24.55,2.788331
IMO.N,131.63,63.602705
IMOS.O,53.58,1.92898
IMPJY.PK,4.58,2.298986
IMPUY.PK,14.21,13.01871
IMTX.O,8.62,1.31218
IMVT.O,37.66,7.778774
IMYSY.PK,5.54,2.242184
INBX.O,110.47,1.62586
INCY.O,122.19,24.767638
INDB.O,83.43,3.952004
INDOY.PK,6.69,4.841595
INDV.O,34.47,4.068561
INFQ.N,12.6,2.839499
INFY.K,11.6,44.038094
INFY.N,11.6,44.038094
ING.N,36.96,106.371948
INGKY.PK,0.0,15.582512
INGM.K,26.85,6.193272
INGM.N,26.85,6.193272
INGR.K,98.63,6.22
INGR.N,98.63,6.22
INOD.O,55.24,1.899298
INPAP.PK,82.81,18.137769
INPOY.PK,8.97,9.029018
INR.N,14.49,0.918989
INRNY.PK,8.96,1.486217
INSM.O,125.3,27.363202
INSP.K,74.32,2.148619
INSP.N,74.32,2.148619
INSW.K,105.84,5.242394
INSW.N,105.84,5.242394
INTA.O,37.98,2.905893
INTC.O,97.19,513.655906
INTR.O,5.58,2.463505
INTU.O,339.15,90.633089
INVA.O,20.9,1.509931
INVH.K,27.59,16.295295
INVH.N,27.59,16.295295
INVSY.PK,0.0,126.011105
INVX.K,29.08,2.033734
INVX.N,29.08,2.033734
IONQ.K,37.5,14.898621
IONQ.N,37.5,14.898621
IONS.O,51.44,8.548522
IOSP.O,91.96,2.265071
IOT.N,42.91,25.12832
IP.N,34.25,18.137769
IPAR.O,112.05,3.588489
IPEU.PK,14.0,3.641551
IPGP.O,74.9,3.185837
IPGYY.PK,84.44,4.283345
IPOAF.PK,55.0,20.623017
IPSAY.PK,0.0,1.807859
IPSEY.PK,45.92,15.465764
IPX.O,18.13,0.662117
IPXHY.PK,25.71,32.638801
IQ.O,1.0,0.9602
IQV.N,265.67,43.729282
IR.N,72.13,27.986399
IRDEY.PK,28.95,3.672458
IRDM.O,46.18,4.894228
IREN.O,43.17,17.011512
IRM.N,112.06,33.360577
IRMD.O,82.53,1.05531
IRON.O,68.92,2.646035
IRPSY.PK,8.62,1.805401
IRS.N,15.26,1.151919
IRT.N,15.34,3.616322
IRTC.O,114.72,3.781516
ISADY.PK,0.0,6.817914
ISDAY.PK,119.62,14.700572
ISMAY.PK,35.38,12.442893
ISNPY.PK,46.78,137.629602
ISRG.O,377.94,133.517902
ISRXF.PK,491.18,7.202201
ISUZY.PK,14.19,9.84636
IT.N,197.07,12.444769
ITAYY.PK,2.89,1.680269
ITCFY.PK,17.99,8.184227
ITCTY.PK,2.6,34.114248
ITFCY.PK,0.0,32.928719
ITGR.K,126.13,4.287417
ITGR.N,126.13,4.287417
ITHEY.PK,0.0,6.313133
ITJTY.PK,0.31,1.301018
ITOCY.PK,15.17,120.796987
ITRI.O,91.89,4.023565
ITT.N,199.5,17.8353
ITUB.K,8.23,94.929634
ITUB.N,8.23,94.929634
ITVPY.PK,9.68,3.544688
ITW.N,269.04,76.622592
IVA.O,3.88,0.933096
IVBIY.PK,54.29,21.535095
IVPAF.PK,8.87,12.664763
IVSBF.PK,41.24,126.011105
IVT.N,31.73,2.474256
IVTJY.PK,16.9,8.184227
IVZ.N,31.51,13.911658
IWGFF.PK,2.46,2.296411
IX.N,39.94,45.040406
J.N,144.07,16.861753
JAMF.O,13.05,1.749695
JAN.N,31.07,7.281969
JAN.O,0.0,0.0
JAPAF.PK,44.1,88.094308
JAPAY.PK,21.9,88.094308
JAPSY.PK,9.69,9.846344
JAZZ.O,245.87,15.960547
JBAXY.PK,18.16,18.754972
JBFCY.PK,9.5,2.648382
JBGS.K,11.25,0.658976
JBHHY.PK,35.69,5.119949
JBHT.O,274.99,25.825669
JBL.N,298.72,31.301999
JBLU.O,4.36,1.645081
JBND.N,51.86,8.665806
JBS.N,12.51,13.397324
JBTM.K,111.79,5.799309
JBTM.N,111.79,5.799309
JCAP.O,21.51,1.235223
JCDXY.PK,13.37,6.094404
JCI.N,137.76,83.446945
JCICX.O,61.51,1.092054
JCYGY.PK,43.26,8.502992
JD.O,27.26,38.091381
JDCMF.PK,14.2,38.091381
JDEPY.PK,16.08,18.150363
JDHIY.PK,5.05,14.156953
JDLGY.PK,0.0,9.221232
JDSPY.PK,0.97,4.941102
JDWPY.PK,54.0,1.115047
JEF.N,50.1,11.550669
JEHLY.PK,24.5,2.193444
JEOLY.PK,0.0,2.277593
JEXYY.PK,24.66,8.860573
JFR.N,7.53,1.212085
JGCCY.PK,26.57,3.728674
JGHHY.PK,4.79,1.374548
JGIRX.O,68.79,1.092054
JGISX.O,68.82,1.092054
JGLMY.PK,0.0,1.7992
JGSMY.PK,7.57,2.314482
JHG.N,51.95,8.004228
JHPCY.PK,12.03,41.033683
JHX.N,28.33,16.475962
JIGAX.O,67.53,1.092054
JIGZX.O,62.08,1.092054
JINFF.PK,33.0,13.050867
JJSF.O,83.4,1.558046
JKHY.O,164.55,11.53703
JKS.N,11.35,0.594402
JLL.N,343.55,15.805946
JMHLY.PK,58.22,17.103377
JMIA.K,7.34,0.914328
JMIA.N,7.34,0.914328
JMKE.N,21.76,6.911822
JMPLD.PK,59.81,3.781664
JMPLY.PK,59.81,3.781664
JMREY.PK,12.74,4.708021
JNBBY.PK,8.86,1.448349
JNGDY.PK,0.0,4.611074
JNJ.N,266.32,641.804194
JNNLY.PK,0.0,4.360889
JOBY.K,6.3,6.261409
JOBY.N,6.3,6.261409
JOE.N,64.73,3.685108
JOYY.O,77.18,3.779775
JPC.N,7.07,2.652851
JPDAX.O,9.8,2.254388
JPDCX.O,9.81,2.254388
JPDIX.O,9.79,2.254388
JPDRX.O,9.79,2.254388
JPDYY.PK,2.75,1.370301
JPGSX.O,71.29,1.092054
JPM.N,350.13,930.710732
JPM_pc.N,23.98,930.710732
JPM_pj.N,18.0,930.710732
JPNPY.PK,10.13,12.632891
JPPHY.PK,17.95,45.861326
JPPTY.PK,21.5,76.832252
JPSWY.PK,23.09,3.512004
JPXGY.PK,14.3,14.80998
JRONY.PK,40.9,12.889191
JSAIY.PK,18.42,10.184845
JSGRY.PK,22.84,3.249669
JTEKY.PK,40.0,4.151202
JTGEY.PK,0.0,11.409973
JTKWY.PK,4.43,4.909804
JTTRY.PK,17.45,3.322028
JUMSY.PK,30.89,4.020588
JVCZY.PK,30.1,1.039533
JXAMY.PK,48.57,22.360269
JXHLY.PK,17.94,25.350595
JXIRY.PK,0.0,3.081455
JXN.N,138.78,9.399395
JYSKY.PK,32.0,9.897955
KAEPY.PK,9.74,21.773546
KAI.N,267.3,3.156577
KAIKY.PK,22.05,14.274593
KAJMY.PK,32.84,15.570611
KALU.O,149.06,2.436996
KAOOY.PK,7.44,20.414068
KARO.O,67.23,2.076957
KB.N,132.88,48.015813
KBCSY.PK,75.63,63.335818
KBDC.K,13.03,0.860473
KBDC.N,13.03,0.860473
KBDCY.PK,27.5,7.716746
KBGGY.PK,16.41,28.910373
KBH.N,49.57,3.039123
KBR.N,36.8,4.639293
KC.O,9.83,2.96983
KCDMY.PK,11.37,6.760592
KCEEY.PK,0.0,2.351659
KD.N,13.57,2.955794
KDDIF.PK,18.3,80.128139
KDDIY.PK,19.88,80.128139
KDK.O,3.74,0.750312
KDOKY.PK,11.09,3.572895
KDP.O,31.58,42.974886
KEN.N,64.31,3.351091
KEP.N,11.56,15.289872
KERCY.PK,15.0,4.716211
KEX.N,138.49,7.312272
KEY.N,21.93,23.402129
KEY_pi.N,24.97,23.402129
KEYRY.PK,42.63,11.586163
KEYS.K,314.96,53.620285
KEYS.N,314.96,53.620285
KFRC.N,52.27,0.936103
KFY.N,78.38,4.276323
KGBLY.PK,134.04,18.548578
KGBMY.PK,14.51,5.524166
KGC.N,28.18,33.488998
KGCRF.PK,1.21,33.488998
KGDEY.PK,96.7,3.369935
KGFHY.PK,7.86,6.417456
KGFTY.PK,0.0,4.251587
KGS.N,56.62,5.72451
KGSPY.PK,111.9,20.120416
KGTFY.PK,25.87,18.74015
KGTHY.PK,10.96,2.827976
KHC.O,24.27,28.779943
KHNGY.PK,52.99,31.989913
KHOLY.PK,23.07,11.77736
KIGRY.PK,11.79,6.16582
KIKOY.PK,22.85,10.720779
KIM.N,23.22,15.575729
KIM_pl.N,19.94,15.575729
KIROY.PK,5.0,4.744147
KKMMY.PK,0.0,4.970304
KKOYY.PK,12.56,10.042835
KKPNY.PK,4.87,18.484338
KKR.N,102.27,91.801193
KKR_pd.N,45.34,91.801193
KKRT.N,22.65,91.801193
KKSIY.PK,0.0,12.377216
KLAC.O,169.09,220.923996
KLAR.K,14.25,5.388117
KLAR.N,14.25,5.388117
KLBAY.PK,7.57,4.69958
KLCCY.PK,0.0,1.474314
KLGSY.PK,0.0,1.37239
KLIC.O,79.45,4.157548
KLKBY.PK,3.49,6.173678
KLPPY.PK,22.3,12.230077
KLYCY.PK,9.85,8.359399
KMB.N,99.04,32.955257
KMI.N,30.96,68.941793
KMPB.N,24.47,1.643956
KMPR.K,27.9,1.643956
KMPR.N,27.9,1.643956
KMRSF.PK,0.0,2.857225
KMT.N,29.42,2.242364
KMTS.O,24.06,1.409991
KMTUY.PK,46.18,43.257143
KMX.N,61.69,8.754496
KN.N,34.61,2.956051
KNBWF.PK,18.51,14.992419
KNBWY.PK,18.33,14.992419
KNCAY.PK,8.19,2.021265
KNCRY.PK,8.7,7.751108
KNF.N,56.47,3.20543
KNRRY.PK,29.05,18.688129
KNSA.O,76.58,5.975079
KNSL.K,363.89,8.288841
KNSL.N,363.89,8.288841
KNTK.K,54.55,8.857781
KNTK.N,54.55,8.857781
KNTNF.PK,20.35,5.010517
KNWAY.PK,0.0,42.805953
KNX.N,68.43,11.137393
KNYJF.PK,57.76,26.243458
KNYJY.PK,28.85,26.243458
KO.N,89.35,384.432775
KOBCY.PK,9.16,5.643423
KOD.O,33.14,2.082831
KODK.N,9.14,0.894806
KOF.N,112.01,23.535639
KONMY.PK,65.62,20.150189
KOS.N,2.92,1.738824
KOTMY.PK,17.0,5.220774
KOZAY.PK,10.1,3.446236
KPCPY.PK,30.33,17.993986
KPELF.PK,8.94,16.278841
KPELY.PK,18.13,16.278841
KPLUF.PK,19.19,3.432976
KPLUY.PK,9.7,3.432976
KPTCY.PK,8.02,3.325609
KR.N,60.91,36.30236
KRC.N,34.91,4.060347
KREVF.PK,0.65,3.321016
KRG.N,26.02,5.213027
KRMN.K,34.74,4.604221
KRMN.N,34.74,4.604221
KRNGY.PK,2.2,0.918116
KRNTY.PK,64.15,4.034726
KRO.N,8.05,0.926535
KRP.N,14.84,1.702201
KRYAY.PK,97.92,15.470244
KRYPY.PK,10.69,3.221752
KRYS.O,340.03,10.064492
KSHTY.PK,0.78,16.871665
KSPI.O,100.48,19.104349
KSRYY.PK,6.88,2.233645
KSS.N,17.17,1.946674
KT.N,19.97,9.994747
KTB.N,67.42,3.684747
KTOS.O,47.58,8.931781
KTWIY.PK,93.48,5.617048
KUBTY.PK,89.99,20.565728
KURRY.PK,33.9,3.510527
KVUE.K,17.91,34.401053
KVUE.N,17.91,34.401053
KVYO.K,17.4,4.954257
KVYO.N,17.4,4.954257
KW.N,10.92,1.521192
KWHIY.PK,6.0,13.427971
KWR.N,153.69,2.644652
KXIAY.PK,32.93,180.709831
KYCCF.PK,490.6,120.3208
KYHHY.PK,11.97,3.601829
KYIV.O,13.66,3.15387
KYKOY.PK,14.02,7.618859
KYMR.O,114.63,9.531555
KYN.N,14.77,2.497992
KYOAY.PK,22.71,32.533769
KYOCY.PK,22.71,32.533769
KYSEY.PK,14.73,6.715599
KYTFY.PK,0.0,9.617543
KZHXY.PK,25.21,1.077795
L.N,109.2,22.323507
LAC.N,2.89,1.048924
LAD.N,360.27,7.919857
LADR.K,9.62,1.220444
LADR.N,9.62,1.220444
LAMR.O,149.78,15.210112
LAR.N,5.94,0.975135
LASR.O,38.45,2.218188
LAUR.O,35.83,4.93556
LAZ.N,39.74,3.872686
LB.N,86.44,6.663263
LBKCY.PK,0.0,1.314269
LBRDA.O,35.99,5.154301
LBRDB.PK,37.25,5.154301
LBRDK.O,36.02,5.154301
LBRDP.O,22.74,16.424684
LBRT.K,19.53,3.187128
LBRT.N,19.53,3.187128
LBTYA.O,10.6,3.611835
LBTYB.O,12.65,3.611835
LBTYK.O,10.4,3.611835
LC.N,16.71,1.928459
LCID.O,4.16,1.639332
LCII.K,90.19,2.192655
LCII.N,90.19,2.192655
LCLN.N,26.81,2.778199
LCSHF.PK,8.45,2.08798
LCSHY.PK,16.0,2.08798
LDBTY.PK,0.0,11.68
LDGYY.PK,14.15,1.613531
LDI.N,0.83,0.281785
LDOS.K,132.83,16.66913
LDOS.N,132.83,16.66913
LDSCY.PK,8.41,6.220124
LEA.N,128.87,6.356482
LECO.O,251.26,13.695389
LEG.N,9.2,1.256619
LEGN.O,18.53,3.60387
LEN.N,79.99,19.229089
LENb.N,78.67,19.229089
LEU.N,146.25,2.991267
LEVI.K,20.23,7.785527
LEVI.N,20.23,7.785527
LFCBY.PK,16.1,13.278123
LFST.O,13.38,5.113222
LFUS.O,396.23,10.063746
LGEIY.PK,0.0,24.946022
LGFRY.PK,6.89,4.86421
LGGNY.PK,19.82,21.466383
LGIH.O,50.94,1.184267
LGMMY.PK,13.5,4.133346
LGN.O,52.78,5.704224
LGND.O,280.65,5.594929
LGNDZ.PK,0.0,5.594929
LGNXZ.PK,0.0,5.594929
LGNYZ.PK,0.05,5.594929
LGNZZ.PK,0.06,5.594929
LGRDY.PK,30.64,40.254486
LGRVF.PK,162.7,40.254486
LGSXY.PK,1.36,1.172804
LH.N,315.31,25.571641
LHX.N,248.93,46.354404
LI.O,12.17,12.521288
LIF.O,44.28,5.05528
LII.N,365.51,12.632272
LILA.O,8.87,1.723128
LILAB.PK,7.45,1.723128
LILAK.O,8.8,1.723128
LIN.O,464.41,214.083797
LINE.O,38.71,8.814655
LION.N,11.63,3.460619
LION.O,11.63,3.460619
LIOPY.PK,16.4,3.217119
LITE.O,835.03,74.902191
LIVN.O,80.63,4.442189
LKFKY.PK,13.01,1.597521
LKFN.O,60.76,1.510362
LKHLY.PK,20.45,1.836426
LKNCY.PK,34.87,10.0204
LKQ.O,23.75,6.0088
LLESF.PK,1.92,1.371789
LLESY.PK,2.3,1.371789
LLY.N,1138.28,1071.52792
LLYVA.O,95.81,9.02726
LLYVB.PK,102.53,9.02726
LLYVK.O,98.86,9.02726
LMAT.O,80.77,1.84715
LMND.K,50.03,3.872153
LMND.N,50.03,3.872153
LMPMY.PK,4.74,1.93318
LMRI.O,11.39,1.094294
LMT.N,529.38,122.176009
LNC.N,44.04,8.431341
LNDMY.PK,25.07,19.905847
LNFGY.PK,0.0,7.804447
LNG.N,274.28,56.648189
LNN.N,118.34,1.203386
LNNGY.PK,41.34,4.261497
LNT.O,66.92,17.351332
LNTCY.PK,11.9,25.52911
LNTH.O,100.32,6.550883
LNVGF.PK,3.96,50.876689
LNVGY.PK,81.6,50.876689
LNWO.PK,87.6,6.792041
LNXSF.PK,17.19,1.39585
LNXSY.PK,3.5,1.39585
LNZNY.PK,0.0,0.954011
LOAR.N,64.54,6.046654
LOB.N,39.4,1.823575
LOBLY.PK,11.18,52.443307
LOGI.O,100.36,16.155282
LOIMY.PK,89.85,3.677061
LOJSY.PK,0.0,2.191556
LOMA.K,9.61,1.179731
LOMA.N,9.61,1.179731
LOPE.O,153.48,4.000462
LOTBY.PK,127.38,11.451552
LOTMY.PK,31.48,7.903129
LOW.N,198.17,111.184075
LPA.N,3.56,0.102704
LPG.N,55.38,2.369305
LPGCY.PK,4.68,8.31585
LPL.N,3.13,3.298645
LPLA.O,345.66,27.21806
LPPSY.PK,20.41,10.881605
LPX.N,66.79,4.670185
LQDA.O,65.31,5.845378
LRCX.O,273.49,342.22378
LRLCY.PK,88.87,237.345525
LRN.N,82.7,3.436999
LRVIY.PK,0.0,3.404942
LSCC.O,106.5,15.126224
LSEGY.PK,28.5,55.513582
LSHGY.PK,0.0,1.99154
LSPD.K,10.11,1.355863
LSRCY.PK,43.72,21.173603
LSTR.O,172.09,5.840205
LTC.N,42.64,2.298533
LTGHY.PK,2.87,1.066083
LTH.N,41.53,9.280375
LTM.N,50.81,14.881183
LTORY.PK,0.0,56.665097
LU.N,1.3,1.126696
LUCK.K,5.56,0.757984
LUCK.N,5.56,0.757984
LUCKY.PK,0.0,2.146271
LUGDF.PK,66.33,16.051986
LUKFY.PK,0.0,64.639085
LULU.O,100.3,11.104216
LUMN.K,7.03,7.251061
LUMN.N,7.03,7.251061
LUNMF.PK,23.34,19.905847
LUNR.O,13.88,3.177466
LUV.N,39.52,19.333508
LUXE.K,7.44,1.021226
LUXE.N,7.44,1.021226
LVMUY.PK,96.46,239.467083
LVS.N,42.4,27.46253
LW.N,48.26,6.634937
LXP.N,60.81,3.585191
LXP_pc.N,49.25,3.585191
LXSPY.PK,0.0,60.645562
LXU.N,11.06,0.796292
LYB.N,62.75,20.270631
LYFT.O,15.9,6.01879
LYG.N,5.9,85.563285
LYNX.N,13.46,1.560679
LYSCF.PK,9.98,10.078806
LYSDY.PK,9.88,10.078806
LYSFY.PK,9.5,2.794967
LYV.N,171.49,39.950226
LZ.O,6.28,1.075543
LZAGY.PK,65.4,45.970277
LZB.N,30.97,1.240434
LZRFY.PK,7.5,7.764233
M.N,22.58,5.897369
MA.N,574.42,503.19763
MAA.N,125.6,14.572358
MAA_pi.N,51.05,14.572358
MAAS.O,16.34,7.225149
MAC.N,22.47,6.371579
MAEOY.PK,14.76,8.741423
MAHDY.PK,0.0,39.101219
MAHLY.PK,18.3,4.133403
MAIN.K,56.37,5.271072
MAIN.N,56.37,5.271072
MAIR.N,23.66,11.870757
MAJJ.PK,1760.0,11.011134
MAKSF.PK,4.84,10.428564
MAKSY.PK,10.05,10.428564
MALG.PK,1.76,1.072396
MALRY.PK,40.36,8.077597
MAN.N,58.02,2.698253
MANE.N,101.7,4.24904
MANH.O,211.54,12.333834
MANU.K,20.18,3.479725
MANU.N,20.18,3.479725
MAR.O,340.46,88.78049
MARA.O,11.5,4.442442
MARUF.PK,34.0,55.066568
MARUY.PK,32.95,55.066568
MAS.N,69.41,13.68678
MASI.O,0.0,0.0
MAT.O,14.03,4.008371
MATX.K,236.62,7.075756
MATX.N,236.62,7.075756
MAURY.PK,36.38,3.464715
MAUSY.PK,13.88,2.051626
MAWHY.PK,7.01,1.401775
MAZE.O,24.67,1.370398
MBC.N,7.1,1.444782
MBGAF.PK,53.89,51.873806
MBGL.N,20.26,5.97308
MBGYY.PK,13.49,51.873806
MBIN.O,53.14,2.441149
MBINL.O,24.86,2.441149
MBLY.O,8.16,6.937531
MBPFY.PK,7.7,2.185952
MBRFY.PK,3.34,4.612991
MBSHY.PK,32.35,5.081912
MBSRY.PK,68.38,1.720058
MBUMY.PK,10.75,2.822264
MBX.O,59.49,2.865044
MC.N,62.71,4.908253
MCARY.PK,12.84,4.183643
MCB.N,91.29,1.131793
MCD.N,257.49,182.210618
MCEM.PK,266.01,0.987017
MCHB.O,15.48,3.427682
MCHP.O,71.48,38.814261
MCHPP.O,61.76,38.814261
MCHVY.PK,13.47,4.879853
MCK.N,910.95,106.207991
MCO.N,477.93,82.768388
MCRI.O,122.78,2.200527
MCVEY.PK,21.54,1.880842
MCW.N,7.11,2.335151
MCY.N,103.44,5.7294
MD.N,26.91,2.186526
MDB.O,382.29,30.795884
MDBKY.PK,33.35,9.139937
MDCOY.PK,7.0,2.251326
MDDTY.PK,0.0,3.58053
MDEVY.PK,2.4,0.881849
MDGL.O,540.06,12.477614
MDIBY.PK,31.97,26.3824
MDIKY.PK,61.38,4.046234
MDKGY.PK,0.0,6.45047
MDLN.O,32.59,42.846317
MDLZ.O,62.39,79.62886
MDT.N,93.8,119.983134
MDU.N,18.72,3.937742
MEDP.O,595.41,16.618879
MEIUY.PK,5.25,2.433831
MEJHY.PK,13.8,7.943652
MELI.O,1900.24,96.336091
MEOBF.PK,1.9,1.973597
MEOH.O,62.71,4.85461
MESO.O,15.02,1.973597
MET.N,97.75,62.11787
MET_pa.N,20.7,62.11787
META.O,665.6,1695.620143
METC.O,10.29,0.599803
METCB.O,5.59,0.599803
METRY.PK,0.0,13.741043
MFA.N,8.46,0.855204
MFA_pb.N,19.89,0.855204
MFA_pc.N,22.67,0.855204
MFAN.N,25.14,0.855204
MFAO.N,25.17,0.855204
MFC.N,43.55,72.452333
MFG.N,11.33,139.849506
MFGHY.PK,0.0,3.814272
MFIC.O,9.09,0.748767
MFSI.N,33.11,1.216792
MGA.N,64.89,17.243976
MGAWY.PK,6.95,1.150327
MGCLY.PK,12.71,98.393123
MGDDY.PK,19.32,26.580131
MGEE.O,76.12,2.876119
MGIC.O,17.38,0.891522
MGLUY.PK,4.61,0.83921
MGM.N,39.83,10.020939
MGMOL.PK,0.0,7.896505
MGNI.O,23.84,3.419232
MGPFY.PK,9.75,10.816338
MGPUF.PK,4.63,10.816338
MGR.N,19.55,9.050459
MGRB.N,16.06,9.050459
MGRC.O,110.63,2.702211
MGRD.N,14.48,9.050459
MGRE.N,21.92,9.050459
MGY.N,27.62,6.545073
MGYOY.PK,8.62,14.033307
MGYXY.PK,35.69,14.033307
MH.N,13.24,2.532929
MHD.N,11.01,1.923444
MHGVY.PK,21.95,11.595425
MHK.N,129.42,8.766671
MHO.N,140.61,3.555047
MHPSL.PK,10.51,0.759971
MHVIY.PK,12.13,82.638331
MHVYF.PK,24.55,82.638331
MIAX.K,41.77,4.144875
MIAX.N,41.77,4.144875
MICC.K,19.91,12.210826
MIDD.O,109.72,4.961796
MIELY.PK,66.1,70.495104
MIESY.PK,24.05,2.824236
MIMTY.PK,30.47,4.299915
MINBY.PK,22.05,9.421141
MIR.N,15.38,3.830199
MIRM.O,96.75,6.282191
MITEY.PK,23.56,28.74343
MITFY.PK,11.5,3.677469
MITSY.PK,672.49,96.347129
MITUY.PK,12.05,5.26006
MIUFY.PK,17.4,13.361188
MKC.N,50.39,13.578798
MKCv.N,52.51,13.578798
MKKGY.PK,30.09,19.482669
MKL.N,1798.46,22.282844
MKSI.O,239.27,16.178853
MKTAY.PK,34.02,9.571004
MKTX.O,163.1,5.739961
MLCO.O,4.81,1.828974
MLI.N,60.0,13.270883
MLKN.O,21.26,1.461265
MLLUY.PK,3.6,7.376802
MLM.N,500.92,35.575029
MLTTY.PK,11.35,2.972306
MLTX.O,12.68,1.079153
MLXSY.PK,0.0,2.989399
MLYBY.PK,5.15,31.101242
MLYS.O,28.95,2.559379
MMI.N,30.96,1.172486
MMM.N,162.02,83.557346
MMS.N,59.35,3.107433
MMSHY.PK,0.0,0.948482
MMSI.O,87.02,5.196001
MMSMY.PK,29.4,8.536019
MMTOF.PK,2.28,3.446208
MMTOY.PK,19.64,3.446208
MMXGY.PK,7.83,11.239368
MMYT.O,50.55,4.754665
MNDY.O,96.1,4.062754
MNESP.PK,37.5,6.976028
MNFYY.PK,12.0,2.309118
MNHVF.PK,21.91,11.595425
MNILY.PK,16.95,3.705643
MNKD.O,3.75,1.205792
MNOIY.PK,33.0,3.462837
MNPGY.PK,0.0,1.045719
MNR.N,12.49,2.085182
MNSKY.PK,9.36,1.356545
MNSO.K,9.07,2.750777
MNSO.N,9.07,2.750777
MNST.O,44.2,86.455917
MNTGY.PK,0.0,33.859526
MNTHY.PK,62.23,3.644719
MNTN.N,11.96,0.894646
MNTN.PK,12.25,0.059731
MNYCY.PK,0.0,1.82245
MNZLY.PK,0.0,5.426786
MO.N,70.61,117.900619
MOD.N,182.18,9.676073
MOGa.N,362.41,11.489376
MOGb.N,365.95,11.489376
MOGLF.PK,1.23,1.211792
MOH.N,214.07,11.174454
MOHCY.PK,36.48,8.435089
MOMO.O,4.93,0.708124
MONDY.PK,22.17,4.872693
MONOY.PK,12.85,6.438648
MONRY.PK,51.4,14.132003
MOPHY.PK,19.5,2.012484
MORN.O,201.64,7.564236
MOS.N,25.05,7.963286
MP.N,50.68,9.026188
MPC.N,396.45,111.332977
MPFRY.PK,9.73,15.67957
MPJPY.PK,1.62,2.164251
MPLFY.PK,0.0,2.394154
MPLX.K,58.89,59.706112
MPLX.N,58.89,59.706112
MPLXP.PK,33.38,59.706112
MPNGF.PK,9.57,59.095737
MPNGY.PK,19.2,59.095737
MPT.N,3.58,2.137976
MPTYY.PK,32.16,8.902136
MPW.N,3.58,2.137976
MPWR.O,1143.24,56.182243
MPZAY.PK,19.07,1.01948
MQ.O,16.58,1.725959
MQBKY.PK,175.45,67.382711
MQY.N,10.56,1.588563
MRAAY.PK,23.01,91.629766
MRCY.O,81.03,4.872831
MREGY.PK,0.0,8.115226
MRK.N,144.85,357.369812
MRNA.O,146.69,58.563913
MROSY.PK,12.72,7.866543
MRP.N,29.46,4.891772
MRPLY.PK,10.06,2.622864
MRSH.K,180.43,86.103229
MRSH.N,180.43,86.103229
MRTN.O,13.99,1.142447
MRUWY.PK,13.62,4.269847
MRVGF.PK,1.11,5.076962
MRVI.O,6.68,1.735918
MRVL.O,218.82,191.883258
MRVSY.PK,3.2,0.792646
MRX.O,70.82,5.1237
MS.N,206.58,324.447585
MS_pa.N,18.77,324.447585
MS_pe.N,25.4,324.447585
MS_pf.N,25.27,324.447585
MS_pi.N,24.04,324.447585
MS_pk.N,21.91,324.447585
MSA.N,180.81,6.976028
MSADY.PK,33.76,50.616887
MSBHF.PK,32.88,120.615142
MSCI.K,553.65,40.250355
MSCI.N,553.65,40.250355
MSDL.K,14.71,1.237186
MSDL.N,14.71,1.237186
MSEXP.PK,492.0,1.064683
MSFT.O,505.41,3752.944947
MSGE.K,80.39,3.802868
MSGE.N,80.39,3.802868
MSGS.K,396.3,9.542881
MSGS.N,396.3,9.542881
MSI.N,474.13,78.46557
MSLOY.PK,23.02,16.80848
MSM.N,119.28,6.661346
MSSHY.PK,12.36,1.700119
MSSMY.PK,11.15,6.470118
MSTKY.PK,0.0,6.764932
MSTR.O,136.94,53.32596
MT.N,72.79,56.303496
MTB.N,237.82,34.345075
MTB_ph.N,25.0,34.345075
MTBOY.PK,0.0,2.286164
MTCH.O,43.15,9.905125
MTCPY.PK,11.76,25.970165
MTD.N,1285.75,25.762006
MTDR.K,61.18,7.571283
MTDR.N,61.18,7.571283
MTG.N,30.87,6.332204
MTH.N,64.88,4.228495
MTHRY.PK,5.57,7.733818
MTLHY.PK,37.05,10.768288
MTMTY.PK,0.0,7.7588
MTN.N,140.51,5.006867
MTNOY.PK,12.4,22.942905
MTPLF.PK,1.62,2.164251
MTPOY.PK,20.66,4.548723
MTPVY.PK,14.54,1.727123
MTRN.K,240.22,5.004677
MTRN.N,240.22,5.004677
MTSFY.PK,29.14,26.240741
MTSI.O,239.62,18.300002
MTSUY.PK,32.28,120.615142
MTTRY.PK,0.78,2.213114
MTUAY.PK,190.19,20.429992
MTX.N,67.83,2.111464
MTZ.N,227.7,18.285437
MU.O,924.03,1043.593153
MUC.N,10.28,1.285084
MUFG.K,23.89,287.533442
MUFG.N,23.89,287.533442
MUQAX.O,14.1,46.946988
MUQCX.O,13.84,46.946988
MUQEX.O,14.18,46.946988
MUR.N,38.2,5.477159
MURGY.PK,11.78,74.859927
MUSA.K,527.17,9.689568
MUSA.N,527.17,9.689568
MUX.N,18.6,1.141269
MUYNY.PK,0.0,34.683886
MWA.N,23.08,3.603381
MWFEX.O,0.0,0.0
MWTCY.PK,13.87,1.43057
MXCHY.PK,2.3,2.24909
MXL.O,64.79,5.876012
MXUBY.PK,6.01,9.312948
MYCRY.PK,0.0,6.244332
MYE.N,29.77,1.11989
MYI.N,10.25,1.253509
MYRG.O,271.75,4.230944
MYTKY.PK,8.11,7.287671
MZDAY.PK,3.68,4.736267
MZTI.O,102.94,2.809336
NABL.K,4.17,0.787738
NABL.N,4.17,0.787738
NABZY.PK,13.8,86.523958
NAC.N,10.89,1.702398
NAD.N,10.94,2.557088
NAK.N,1.38,0.778191
NAMS.O,22.36,2.672851
NAT.N,7.63,1.615658
NATL.K,46.27,3.419211
NATL.N,46.27,3.419211
NAUBF.PK,29.79,86.523958
NAVI.O,9.78,0.917206
NAVN.O,21.37,5.564972
NBGIF.PK,19.72,18.443463
NBGRY.PK,19.92,18.443463
NBHC.K,41.74,1.859081
NBHC.N,41.74,1.859081
NBIS.O,212.19,57.684959
NBIX.O,157.22,15.981284
NBKAY.PK,0.0,58.340733
NBKBY.PK,0.0,4.491714
NBR.N,86.97,1.321212
NBTB.O,52.14,2.709198
NBTX.O,35.73,1.827006
NBXG.K,15.31,1.205839
NBXG.N,15.31,1.205839
NBY.N,0.89,0.044785
NCBDY.PK,18.15,23.596229
NCHEY.PK,12.1,3.728144
NCLH.K,14.72,6.759245
NCLH.N,14.72,6.759245
NCLTY.PK,10.56,12.142012
NCNO.O,22.18,2.345228
NCRRP.PK,1002.0,1.140457
NCTKY.PK,14.18,3.403376
NDAQ.O,91.57,51.185558
NDBI.PK,1.59,0.113843
NDBKY.PK,18.15,8.723433
NDCVF.PK,18.66,3.643865
NDEKY.PK,20.9,14.290132
NDGPY.PK,18.29,3.670518
NDSN.O,308.31,17.172672
NDVLY.PK,0.29,1.83067
NE.N,43.88,7.005101
NEA.N,10.73,3.241828
NECPY.PK,16.44,43.084831
NEE.N,81.63,170.278401
NEE_ps.N,50.69,170.278401
NEE_pt.N,47.44,170.278401
NEGG.O,14.42,0.302445
NEM.N,123.07,129.677908
NEMKY.PK,14.65,8.002032
NEO.O,18.41,2.365233
NEOG.O,11.95,2.606367
NESR.O,32.74,3.301886
NESRF.PK,16.2,23.112013
NET.N,330.36,117.634495
NETGY.PK,0.0,2.315633
NETTF.PK,21.54,75.543121
NEU.N,880.52,8.097619
NEXA.K,12.51,1.656807
NEXA.N,12.51,1.656807
NEXHY.PK,26.66,8.6017
NEXNY.PK,76.69,6.666893
NEXOY.PK,20.27,15.942719
NEXT.O,7.41,1.972434
NEXXY.PK,4.65,5.681523
NFG.N,80.72,7.67204
NFGC.K,1.65,0.636821
NFJ.N,15.27,1.41961
NFLX.O,80.32,334.447635
NFYEF.PK,17.99,2.011989
NG.N,7.26,3.172384
NGCOY.PK,0.0,3.245566
NGCRY.PK,26.0,1.765203
NGD.N,9.07,7.013987
NGG.N,74.96,75.088229
NGKSY.PK,25.18,9.292777
NGL.N,17.29,2.158039
NGL_pb.N,25.8,2.158039
NGL_pc.N,25.71,2.158039
NGLOY.PK,26.71,61.948166
NGVT.K,68.25,2.346293
NGVT.N,68.25,2.346293
NHC.N,227.6,3.567039
NHI.N,70.37,3.455901
NHKSY.PK,0.0,4.900035
NHNKY.PK,10.08,1.704342
NHPEF.PK,4.62,3.798246
NHYDY.PK,9.31,18.358721
NHYKF.PK,9.34,18.358721
NI.N,41.07,19.695533
NIABY.PK,4.56,8.052623
NIC.N,171.44,3.592956
NICE.O,106.69,6.123168
NIFCY.PK,13.23,3.198122
NINOY.PK,11.05,3.715198
NIO.N,3.67,9.091415
NIPMY.PK,21.0,3.863345
NIQ.N,18.63,5.495028
NISUY.PK,82.6,2.394765
NJDCY.PK,4.26,20.621796
NJR.N,53.1,5.387948
NKE.N,37.05,54.963627
NKRKY.PK,9.08,2.536045
NLST.PK,4.72,1.648984
NLY.N,21.84,16.461123
NLY_pf.N,25.2,16.461123
NLY_pg.N,25.16,16.461123
NLY_pi.N,24.94,16.461123
NLY_pj.N,25.85,16.461123
NMAX.K,11.4,1.472431
NMAX.N,11.4,1.472431
NMIH.O,44.12,3.318612
NMM.N,92.19,2.6093
NMR.N,10.73,33.693776
NMRK.O,14.2,2.573447
NMRRY.PK,0.0,5.485296
NMZ.N,9.46,2.037379
NNCHY.PK,50.26,6.877838
NNE.O,15.89,0.853264
NNGRY.PK,45.43,23.926283
NNI.N,127.49,4.561521
NNN.N,43.76,8.398918
NNNN.O,6.11,0.268175
NOC.N,527.39,74.922619
NOFFY.PK,0.0,4.001377
NOG.N,26.36,2.808635
NOGFY.PK,0.0,56.987335
NOK.N,9.65,57.20795
NOMD.N,10.93,1.527917
NOV.N,20.54,7.322061
NOVT.O,140.05,5.296379
NOVTU.O,59.86,5.296379
NOW.N,142.35,147.170256
NP.N,31.33,4.299513
NPIFF.PK,15.02,3.977661
NPIXY.PK,0.0,3.977661
NPK.N,153.33,1.094173
NPKI.K,12.97,1.101281
NPKI.N,12.97,1.101281
NPKYY.PK,13.16,1.986831
NPNGY.PK,8.67,2.16902
NPNYY.PK,9.51,19.368538
NPO.N,283.94,6.010351
NPPEY.PK,16.18,2.782369
NPPHY.PK,3.64,17.407532
NPPNY.PK,5.75,1.554738
NPPXF.PK,1.08,105.152543
NPSCY.PK,4.48,23.942314
NPSGY.PK,2.85,1.641781
NPSKY.PK,14.11,3.394881
NPSNY.PK,9.06,34.617293
NPXYY.PK,17.56,15.387009
NRDBY.PK,20.4,69.47911
NRG.N,108.47,22.801531
NRGIY.PK,0.0,8.268107
NRGV.N,4.1,0.745542
NRILY.PK,34.02,19.028225
NRIX.O,25.52,2.648509
NRKBY.PK,27.2,7.335843
NRP.N,109.78,1.45463
NRSDY.PK,18.6,3.643865
NRXXY.PK,21.5,10.382739
NSA.N,43.41,3.369726
NSA_pa.N,22.8,3.369726
NSA_pb.N,25.7,3.369726
NSANF.PK,2.08,7.576035
NSANY.PK,4.1,7.576035
NSC.N,320.05,71.88591
NSHBY.PK,26.7,2.471908
NSIT.O,161.84,4.749818
NSNFY.PK,0.0,5.826097
NSP.N,50.96,1.946431
NSRGF.PK,96.5,250.043357
NSRGY.PK,96.64,250.043357
NSSC.O,35.86,1.282656
NTAP.O,188.28,36.980788
NTB.N,59.93,2.394099
NTCMY.PK,0.0,2.143201
NTCT.O,37.37,2.717072
NTDOY.PK,13.4,69.317869
NTES.O,117.99,75.543121
NTIOF.PK,151.9,58.340733
NTLA.O,11.87,1.663304
NTNX.O,67.69,18.297995
NTOIY.PK,18.21,28.298317
NTR.N,77.0,36.823868
NTRA.O,341.79,49.267036
NTRS.O,181.71,33.244872
NTRSO.O,18.32,33.244872
NTSK.O,17.0,6.945992
NTST.K,19.52,1.981827
NTST.N,19.52,1.981827
NTTYY.PK,28.75,105.152543
NU.N,14.41,69.610224
NUE.N,254.63,57.769353
NUTX.O,217.02,1.486147
NUV.N,8.63,1.812766
NUVB.K,5.94,2.085672
NUVB.N,5.94,2.085672
NUVL.O,0.0,0.0
NVAX.O,9.59,1.58183
NVCR.O,16.22,1.888752
NVDA.O,210.96,5084.136
NVG.N,11.56,2.494896
NVGS.K,23.48,1.443859
NVGS.N,23.48,1.443859
NVMI.O,334.65,10.643932
NVO.N,43.45,147.511234
NVPLF.PK,0.0,2.885335
NVR.N,6299.56,16.787445
NVRI.K,21.55,0.607497
NVRI.N,21.55,0.607497
NVS.N,138.99,284.041954
NVSEF.PK,134.75,284.041954
NVST.K,25.79,4.142331
NVST.N,25.79,4.142331
NVT.N,146.64,23.734848
NVTS.O,10.89,2.843308
NVZMF.PK,65.84,27.623279
NVZMY.PK,66.43,27.623279
NWARF.PK,1.4,1.363881
NWBI.O,15.55,2.277439
NWCYY.PK,0.0,1.790468
NWE.O,68.65,4.2232
NWG.N,18.47,73.349062
NWHUF.PK,3.79,0.951833
NWKHY.PK,11.45,1.555829
NWN.N,48.56,2.044062
NWS.O,33.86,17.13038
NWSA.O,30.56,17.13038
NWSGY.PK,10.0,4.547219
NX.N,20.98,0.961434
NXE.N,9.47,6.355492
NXGPY.PK,101.5,23.704908
NXPI.O,224.23,56.542773
NXST.O,170.52,5.253431
NXT.O,82.62,12.535893
NYAX.O,46.03,1.685168
NYT.N,70.34,11.344687
NZF.N,11.5,2.25845
NZTCF.PK,1.29,2.208828
O.N,59.27,56.082343
OBBCY.PK,0.0,4.082542
OBDC.K,11.08,5.46402
OBDC.N,11.08,5.46402
OBICY.PK,16.48,16.291051
OBK.N,54.41,1.678531
OBOCY.PK,15.2,4.086066
OBYSY.PK,0.0,13.837128
OC.N,128.95,10.193328
OCANF.PK,29.38,6.540782
OCDDY.PK,5.62,2.365513
OCDGF.PK,2.76,2.365513
OCFC.O,18.67,1.804366
OCLDY.PK,16.56,7.309876
OCS.O,10.6,0.65436
OCSL.O,12.71,1.119567
OCUL.O,10.72,2.354282
ODC.N,86.26,1.249764
ODD.O,18.82,0.868064
ODFL.O,181.91,37.720243
ODKUY.PK,0.0,4.39802
ODVCI.PK,0.0,4.888554
OERLY.PK,12.4,2.183004
OEZVY.PK,14.33,11.727727
OFG.N,52.9,2.235845
OGCP.K,4.3,0.093166
OGE.N,46.23,9.550253
OGFGY.PK,8.45,14.398525
OGN.N,13.65,3.584619
OGS.N,77.28,4.857533
OHI.N,47.34,14.344635
OI.N,6.42,0.986496
OICT.PK,11.25,5.052735
OII.N,46.56,4.6341
OJIPY.PK,52.61,5.197815
OKE.N,96.97,61.126947
OKIEY.PK,21.18,1.474076
OKLO.K,36.21,6.735699
OKLO.N,36.21,6.735699
OKTA.O,186.45,32.595362
OLCLY.PK,20.14,36.492138
OLED.O,76.62,3.521979
OLLI.O,77.02,4.575173
OLMA.O,10.29,0.90035
OLN.N,16.88,1.924024
OLPX.O,2.07,1.391282
OLYMY.PK,12.81,14.415583
OMAB.O,98.2,4.167882
OMC.N,81.07,22.241228
OMCL.O,33.51,1.528555
OMF.N,63.2,7.270621
OMGCY.PK,0.0,1.297243
OMRNY.PK,38.63,8.051529
OMVKY.PK,20.81,27.310052
ON.O,71.65,27.894185
ONB.O,25.86,9.89326
ONC.O,353.83,43.126951
ONDS.O,7.23,4.131617
ONEXF.PK,78.46,5.984515
ONON.K,27.47,9.180878
ONON.N,27.47,9.180878
ONTO.K,250.13,12.274941
ONTO.N,250.13,12.274941
OPCH.O,23.99,3.593348
OPEN.O,2.79,2.709344
OPHLY.PK,5.01,7.592122
OPLN.N,35.48,4.356854
OPNHY.PK,0.0,5.843163
OPRA.O,18.43,1.638747
OPY.N,119.48,1.267484
OR.N,35.52,6.637926
ORA.N,92.08,5.662638
ORANY.PK,18.21,48.744977
ORC.N,6.23,1.23857
ORCL.K,144.79,437.806735
ORCL.N,144.79,437.806735
ORCRY.PK,17.0,3.585525
ORI.N,41.33,9.978423
ORIC.O,12.65,1.311206
ORINY.PK,46.0,13.03498
ORKA.O,95.93,6.351496
ORKLY.PK,9.84,9.772824
ORLA.K,9.44,3.312035
ORLNY.PK,22.0,50.693981
ORLY.O,87.22,70.55756
OROVY.PK,97.8,12.360896
ORRYY.PK,7.8,1.259071
OS.O,24.0,5.94147
OSAGY.PK,48.0,5.859888
OSBC.O,25.51,1.29784
OSCR.K,33.81,10.435287
OSCR.N,33.81,10.435287
OSGSY.PK,76.93,15.25319
OSIS.O,199.95,3.187597
OSK.N,143.4,8.85348
OSOTY.PK,0.0,1.45416
OSSUY.PK,4.15,1.806524
OSTIY.PK,18.1,2.475776
OSW.O,22.06,2.239062
OTEX.O,23.95,5.803167
OTF.N,10.63,4.870511
OTGLY.PK,15.94,6.366991
OTIS.K,70.18,26.715374
OTIS.N,70.18,26.715374
OTPIY.PK,0.0,41.516904
OTSKY.PK,36.54,39.838284
OTTR.O,87.61,3.678357
OUKPY.PK,9.78,16.238715
OUST.O,33.46,2.412879
OUT.N,28.75,5.063888
OUTKY.PK,2.99,2.871939
OVCHY.PK,50.22,113.150122
OVHGY.PK,8.78,2.715989
OVICY.PK,0.0,14.460478
OVV.N,65.36,17.93873
OWL.N,10.43,16.261332
OXFYY.PK,8.83,2.034955
OXLC.O,9.54,0.935209
OXLCN.O,24.5,0.935209
OXLCO.O,23.7,0.935209
OXLCP.O,25.01,0.935209
OXY.N,61.78,61.757597
OZK.O,49.12,5.355928
OZKAP.O,15.3,5.355928
P.N,93.78,31.250052
PAA.O,25.85,18.238893
PAAPU.PK,0.0,18.238893
PAAS.K,48.64,20.240414
PAASF.PK,0.48,20.240414
PAC.N,201.41,10.464599
PACS.K,44.55,7.053852
PACS.N,44.55,7.053852
PAEKY.PK,17.73,4.359291
PAEXY.PK,21.01,2.002108
PAFRY.PK,36.78,3.846723
PAG.N,217.15,14.258693
PAGP.O,28.0,5.541315
PAGS.K,9.93,2.775627
PAGS.N,9.93,2.775627
PAHC.O,35.94,1.459222
PAKTY.PK,2.5,1.053603
PALAF.PK,6.93,3.082497
PAM.N,86.65,4.988807
PANW.O,373.94,305.88292
PAR.N,18.09,0.748251
PARR.K,81.7,4.09314
PARR.N,81.7,4.09314
PASTY.PK,0.0,1.982722
PATH.K,14.66,7.640138
PATH.N,14.66,7.640138
PATK.O,72.98,2.343991
PAX.O,10.48,1.700765
PAY.N,37.08,4.669842
PAYC.K,222.85,10.04421
PAYC.N,222.85,10.04421
PAYO.O,7.14,2.419395
PAYX.O,118.51,42.187246
PB.N,71.5,8.592639
PBA.N,47.6,27.725503
PBCRY.PK,9.13,45.110887
PBDBY.PK,0.0,2.459534
PBF.N,70.4,8.344994
PBH.N,47.62,2.255975
PBI.N,17.33,2.375773
PBMRY.PK,2.23,4.392253
PBR.N,21.15,130.14472
PBRa.N,19.07,130.14472
PBRRY.PK,0.0,23.660799
PBSFY.PK,1.07,0.961563
PBT.N,35.58,1.658341
PCAR.O,122.86,64.669198
PCCWY.PK,6.75,5.413663
PCCYF.PK,1.29,293.178095
PCFBY.PK,10.07,2.76186
PCG.N,13.6,29.95219
PCH.O,41.73,3.230611
PCHUY.PK,7.16,6.718936
PCOR.K,56.74,8.621946
PCOR.N,56.74,8.621946
PCRFF.PK,28.2,66.57241
PCRHY.PK,26.94,66.57241
PCT.O,5.85,1.175293
PCTBP.PK,0.0,1.175293
PCTTU.O,11.0,1.175293
PCTY.O,147.97,7.850839
PCVX.O,59.54,8.859866
PCWLF.PK,0.7,5.413663
PD.N,14.84,1.167164
PDD.O,79.38,112.989211
PDFS.O,42.81,1.807747
PDI.N,14.43,6.8121
PDM.N,9.2,1.151222
PDO.N,12.02,1.740869
PDYTY.PK,0.0,2.290348
PEB.N,17.95,2.025527
PEB_pe.N,20.13,2.025527
PEB_pf.N,19.85,2.025527
PEB_pg.N,19.83,2.025527
PEB_ph.N,18.42,2.025527
PEBO.O,39.89,1.433739
PECO.O,38.41,4.943367
PEG.N,70.92,35.347949
PEGA.O,38.71,6.364115
PEGHY.PK,0.0,1.612618
PEGIY.PK,16.62,2.197976
PEGRY.PK,11.97,2.834122
PEN.N,319.86,12.599101
PENG.O,46.59,2.387397
PENN.O,18.0,2.413199
PEP.O,136.34,186.089315
PEXNY.PK,9.22,18.618691
PEYUF.PK,17.52,3.625873
PEYXY.PK,18.5,3.625873
PFBC.O,105.12,1.246
PFE.N,27.72,157.994952
PFG.O,116.9,25.028833
PFGC.K,93.16,14.675777
PFGC.N,93.16,14.675777
PFH.N,15.18,41.2275
PFS.N,23.34,3.044064
PFSI.K,68.97,3.5831
PFSI.N,68.97,3.5831
PFSTY.PK,12.0,1.39344
PG.N,146.13,339.412105
PGEN.O,6.85,2.452541
PGENY.PK,3.1,1.54741
PGNY.O,27.85,2.136841
PGPHF.PK,784.49,20.984414
PGPKY.PK,5.27,8.300117
PGR.N,221.02,128.434722
PGUCY.PK,3.6,1.148215
PH.N,928.83,117.076671
PHAR.O,10.82,0.767853
PHAT.O,8.68,0.70222
PHG.N,25.08,24.691244
PHGPY.PK,9.96,1.24857
PHI.N,18.38,3.935442
PHIN.K,62.81,2.301238
PHIN.N,62.81,2.301238
PHM.N,118.94,22.295605
PHMMF.PK,94.6,1.595996
PHPPY.PK,8.52,2.065718
PHRBY.PK,0.0,10.736195
PHVS.O,38.86,2.728147
PHYS.K,32.36,15.682768
PI.O,173.09,5.288663
PIAHY.PK,1.54,1.697693
PIAIF.PK,7.17,137.87414
PIFFY.PK,8.25,4.725112
PIFMY.PK,19.96,3.620022
PII.N,58.92,3.352756
PILBF.PK,3.09,10.197496
PINS.K,19.69,11.150704
PINS.N,19.69,11.150704
PINXY.PK,14.92,47.99148
PIPR.K,74.64,5.274831
PIPR.N,74.64,5.274831
PITPY.PK,2.95,0.99508
PJT.N,160.79,6.412004
PK.N,15.32,3.084503
PKCOY.PK,12.9,2.212466
PKCPY.PK,1.63,1.723682
PKG.N,233.26,20.783069
PKPYY.PK,6.1,0.857535
PKX.N,59.64,19.257181
PL.N,16.2,5.894337
PLAB.O,27.16,1.602363
PLBL.O,5.53,2.026123
PLD.N,135.19,128.475569
PLDGP.PK,51.1,128.475569
PLGO.N,24.92,2.06159
PLMR.O,137.56,3.62026
PLNT.K,51.16,3.864273
PLNT.N,51.16,3.864273
PLOW.N,40.11,0.92562
PLPC.O,398.24,1.946876
PLSAY.PK,0.0,1.215673
PLTK.O,2.38,0.907775
PLTR.O,173.31,416.474065
PLUG.O,2.06,2.878222
PLUS.O,92.86,2.422887
PLXS.O,239.63,6.386642
PM.N,194.86,303.711415
PMDIY.PK,24.0,12.385819
PMDKY.PK,17.66,1.250782
PMMAF.PK,26.99,3.710324
PMRTY.PK,19.5,25.96415
PMT.N,9.05,0.789181
PMT_pa.N,22.23,0.789181
PMT_pb.N,21.85,0.789181
PMT_pc.N,17.55,0.789181
PMTU.K,25.82,0.789181
PMTU.N,25.82,0.789181
PMTV.N,25.35,0.789181
PNC.N,242.72,96.831607
PNDRY.PK,15.57,9.306043
PNFP.N,100.09,15.124864
PNFP.O,100.09,15.124864
PNFP_pa.K,25.21,12.63
PNFP_pb.K,26.0,12.63
PNFP_pc.K,25.29,12.63
PNGAY.PK,13.82,137.87414
PNR.N,56.18,8.96846
PNTG.O,40.11,1.401005
PNW.N,95.4,11.562216
PNXGF.PK,12.38,12.528472
POAHY.PK,3.34,5.173536
PODD.O,137.8,9.557009
POET.O,7.43,1.285822
PONY.O,6.71,2.869245
POOL.O,171.76,6.241887
POR.N,48.08,5.65458
POST.K,79.37,3.488852
POST.N,79.37,3.488852
POWI.O,48.51,2.710414
POWL.O,170.7,6.219039
PPAAY.PK,3.95,2.136727
PPC.O,30.25,7.202783
PPCCY.PK,56.39,48.298965
PPERY.PK,10.12,23.329883
PPG.N,105.25,23.397075
PPL.N,33.79,25.42849
PPLC.N,45.88,25.42849
PPRUY.PK,27.59,34.06804
PPTA.O,22.55,2.82091
PR.N,23.76,19.900355
PRA.N,25.0,1.290193
PRAX.O,330.55,9.228952
PRBKY.PK,12.82,15.337962
PRBRY.PK,0.0,2.914576
PRCT.O,21.02,1.203892
PRDIY.PK,0.0,1.663226
PRDO.O,33.06,2.068797
PRDSY.PK,9.89,12.750563
PRG.N,37.38,1.488906
PRGLY.PK,6.0,1.833852
PRGO.K,13.65,1.8942
PRGO.N,13.65,1.8942
PRGS.O,43.13,1.768888
PRH.N,21.52,41.2275
PRI.N,295.4,9.091629
PRIM.K,74.17,3.992744
PRIM.N,74.17,3.992744
PRK.N,188.17,3.388475
PRKS.K,36.72,1.664933
PRKS.N,36.72,1.664933
PRLB.K,78.22,1.871171
PRLB.N,78.22,1.871171
PRLLY.PK,22.4,7.926928
PRM.N,31.21,5.108669
PRMB.K,21.1,7.637012
PRMB.N,21.1,7.637012
PRMRF.PK,22.97,3.364427
PRMRY.PK,20.2,3.364427
PRNDY.PK,14.13,17.905958
PRNSY.PK,0.0,0.99899
PROCF.PK,0.0,0.000233
PROSF.PK,42.5,91.08916
PROSY.PK,8.31,91.08916
PRRFY.PK,13.03,2.263156
PRS.N,20.15,41.2275
PRSKY.PK,0.0,6.033551
PRSU.N,49.87,1.359663
PRU.N,119.5,41.2275
PRVA.O,20.88,2.66709
PRYMY.PK,68.4,41.395704
PS.N,39.97,15.988
PSA.N,295.4,55.196168
PSA_pf.N,18.82,55.196168
PSA_pg.N,18.6,55.196168
PSBTY.PK,0.0,3.02254
PSEC.O,2.2,1.154631
PSEC_pa.K,18.1,1.28
PSGTY.PK,2.06,0.635416
PSHZF.PK,50.87,8.82681
PSIX.O,39.46,0.910163
PSKRY.PK,99.09,4.000183
PSKY.O,10.87,12.195551
PSMMF.PK,15.26,4.710305
PSMMY.PK,29.34,4.710305
PSMT.O,168.76,5.208022
PSN.N,46.94,5.013445
PSNY.O,7.4,1.215673
PSNYW.O,3.98,1.215673
PSO.N,16.11,9.691778
PSPSY.PK,39.4,8.228231
PSTEY.PK,0.0,39.294488
PSTG.K,93.78,31.250052
PSTG.N,93.78,31.250052
PSTVY.PK,13.72,95.074116
PSUS.N,38.43,3.843
PSX.N,257.06,102.572317
PSZKY.PK,32.01,40.262373
PTA.N,17.62,0.973918
PTAIY.PK,5.63,11.464776
PTAUY.PK,13.9,3.1442
PTAXY.PK,0.0,2.605273
PTBRY.PK,10.95,8.126084
PTC.O,136.65,14.827381
PTCAY.PK,8.0,9.175094
PTCCY.PK,0.0,293.178095
PTCT.O,66.48,5.548474
PTEN.O,12.42,4.7368
PTGX.O,147.78,9.56259
PTJSY.PK,3.75,1.205174
PTKFY.PK,8.39,1.956659
PTNDF.PK,0.28,2.811009
PTNDY.PK,13.52,2.811009
PTON.O,4.94,2.168027
PTRN.O,19.97,3.54266
PTRRY.PK,12.34,10.827202
PTWRY.PK,0.0,1.855336
PTXKY.PK,2.9,2.639161
PTY.N,11.24,2.451882
PUBGY.PK,29.21,29.598241
PUGBY.PK,10.11,3.54619
PUK.N,26.64,32.916457
PUMP.K,10.5,1.289651
PUMP.N,10.5,1.289651
PUMSY.PK,2.47,3.710324
PUODY.PK,306.42,6.403514
PUTKY.PK,29.77,5.599975
PUTRY.PK,6.73,36.297907
PVH.N,73.01,3.368523
PVLA.O,151.69,2.185611
PWP.O,14.37,1.351359
PWR.N,622.02,91.642069
PX.N,8.05,0.887419
PXED.K,27.09,0.976523
PXED.N,27.09,0.976523
PYPL.O,54.03,46.220551
PYTCY.PK,10.8,1.738487
PZAKY.PK,22.01,17.698546
PZZA.O,21.82,0.718351
Q.N,117.23,24.525517
QABSY.PK,32.39,9.794486
QBBHY.PK,11.5,6.036536
QBIEY.PK,16.29,24.566817
QBTS.K,16.83,6.389116
QBTS.N,16.8,6.389116
QCOM.O,180.15,189.1575
QCRH.O,102.64,1.680793
QDEL.O,11.12,0.762559
QFIN.O,8.47,1.042511
QGEN.K,41.88,8.648011
QGEN.N,41.88,8.648011
QKIE.PK,3.0,1.571588
QLYS.O,172.91,5.981822
QNTQY.PK,26.03,3.35532
QQQX.O,30.4,1.484334
QRVO.O,107.98,9.526172
QS.N,5.21,3.21939
QSR.N,78.89,27.513899
QTWO.K,61.95,3.862873
QTWO.N,61.95,3.862873
QUBT.O,7.97,1.803984
QUCPY.PK,0.0,43.181451
QURE.O,44.93,3.116633
QXO.N,12.11,12.564012
QXO.O,12.11,12.564012
R.N,241.13,9.24658
RACE.K,409.08,72.404679
RADLY.PK,3.75,6.648659
RAIFY.PK,18.65,24.282674
RAL.N,65.15,7.208197
RAMP.K,37.65,2.288931
RAMP.N,37.65,2.288931
RANJY.PK,22.08,7.80471
RAPP.O,44.0,2.111045
RARE.O,13.61,1.341795
RATIY.PK,36.14,7.608183
RBA.N,84.03,15.607729
RBC.N,478.81,15.158763
RBGLY.PK,13.97,43.910441
RBGPF.PK,69.99,43.910441
RBLAY.PK,5.61,1.319012
RBLX.K,51.29,36.640342
RBLX.N,51.29,36.640342
RBRI.PK,0.06,0.139667
RBRK.K,100.2,20.771904
RBRK.N,100.2,20.771904
RBSFY.PK,8.08,4.262441
RBSPF.PK,9.12,73.349062
RCAT.O,7.8,1.191172
RCL.N,255.34,68.291215
RCRRF.PK,106.74,158.097114
RCRUY.PK,21.45,158.097114
RCUS.K,24.07,3.064914
RCUS.N,24.07,3.064914
RCWBY.PK,0.0,6.140034
RCWLY.PK,32.0,6.140034
RDDT.K,162.38,31.241345
RDDT.N,162.38,31.241345
RDEIF.PK,17.44,9.218605
RDEIY.PK,8.44,9.218605
RDN.N,35.85,4.743002
RDNT.O,75.49,5.940894
RDW.N,10.49,2.622422
RDWR.O,29.5,1.241433
RDY.N,11.91,10.172341
REAL.O,9.76,1.186902
RECCY.PK,0.0,7.199859
REG.O,74.53,13.647974
REGMY.PK,0.0,8.27863
REGN.O,793.74,81.719492
RELX.K,35.72,61.410257
RELX.N,35.72,61.410257
RELY.O,22.25,4.70997
REMYY.PK,4.9,2.631263
RENGY.PK,18.0,2.678077
RENZY.PK,8.0,2.661894
REPYY.PK,32.76,36.016075
RERE.K,3.96,0.869244
RERE.N,3.96,0.869244
RES.N,6.1,1.352108
REVG.K,63.9,3.118713
REX.N,41.93,1.391055
REXR.K,38.43,8.569434
REXR.N,38.43,8.569434
REXR_pb.K,21.9,8.08
REXR_pc.K,20.96,8.08
REYN.O,21.83,4.601567
REZI.K,19.43,2.950395
REZI.N,19.43,2.950395
RF.N,30.03,25.583443
RF_pc.N,24.48,25.583443
RGA.N,249.05,16.26338
RGC.O,5.74,2.844022
RGEN.O,168.0,9.481184
RGKJY.PK,0.0,6.933635
RGKUY.PK,10.37,2.350138
RGLD.O,248.34,21.041316
RGLXY.PK,3.56,5.743047
RGNLY.PK,0.0,2.69574
RGRNF.PK,5.36,4.20927
RGRSY.PK,19.65,4.20927
RGTI.O,15.27,5.096649
RH.N,134.17,2.540262
RHHBY.PK,54.8,359.224386
RHHMY.PK,7.97,1.770673
RHHVF.PK,443.72,359.224386
RHI.N,38.73,3.964474
RHLD.N,127.38,0.99606
RHLD.O,127.38,0.99606
RHP.N,122.2,8.429766
RICFY.PK,15.06,12.69711
RICOY.PK,10.7,6.029806
RIG.N,5.45,6.086996
RINIY.PK,15.04,3.214278
RIO.N,97.64,167.111972
RIOCF.PK,14.89,4.339672
RIOT.O,20.95,7.861675
RIOYY.PK,0.0,1.403413
RITM.K,9.77,5.455637
RITM.N,9.77,5.455637
RITM_pa.K,25.22,5.34
RITM_pb.K,25.08,5.34
RITM_pc.K,24.47,5.34
RITM_pd.K,24.74,5.34
RITM_pe.K,24.7,5.34
RITPF.PK,35.4,4.277324
RIVN.O,15.86,22.96307
RJF.N,170.8,32.85538
RKAGY.PK,8.16,1.121157
RKGRY.PK,9.69,4.867037
RKLB.O,62.55,37.433657
RKT.N,13.44,38.057274
RKUNY.PK,4.76,10.4282
RL.N,341.43,20.343164
RLAY.O,19.06,4.176839
RLI.N,61.34,5.629354
RLJ.N,10.92,1.663945
RLJ_pa.N,25.04,1.663945
RLLCF.PK,0.0,159.954652
RLTQY.PK,0.0,11.620997
RLX.N,1.75,2.138945
RLXXF.PK,35.5,61.410257
RMBS.O,80.39,8.719228
RMD.N,222.99,32.166822
RMGGY.PK,7.69,2.068335
RMLRF.PK,2.7,5.118279
RMVEY.PK,13.46,4.887439
RMYHY.PK,8.91,8.756076
RNA.O,10.21,0.174649
RNECY.PK,10.05,38.693975
RNG.N,72.32,6.039166
RNLSY.PK,6.77,10.069827
RNMBY.PK,230.77,53.84936
RNP.N,19.51,0.936482
RNR.N,330.62,13.737887
RNSHY.PK,37.0,4.821411
RNST.K,40.99,3.746669
RNST.N,40.99,3.746669
RNW.O,6.83,2.754262
ROAD.O,96.91,5.500181
ROCK.O,45.01,1.336072
ROG.N,132.0,2.35862
ROHCY.PK,28.76,11.667859
ROIV.O,41.02,29.62969
ROK.N,418.85,46.512738
ROKU.O,157.45,23.382999
ROL.N,35.31,16.989244
RONB.N,23.59,0.33696
ROOT.O,54.33,0.841748
ROP.O,394.61,39.027274
ROST.O,230.04,73.486993
ROYUY.PK,10.37,3.236073
RPGRY.PK,28.08,14.820442
RPM.N,100.81,12.861755
RPRX.O,59.05,33.953821
RPYTF.PK,104.54,5.085268
RQI.N,11.69,1.57251
RRC.N,40.88,9.552819
RRR.O,54.75,5.749636
RRX.N,153.87,10.246491
RS.N,384.23,19.616692
RSG.N,225.85,69.158201
RSGPY.PK,0.0,4.616102
RSHGY.PK,32.93,38.249423
RSI.N,26.22,6.077097
RSMDF.PK,22.61,32.166822
RTMVY.PK,13.46,4.887439
RTO.N,22.55,11.292482
RTX.N,195.34,263.271076
RUM.O,8.0,3.200153
RUMBW.O,1.89,0.0
RUN.O,8.33,2.006255
RUSHA.O,48.63,5.775914
RUSHB.O,52.6,5.775914
RUSMY.PK,0.0,3.01712
RVI.N,27.38,0.391534
RVLV.K,20.49,1.45654
RVLV.N,20.49,1.45654
RVMD.O,205.11,43.962543
RVT.N,17.55,2.180565
RVTY.K,128.49,14.337737
RVTY.N,128.49,14.337737
RWEOY.PK,66.47,51.696995
RXEEY.PK,41.21,12.145535
RXO.N,19.46,3.209462
RXRX.O,3.41,1.825517
RY.N,205.16,285.128202
RYAAY.O,53.16,26.742626
RYAN.K,39.69,10.153289
RYAN.N,39.69,10.153289
RYCEF.PK,19.04,159.954652
RYCEY.PK,19.01,159.954652
RYDAF.PK,48.27,278.219542
RYHTY.PK,6.11,1.145673
RYKKY.PK,13.79,14.830831
RYN.N,20.25,6.025738
RYTM.O,102.44,7.053207
RYZ.N,23.97,1.244011
RZB.N,25.34,16.26338
RZC.N,25.53,16.26338
RZLLY.PK,0.0,0.889166
RZLV.O,2.29,0.95463
S.N,22.61,7.869391
SA.N,29.61,3.209925
SAABY.PK,29.52,31.652165
SAAYY.PK,0.0,9.621491
SAEYY.PK,6.1,1.253004
SAFE.K,13.85,0.980805
SAFE.N,13.85,0.980805
SAFRF.PK,373.51,156.038635
SAFRY.PK,93.25,156.038635
SAFT.O,103.3,1.516494
SAGXY.PK,0.0,6.471557
SAH.N,76.29,2.411893
SAIA.O,351.03,9.363602
SAIC.O,132.01,5.530907
SAIL.O,19.88,11.349723
SALRY.PK,15.34,8.360887
SAM.N,171.34,1.763377
SAN.N,14.74,215.624085
SANA.O,3.2,0.957954
SANM.O,196.04,10.507226
SAP.N,218.28,264.218559
SAPGF.PK,219.59,264.218559
SAPMY.PK,0.93,9.621491
SAPUY.PK,0.0,11.348893
SARO.K,23.6,7.809699
SARO.N,23.6,7.809699
SATS.O,93.89,27.274173
SAUHY.PK,11.66,18.628186
SAXPY.PK,21.73,29.015397
SBAC.O,183.07,19.42155
SBAGY.PK,18.58,14.643594
SBCF.O,34.36,3.326831
SBCLY.PK,16.0,4.46997
SBET.O,9.15,1.987596
SBFFF.PK,41.45,6.991827
SBFFY.PK,41.7,6.991827
SBGI.O,14.39,1.040657
SBGSF.PK,315.75,182.563138
SBGSY.PK,63.01,182.563138
SBH.N,16.01,1.498893
SBHMY.PK,14.54,13.042595
SBKJY.PK,0.0,96.300565
SBLK.O,30.83,3.442829
SBNC.PK,13000.0,0.987259
SBNCM.PK,11.75,0.987259
SBNCN.PK,12.0,0.987259
SBR.N,73.82,1.076247
SBRA.O,20.5,5.236986
SBS.N,5.22,18.368283
SBSI.N,32.17,0.958923
SBSI.O,32.17,0.958923
SBSNY.PK,25.49,5.392896
SBSW.K,11.91,8.408844
SBSW.N,11.91,8.408844
SBUX.O,99.07,112.9398
SCABY.PK,11.27,8.465411
SCBFF.PK,31.4,67.794528
SCBFY.PK,62.5,67.794528
SCBXY.PK,0.0,15.332818
SCCO.K,188.35,159.032133
SCCO.N,188.35,159.032133
SCCTY.PK,43.0,6.189624
SCGLY.PK,17.01,63.958323
SCGPY.PK,3.32,3.305923
SCHW.K,107.31,185.575015
SCHW.N,107.31,185.575015
SCHYY.PK,16.74,13.415525
SCI.N,81.28,11.07778
SCL.N,61.11,1.389186
SCMWY.PK,80.59,41.861759
SCRNY.PK,15.51,15.0394
SCRYY.PK,4.0,6.849201
SCSXY.PK,0.0,0.0
SCTAY.PK,0.0,5.521888
SCTBY.PK,15.86,8.593626
SCVPY.PK,7.4,9.621785
SCZMF.PK,8.97,0.831719
SDGR.O,20.75,1.552217
SDHC.K,10.76,0.546913
SDRL.K,46.87,2.931317
SDRL.N,46.87,2.931317
SDVKY.PK,37.91,47.61343
SDXAY.PK,13.04,9.645399
SDXOF.PK,67.3,9.645399
SDZNY.PK,81.32,35.853449
SDZXF.PK,80.4,35.853449
SE.N,108.68,61.616857
SEB.N,4274.0,4.084388
SEBYY.PK,5.47,3.683965
SECYF.PK,18.0,3.878068
SECYY.PK,0.0,3.878068
SECZ.N,8.21,1.340411
SEDG.O,35.33,2.173705
SEE.N,42.15,6.211799
SEGSY.PK,24.24,2.750186
SEGXF.PK,12.74,17.038316
SEI.N,61.11,4.898919
SEIC.O,105.51,12.663224
SEKEY.PK,9.99,7.544942
SEM.N,16.51,2.046298
SEMR.K,12.0,1.814169
SEMR.N,12.0,1.814169
SEMUF.PK,70.0,1.3776
SENEL.PK,27.5,1.264572
SENEM.PK,178.0,1.264572
SEOAY.PK,11.81,9.272919
SEPN.O,39.55,1.846073
SERV.O,4.43,0.384114
SEZL.O,121.57,4.093871
SF.N,77.97,11.773605
SFB.N,19.38,11.773605
SFBS.K,42.3,4.625294
SFBS.N,42.3,4.625294
SFD.O,20.31,7.997417
SFDMY.PK,124.0,5.065647
SFEGY.PK,13.74,2.044554
SFFLY.PK,7.99,7.582818
SFGYY.PK,5.26,7.222774
SFHOY.PK,14.69,22.165527
SFL.N,13.04,1.961678
SFM.O,75.09,7.001964
SFNC.O,23.25,3.359946
SFRGY.PK,4.95,1.648317
SFSHY.PK,0.0,1.574254
SFTBF.PK,36.97,217.216889
SFTBY.PK,18.37,217.216889
SFTCY.PK,0.0,4.948431
SG.N,7.25,0.86305
SGAMY.PK,5.34,4.673131
SGAPY.PK,35.12,57.43208
SGBAF.PK,5.2,2.445308
SGBLY.PK,19.29,31.898962
SGDH.PK,1.0,5.000248
SGGKY.PK,84.26,25.18499
SGHC.K,13.89,7.057187
SGHC.N,13.89,7.057187
SGHDY.PK,9.65,6.245868
SGHIY.PK,15.26,1.901965
SGI.N,68.12,15.683894
SGIHY.PK,0.0,3.29698
SGIOY.PK,9.37,16.536474
SGLA.PK,17.5,2.836632
SGML.O,8.91,1.002984
SGMMY.PK,0.0,2.785211
SGOV.N,100.53,109.547541
SGPIY.PK,0.0,12.17503
SGPYY.PK,54.64,12.34323
SGRY.O,14.04,1.838092
SGSOY.PK,11.28,22.624775
SHAK.K,63.51,2.718161
SHAK.N,63.51,2.718161
SHALY.PK,10.08,1.840729
SHANY.PK,25.19,0.791348
SHC.O,18.52,5.285141
SHCAY.PK,1.01,2.916572
SHCO.K,8.99,1.758889
SHECY.PK,18.55,74.337151
SHEL.K,96.45,278.219542
SHEL.N,96.45,278.219542
SHG.N,84.11,40.104809
SHGKY.PK,2.5,0.999226
SHILY.PK,0.0,10.941755
SHKLY.PK,273.96,14.560634
SHLRF.PK,300.82,32.620522
SHLS.O,7.05,1.186515
SHMUY.PK,64.25,11.099957
SHMXY.PK,11.55,7.406576
SHNDY.PK,15.24,32.620522
SHNTY.PK,0.0,0.959173
SHNWF.PK,7.93,12.759403
SHNXY.PK,18.1,1.109006
SHO.N,10.99,2.043524
SHO_ph.N,22.35,2.043524
SHO_pi.N,21.7,2.043524
SHOO.O,42.34,3.098318
SHOP.O,133.89,172.268756
SHOUY.PK,0.0,1.905247
SHPHY.PK,4.39,0.85433
SHPMY.PK,7.24,8.104058
SHTDY.PK,9.7,6.107855
SHTPY.PK,6.55,3.930453
SHV.N,110.16,21.163939
SHV.O,110.16,21.163939
SHW.N,324.5,78.77502
SHWDY.PK,98.95,16.732407
SHWGY.PK,1.5,1.818373
SHZHY.PK,4.69,6.794926
SHZNY.PK,36.13,2.82973
SIAMY.PK,0.0,1.093278
SICCY.PK,0.0,6.498016
SID.N,1.18,1.635055
SIEGY.PK,151.58,236.397815
SIELY.PK,8.5,13.29636
SIETY.PK,100.5,10.46129
SIFY.O,13.56,0.982213
SIG.N,100.75,3.860462
SIGCY.PK,15.62,5.983655
SIGEY.PK,0.0,10.184678
SIGI.O,89.42,5.326671
SIGIP.O,15.3,5.326671
SII.N,131.68,3.383899
SILA.K,30.36,1.67712
SILA.N,30.36,1.67712
SILXY.PK,16.25,0.909206
SIM.N,29.2,5.11046
SIMO.O,236.81,8.047673
SIND.N,15.37,2.440616
SINGF.PK,5.3,16.517026
SINGY.PK,10.38,16.517026
SION.O,8.26,0.373454
SIRI.O,29.37,9.899655
SITE.K,89.34,3.900173
SITE.N,89.34,3.900173
SITIY.PK,58.67,15.904
SITM.O,558.35,16.790163
SJM.N,121.3,12.957652
SJMHF.PK,0.19,1.281326
SJMHY.PK,0.74,1.281326
SKBBY.PK,0.0,14.665655
SKBSY.PK,27.08,10.844342
SKE.N,30.59,3.850982
SKFRY.PK,27.24,12.405582
SKHHY.PK,13.53,6.748836
SKHSY.PK,21.9,14.284467
SKLTY.PK,17.79,3.168922
SKM.N,36.32,14.426508
SKNGY.PK,0.0,1.730138
SKPJY.PK,26.1,3.803899
SKSUY.PK,83.1,6.630364
SKT.N,36.37,4.178149
SKWD.O,58.35,2.590535
SKY.N,83.76,4.546504
SKYT.O,32.46,1.597181
SKYW.O,97.08,3.769454
SLAB.O,219.28,7.316663
SLB.N,53.32,79.134517
SLCJY.PK,3.37,1.680209
SLDE.O,26.23,3.063971
SLDP.O,2.46,0.561326
SLF.N,80.23,44.813334
SLFPY.PK,13.5,6.141212
SLG.N,51.98,3.682778
SLG_pi.N,21.25,3.682778
SLGN.K,39.02,4.123712
SLGN.N,39.02,4.123712
SLI.N,2.1,0.514948
SLLDY.PK,9.99,11.0325
SLM.O,26.4,4.9618
SLMBP.O,73.87,4.9618
SLNLY.PK,17.5,1.22216
SLNO.O,53.01,2.762889
SLOIY.PK,72.17,5.125707
SLSR.K,7.33,1.226324
SLTCY.PK,8.5,2.591134
SLVM.K,35.25,1.401549
SLVM.N,35.25,1.401549
SLVYY.PK,2.94,3.165658
SM.N,39.03,9.283444
SMA.N,32.21,1.783432
SMAWF.PK,300.23,236.397815
SMBMY.PK,15.41,5.735348
SMCAY.PK,21.68,28.02864
SMCI.O,36.74,24.136908
SMCIP.PK,62.31,24.136908
SMDPY.PK,10.45,4.585959
SMECF.PK,453.2,28.02864
SMERY.PK,30.8,131.905567
SMFG.K,27.24,174.038739
SMFG.N,27.24,174.038739
SMFNF.PK,43.19,174.038739
SMFSY.PK,8.49,5.072131
SMG.N,55.91,3.255096
SMGZY.PK,33.96,9.740872
SMHRY.PK,2.21,7.580604
SMMNY.PK,22.52,50.784292
SMMT.O,18.42,14.694548
SMMYY.PK,15.22,18.076911
SMNNY.PK,11.56,10.070933
SMNR.PK,0.5,0.115105
SMPHY.PK,0.0,8.081678
SMPL.O,9.94,0.879298
SMPNY.PK,22.62,42.39746
SMR.N,8.51,3.656945
SMSEY.PK,8.09,2.187582
SMSMY.PK,17.7,3.358851
SMSSY.PK,8.8,1.524373
SMTC.O,147.05,13.723533
SMTGY.PK,6.72,2.309914
SMTOY.PK,6.25,41.522358
SN.N,169.62,23.894633
SNA.N,377.78,19.541473
SNAP.K,5.84,9.876595
SNAP.N,5.84,9.876595
SNBOY.PK,2.81,0.481958
SNCHQ.PK,0.0,1.374701
SNCHY.PK,0.0,1.374701
SNCPF.PK,66.08,1.621468
SNDA.N,39.83,1.913751
SNDFY.PK,45.4,7.03396
SNDK.O,1551.99,227.240825
SNDR.K,34.13,5.98302
SNDR.N,34.13,5.98302
SNDX.O,18.35,1.638602
SNEJF.PK,24.91,147.170889
SNEVY.PK,0.0,1.64221
SNEX.O,68.53,8.265865
SNFRY.PK,8.43,1.150933
SNHIY.PK,9.97,26.996689
SNIRY.PK,11.56,1.67257
SNLAY.PK,6.99,12.369688
SNMCY.PK,14.14,15.052519
SNMRY.PK,12.55,21.196846
SNMSF.PK,14.07,0.469219
SNN.N,28.4,11.869305
SNOW.K,332.35,117.25308
SNOW.N,332.35,117.25308
SNPHY.PK,11.18,3.658667
SNPMF.PK,0.61,92.155443
SNPRY.PK,0.0,3.028256
SNPS.O,381.43,73.095966
SNPTF.PK,8.35,9.210692
SNROY.PK,16.05,10.280209
SNWGF.PK,11.83,2.238606
SNX.N,261.12,20.878829
SNY.O,43.33,105.660211
SO.N,87.0,100.081578
SOAGY.PK,52.7,17.703405
SOBKY.PK,16.19,80.430271
SOBO.K,35.73,7.474821
SOC.N,4.82,0.924811
SOFI.O,17.65,22.796216
SOHGY.PK,9.95,4.123736
SOHVY.PK,9.14,4.453863
SOJC.N,19.07,100.081578
SOJD.N,17.81,100.081578
SOJE.N,16.13,100.081578
SOJF.N,23.9,100.081578
SOLS.O,57.78,9.180632
SOLV.K,89.82,15.289495
SOLV.N,89.82,15.289495
SOMLY.PK,10.41,19.576891
SOMMY.PK,17.96,6.021989
SOMN.N,46.28,100.081578
SON.N,48.32,4.77764
SONO.O,15.58,1.84302
SONVY.PK,56.23,16.775291
SONY.K,24.47,147.170889
SONY.N,24.47,147.170889
SOTDY.PK,11.0,2.389805
SOTGY.PK,87.5,9.210692
SOUHY.PK,17.56,15.854443
SOUN.O,6.47,3.149416
SPASY.PK,34.39,4.566267
SPB.N,85.45,1.964974
SPDTY.PK,17.8,1.976473
SPG.N,204.97,66.319994
SPG_pj.N,55.78,66.319994
SPGI.K,418.54,123.385592
SPGI.N,418.54,123.385592
SPGNY.PK,11.36,4.639051
SPH.N,16.93,1.129441
SPHR.K,147.4,5.293666
SPHR.N,147.4,5.293666
SPIIY.PK,12.54,8.556095
SPIR.N,11.34,0.460658
SPKKY.PK,5.88,2.208828
SPKOY.PK,18.5,1.214122
SPNT.K,24.62,2.859983
SPNT.N,24.62,2.859983
SPNT_pb.K,0.0,2.36
SPOT.K,556.31,114.340734
SPOT.N,556.31,114.340734
SPPSY.PK,12.09,3.793037
SPRPY.PK,11.25,1.067507
SPRRY.PK,0.0,1.982936
SPRY.O,4.5,0.447513
SPSC.O,83.03,2.989094
SPXC.K,183.19,9.175229
SPXC.N,183.19,9.175229
SPXCY.PK,36.07,19.375998
SPXSY.PK,46.3,6.706469
SPXX.N,19.02,2.621241
SQM.N,69.73,19.789447
SQNNY.PK,10.09,7.151268
SR.N,81.36,4.809418
SRAD.O,13.2,3.956797
SRALY.PK,0.0,3.529556
SRAWY.PK,17.3,1.11605
SRCE.O,87.37,2.104029
SRE.N,82.99,54.26719
SREA.N,19.88,54.26719
SREDY.PK,43.42,9.153066
SRGHY.PK,19.47,11.52838
SRHBY.PK,8.1,1.503288
SRJN.N,21.82,4.809418
SRPT.O,20.92,2.209717
SRRK.O,51.85,6.314567
SRTOY.PK,21.47,20.770563
SRTTY.PK,7.34,6.652189
SRUUF.PK,19.15,6.605695
SSAAY.PK,5.44,10.419083
SSB.N,106.11,10.289968
SSD.N,171.59,7.032562
SSDOY.PK,22.55,9.003517
SSEZY.PK,31.36,37.892228
SSHBY.PK,0.0,9.506741
SSII.O,3.38,0.678305
SSL.N,14.5,9.647529
SSLZY.PK,6.39,20.323462
SSMR.N,16.62,2.388736
SSMXY.PK,11.74,7.467748
SSNC.O,81.22,19.058679
SSPGY.PK,0.0,1.863418
SSPPF.PK,2.54,1.863418
SSREY.PK,42.45,50.684424
SSRLY.PK,0.0,1.595732
SSRM.O,34.81,7.098083
SSSGY.PK,43.93,17.703405
SSUMY.PK,11.76,56.369833
ST.N,41.38,6.022274
STAA.O,23.07,1.156822
STAEY.PK,11.2,2.828722
STAG.K,36.98,7.130052
STAG.N,36.98,7.130052
STBA.O,50.53,1.781965
STBFY.PK,14.6,9.074385
STC.N,67.02,2.045598
STCAY.PK,0.0,2.306671
STDN.N,12.29,1.924009
STE.N,213.66,20.831874
STEL.K,39.32,2.002202
STEL.N,39.32,2.002202
STEP.O,51.41,6.203988
STEW.K,18.29,1.763915
STEW.N,18.29,1.763915
STGW.O,8.8,2.151384
STHRF.PK,31.92,6.883221
STJNY.PK,0.0,2.693561
STJPF.PK,14.05,7.758765
STK.N,51.43,0.910057
STLA.K,5.26,15.289453
STLD.O,234.53,33.614736
STM.N,47.78,44.109799
STMZF.PK,19.75,20.983213
STN.N,70.43,7.943107
STNE.O,9.93,2.289815
STNG.K,85.46,4.279952
STNG.N,85.46,4.279952
STOHF.PK,45.44,109.219813
STOK.O,29.6,1.909977
STOSF.PK,6.0,20.323462
STRA.O,82.73,1.837231
STRC.O,98.91,53.32596
STRD.O,75.34,53.32596
STRF.O,104.35,53.32596
STRK.O,75.67,53.32596
STRL.O,472.87,14.464393
STRNY.PK,39.88,11.906844
STRV.N,0.0,0.0
STT.N,188.16,51.687884
STT_pg.N,19.96,51.687884
STUB.K,6.09,2.326928
STUB.N,6.09,2.326928
STVN.K,21.32,5.82305
STVN.N,21.32,5.82305
STWD.K,15.44,5.715409
STWD.N,15.44,5.715409
STX.O,805.55,184.503878
STZ.N,125.0,21.347304
SU.N,68.72,81.3726
SUBCY.PK,33.0,10.037587
SUEZY.PK,7.36,3.013132
SUGBY.PK,80.02,3.210934
SUHJY.PK,14.16,40.791429
SUI.N,118.04,14.377385
SUN.N,79.13,16.207773
SUNB.N,73.06,29.937423
SUNC.K,80.94,4.169802
SUNC.N,80.94,4.169802
SUOPY.PK,37.05,6.53642
SUPN.O,41.49,2.41572
SURRY.PK,1.37,1.307718
SURYY.PK,11.14,19.66612
SUTNY.PK,5.86,32.742351
SUZ.N,9.2,11.61002
SUZRY.PK,13.18,6.175707
SVAUF.PK,3.03,1.113003
SVICY.PK,0.0,1.113003
SVJTL.PK,0.0,19.446748
SVKEF.PK,23.18,46.707746
SVLLY.PK,0.0,2.371216
SVM.N,11.45,2.539191
SVMB.PK,1.0,0.555315
SVNBY.PK,21.1,2.65448
SVNDF.PK,12.88,30.790194
SVNDY.PK,13.18,30.790194
SVNLF.PK,15.43,31.232057
SVNLY.PK,7.72,31.232057
SVRA.O,5.34,1.097156
SVTRF.PK,39.99,11.906844
SVV.N,9.86,1.520965
SW.N,43.75,22.947877
SWBKY.PK,0.0,2.184829
SWCXY.PK,0.0,2.561878
SWDBY.PK,40.3,45.820253
SWDHY.PK,16.38,0.946883
SWDR.PK,15.25,4.976944
SWDS.PK,12.27,4.976944
SWGAY.PK,10.7,11.168165
SWK.N,88.89,13.423869
SWKS.O,79.26,11.926473
SWOBY.PK,23.0,16.541116
SWPLY.PK,0.0,17.839122
SWPMY.PK,0.0,12.313536
SWRAY.PK,13.37,15.552605
SWRBY.PK,9.97,15.552605
SWX.N,86.4,6.259322
SWYBY.PK,2.46,1.805972
SXGCF.PK,8.87,2.367395
SXI.N,257.26,3.15953
SXT.N,126.55,5.386324
SXTEY.PK,0.0,3.952408
SXYAY.PK,22.2,35.562652
SXZTY.PK,0.0,3.32135
SYANY.PK,21.13,9.205594
SYBT.O,80.46,2.499622
SYF.N,75.88,24.689139
SYIEY.PK,25.43,14.241407
SYK.N,281.87,108.117734
SYM.O,41.6,25.159751
SYNA.O,95.06,3.71751
SYNSY.PK,9.48,9.583346
SYRE.O,90.8,8.006178
SYXTY.PK,0.0,4.725032
SYXZF.PK,0.0,4.725032
SYY.N,83.54,40.023681
SZGPY.PK,5.86,3.546017
SZHFY.PK,379.77,7.946463
SZKMY.PK,53.09,26.166336
SZLMY.PK,55.65,31.249046
T.N,26.51,181.656744
TAC.N,11.79,3.734698
TAGYY.PK,5.68,2.50539
TAK.N,18.6,59.862488
TAL.N,11.65,6.447516
TALO.K,17.66,2.948598
TALO.N,17.66,2.948598
TAP.N,39.08,6.912537
TAPa.N,42.14,6.912537
TARS.O,79.95,3.908772
TASK.O,8.24,0.755501
TATLY.PK,9.25,23.936361
TATYY.PK,30.19,3.366091
TAVHY.PK,22.4,2.008893
TBABY.PK,43.82,9.057019
TBB.N,19.45,181.656744
TBBB.K,51.45,6.235111
TBBB.N,51.45,6.235111
TBBK.O,50.23,2.048721
TBLA.O,3.91,1.056308
TBN.N,37.57,1.309555
TBNGY.PK,3.75,2.017835
TBPH.O,17.03,0.884176
TBVPY.PK,33.6,8.925309
TCBI.O,98.44,4.279617
TCBIO.O,19.64,4.279617
TCBK.O,53.64,1.71469
TCCPY.PK,5.75,3.250545
TCEHY.PK,55.2,499.805082
TCGGY.PK,36.0,3.092276
TCGLF.PK,39.5,0.807084
TCLXY.PK,0.0,5.528719
TCNNF.PK,11.62,2.237609
TCOM.O,39.08,25.871943
TCTZF.PK,53.81,499.805082
TCYBY.PK,0.0,2.463771
TD.N,120.93,199.550571
TDAY.N,6.59,0.96753
TDBOY.PK,31.46,2.736028
TDC.N,29.37,2.73141
TDG.N,1111.22,61.42438
TDHOY.PK,16.19,15.920229
TDOC.K,6.5,1.180946
TDOC.N,6.5,1.180946
TDS.N,37.71,4.341024
TDW.N,88.58,4.407407
TDY.N,597.11,27.679436
TE.N,4.37,1.286862
TEAM.O,192.77,48.797569
TECH.O,72.27,11.333254
TECK.K,66.25,32.599475
TEF.N,3.81,24.161088
TEGPY.PK,12.05,4.221147
TEICY.PK,0.0,1.069055
TEL.N,203.37,58.878305
TELDY.PK,11.75,6.491587
TELFY.PK,4.25,24.161088
TELNF.PK,14.43,20.031038
TELNY.PK,14.62,20.031038
TEM.O,62.21,11.224846
TEN.N,49.62,1.494932
TENB.O,35.08,3.863711
TEO.N,13.8,1.832963
TEPCY.PK,6.37,4.655774
TER.O,329.2,51.467375
TERN.O,52.95,6.116845
TEVA.K,38.72,44.375385
TEVA.N,38.72,0.0
TEX.N,58.68,6.707124
TEZNY.PK,31.06,20.924692
TFC.N,50.1,61.203472
TFII.K,131.78,10.831525
TFIN.N,66.07,1.578712
TFIN.O,66.07,1.578712
TFPM.K,32.61,6.733086
TFSL.O,17.11,4.798376
TFX.N,130.3,5.521123
TGB.N,7.84,2.864603
TGIOY.PK,0.0,1.89543
TGLS.K,36.75,1.6304
TGLS.N,36.75,1.6304
TGLVY.PK,0.72,1.676704
TGNA.K,20.03,3.243011
TGNA.N,20.03,3.243011
TGONF.PK,14.12,1.955723
TGOPY.PK,8.95,36.566617
TGOSY.PK,37.32,3.922004
TGS.N,29.6,2.177343
TGSGY.PK,14.6,2.93733
TGT.N,158.7,72.096892
TGTX.O,54.0,8.265729
TGVSY.PK,4.9,14.298742
THC.N,264.51,21.298081
THCLY.PK,0.0,9.101211
THDDY.PK,18.2,2.244233
THG.N,231.19,8.050087
THKLY.PK,18.89,4.560295
THLLY.PK,53.14,55.031218
THNBY.PK,72.0,21.471797
THNPY.PK,32.77,5.93088
THNUY.PK,9.85,2.609615
THO.N,73.48,3.825176
THQQF.PK,8.22,1.921005
THR.N,61.14,2.013933
THRM.O,38.23,1.175153
THS.N,24.43,1.233368
THUPY.PK,10.36,2.278248
THYCY.PK,6.5,3.14377
TIAIY.PK,8.85,18.725178
TIC.N,9.43,2.057818
TIGO.O,95.43,15.98848
TIGR.O,4.85,0.87225
TIIAY.PK,8.78,18.725178
TILE.O,34.43,1.99007
TIMB.K,19.12,9.103836
TIMB.N,19.12,9.103836
TINLY.PK,10.45,2.145981
TIPLX.O,24.24,1.706519
TIPMX.O,22.96,1.706519
TIPPX.O,22.73,1.706519
TIPRX.O,24.76,1.706519
TIPWX.O,24.36,1.706519
TISCY.PK,19.29,13.205578
TJX.N,125.99,138.585732
TK.N,14.12,1.238202
TKAMY.PK,17.4,10.789697
TKC.N,5.32,4.639725
TKCBY.PK,47.28,2.734828
TKCM.PK,0.0,0.0
TKCYY.PK,0.0,6.58061
TKECF.PK,3.3,5.631993
TKECY.PK,3.44,5.631993
TKFHY.PK,9.0,1.648268
TKFOY.PK,16.61,6.061883
TKGBY.PK,2.6,11.582425
TKGSY.PK,21.38,13.931548
TKGZY.PK,0.56,11.582425
TKHVY.PK,60.51,8.398586
TKKYY.PK,9.66,2.745591
TKMCY.PK,9.3,5.956052
TKMTY.PK,8.87,5.863355
TKO.N,193.72,36.665329
TKOMF.PK,52.96,103.325531
TKOMY.PK,52.99,103.325531
TKPHF.PK,36.2,59.862488
TKR.N,116.5,8.073082
TKYMY.PK,14.0,1.886954
TKYVY.PK,6.75,7.298897
TLGPY.PK,17.22,38.565274
TLK.N,15.26,15.153674
TLLXY.PK,72.22,36.49669
TLN.O,286.52,13.728393
TLPFY.PK,41.36,4.970665
TLRY.O,4.14,0.569585
TLSNY.PK,9.54,18.989597
TLTZY.PK,8.9,12.304917
TLX.O,11.78,3.979726
TM.N,197.56,287.546158
TMBBY.PK,9.05,8.915747
TMC.O,3.83,1.689549
TMDX.O,85.86,2.977208
TME.N,8.11,12.755476
TMHC.K,72.45,6.665397
TMHC.N,72.45,6.665397
TMHTY.PK,0.0,5.548993
TMICF.PK,38.8,5.56944
TMICY.PK,40.72,5.56944
TMKVY.PK,0.0,4.654278
TMO.N,613.62,226.88433
TMP.N,99.53,1.422182
TMRAY.PK,10.12,2.983793
TMSNY.PK,87.97,6.017765
TMTNY.PK,28.78,11.832122
TMUS.O,182.9,196.191638
TMVWY.PK,3.65,1.241311
TNABY.PK,12.64,19.545108
TNC.N,68.68,1.170946
TNDM.O,16.81,1.169618
TNET.K,68.71,3.154115
TNET.N,68.71,3.154115
TNGX.O,24.54,4.137698
TNISY.PK,6.5,2.274312
TNK.N,100.0,3.468011
TNL.N,66.19,4.051108
TNLIY.PK,5.63,0.952025
TNPGY.PK,20.97,4.28948
TOELF.PK,326.03,155.248841
TOELY.PK,160.97,155.248841
TOIPY.PK,17.85,4.444015
TOKUY.PK,10.42,6.896196
TOL.N,134.23,12.368892
TOMYY.PK,29.15,2.338892
TOPPY.PK,17.3,8.967484
TORXF.PK,49.08,4.520887
TOST.K,33.29,19.24162
TOST.N,33.29,19.24162
TOTDY.PK,36.77,6.170451
TOWN.O,37.35,3.452532
TOYOF.PK,20.37,287.546158
TPB.N,72.17,1.446931
TPC.N,84.51,4.442616
TPG.O,47.98,18.449496
TPH.N,46.95,3.998444
TPL.N,365.27,25.194382
TPR.N,117.91,23.510273
TPRKY.PK,7.78,1.658995
TPZEY.PK,0.0,3.46383
TR.N,38.85,2.921347
TRATY.PK,42.47,20.992344
TRCSY.PK,0.0,1.024158
TREX.K,43.66,4.447434
TREX.N,43.66,4.447434
TRGP.K,287.25,61.595311
TRGP.N,287.25,61.595311
TRI.N,105.74,46.152817
TRIN.N,17.75,1.680811
TRIN.O,17.75,1.680811
TRIP.O,9.23,1.08175
TRKNY.PK,2.75,4.13761
TRLV.N,11.62,2.237609
TRMB.O,58.74,13.696984
TRMD.O,35.34,3.638506
TRMK.O,47.13,2.736866
TRMLF.PK,44.84,17.467323
TRMOY.PK,15.0,17.467323
TRN.N,28.08,2.237119
TRNI.N,25.43,1.680811
TRNO.K,65.14,7.098326
TRNO.N,65.14,7.098326
TRNZ.N,25.49,1.680811
TROLB.PK,39.0,2.921347
TROW.O,105.8,22.568817
TROX.N,4.32,0.689904
TRP.N,61.18,63.89568
TRPCY.PK,0.0,13.486297
TRS.O,38.24,1.371817
TRU.N,78.83,15.103828
TRUMY.PK,14.66,21.816896
TRUP.O,26.15,1.147269
TRV.N,378.05,78.851787
TRVI.O,15.89,2.263941
TRYIY.PK,15.9,12.076809
TS.N,55.14,29.428823
TSAT.O,49.11,2.530475
TSCDF.PK,6.46,40.728605
TSCDY.PK,19.55,40.728605
TSCFY.PK,30.5,3.02816
TSCO.O,33.83,17.626788
TSEM.O,191.12,21.602485
TSGMY.PK,99.98,1.495897
TSGTY.PK,26.9,8.724647
TSHA.O,5.01,1.632426
TSHTY.PK,9.2,1.056947
TSHXY.PK,8.43,5.379906
TSLA.O,358.97,1417.769028
TSLX.K,18.25,1.740012
TSLX.N,18.25,1.740012
TSM.N,418.01,1951.343411
TSN.N,53.16,18.701768
TSRYF.PK,3.78,2.963013
TSRYY.PK,3.6,2.963013
TSUKY.PK,65.17,7.297466
TSYHY.PK,11.52,3.246079
TT.N,426.01,93.732074
TTAM.K,14.23,2.623478
TTAM.N,14.23,2.623478
TTAN.O,58.99,5.690642
TTAPY.PK,16.1,1.207262
TTC.N,93.61,8.861439
TTD.O,14.97,7.034107
TTDKY.PK,18.14,35.657688
TTE.N,91.14,210.456912
TTEK.O,36.71,9.399391
TTI.N,6.47,0.958031
TTMI.O,113.22,11.927598
TTNDY.PK,81.09,29.45011
TTVSY.PK,13.3,3.866727
TTWO.O,222.91,41.679811
TTWSF.PK,0.26,1.207262
TU.N,9.16,14.581235
TUFBY.PK,8.05,1.622229
TUYA.K,1.79,1.097931
TUYA.N,1.79,1.097931
TV.N,2.37,1.425985
TVTX.O,65.79,6.201437
TW.O,104.2,21.983219
TWFG.O,28.13,0.362324
TWLO.K,231.88,35.611022
TWLO.N,231.88,35.611022
TWO.N,12.18,1.280541
TWO_pa.N,25.28,1.280541
TWO_pb.N,25.26,1.280541
TWODY.PK,10.27,3.580983
TWST.O,134.75,8.9296
TX.N,55.96,10.985378
TXG.O,70.11,9.134714
TXN.O,263.42,240.567705
TXNM.K,57.68,6.352054
TXNM.N,57.68,6.352054
TXRH.O,181.12,11.888885
TXT.N,80.58,13.858706
TY.N,34.58,1.847351
TYABY.PK,0.0,7.520605
TYCMY.PK,30.75,8.640058
TYEKF.PK,16.3,10.789697
TYG.N,44.12,1.121102
TYHOY.PK,24.23,46.158424
TYIDF.PK,128.0,41.840017
TYIDY.PK,128.96,41.840017
TYL.N,359.54,14.723981
TYOBY.PK,9.8,0.936074
TYOEY.PK,0.0,1.01573
TYOYY.PK,14.0,7.807344
TYRA.O,25.07,1.496101
TYRRY.PK,29.38,3.724802
TYTMY.PK,0.0,4.521509
U.N,43.45,19.121864
UA.N,4.91,2.135863
UAA.N,5.03,2.135863
UAL.O,108.96,35.366648
UAMY.K,4.73,0.707936
UAMY.N,4.73,0.707936
UAN.N,132.61,1.40164
UATCY.PK,0.0,0.667469
UBER.K,72.63,148.351142
UBER.N,72.63,148.351142
UBS.N,52.99,174.031734
UBSFF.PK,6.1,0.8406
UBSFY.PK,1.18,0.8406
UBSI.O,47.69,6.495978
UCB.N,35.38,4.265961
UCBJY.PK,121.42,47.486072
UCLQF.PK,103.0,33.906403
UCLQY.PK,0.0,33.906403
UCTT.O,66.39,3.005942
UDBKL.PK,0.0,3.740068
UDIRY.PK,27.21,6.087918
UDR.N,35.37,11.363116
UE.N,20.58,2.598111
UEC.N,10.26,5.07739
UELKY.PK,18.82,0.708821
UFGSY.PK,17.53,23.299457
UFPI.O,81.03,4.469736
UFPT.O,277.99,2.153252
UGI.N,37.72,8.09075
UGP.N,7.44,8.313462
UHAL.K,63.49,11.021269
UHAL.N,63.49,11.021269
UHALb.K,55.95,11.021269
UHALb.N,55.95,11.021269
UHBTY.PK,0.0,1.57718
UHS.N,173.25,10.210751
UI.N,552.91,33.466747
UILCY.PK,55.08,3.66429
UL.N,63.57,136.787791
ULCC.O,5.63,1.296115
ULS.N,69.5,14.031923
ULTA.O,548.65,23.458886
UMBF.O,139.77,10.615536
UMBFO.O,25.85,10.615536
UMC.N,21.9,56.632786
UMH.N,15.64,1.335431
UMH_pd.N,21.28,1.335431
UMICY.PK,6.18,6.14414
UNBLF.PK,110.93,15.494635
UNCRY.PK,48.95,147.731195
UNF.N,270.07,4.883993
UNFI.K,45.23,2.727369
UNFI.N,45.23,2.727369
UNH.N,383.55,344.272504
UNICY.PK,3.16,11.795609
UNIT.O,9.72,2.359288
UNIXY.PK,18.35,6.551135
UNLRY.PK,1.8,3.514529
UNM.N,94.92,15.026481
UNMA.N,21.5,15.026481
UNP.N,285.08,169.359043
UNPRF.PK,56.9,23.035193
UNVGY.PK,8.43,31.536979
UOLGY.PK,26.96,5.711382
UOVEY.PK,66.83,55.555344
UPB.O,5.81,0.31822
UPBD.O,18.25,1.063964
UPCHY.PK,94.48,3.913049
UPMMY.PK,29.48,15.583205
UPS.N,102.46,87.171081
UPST.O,26.1,2.539871
UPWK.O,8.7,1.086659
URBN.O,77.01,6.596691
URI.N,993.8,61.856586
URMCY.PK,10.51,15.494635
USA.N,5.89,1.815412
USAC.K,26.69,3.868538
USAC.N,26.69,3.868538
USAR.O,15.71,5.89742
USAS.K,4.81,1.62563
USB.N,62.68,97.658665
USB_ph.N,18.4,97.658665
USDMY.PK,26.23,1.657067
USFD.K,94.8,20.508153
USFD.N,94.8,20.508153
USLM.O,116.43,3.340186
USNMY.PK,0.0,1.657067
USNZY.PK,1.41,1.657067
USPH.K,80.52,1.201576
USPH.N,80.52,1.201576
USSJY.PK,24.98,5.941208
UTF.N,25.2,2.817614
UTG.N,36.69,3.373959
UTGPF.PK,6.69,3.288286
UTHR.O,502.7,21.561151
UTI.N,20.33,1.120086
UTZ.N,14.23,2.048582
UUGRY.PK,35.73,13.255566
UUUU.K,12.34,3.277372
UVE.N,44.7,1.244017
UVRBY.PK,10.9,2.001019
UVV.N,45.12,1.123454
UWMC.K,1.33,2.133491
UWMC.N,1.33,2.133491
UZD.N,18.31,3.310416
UZE.N,16.24,3.310416
UZF.N,16.32,3.310416
V.N,375.28,700.665496
VAC.N,102.4,3.522081
VACNY.PK,69.56,20.832211
VAL.N,81.27,5.643048
VALE.K,14.61,65.060441
VALE.N,14.61,65.060441
VARRY.PK,11.7,14.730807
VBACY.PK,0.0,3.060544
VBREY.PK,14.72,8.77378
VC.O,100.01,2.66981
VCEL.O,39.6,2.027782
VCISY.PK,31.95,75.368961
VCTR.O,109.08,6.709464
VCYT.O,41.21,3.312902
VDMCY.PK,9.75,20.250946
VECO.O,40.9,2.500202
VEDIX.O,49.51,3.737631
VEEV.K,265.67,43.014324
VEEV.N,265.67,43.014324
VEMLY.PK,66.08,3.825442
VEOEY.PK,18.15,26.996903
VEON.O,68.82,4.739027
VERA.O,34.05,2.453757
VERX.O,13.09,2.123433
VET.N,13.29,2.036885
VFC.N,13.07,5.138269
VFS.O,3.13,7.322748
VG.N,15.27,38.176418
VGNT.N,46.08,3.264089
VGTHY.PK,0.0,31.958844
VIA.N,26.77,2.181905
VIA.O,0.0,0.0
VIAAY.PK,12.97,5.104962
VIAV.O,33.82,8.345079
VICI.K,25.04,27.570982
VICI.N,25.04,27.570982
VICR.O,184.73,8.517297
VIK.N,86.42,38.598456
VIPS.K,12.44,5.974566
VIPS.N,12.44,5.974566
VIRDY.PK,100.45,0.732676
VIRT.N,59.93,9.30115
VIRT.O,59.93,9.30115
VISN.O,6.46,1.491
VIST.K,76.41,8.483687
VIST.N,76.41,8.483687
VITCY.PK,0.0,1.270847
VITL.O,10.03,0.430603
VIV.N,11.89,19.114568
VIVHY.PK,1.75,1.793679
VKTX.O,31.53,3.678067
VLEEY.PK,8.29,4.052061
VLKAF.PK,94.03,47.063946
VLKPF.PK,89.14,47.063946
VLMTY.PK,31.39,5.949668
VLO.N,382.95,110.261821
VLOWY.PK,4.29,5.630914
VLPNY.PK,10.0,9.111553
VLRS.K,6.42,0.75745
VLRS.N,6.42,0.75745
VLTO.K,96.3,23.477299
VLTO.N,96.3,23.477299
VLVCY.PK,3.8,5.73938
VLVLY.PK,34.47,70.405646
VLY.O,13.84,7.648056
VLYPN.O,26.1,7.648056
VLYPO.O,25.15,7.648056
VLYPP.O,25.28,7.648056
VMC.N,250.54,32.464657
VMI.N,472.2,9.115754
VMRK.N,66.32,51.317031
VNET.O,6.16,1.753701
VNO.N,35.01,6.537086
VNO_pl.N,17.06,6.537086
VNO_pm.N,17.08,6.537086
VNO_pn.N,16.8,6.537086
VNO_po.N,14.09,6.537086
VNOM.O,44.64,16.03446
VNORP.PK,70.25,6.537086
VNRFY.PK,15.99,10.61446
VNT.N,32.35,4.37372
VOD.O,17.53,40.77979
VODPF.PK,1.71,40.77979
VOLVF.PK,34.28,70.405646
VONOY.PK,10.32,17.609836
VOPKF.PK,54.71,6.352619
VOPKY.PK,55.58,6.352619
VOSSY.PK,7.07,1.262711
VOYA.K,103.14,9.344107
VOYA.N,103.14,9.344107
VOYG.K,33.1,2.020062
VOYG.N,33.1,2.020062
VPG.N,60.49,0.805753
VRDN.O,22.2,2.515088
VRE.N,18.99,1.781984
VRNS.O,47.48,5.453576
VRRM.O,3.63,0.551698
VRSK.O,187.03,24.343079
VRSN.O,298.6,26.96358
VRSUY.PK,5.62,10.691944
VRT.N,237.39,91.392342
VRTS.K,143.52,0.950488
VRTS.N,143.52,0.950488
VRTX.O,519.51,131.675485
VSAT.O,71.64,9.868826
VSCO.K,74.54,5.945611
VSCO.N,74.54,5.945611
VSEC.O,187.61,5.265269
VSGRY.PK,0.0,2.289065
VSH.N,30.8,4.724078
VSNT.O,37.56,5.227924
VST.N,140.73,47.233941
VSTS.N,12.93,1.70883
VSXY.N,74.54,5.945611
VTAGY.PK,5.9,22.484922
VTKLY.PK,6.79,1.57255
VTMX.K,33.43,2.941641
VTMX.N,33.43,2.941641
VTOL.K,41.93,1.242889
VTOL.N,41.93,1.242889
VTR.N,89.1,45.703521
VTRLY.PK,9.5,1.263633
VTRS.O,16.66,19.135524
VTXPY.PK,4.72,1.101603
VVCTY.PK,15.0,3.15053
VVV.N,30.37,3.8748
VVVNF.PK,1.79,1.793679
VVX.N,72.96,2.286957
VWAGY.PK,9.39,47.063946
VWAPY.PK,9.39,47.063946
VWDRY.PK,10.58,31.747599
VWSYF.PK,31.27,31.747599
VYX.N,8.26,1.140457
VZ.N,51.29,213.09842
VZLA.K,3.79,1.344295
W.N,104.79,14.352884
WAB.N,278.42,47.028159
WABC.O,59.95,1.385514
WACLY.PK,129.1,1.368406
WAFD.O,33.61,2.464639
WAFDP.O,16.35,2.464639
WAL.N,79.18,8.638606
WARFY.PK,4.21,7.259463
WAT.N,410.01,40.282708
WAY.O,24.9,4.774536
WB.O,6.64,1.637479
WBD.O,28.1,70.550763
WBHC.PK,377.99,4.694895
WBI.N,31.83,3.929611
WBKCY.PK,12.71,84.656239
WBRBY.PK,4.08,2.235113
WBS.N,77.57,12.568935
WBTN.O,11.18,1.51725
WCC.N,336.73,16.409814
WCN.N,161.03,40.643969
WCPRF.PK,13.42,16.374187
WCRIY.PK,12.75,16.374187
WD.N,40.5,1.390193
WDAY.O,194.21,46.80461
WDC.O,426.94,153.929351
WDFC.O,191.75,2.573495
WDS.N,23.74,45.078377
WEC.N,105.17,34.26958
WEGRY.PK,18.07,9.124587
WEGZY.PK,9.95,41.352967
WELL.K,234.21,168.805675
WELL.N,234.21,168.805675
WEN.O,7.63,1.454812
WERN.O,37.58,2.253942
WES.N,47.88,19.7828
WEX.N,200.75,6.841883
WF.N,80.81,20.239578
WFAFY.PK,25.86,59.027991
WFC.N,88.71,268.258981
WFC_pl.N,1116.6,268.258981
WFC_py.N,20.78,268.258981
WFCNP.PK,2.75,268.258981
WFG.N,70.54,5.382792
WFHG.PK,11.0,0.698593
WFRD.O,84.46,6.124613
WGO.N,28.36,0.801706
WGS.O,89.74,2.676275
WH.N,69.2,5.13541
WHD.N,67.04,5.375228
WHGLY.PK,16.63,10.707255
WHITF.PK,6.17,4.959454
WHR.N,34.0,2.216779
WHREY.PK,14.0,11.776816
WHSMY.PK,2.49,0.748788
WIGBY.PK,26.67,7.820048
WIHLY.PK,6.38,2.385578
WILWY.PK,28.5,8.059185
WILYY.PK,22.65,9.798708
WINA.O,299.47,1.075747
WING.O,114.71,3.124992
WINN.N,33.32,1.188691
WIT.N,1.78,17.352157
WIX.O,83.33,3.48732
WIZEY.PK,14.49,12.327962
WJRYY.PK,19.86,9.099951
WK.N,75.89,4.129667
WKC.N,35.01,1.790818
WLDN.O,81.54,1.242025
WLFC.O,54.06,1.143051
WLK.N,68.96,8.81285
WLMIY.PK,29.23,18.799347
WLTH.O,10.65,1.605476
WLWHY.PK,2.42,2.19885
WLY.N,48.43,2.450857
WLYB.K,48.0,2.450857
WLYB.N,48.0,2.450857
WM.N,218.09,87.173884
WMB.N,71.95,88.0069
WMG.O,29.24,15.298345
WMK.N,72.64,1.797448
WMMVF.PK,2.67,46.052179
WMMVY.PK,26.84,46.052179
WMS.N,125.33,9.450552
WMT.O,109.08,865.41304
WOLF.N,23.96,1.268216
WOR.N,55.25,2.703205
WPC.N,69.19,15.76265
WPKCY.PK,0.0,1.837406
WPLCF.PK,12.13,12.327962
WPM.N,149.67,68.148555
WPP.N,26.04,5.632085
WRB.N,70.87,26.308895
WRBY.K,25.71,3.177963
WRBY.N,25.71,3.177963
WRD.O,5.69,1.942857
WRTBY.PK,6.31,18.460902
WS.N,32.35,1.648123
WSBCO.O,25.25,3.87268
WSC.O,18.48,3.348409
WSFS.O,80.64,4.119946
WSHP.O,5.8,0.140338
WSM.N,229.43,27.022076
WSO.N,311.58,12.858342
WSOb.N,312.46,12.858342
WST.N,355.2,24.997471
WT.N,22.79,3.452961
WTBDY.PK,7.81,5.276574
WTBFA.PK,680.0,1.16188
WTBFB.PK,462.0,1.16188
WTFC.O,151.99,10.254152
WTFCN.O,26.16,10.254152
WTKWY.PK,81.94,19.071168
WTM.N,2057.0,4.909485
WTRG.K,41.61,11.808028
WTRG.N,41.61,11.808028
WTS.N,351.93,11.748497
WTSHF.PK,29.64,1.835857
WTTR.K,20.05,2.776541
WTTR.N,20.05,2.776541
WTW.O,323.71,30.063575
WU.N,7.03,2.192509
WULF.O,15.47,7.719045
WUXAY.PK,25.56,72.139907
WVE.O,4.58,0.902481
WWD.O,324.67,19.170406
WWNTY.PK,21.23,4.249018
WWUEY.PK,8.86,1.552338
WWW.N,19.53,1.602756
WXIBF.PK,6.01,26.039832
WXILY.PK,0.0,6.97629
WXXWY.PK,12.61,26.039832
WY.N,22.23,16.021961
WYGPY.PK,6.84,3.394176
WYNMF.PK,0.7,3.653285
WYNMY.PK,6.99,3.653285
WYNN.O,87.76,9.036989
WZZZY.PK,3.25,1.368724
XEL.O,74.16,46.32288
XENE.O,58.19,5.635145
XERS.O,7.57,1.380165
XERYY.PK,0.0,8.27258
XHR.N,17.65,1.628139
XIACF.PK,3.43,89.256833
XIACY.PK,17.38,89.256833
XIFR.N,11.2,1.055855
XISHY.PK,5.51,2.449257
XMTR.O,85.03,4.874223
XNGSY.PK,25.15,7.091764
XNJJY.PK,12.0,10.837844
XOM.N,165.08,678.794426
XP.O,19.6,10.124294
XPEL.O,46.77,1.289484
XPEV.K,10.71,10.26639
XPEV.N,10.71,10.26639
XPO.N,180.49,21.132936
XPRO.K,17.2,1.932405
XPRO.N,17.2,1.932405
XRAY.O,10.38,2.069293
XTEPY.PK,43.23,1.225797
XTND.N,4.45,1.108637
XVIPY.PK,6.88,0.821598
XXI.N,5.79,3.256135
XYIGY.PK,23.2,4.838007
XYL.N,107.49,25.097497
XYZ.N,79.49,47.757195
XZO.N,16.35,1.472905
YAGOY.PK,48.0,35.474034
YAGZZ.PK,0.0,35.474034
YAHOY.PK,7.2,25.070763
YALA.K,5.48,0.832023
YALA.N,5.48,0.832023
YAMCY.PK,8.03,3.767868
YARIY.PK,24.64,12.65569
YASKY.PK,55.44,7.467125
YATRY.PK,12.31,4.693451
YELP.K,21.83,1.184575
YELP.N,21.83,1.184575
YETI.K,40.83,2.980133
YETI.N,40.83,2.980133
YGSHY.PK,0.0,16.02678
YITYY.PK,1.55,0.985061
YIYU.PK,1.0,2.963345
YKCLY.PK,17.3,4.962746
YKLTY.PK,8.81,5.692654
YLDGY.PK,8.02,0.776665
YMHAY.PK,22.58,11.657314
YMM.N,8.15,8.455986
YMZBY.PK,180.0,5.579524
YOKEY.PK,57.18,7.697275
YORUY.PK,47.98,7.231751
YOU.N,42.24,5.714569
YPF.N,56.33,23.374539
YSS.N,7.71,1.059027
YUEIY.PK,8.2,2.63515
YUM.N,146.33,39.933616
YUMC.K,42.81,14.660633
YUMC.N,42.81,14.660633
YZCAY.PK,16.8,24.613954
Z.O,33.18,7.492304
ZABKY.PK,0.0,8.503346
ZBH.N,96.54,18.413816
ZBIO.O,31.91,2.079789
ZBRA.O,351.81,16.644363
ZD.O,57.35,1.966371
ZEOOY.PK,14.98,3.160438
ZETA.K,31.01,7.783932
ZETA.N,31.01,7.783932
ZFSVF.PK,715.21,110.069513
ZG.O,33.83,7.492304
ZGJLY.PK,0.0,6.68602
ZGN.N,11.63,3.127184
ZHAOY.PK,0.0,9.59369
ZHHJY.PK,5.5,1.544481
ZHJIY.PK,0.0,153.691021
ZHUZY.PK,22.5,7.573548
ZIJMF.PK,4.3,125.483955
ZIJMY.PK,88.18,125.483955
ZIM.N,29.72,3.581844
ZION.O,69.18,10.097053
ZIONP.O,18.05,10.097053
ZJGIY.PK,22.63,54.839242
ZLAB.O,24.58,2.750739
ZLDPY.PK,8.67,3.095652
ZLIOY.PK,8.14,8.074989
ZLNDY.PK,13.07,6.527663
ZM.O,95.36,27.824495
ZNKKY.PK,10.28,2.811569
ZNNGY.PK,3.11,1.328203
ZS.O,191.73,31.262477
ZSHGY.PK,4.0,0.965787
ZSHLY.PK,0.0,12.334335
ZSICY.PK,12.38,20.770669
ZTCOF.PK,2.65,21.362498
ZTO.N,20.9,15.89609
ZTS.N,73.67,30.442183
ZURVY.PK,36.35,110.069513
ZWS.N,46.09,7.644676
ZYME.O,26.85,1.905256
ZZHGY.PK,1.14,2.171887
