№,Название,Тикер,isin,ric,Название ,"Капитал, млрд. $",Биржа,№ ,Сектор, № ,Отрасль,"Объем, млн. шт.","Цена, $",MAX,MIN,CP,MAX ,MIN ,CP , MAX , MIN , CP , MAX  , MIN  , CP  ,  MAX  ,  MIN  ,  CP  ,  MAX   ,  MIN   ,  CP   ,   MAX   ,   MIN   ,   CP   ,Описание
1,US,TEN,BMG9108L1735,TEN.N,Tsakos Energy Navigation Ltd,1.3,NYS,1,Энергия,1,Услуги по транспортировке нефти и газа,0.11,43.17,44.15,36.97,39.93,26.69,18.84,22.2,26.69,13.44,19.9,31.48,13.44,22.27,31.48,13.44,21.28,31.48,6.63,16.94,38.35,6.63,17.73,"Tsakos Energy Navigation Ltd — греческий поставщик услуг по международной морской транспортировке сырой нефти и нефтепродуктов. Компания осуществляет деятельность в сегменте морских перевозок жидких энергоносителей. Флот Компании состоит из 70 судов, представляющих собой танкеры-сырцы, танкеры-продуктовозы и танкеры для перевозки сжиженного природного газа (СПГ) общим дедвейтом более 7 миллионов тонн. В его состав входят танкеры VLCC, Aframax, Panamax, Handysize, Handymax, танкеры-перевозчики СПГ и челночные танкеры DP2, что позволяет компании обслуживать потребности своих клиентов в международной транспортировке нефтепродуктов и сырой нефти."
2,US,TK,BMG8726T1053,TK.N,Teekay Corp Ltd,1.2,NYS,2,Энергия,2,Услуги по транспортировке нефти и газа,0.15,13.62,14.22,12.01,12.91,10.59,7.12,8.57,10.59,4.99,7.54,10.59,4.99,6.88,10.59,3.2,6.15,10.59,1.69,4.73,10.59,1.3,4.72,"Teekay Corporation Ltd. — компания по транспортировке морской энергии. Компания является поставщиком международной сырой нефти, морских перевозок и других морских услуг. Ее бизнес морских услуг в Австралии обеспечивает эксплуатацию, снабжение, техническое обслуживание и инженерную поддержку, а также услуги по набору экипажей и обучению, в основном по долгосрочным контрактам с Австралийским Содружеством на десять судов, принадлежащих правительству Австралии. Он также предоставляет услуги по подбору персонала для стороннего плавучего производственного хранилища и разгрузки (FPSO) в Западной Австралии. Он предоставляет услуги по эксплуатации различных судов по контракту с правительством Австралии: семь судов находятся под управлением в рамках контракта на оказание услуг по поддержке морской пехоты и катер Ocean Shield австралийских пограничных сил. Он эксплуатирует танкеры среднего размера, в том числе суда Suezmax, Aframax и суда большой дальности два (LR2). Его услуги включают коммерческое управление, топливные услуги, а также лихтеровочные услуги и услуги по перевалке судов."
3,US,NAT,BMG657731060,NAT.N,Nordic American Tankers Ltd,1.2,NYS,3,Энергия,3,Услуги по транспортировке нефти и газа,0.77,5.77,6.34,5.31,5.79,3.92,2.6,3.24,3.92,2.14,2.94,4.64,2.14,3.34,4.82,2.14,3.51,4.82,1.4,3.17,16.04,1.4,4.3,"Nordic American Tankers Limited — международная танкерная компания, специализирующаяся исключительно на владении, эксплуатации и фрахтовании танкеров Suezmax. Компания имеет флот из примерно 20 танкеров для сырой нефти Suezmax. Суда Suezmax имеют грузоподъемность в один миллион баррелей нефти. Танкеры Компании, работающие на спотовом рынке, фрахтуются на один рейс. Суда в флоте Компании однородны и взаимозаменяемы, поскольку имеют одинаковую грузоподъемность и способность перевозить одни и те же виды грузов. В число его судов входят Nordic Pollux, Nordic Apollo, Nordic Luna, Nordic Castor, Nordic Freedom, Nordic Sprinter, Nordic Skier, Nordic Vega, Nordic Light, Nordic Cross, Nordic Breeze, Nordic Zenith, Nordic Star, Nordic Space, Nordic Aquarius, Nordic Cygnus, Nordic Tellus, Nordic Hunter и Nordic Harrier."
4,US,KOS,US5006881065,KOS.N,Kosmos Energy Ltd,1.7,NYS,4,Энергия,1,Разведка и добыча нефти и газа,4.7,2.89,3.32,2.33,2.83,2.42,0.84,1.59,4.0,0.84,1.97,6.93,0.84,3.55,8.55,0.84,4.69,8.55,0.84,4.65,9.75,0.5,5.07,"ООО «Космос Энерджи» — компания по глубоководной разведке и добыче. Компания диверсифицировала добычу нефти и газа на месторождениях на шельфе Ганы, Экваториальной Гвинеи, Мавритании, Сенегала и Американского залива. Деятельность компании в Гане включает месторождения Jubilee Fields и TEN Fields. Месторождение Джубили-Филд расположено между блоками Вест-Кейп-Три-Пойнтс и Дипуотер-Тано. Компания имеет доли в добывающих активах месторождения Сейба и комплекса Окуме, расположенных на шельфе Экваториальной Гвинеи. У него также есть интересы в блоках EG-01, EG-24 и S, расположенных в южной части Гвинейского залива. Проект Greater Tortue Ahmeyim представляет собой морской проект по добыче сжиженного природного газа в Мавритании и Сенегале. В Сенегале она имеет доли участия в блоке Cayar Offshore Profond. Ее ключевые месторождения в Американском заливе включают Odd Job, Tornado, Kodiak, Winterfell и Tiberius. Это оператор нефтяного контракта, охватывающего Блок 5 на шельфе Сан-Томе и Принсипи в Гвинейском заливе."
5,US,DEC,US25520W1071,DEC.N,Diversified Energy Co,1.1,NYS,5,Энергия,2,Разведка и добыча нефти и газа,0.21,15.35,17.55,14.61,16.04,16.85,12.33,14.5,17.7,10.08,14.3,17.7,10.08,13.88,18.05,0.0,9.45,18.05,0.0,5.66,18.05,0.0,2.83,"Диверсифицированная энергетическая компания — энергетическая компания, специализирующаяся на добыче, транспортировке, маркетинге и выводе из эксплуатации скважин природного газа и жидкостей. У него есть береговые активы в сфере разведки и добычи и переработки нефти и газа. Ее активы в основном расположены в Аппалачах и Центральных регионах США. Аппалачский регион охватывает Пенсильванию, Вирджинию, Западную Вирджинию, Кентукки, Теннесси и Огайо и состоит из двух продуктивных нетрадиционных сланцевых формаций, а также многочисленных традиционных формаций. Он работает в пределах сланцев Марцеллус и чуть более глубоких сланцев Ютика, а также во многих традиционных пластах. Его Центральный регион включает части Техаса, Луизианы и Оклахомы и является домом для ряда богатых месторождениями природного газа и нефти. Он работает в пьесах Хейнсвилля, Боссье, Коттон-Вэлли, Барнетта и Среднего Континента. Он имеет пермскую базу активов с несколькими зонами в бассейне Северного Делавэра. Ее дочерняя компания Next LVL Energy LLC является поставщиком услуг по выводу активов из эксплуатации."
6,US,SBR,US7856881021,SBR.N,Sabine Royalty Trust,1.1,NYS,6,Энергия,3,Разведка и добыча нефти и газа,0.01,75.8,78.75,72.37,75.35,83.55,65.33,72.03,83.55,58.5,69.15,83.55,58.0,66.13,91.1,55.8,67.34,91.1,28.49,61.55,91.1,22.84,49.87,"Sabine Royalty Trust («Траст») является прямым трастом. Траст получает от Sabine Corporation (Sabine) роялти и права на добычу полезных ископаемых, включая роялти землевладельца, преимущественные права на роялти, полезные ископаемые (кроме исполнительных прав, бонусов и арендной платы за отсрочку), производственные платежи и любые другие аналогичные, не участвующие интересы, в определенных добывающих и доказанных неразработанных нефтегазовых объектах, расположенных во Флориде, Луизиане, Миссисипи, Нью-Мексико, Оклахоме и Техасе (Роялти-свойства). Роялти-недвижимость является единственным активом Траста, за исключением денежных средств, предназначенных для оплаты расходов и обязательств, а также для распределения среди владельцев паев. Роялти-имущество состоит из роялти и прав на добычу полезных ископаемых, включая роялти землевладельца, имеющие преимущественную силу роялти, полезные ископаемые, производственные платежи и любые другие аналогичные, не участвующие интересы. Доверенным лицом траста является Argent Trust Company, зарегистрированная трастовая компания в штате Теннесси."
7,US,PBT,US7142361069,PBT.N,Permian Basin Royalty Trust,1.0,NYS,7,Энергия,4,Разведка и добыча нефти и газа,0.02,22.42,23.72,20.97,22.13,20.44,12.36,16.75,20.44,8.22,13.82,20.44,8.22,13.02,27.7,8.22,16.09,27.7,3.3,14.07,27.7,2.12,10.36,"Permian Basin Royalty Trust является экспресс-трастом. Компания Waddell Ranch Properties имеет интересы в сфере полезных ископаемых на ранчо Уодделл. Ее Waddell Ranch Properties имеет доказанные запасы на шести месторождениях: Дюн, Сэнд-Хиллз (Джадкинс), Сэнд-Хиллз (Макнайт), Сэнд-Хиллз (Табб), Юниверсити-Уодделл (девонский период) и Уодделл. На территории Waddell Ranch находится около 1067 общих (499 чистых) продуктивных нефтяных скважин и 108 общих (51 чистая) газовых скважин. Компания Blackbeard Operating, LLC является оператором собственности на ранчо Уодделл. На шести месторождениях имеется 12 продуктивных зон глубиной от 2800 до 10 600 футов. Плодотворными из этих зон являются Грейбург и Сан-Андрес, добывающие нефть на глубинах от 2800 до 3400 футов. Также продуктивными в Сан-Андресе являются газовое месторождение Сэнд-Хиллз и нефтяное месторождение Сэнд-Хиллз, нефтяное месторождение Дюна (Грейбург/Сан-Андрес) и нефтяное месторождение Уодделл. Нефтяные месторождения Дюна и Уодделл продуктивны как из пластов Грейбург, так и из пластов Сан-Андрес."
8,US,VBREY,US71645Y3053,VBREY.PK,Vibra Energia SA,8.0,PNK,8,Энергия,1,Переработка и маркетинг нефти и газа,0.02,13.79,14.08,12.08,13.41,10.0,6.67,8.28,10.0,0.0,5.62,10.0,0.0,2.8,10.0,0.0,1.87,10.0,0.0,1.12,10.0,0.0,0.56,"Vibra Energia SA, ранее известная как Petrobras Distribuidora SA, — бразильская компания, занимающаяся дистрибуцией нефтепродуктов на внутреннем рынке. Деятельность Компании разделена на пять сегментов: Сеть автозаправочных станций, занимающаяся управлением сетью фирменных автозаправочных станций (принадлежащих Компании или франчайзинговых), которые продают нефтяное топливо, смазочные материалы, природный газ для транспортных средств, биотопливо и товары повседневного спроса; Бизнес-бизнес (B2B), который поставляет топливо, смазочные материалы и сопутствующие товары и услуги правительствам, транспортным компаниям, теплоэлектростанциям, розничным дилерам и другим промышленным и коммерческим клиентам; Aviation Market, который поставляет авиационную продукцию и услуги для аэропортов Бразилии; Энергетика, ориентированная на торговлю и распределенное производство энергии; и Корпоративный, охватывающий корпоративное финансовое управление."
9,US,SMERY,US82621A2033,SMERY.PK,Siemens Energy AG,188.0,PNK,9,Энергия,1,Оборудование и услуги для возобновляемых источников энергии,0.14,218.4,223.2,168.65,202.2,146.99,97.46,119.86,146.99,50.0,96.76,146.99,12.09,62.56,146.99,7.21,47.64,146.99,0.0,38.32,146.99,0.0,19.27,"Siemens Energy AG — немецкая компания. Компания занимается энергетическими технологиями. У компании четыре бизнес-направления: газовые услуги (GS), сетевые технологии (GT), трансформация промышленности (TI) и Siemens Gamesa (SG). Gas Services осуществляет деятельность, связанную с газовыми и паровыми турбинами, например, производство новых газовых и паровых турбин. Грид-технологии требуют роста производства электроэнергии, электрификации, декарбонизации и цифровизации, что включает в себя системы передачи высокого напряжения постоянного тока (HVDC), сетевое соединение для морских ветряных электростанций и многое другое. «Трансформация промышленности» фокусируется на сокращении потребления энергии и выбросов парниковых газов в промышленных процессах. Siemens Gamesa предлагает проектирование, проектирование, производство и установку продукции. Компания также предоставляет услуги, включая управление, эксплуатацию и техническое обслуживание. Региональная разбивка, используемая Siemens Energy для целей отчетности, включает EMEA, Америку, Азию и Австралию."
10,US,CRPHY,US1567761069,CRPHY.PK,Ceres Power Holdings PLC,1.9,PNK,10,Энергия,2,Оборудование и услуги для возобновляемых источников энергии,0.01,5.01,5.11,0.0,2.61,2.93,0.0,0.96,2.93,0.0,0.52,2.93,0.0,0.33,3.32,0.0,0.38,9.72,0.0,0.52,9.72,0.0,0.26,"Ceres Power Holdings plc — британский разработчик технологий экологически чистой энергетики, топливных элементов для производства электроэнергии и электролизеров для экологически чистого водорода. Масштабируемая технология компании включает в себя базовую ячейку, основанную на цериевом керамическом электролите, подложке и межсоединении из нержавеющей стали, и эти элементы объединены в ее технологическую платформу дифференцированного пакета. Ее продукты включают Cell, Stack и Factory. Ее системные продукты включают модуль питания, систему питания, модуль стекового массива и модуль электролизера. Его энергетические приложения включают центры обработки данных, коммерческую энергетику, промышленную энергетику и морское судоходство. Его области применения водорода включают аммиак, нефтеперерабатывающие заводы, экологически чистую сталь и электронное топливо. Технология низкотемпературной твердооксидной платформы обеспечивает как выработку электроэнергии, так и производство экологически чистого водорода с помощью ячеек, твердооксидных топливных элементов (ТОТЭ) и твердооксидных электролизеров (SOEC)."
11,US,INVX,<NA>,INVX.N,Innovex International Inc,1.9,NYS,11,Энергия,1,Нефтяные услуги и оборудование,0.14,27.13,29.0,24.36,26.75,,,,,,,,,,,,,,,,,,,"Innovex International, Inc. разрабатывает, производит, продает и сдает в аренду широкий спектр специализированной продукции для мировой нефтегазовой отрасли. Продукция компании продается и сдается в аренду международным нефтяным компаниям, национальным нефтяным компаниям, независимым компаниям по разведке и добыче, а также транснациональным сервисным компаниям. Продукты, которые она поставляет, применяются на протяжении всего жизненного цикла скважин как для наземных, так и для морских нефтяных и газовых скважин, включая строительство скважин, заканчивание скважин, а также добычу и вмешательство в скважины. Продукция компании включает в себя устьевые устройства для подводных скважин, соединители для подводных устьевых скважин, подводные услуги, унифицированные системы на поверхности/платформе, устьевые устройства для буровых скважин, решения для гидроразрыва, эксплуатационные устья скважин, термические устьевые устройства, расширители и стабилизаторы, инструменты для улучшения бурения, пенетраторы и соединители, зарядные устройства для надежной зарядки, переводники для обсадной флотации, газлифтные системы и другие."
12,US,HNTIY,US4458281064,HNTIY.PK,Hunting PLC,1.0,PNK,12,Энергия,2,Нефтяные услуги и оборудование,0.04,6.84,7.36,0.0,1.54,4.89,0.0,0.46,4.89,0.0,0.26,4.89,0.0,0.19,4.89,0.0,0.19,4.89,0.0,0.18,11.35,0.0,0.17,"Hunting PLC — глобальная компания точного машиностроения со штаб-квартирой в Великобритании. Компания предоставляет продукты и услуги для энергетики, авиации, коммерческого космоса, обороны, медицины и энергетики. Сегменты компании включают «Охотничий Титан»; Северная Америка; подводные технологии; Европа, Ближний Восток и Африка (EMEA) и Азиатско-Тихоокеанский регион. Пять ключевых групп продукции: перфорационные системы, OCTG, современное производство, подводное производство и другое производство. Ее перфорационные системы включают в себя комплексные артиллерийские системы, энергетику и приборы для энергетического сектора. В ассортимент ее продукции входят трубные изделия для нефтедобывающих стран (OCTG), включая соединения премиум-класса, аксессуары и трубки. Ее технологии соединения включают SEAL-LOCK, WEDGE-LOCK и TEC-LOCK, которые подходят для большинства разработок нефти и газа. Ее предложение продукции для подводной эксплуатации включает три подгруппы: гидравлические муфты и клапаны, используемые в подводных елочных системах, и титановые нагруженные соединения."
13,US,NBR,BMG6359F1370,NBR.N,Nabors Industries Ltd,1.5,NYS,13,Энергия,1,Бурение нефти и газа,0.12,99.43,105.34,76.75,89.0,58.89,27.57,42.17,69.0,23.51,41.19,105.7,23.51,58.7,190.65,23.51,77.91,207.67,23.51,93.2,920.0,9.85,196.18,"Nabors Industries Ltd. — поставщик передовых технологий для энергетической отрасли. Компания работает более чем в 20 странах и предоставляет буровые и сопутствующие услуги для наземных и морских нефтяных и газовых скважин, располагая парком буровых установок и сопутствующего бурового оборудования. Ее сегменты включают бурение в США, международное бурение, решения для бурения и технологии буровых установок. Ее платформа RigCLOUD представляет собой периферийную вычислительную систему, предназначенную для поддержки управления рабочими процессами, мониторинга производительности и пользовательских конфигураций. Ее парк включает более 284 активно продаваемых буровых установок для наземных буровых работ в США и различных странах мира, а также 26 активно продаваемых буровых установок для буровых работ на морских платформах в США и на многих международных рынках. Компания предоставляет инструменты для повышения производительности, услуги наклонно-направленного бурения, услуги по спуску труб и технологии для использования на собственном парке буровых установок и буровых установках, эксплуатируемых сторонними организациями."
14,US,BVENY,US10566W1045,BVENY.PK,Brava Energia SA,1.7,PNK,14,Энергия,1,Integrated Oil & Gas,0.18,3.75,4.99,0.0,1.32,3.21,0.0,0.22,3.21,0.0,0.11,3.21,0.0,0.06,3.21,0.0,0.04,3.21,0.0,0.02,3.21,0.0,0.01,"Brava Energia SA, ранее называвшаяся 3R Petroleum Oleo e Gas SA, — это публичная компания со штаб-квартирой в Бразилии, которая занимается интегрированной нефтегазовой отраслью. Компания специализируется на разведке, добыче и коммерциализации нефти и природного газа, включая деривативы, пригодных для эксплуатации активов на сухопутных и морских (морских) месторождениях, включая подсолевые месторождения. Компания представляет собой холдинговую компанию с несколькими действующими дочерними компаниями, работающими в сегменте разведки и добычи, а также в сегментах переработки и переработки нефти и газа. Сегмент разведки и добычи включает деятельность по разведке, добыче и коммерциализации нефти и газа. Сегмент Midstream & Downstream включает в себя транспортировку, обработку, переработку и сбыт нефтегазовой продукции."
15,US,KKR PR D,US48251W5004,KKR_pd.N,KKR & Co Inc,89.9,NYS,1,Финансы,1,Управление инвестициями и операторы фондов,0.02,43.71,45.6,39.36,43.04,59.9,47.26,53.44,59.9,0.0,42.29,59.9,0.0,21.06,59.9,0.0,14.06,59.9,0.0,8.42,59.9,0.0,4.21,"KKR & Co. Inc. — глобальная инвестиционная фирма, предлагающая альтернативное управление активами, а также рынки капитала и страховые решения. Сегменты компании включают управление активами, страхование и стратегические холдинги. Сегмент управления активами предлагает ряд услуг по управлению инвестициями инвестиционным фондам, транспортным средствам и счетам, а также предоставляет услуги на рынках капитала портфельным компаниям и третьим лицам. Сегмент «Управление активами» включает пять бизнес-направлений: «Прямые инвестиции», «Реальные активы», «Кредитные и ликвидные стратегии», «Рынки капитала» и «Основная деятельность». Страховой сегмент управляется Global Atlantic, компанией по пенсионному страхованию и страхованию жизни в США, которая предоставляет набор продуктов по защите, наследству и сбережениям, а также решения по перестрахованию клиентам на индивидуальных и институциональных рынках. Global Atlantic предлагает физическим лицам аннуитеты с фиксированной ставкой и другие. Сегмент стратегических холдингов представляет собой участие компании в основной стратегии прямых инвестиций."
16,US,KKRT,US48251W6093,KKRT.N,KKR & Co Inc,89.9,NYS,2,Финансы,2,Управление инвестициями и операторы фондов,0.01,25.23,25.32,23.58,24.9,26.16,25.26,25.74,26.16,0.0,15.3,26.16,0.0,7.62,26.16,0.0,5.09,26.16,0.0,3.05,26.16,0.0,1.52,"KKR & Co. Inc. — глобальная инвестиционная фирма, предлагающая альтернативное управление активами, а также рынки капитала и страховые решения. Сегменты компании включают управление активами, страхование и стратегические холдинги. Сегмент управления активами предлагает ряд услуг по управлению инвестициями инвестиционным фондам, транспортным средствам и счетам, а также предоставляет услуги на рынках капитала портфельным компаниям и третьим лицам. Сегмент «Управление активами» включает пять бизнес-направлений: «Прямые инвестиции», «Реальные активы», «Кредитные и ликвидные стратегии», «Рынки капитала» и «Основная деятельность». Страховой сегмент управляется Global Atlantic, компанией по пенсионному страхованию и страхованию жизни в США, которая предоставляет набор продуктов по защите, наследству и сбережениям, а также решения по перестрахованию клиентам на индивидуальных и институциональных рынках. Global Atlantic предлагает физическим лицам аннуитеты с фиксированной ставкой и другие. Сегмент стратегических холдингов представляет собой участие компании в основной стратегии прямых инвестиций."
17,US,PS,US71531U1025,PS.N,Pershing Square Inc,13.2,NYS,3,Финансы,3,Управление инвестициями и операторы фондов,0.38,33.0,38.27,0.0,8.28,0.0,0.0,0.0,0.0,0.0,0.0,0.0,0.0,0.0,0.0,0.0,0.0,0.0,0.0,0.0,0.0,0.0,0.0,
18,US,MGRE,US0082528276,MGRE.N,Affiliated Managers Group Inc,8.1,NYS,4,Финансы,4,Управление инвестициями и операторы фондов,0.01,24.1,24.13,22.61,23.66,25.57,23.36,24.57,25.67,22.57,24.35,26.51,0.0,21.95,26.51,0.0,14.66,26.51,0.0,8.78,26.51,0.0,4.38,"Affiliated Managers Group, Inc. — глобальная независимая компания по управлению инвестициями. Компания ориентирована на инвестирование в независимые инвестиционные компании, принадлежащие партнерам, известные как филиалы. Ее филиалы предлагают широкий спектр дифференцированных инвестиционных стратегий, призванных помочь институциональным и состоятельным клиентам в достижении их инвестиционных целей. Ее филиалы также предоставляют управление инвестициями, индивидуальные инвестиционные консультации и фидуциарные услуги состоятельным частным лицам и семьям, а также институциональным клиентам. Он управляет своими активами на различных частных рынках, ликвидных альтернативных и дифференцированных долгосрочных инвестиционных стратегиях. Филиалы Компании работают в самых разных областях с долгосрочными структурными попутными ветрами, долгосрочными капитальными обязательствами и растущим потенциалом для создания и реализации переносимых процентов с течением времени."
19,US,MGRB,US0082528433,MGRB.N,Affiliated Managers Group Inc,8.1,NYS,5,Финансы,5,Управление инвестициями и операторы фондов,0.01,16.79,16.94,15.98,16.62,19.02,16.89,17.72,19.13,16.13,17.67,21.0,16.13,18.51,21.0,16.0,18.34,26.9,16.0,20.27,26.99,0.0,10.81,"Affiliated Managers Group, Inc. — глобальная независимая компания по управлению инвестициями. Компания ориентирована на инвестирование в независимые инвестиционные компании, принадлежащие партнерам, известные как филиалы. Ее филиалы предлагают широкий спектр дифференцированных инвестиционных стратегий, призванных помочь институциональным и состоятельным клиентам в достижении их инвестиционных целей. Ее филиалы также предоставляют управление инвестициями, индивидуальные инвестиционные консультации и фидуциарные услуги состоятельным частным лицам и семьям, а также институциональным клиентам. Он управляет своими активами на различных частных рынках, ликвидных альтернативных и дифференцированных долгосрочных инвестиционных стратегиях. Филиалы Компании работают в самых разных областях с долгосрочными структурными попутными ветрами, долгосрочными капитальными обязательствами и растущим потенциалом для создания и реализации переносимых процентов с течением времени."
20,US,UVE,US91359V1070,UVE.N,Universal Insurance Holdings Inc,1.1,NYS,6,Финансы,1,Страхование имущества и от несчастных случаев,0.08,40.32,41.94,33.18,36.69,35.38,21.88,28.19,35.38,18.64,25.63,35.38,15.64,22.54,35.38,9.99,20.03,35.38,8.15,17.21,47.86,8.15,21.05,
21,US,PRH,US7443208704,PRH.N,Prudential Financial Inc,34.8,NYS,7,Финансы,1,Страхование жизни и здоровья,0.01,23.86,24.17,23.44,23.92,26.11,24.23,25.26,26.11,23.59,25.08,26.95,23.59,25.47,26.95,23.18,25.32,26.95,0.0,16.98,26.95,0.0,8.48,
22,US,PFH,US7443208886,PFH.N,Prudential Financial Inc,34.8,NYS,8,Финансы,2,Страхование жизни и здоровья,0.01,16.86,17.12,16.52,16.92,18.72,17.07,17.86,19.24,16.7,17.81,21.56,16.7,18.85,21.56,16.7,19.08,26.4,16.7,20.84,26.49,0.0,11.26,
23,US,DLICY,US23380Y1073,DLICY.PK,Daiichi Life Group Inc,33.9,PNK,9,Финансы,3,Страхование жизни и здоровья,0.06,18.59,19.58,17.44,18.36,23.11,11.15,15.69,23.11,6.03,15.04,23.11,0.0,13.76,23.11,0.0,12.22,23.11,0.0,9.26,23.11,0.0,4.64,"Daiichi Life Group Inc, ранее Dai-ichi Life Holdings Inc, — японская страховая холдинговая компания, которая в основном работает в страховом бизнесе, владеет отечественными и зарубежными компаниями по страхованию жизни в качестве дочерних компаний и управляет дочерними компаниями. Компания работает в трех бизнес-сегментах. Сегмент внутреннего страхования занимается предоставлением индивидуального страхования, индивидуального аннуитетного страхования, группового страхования, группового аннуитетного страхования и других видов страхования жизни, страхования, не связанного с жизнью, а также бизнеса, связанного со страхованием жизни, такого как приобретение ценных бумаг, недвижимости и денежных требований. Сегмент зарубежного страхования занимается страховым бизнесом за рубежом. Сегмент «Прочие» в основном занимается управлением компаниями группы и нестраховым бизнесом, например бизнесом по управлению активами и новым бизнесом."
24,US,FGSN,US30190A6091,FGSN.N,F&G Annuities & Life Inc,3.9,NYS,10,Финансы,4,Страхование жизни и здоровья,0.01,21.63,21.77,20.49,21.09,24.98,21.93,23.84,25.05,0.0,22.88,25.05,0.0,11.39,25.05,0.0,7.61,25.05,0.0,4.56,25.05,0.0,2.28,"F&G Annuities & Life, Inc. — поставщик страховых решений, обслуживающий розничных аннуитетных и пожизненных клиентов, а также институциональных клиентов. Через свои дочерние компании он продает портфель аннуитетов, включая фиксированные индексированные аннуитеты (FIA), зарегистрированные индексированные аннуитеты (RILA) (называемые индексированными аннуитетами), многолетние гарантийные аннуитеты (MYGA), а также решения по передаче пенсионных рисков (PRT), индексированное универсальное страхование жизни (IUL) и соглашения об институциональном финансировании. Его розничные аннуитеты служат инструментом выхода на пенсию и сбережений, на который полагаются его клиенты для обеспечения основной защиты и предсказуемых потоков доходов. Кроме того, ее продукты по страхованию жизни предоставляют своим клиентам дополнительный продукт, который позволяет им увеличить свои сбережения и обеспечить выплату назначенным бенефициарам в случае смерти страхователя. Ее клиенты ценят ее FIA, которые обеспечивают часть прибыли от базового рыночного индекса, а также обеспечивают принципиальную защиту."
25,US,KGTHY,US50110L1052,KGTHY.PK,Krungthai Card PCL,2.4,PNK,11,Финансы,1,Потребительское кредитование,0.02,9.68,9.85,0.0,4.57,10.93,0.0,4.55,17.27,0.0,5.47,17.27,0.0,5.53,17.9,0.0,6.38,26.25,0.0,7.38,26.25,0.0,4.26,"Krungthai Card Public Company Limited — это таиландская компания, которая занимается кредитными картами, потребительским кредитом и другими сопутствующими видами деятельности. Компания управляет бизнесом по кредитным картам в качестве своего основного бизнеса, включая бизнес, связанный с кредитными картами, торгово-эквайринговый бизнес, платежные услуги, а также бизнес по потребительским кредитам, который включает в себя бизнес по потребительским кредитам под наблюдением и кредит под залог автомобиля. Компания также предлагает ряд финансовых продуктов, охватывающих провинциальный розничный кредитный бизнес, профессиональный розничный кредитный бизнес, бизнес электронных денег, покупку в рассрочку и лизинговый бизнес, а также холдинговый бизнес. Ее бизнес по выпуску кредитных карт состоит из двух компонентов: выпуска карт и бизнеса по приему торговых операций. Компания предлагает различные типы кредитных карт, такие как универсальная кредитная карта, совместная кредитная карта, кредитная карта Affinity, кредитная карта государственных услуг и корпоративная кредитная карта. Его услуги включают оплату товаров и услуг вместо наличных и выдачу наличных."
26,US,AGBK,KYG0118C1050,AGBK.N,Agi Inc,1.1,NYS,12,Финансы,2,Потребительское кредитование,0.11,6.89,8.2,6.4,7.27,0.0,0.0,0.0,0.0,0.0,0.0,0.0,0.0,0.0,0.0,0.0,0.0,0.0,0.0,0.0,0.0,0.0,0.0,"AGI Inc — бразильская компания, занимающаяся преимущественно финансовым сектором. Компания специализируется на предоставлении специализированных финансовых услуг, которые позволяют клиентам получить доступ к пособиям по социальному обеспечению, выходным пособиям и заработной плате в государственном или частном секторе посредством решений обеспеченного кредитования, а также дополнительных банковских, кредитных и страховых продуктов, адаптированных к их потребностям."
27,US,RZC,US7593518852,RZC.N,Reinsurance Group of America Inc,14.1,NYS,13,Финансы,1,Перестрахование,0.01,25.39,25.6,25.07,25.39,26.29,25.15,25.67,26.73,24.75,25.75,27.33,24.75,26.02,29.2,24.75,26.0,29.2,0.0,16.79,29.2,0.0,8.38,"Reinsurance Group of America, Incorporated — страховая холдинговая компания. Компания является поставщиком традиционных решений по перестрахованию жизни и здоровья, а также финансовых решений. Традиционный сегмент США и Латинской Америки обеспечивает индивидуальное и групповое перестрахование жизни и здоровья, включая долгосрочный уход, для отечественных клиентов по различным продуктам. Сегмент Canada Traditional занимается в основном индивидуальным перестрахованием жизни и, в меньшей степени, кредиторским, групповым перестрахованием жизни и здоровья, критических заболеваний и инвалидности. Традиционный сегмент Европы, Ближнего Востока и Африки предоставляет индивидуальные и групповые продукты для жизни и здоровья на основе ежегодных возобновляемых договоров, соглашений о совместном страховании, а также перестрахования критических заболеваний. Традиционный сегмент Азиатско-Тихоокеанского региона обеспечивает индивидуальное и групповое перестрахование жизни и здоровья, страхование критических заболеваний, инвалидность и пенсионное обеспечение посредством ежегодных возобновляемых договоров страхования и соглашений о совместном страховании."
28,US,APOS,US03769M2052,APOS.N,Apollo Global Management Inc,74.7,NYS,14,Финансы,1,Пенсионные фонды,0.01,25.89,25.95,25.52,25.78,27.4,25.96,26.41,27.4,25.3,26.43,27.77,25.3,26.66,27.77,0.0,20.8,27.77,0.0,12.47,27.77,0.0,6.22,"Apollo Global Management, Inc. — глобальный альтернативный управляющий активами и поставщик пенсионных услуг. Он работает в трех сегментах: управление активами, пенсионные услуги и основные инвестиции. Сегмент управления активами фокусируется на трех стратегиях инвестирования: доходной, гибридной и акционерной. Эти стратегии отражают диапазон инвестиционных возможностей всей платформы на основе относительного риска и доходности. Бизнес пенсионных услуг осуществляется Athene Holding Ltd (Athene), компанией финансовых услуг, которая специализируется на выпуске, перестраховании и приобретении продуктов пенсионных накоплений, предназначенных для растущего числа частных лиц и учреждений, стремящихся финансировать пенсионные потребности. Линейка продуктов Athene включает аннуитеты и соглашения о финансировании. Сегмент «Основное инвестирование» включает реализованный доход от вознаграждения за результаты, реализованный инвестиционный доход от инвестиций в балансе и некоторые распределяемые расходы, связанные с корпоративными функциями, поддерживающими всю компанию."
29,US,ATHS,US04686J8383,ATHS.N,Athene Holding Ltd,5.0,NYS,15,Финансы,2,Пенсионные фонды,0.01,25.12,25.19,23.83,24.83,26.17,24.97,25.38,26.17,24.01,25.28,26.17,0.0,22.75,26.17,0.0,15.19,26.17,0.0,9.1,26.17,0.0,4.54,"Athene Holding Ltd. — компания, предоставляющая пенсионные услуги. Компания ориентирована на обеспечение финансовой безопасности частных лиц, предлагая набор пенсионных и сберегательных продуктов, а также выступает поставщиком решений для корпораций. Компания в основном предлагает две линейки продуктов: аннуитеты и соглашения о финансировании. Его основной продуктовой линейкой являются аннуитеты, которые включают в себя фиксированные, выплатные и групповые аннуитеты, выпускаемые в сочетании с аннуитетными операциями пенсионной группы. Он также предлагает соглашения о финансировании, в том числе те, которые выдаются учреждениям посредством прямых выпусков, и те, которые выдаются неаффилированным трастам специального назначения в связи с его векселями, обеспеченными соглашением о финансировании, и программами соглашений об обратном выкупе, поддерживаемыми соглашением о финансировании. Для работы на рынке пенсионных услуг компания разработала четыре специализированных канала сбыта: розничное, потоковое перестрахование, институциональное, а также приобретение и блочное перестрахование. Он осуществляет свою деятельность в США, Бермудских островах, Канаде и Японии."
30,US,SUNB,US8669661048,SUNB.N,Sunbelt Rentals Holdings Inc,31.4,NYS,16,Финансы,1,Инвестиционные холдинговые компании,0.46,76.63,78.05,61.17,71.45,0.0,0.0,0.0,0.0,0.0,0.0,0.0,0.0,0.0,0.0,0.0,0.0,0.0,0.0,0.0,0.0,0.0,0.0,"Sunbelt Rentals Holdings, Inc. является холдинговой компанией. Компания через свои дочерние компании занимается арендой оборудования. Парк сдаваемого в аренду оборудования включает в себя широкий спектр строительного, промышленного и общего оборудования, предназначенного для удовлетворения потребностей рабочих мест общего назначения, например, мобильные подъемные рабочие платформы, мини-погрузчики, вилочные погрузчики, экскаваторы, осветительное оборудование и небольшие инструменты общего назначения. Ассортимент оборудования дополняется специализированными бизнес-направлениями, включая электроэнергию и отопление, вентиляцию и кондиционирование воздуха (HVAC), климат-контроль, услуги строительных лесов, решения для полов, решения для насосов, безопасность траншей, промышленные инструменты, кино и телевидение, временные конструкции, защиту грунта, временные ограждения и временные стены. Он обслуживает строительные, промышленные заказчики, предприятия по обслуживанию, ремонту, управлению объектами, организации по реагированию на чрезвычайные ситуации, организаторов мероприятий и государственный сектор."
31,US,MS PR I,US61761J4067,MS_pi.N,Morgan Stanley,305.0,NYS,17,Финансы,1,Инвестиционно-банковские и брокерские услуги,0.01,25.15,25.21,24.68,25.06,25.48,24.83,25.2,25.48,24.21,25.08,25.8,24.21,25.14,25.8,23.28,25.03,29.59,23.28,25.88,29.65,17.55,26.58,"Morgan Stanley — глобальная компания, предоставляющая финансовые услуги. Компания занимается предоставлением ряда инвестиционно-банковских услуг, услуг по управлению ценными бумагами, управлению активами и инвестициями. Его сегменты включают институциональные ценные бумаги, управление активами и управление инвестициями. Сегмент институциональных ценных бумаг предоставляет разнообразные продукты и услуги корпорациям, правительствам, финансовым учреждениям и клиентам со сверхвысоким капиталом. Сегмент управления активами предоставляет широкий спектр финансовых услуг и решений для индивидуальных инвесторов, а также малого и среднего бизнеса и учреждений. Его сегмент управления инвестициями предоставляет широкий спектр инвестиционных стратегий и продуктов, которые охватывают географические регионы, классы активов, а также публичные и частные рынки, для разнообразных групп клиентов по институциональным и посредническим каналам. Его инвестиционно-банковские услуги включают привлечение капитала и финансовые консультационные услуги, включая андеррайтинг долговых обязательств и других продуктов."
32,US,MS PR A,US61747S5047,MS_pa.N,Morgan Stanley,305.0,NYS,18,Финансы,2,Инвестиционно-банковские и брокерские услуги,0.01,19.44,19.57,19.14,19.36,22.57,19.13,21.15,24.33,19.13,21.96,24.39,19.13,22.47,24.39,19.0,22.0,25.55,18.21,22.31,25.55,15.16,22.24,"Morgan Stanley — глобальная компания, предоставляющая финансовые услуги. Компания занимается предоставлением ряда инвестиционно-банковских услуг, услуг по управлению ценными бумагами, управлению активами и инвестициями. Его сегменты включают институциональные ценные бумаги, управление активами и управление инвестициями. Сегмент институциональных ценных бумаг предоставляет разнообразные продукты и услуги корпорациям, правительствам, финансовым учреждениям и клиентам со сверхвысоким капиталом. Сегмент управления активами предоставляет широкий спектр финансовых услуг и решений для индивидуальных инвесторов, а также малого и среднего бизнеса и учреждений. Его сегмент управления инвестициями предоставляет широкий спектр инвестиционных стратегий и продуктов, которые охватывают географические регионы, классы активов, а также публичные и частные рынки, для разнообразных групп клиентов по институциональным и посредническим каналам. Его инвестиционно-банковские услуги включают привлечение капитала и финансовые консультационные услуги, включая андеррайтинг долговых обязательств и других продуктов."
33,US,MS PR E,US61762V2007,MS_pe.N,Morgan Stanley,305.0,NYS,19,Финансы,3,Инвестиционно-банковские и брокерские услуги,0.01,25.39,25.41,25.17,25.31,25.85,25.25,25.58,25.85,25.01,25.51,25.85,25.01,25.45,26.28,24.89,25.42,29.6,24.89,26.21,30.78,17.39,27.41,"Morgan Stanley — глобальная компания, предоставляющая финансовые услуги. Компания занимается предоставлением ряда инвестиционно-банковских услуг, услуг по управлению ценными бумагами, управлению активами и инвестициями. Его сегменты включают институциональные ценные бумаги, управление активами и управление инвестициями. Сегмент институциональных ценных бумаг предоставляет разнообразные продукты и услуги корпорациям, правительствам, финансовым учреждениям и клиентам со сверхвысоким капиталом. Сегмент управления активами предоставляет широкий спектр финансовых услуг и решений для индивидуальных инвесторов, а также малого и среднего бизнеса и учреждений. Его сегмент управления инвестициями предоставляет широкий спектр инвестиционных стратегий и продуктов, которые охватывают географические регионы, классы активов, а также публичные и частные рынки, для разнообразных групп клиентов по институциональным и посредническим каналам. Его инвестиционно-банковские услуги включают привлечение капитала и финансовые консультационные услуги, включая андеррайтинг долговых обязательств и других продуктов."
34,US,MS PR F,US61763E2072,MS_pf.N,Morgan Stanley,305.0,NYS,20,Финансы,4,Инвестиционно-банковские и брокерские услуги,0.05,25.23,25.28,25.07,25.2,25.62,25.1,25.34,25.62,24.87,25.32,25.75,24.87,25.32,26.05,24.34,25.29,28.95,24.34,26.01,30.17,18.78,27.01,"Morgan Stanley — глобальная компания, предоставляющая финансовые услуги. Компания занимается предоставлением ряда инвестиционно-банковских услуг, услуг по управлению ценными бумагами, управлению активами и инвестициями. Его сегменты включают институциональные ценные бумаги, управление активами и управление инвестициями. Сегмент институциональных ценных бумаг предоставляет разнообразные продукты и услуги корпорациям, правительствам, финансовым учреждениям и клиентам со сверхвысоким капиталом. Сегмент управления активами предоставляет широкий спектр финансовых услуг и решений для индивидуальных инвесторов, а также малого и среднего бизнеса и учреждений. Его сегмент управления инвестициями предоставляет широкий спектр инвестиционных стратегий и продуктов, которые охватывают географические регионы, классы активов, а также публичные и частные рынки, для разнообразных групп клиентов по институциональным и посредническим каналам. Его инвестиционно-банковские услуги включают привлечение капитала и финансовые консультационные услуги, включая андеррайтинг долговых обязательств и других продуктов."
35,US,MS PR K,US61762V6065,MS_pk.N,Morgan Stanley,305.0,NYS,21,Финансы,5,Инвестиционно-банковские и брокерские услуги,0.01,24.21,24.38,23.41,24.1,25.49,23.42,24.51,25.49,22.52,24.17,26.0,22.52,24.5,26.0,21.2,24.29,30.27,21.2,25.44,30.27,0.0,23.15,"Morgan Stanley — глобальная компания, предоставляющая финансовые услуги. Компания занимается предоставлением ряда инвестиционно-банковских услуг, услуг по управлению ценными бумагами, управлению активами и инвестициями. Его сегменты включают институциональные ценные бумаги, управление активами и управление инвестициями. Сегмент институциональных ценных бумаг предоставляет разнообразные продукты и услуги корпорациям, правительствам, финансовым учреждениям и клиентам со сверхвысоким капиталом. Сегмент управления активами предоставляет широкий спектр финансовых услуг и решений для индивидуальных инвесторов, а также малого и среднего бизнеса и учреждений. Его сегмент управления инвестициями предоставляет широкий спектр инвестиционных стратегий и продуктов, которые охватывают географические регионы, классы активов, а также публичные и частные рынки, для разнообразных групп клиентов по институциональным и посредническим каналам. Его инвестиционно-банковские услуги включают привлечение капитала и финансовые консультационные услуги, включая андеррайтинг долговых обязательств и других продуктов."
36,US,GS PR A,US38143Y6656,GS_pa.N,Goldman Sachs Group Inc,276.5,NYS,22,Финансы,6,Инвестиционно-банковские и брокерские услуги,0.01,19.28,19.86,19.14,19.45,22.24,18.98,21.08,24.23,18.98,21.76,24.44,18.98,22.49,24.44,18.52,21.88,25.35,17.51,22.04,25.35,15.01,21.84,"Goldman Sachs Group, Inc. — глобальное финансовое учреждение, предоставляющее широкий спектр финансовых услуг большой и диверсифицированной клиентской базе, в которую входят корпорации, финансовые учреждения, правительства и частные лица. Его сегменты включают глобальное банковское дело и рынки, управление активами и капиталом и платформенные решения. Сегмент Global Banking & Markets предлагает широкий спектр услуг, включая финансирование, консультационные услуги, распределение рисков и хеджирование для своих институциональных и корпоративных клиентов. Он облегчает клиентские транзакции и создает рынки с фиксированным доходом, акциями, валютой и товарными продуктами. Сегмент управления активами и капиталом управляет активами и предлагает инвестиционные продукты по всем классам активов широкому кругу клиентов. Он также предоставляет консультационные решения по инвестированию и благосостоянию. Сегмент платформенных решений включает в себя потребительские платформы, такие как партнерства, предлагающие кредитные карты и финансирование в точках продаж, а также транзакционные банковские операции и другие платформенные предприятия."
37,US,GS PR D,US38144G8042,GS_pd.N,Goldman Sachs Group Inc,276.5,NYS,23,Финансы,7,Инвестиционно-банковские и брокерские услуги,0.02,19.1,19.65,18.92,19.27,21.68,18.7,20.63,23.6,18.7,21.42,23.83,18.7,22.16,23.83,18.57,21.67,25.44,18.04,22.01,25.44,15.0,21.95,"Goldman Sachs Group, Inc. — глобальное финансовое учреждение, предоставляющее широкий спектр финансовых услуг большой и диверсифицированной клиентской базе, в которую входят корпорации, финансовые учреждения, правительства и частные лица. Его сегменты включают глобальное банковское дело и рынки, управление активами и капиталом и платформенные решения. Сегмент Global Banking & Markets предлагает широкий спектр услуг, включая финансирование, консультационные услуги, распределение рисков и хеджирование для своих институциональных и корпоративных клиентов. Он облегчает клиентские транзакции и создает рынки с фиксированным доходом, акциями, валютой и товарными продуктами. Сегмент управления активами и капиталом управляет активами и предлагает инвестиционные продукты по всем классам активов широкому кругу клиентов. Он также предоставляет консультационные решения по инвестированию и благосостоянию. Сегмент платформенных решений включает в себя потребительские платформы, такие как партнерства, предлагающие кредитные карты и финансирование в точках продаж, а также транзакционные банковские операции и другие платформенные предприятия."
38,US,PIPR,US7240782091,PIPR.K,Piper Sandler Companies,5.5,NYQ,24,Финансы,8,Инвестиционно-банковские и брокерские услуги,0.81,80.57,93.06,76.2,85.17,374.77,274.99,332.0,374.77,202.91,299.98,374.77,159.92,269.0,374.77,119.05,226.25,374.77,82.78,185.37,374.77,27.63,122.62,"Piper Sandler Companies — инвестиционный банк и фирма, занимающаяся институциональными ценными бумагами, обслуживающая корпорации, группы прямых инвестиций, государственные организации, некоммерческие организации и институциональных инвесторов в США и за рубежом. Компания предоставляет продукты и услуги, включая финансовые консультационные услуги; продукты рынков акционерного и долгового капитала; услуги государственных финансов; институциональные брокерские услуги; услуги по фундаментальному капиталу и макроэкономическим исследованиям; услуги с фиксированным доходом; и альтернативные стратегии управления активами. Он предлагает консультационные услуги по акциям и фиксированному доходу, а также услуги по проведению сделок для институциональных инвесторов, корпораций, а также государственных и некоммерческих организаций. Его сегмент предоставляет инвестиционно-банковские услуги, институциональные продажи и торговые услуги для различных продуктов с фиксированным доходом и акциями, а также исследовательские услуги. Он управляет альтернативными фондами управления активами в сфере коммерческого банкинга и здравоохранения для инвестирования капитала фирм и управления капиталом сторонних инвесторов."
39,US,PIPR,US7240782091,PIPR.N,Piper Sandler Companies,5.5,NYS,25,Финансы,9,Инвестиционно-банковские и брокерские услуги,0.23,80.57,92.99,76.2,85.17,91.38,67.62,81.64,91.38,49.89,73.76,91.38,39.44,66.14,91.38,29.31,55.63,91.38,20.36,45.58,91.38,6.81,30.15,"Piper Sandler Companies — инвестиционный банк и фирма, занимающаяся институциональными ценными бумагами, обслуживающая корпорации, группы прямых инвестиций, государственные организации, некоммерческие организации и институциональных инвесторов в США и за рубежом. Компания предоставляет продукты и услуги, включая финансовые консультационные услуги; продукты рынков акционерного и долгового капитала; услуги государственных финансов; институциональные брокерские услуги; услуги по фундаментальному капиталу и макроэкономическим исследованиям; услуги с фиксированным доходом; и альтернативные стратегии управления активами. Он предлагает консультационные услуги по акциям и фиксированному доходу, а также услуги по проведению сделок для институциональных инвесторов, корпораций, а также государственных и некоммерческих организаций. Его сегмент предоставляет инвестиционно-банковские услуги, институциональные продажи и торговые услуги для различных продуктов с фиксированным доходом и акциями, а также исследовательские услуги. Он управляет альтернативными фондами управления активами в сфере коммерческого банкинга и здравоохранения для инвестирования капитала фирм и управления капиталом сторонних инвесторов."
40,US,OPY,US6837971042,OPY.N,Oppenheimer Holdings Inc,1.0,NYS,26,Финансы,10,Инвестиционно-банковские и брокерские услуги,0.02,96.39,118.49,88.74,107.14,78.92,63.01,70.15,78.92,49.41,66.16,78.92,36.46,56.63,78.92,32.86,50.87,78.92,28.05,46.79,78.92,12.99,34.28,"Oppenheimer Holdings Inc. через свои дочерние компании является инвестиционным банком среднего рынка и брокерско-дилерским брокером с полным спектром услуг. Компания занимается широким спектром деятельности в сфере финансовых услуг, включая розничные брокерские операции с ценными бумагами, институциональные продажи и торговлю, инвестиционно-банковскую деятельность (корпоративные и государственные финансы), исследования акций и инструментов с фиксированным доходом, создание рынков, трастовые услуги, а также инвестиционное консультирование и услуги по управлению активами. Сегмент управления активами компании предоставляет полный спектр финансовых услуг через сеть финансовых консультантов. Его услуги по управлению активами включают брокерские услуги с полным спектром услуг, планирование благосостояния и маржинальное кредитование. Сегмент рынков капитала включает инвестиционно-банковскую деятельность, продажу институциональных акций, торговлю и исследования, продажи с фиксированным доходом, облагаемые налогом, торговлю и исследования, государственные финансы и муниципальную торговлю, а также операции Компании в Великобритании, Гонконге и Израиле."
41,US,PSUS,US71531T1051,PSUS.N,Pershing Square USA Ltd,4.3,NYS,27,Финансы,1,Закрытые фонды,0.29,42.79,44.0,41.8,42.76,,,,,,,,,,,,,,,,,,,
42,US,NEA,US6706571055,NEA.N,Nuveen AMT-Free Quality Municipal Income Fund,3.5,NYS,28,Финансы,2,Закрытые фонды,0.21,11.59,11.64,11.04,11.47,11.75,10.6,11.25,11.75,10.0,11.18,12.06,10.0,11.24,12.06,9.2,11.06,16.0,9.2,12.14,16.0,9.2,12.93,"Фонд муниципальных доходов Nuveen AMT-Free Quality (NEA) — управляющая компания закрытого типа. Инвестиционные цели Фонда заключаются в обеспечении текущего дохода, освобожденного от обычного федерального подоходного налога и альтернативного федерального минимального налога, применимого к физическим лицам, а также в повышении стоимости портфеля по сравнению с рынком муниципальных облигаций путем инвестирования в освобожденные от налогов муниципальные ценные бумаги, которые, по мнению инвестиционного консультанта Фонда, недооценены или недооценены или представляют недооцененные сектора муниципального рынка. Фонд может инвестировать не менее 80% своих активов (как определено ниже) в муниципальные ценные бумаги и другие соответствующие инвестиции, по которым выплачиваются проценты, освобожденные от обычного федерального подоходного налога. Кроме того, Фонд может инвестировать не менее 80% своих активов в портфель ценных бумаг, доход от которого освобожден от федерального альтернативного минимального налога, применимого к физическим лицам. Его инвестиционным консультантом является Nuveen Fund Advisors, LLC."
43,US,BPRE,US09631P1021,BPRE.N,Bluerock Private Real Estate Fund,2.3,NYS,29,Финансы,3,Закрытые фонды,0.05,16.11,16.89,15.91,16.33,17.19,0.0,1.33,17.19,0.0,0.68,17.19,0.0,0.34,17.19,0.0,0.23,17.19,0.0,0.14,17.19,0.0,0.07,"Фонд частной недвижимости Bluerock (Фонд) является недиверсифицированным фондом закрытого типа. Целью Фонда является обеспечение стабильного текущего дохода, а также обеспечение долгосрочного прироста капитала. С акцентом на низкую и умеренную волатильность и низкую корреляцию с более широкими рыночными колебаниями. Фонд предлагает инвестиционные возможности за пределами четырех основных секторов недвижимости и обеспечивает доступ к развивающимся секторам недвижимости. Фонд концентрирует свои инвестиции в ценные бумаги отрасли недвижимости. Фонд также инвестирует в медико-биологические науки, системы хранения данных, жилье для студентов, жилье для престарелых, медицинские офисы, землю и центры обработки данных. Он предлагает дополнительный набор государственных и частных инвестиционных программ, преследующих как краткосрочные, так и долгосрочные цели, для индивидуальных инвесторов, ищущих решения. Значительная часть основных инвестиций Фонда приходится на частные инвестиционные фонды недвижимости, управляемые институциональными инвестиционными менеджерами. Инвестиционным консультантом фонда является компания Bluerock Fund Advisor, LLC."
44,US,RNP,US19247X1000,RNP.N,Cohen & Steers REIT and Preferred and Income Fund Inc,1.0,NYS,30,Финансы,4,Закрытые фонды,0.01,21.25,21.31,20.1,20.77,22.99,19.27,21.55,22.99,19.01,21.53,24.38,18.77,21.45,24.38,15.53,20.68,28.12,15.53,21.79,28.12,9.72,20.5,"Cohen & Steers REIT и Preferred and Income Fund, Inc. (Фонд) — это диверсифицированная инвестиционная компания с закрытым управлением. Инвестиционная цель Фонда – высокий текущий доход. Вторичной инвестиционной целью Фонда является увеличение капитала. Дочерней компанией фонда является Cohen & Steers RNP Trust (дочерняя компания REIT). Дочерняя компания REIT выступает в качестве инвестиционного механизма для Фонда с целью осуществления определенных инвестиций от имени Фонда в соответствии с инвестиционными целями и политикой Фонда. Дочерняя компания REIT может использовать стопроцентные компании с ограниченной ответственностью для сдерживания риска индивидуальных частных инвестиций в недвижимость. В отличие от Фонда, дочерняя компания REIT может без ограничений инвестировать в частную недвижимость. Инвестиции в дочернюю компанию REIT ограничены 25% от общей суммы активов фонда. Инвестиционным менеджером фонда является Cohen & Steers Capital Management, Inc."
45,US,CII,US09256A1097,CII.N,Blackrock Enhanced Large Cap Core Fund Inc,1.0,NYS,31,Финансы,5,Закрытые фонды,0.01,24.57,24.6,24.08,24.35,,,,,,,,,,,,,,,,,,,
46,US,TYG,US89147L8862,TYG.N,Tortoise Energy Infrastructure Corp,1.0,NYS,32,Финансы,6,Закрытые фонды,0.02,48.95,50.35,46.67,48.41,44.49,40.35,42.82,48.7,34.0,42.59,48.7,28.02,38.83,48.7,26.72,35.79,48.7,20.1,33.23,148.4,4.6,62.21,"Tortoise Energy Infrastructure Corporation (Фонд) является недиверсифицированной инвестиционной компанией с закрытым управлением. Инвестиционная цель Фонда состоит в том, чтобы добиться высокого уровня совокупной прибыли с упором на текущие выплаты акционерам. Фонд инвестирует не менее 90% своих общих инвестиций, определяемых как стоимость всех инвестиций, указанных в его графике инвестиций как общие инвестиции, в ценные бумаги компаний энергетической инфраструктуры. Фонд может инвестировать до 30% своих общих инвестиций в ценные бумаги с ограниченным доступом, преимущественно путем прямого размещения. Совокупность всех инвестиций Фонда в частные компании, которые не имеют каких-либо публично торгуемых акций или паев, ограничена 5% от его общего объема инвестиций. Фонд может инвестировать до 25% своих общих инвестиций в долговые ценные бумаги компаний энергетической инфраструктуры, включая некоторые ценные бумаги с рейтингом ниже инвестиционного уровня (мусорные облигации). Инвестиционным консультантом фонда является компания Tortoise Capital Advisors, L.L.C."
47,US,ETW,US27829C1053,ETW.N,Eaton Vance Tax-Managed Global Buy-Write Opportunities Fund,1.0,NYS,33,Финансы,7,Закрытые фонды,0.07,9.51,9.52,8.81,9.29,9.28,8.5,8.97,9.28,6.94,8.66,9.28,6.94,8.44,9.28,6.94,8.27,11.37,6.94,8.92,12.72,5.49,9.68,"Глобальный фонд возможностей покупки-записи с налоговым управлением Eaton Vance (Фонд) — это диверсифицированная инвестиционная компания с закрытым управлением. Основная инвестиционная цель Фонда — обеспечить текущий доход и прибыль, а второстепенная цель — повышение стоимости капитала. В нормальных рыночных условиях ее инвестиционная программа состоит в первую очередь из владения диверсифицированным портфелем обыкновенных акций, сегмент которого (сегмент США) содержит акции эмитентов Соединенных Штатов, а сегмент которого (международный сегмент) содержит акции эмитентов, не являющихся американскими, и продажи на постоянной основе опционов колл на широкие внутренние фондовые индексы по меньшей мере на 80% от стоимости сегмента США и опционов колл на широкие фондовые индексы зарубежных стран и/или региональных фондовых индексов на сумму не менее 80% стоимости Международного сегмента. Фонд может инвестировать до 15% своих совокупных активов в ценные бумаги эмитентов развивающихся рынков. Ее инвестиционным консультантом является Eaton Vance Management."
48,US,EQH PR C,US29452E4089,EQH_pc.N,Equitable Holdings Inc,12.3,NYS,34,Финансы,1,Диверсифицированные инвестиционные услуги,0.01,16.5,16.79,16.07,16.41,17.76,15.83,16.9,18.88,15.83,17.06,20.69,15.83,17.75,20.69,13.39,17.4,25.84,0.0,19.13,25.84,0.0,9.55,"Equitable Holdings, Inc. — холдинговая компания, предоставляющая финансовые услуги, состоящая из взаимодополняющих предприятий, таких как Equitable, AllianceBernstein и Equitable Advisors. Его сегменты включают пенсионное обеспечение, управление активами и управление активами. Пенсионный сегмент предоставляет пенсионные решения индивидуальным и институциональным клиентам, включая индивидуальные и групповые аннуитеты, планы пенсионных накоплений и продукты институциональных сбережений. Сегмент управления активами предоставляет диверсифицированное управление инвестициями и сопутствующие услуги по всему миру широкому кругу клиентов через три основных клиентских канала: институциональный, розничный и частный. Сегмент управления активами предлагает дискреционные и недискреционные инвестиционные консультационные счета, финансовое планирование и консультации, страхование жизни и аннуитетные продукты. Equitable предлагает стратегии выхода на пенсию и защиты для отдельных лиц, семей и предприятий. AllianceBernstein — фирма по управлению инвестициями, предлагающая диверсифицированные инвестиционные услуги."
49,US,BAC PR M,US06053U6010,BAC_pm.N,Bank of America Corp,380.4,NYS,35,Финансы,1,Банки,0.02,22.01,22.26,21.76,22.07,23.6,21.75,22.52,23.83,20.83,22.46,24.88,20.83,23.03,24.88,20.56,22.89,28.29,20.56,23.87,28.29,0.0,15.93,"Bank of America Corporation — банковская холдинговая компания и финансовая холдинговая компания. Его сегменты включают потребительский банкинг, глобальное управление благосостоянием и инвестициями (GWIM), глобальное банковское дело и глобальные рынки. Сегмент потребительского банкинга предлагает широкий спектр кредитных, банковских и инвестиционных продуктов и услуг для потребителей и малого бизнеса. В состав GWIM входят два подразделения: Merrill Wealth Management, которое предоставляет индивидуальные решения для удовлетворения потребностей клиентов посредством полного набора продуктов по управлению инвестициями, брокерских, банковских и пенсионных услуг, и Bank of America Private Bank, который предоставляет комплексные решения по управлению активами. Сегмент глобального банковского обслуживания предоставляет ряд продуктов и услуг, связанных с кредитованием, интегрированное управление оборотным капиталом и казначейские решения, а также андеррайтинговые и консультационные услуги. Сегмент Global Markets предлагает услуги по продажам и торговле, а также исследовательские услуги институциональным клиентам в сфере бизнеса с фиксированным доходом, кредита, валюты, товаров и акций."
50,US,JPPTY,US47109X1081,JPPTY.PK,Japan Post Bank Co Ltd,64.4,PNK,36,Финансы,2,Банки,0.09,17.6,19.8,15.64,17.07,14.69,0.0,2.32,14.69,0.0,1.19,14.69,0.0,0.68,14.69,0.0,0.6,14.69,0.0,0.43,14.69,0.0,0.21,"ЯПОНСКИЙ ПОЧТОВЫЙ БАНК, ООО. — японская компания, занимающаяся преимущественно банковским бизнесом. В основном он занимается депозитным бизнесом, кредитным бизнесом, инвестиционным бизнесом в ценные бумаги, биржевым бизнесом, государственными облигациями, инвестиционными трастами и встречными продажами страховых продуктов, посредническим бизнесом, а также бизнесом по кредитным картам. Основные виды деятельности Банка включают управление фондами, финансирование, управление активами и пассивами, а также комиссионный бизнес."
51,US,BMPSY,US05975E1091,BMPSY.PK,Banca Monte dei Paschi di Siena SpA,33.3,PNK,37,Финансы,3,Банки,0.02,10.99,11.31,0.0,6.53,0.0,0.0,0.0,0.0,0.0,0.0,0.0,0.0,0.0,0.0,0.0,0.0,0.0,0.0,0.0,0.0,0.0,0.0,"Banca Monte dei Paschi di Siena SpA — итальянская компания, работающая в банковском секторе. Он предоставляет банковские услуги, управление активами и частное банковское обслуживание, включая страхование жизни, пенсионные фонды и инвестиционные фонды. Компания работает в трех бизнес-сегментах. Сегмент розничных банковских услуг охватывает потребительское кредитование, страхование, предоставление финансовых и нефинансовых услуг розничным клиентам, управление активами, налоговое планирование, финансовое консультирование и планирование для частных клиентов. Подразделение корпоративных банковских услуг курирует бизнес-стратегии Группы, ориентированные на малые и средние предприятия, учреждения и крупные корпорации, для которых она предлагает, среди прочего, лизинг, факторинг, кредитование и финансовые продукты. Сегмент «Корпоративный центр» включает отмену межгрупповых записей, функций сокровищ, управления и поддержки. Он передает проблемные кредиты (NPL) Banca Ifis SpA и Cerberus Management Capital LP."
52,US,RSHGY,US76118A2050,RSHGY.PK,Resona Holdings Inc,29.7,PNK,38,Финансы,4,Банки,0.08,25.13,26.16,22.43,24.13,21.81,16.99,19.52,21.81,0.0,16.72,21.81,0.0,8.33,21.81,0.0,5.56,21.81,0.0,3.33,21.81,0.0,1.66,"Resona Holdings Inc — японская компания, которая в основном занимается предоставлением финансовых услуг, таких как банковские и трастовые услуги, услуги кредитных карт и услуги венчурного капитала. Компания работает в четырех сегментах. Сегмент Розничного бизнеса в основном занимается консультационными услугами, связанными с потребительскими кредитами, управлением активами, наследованием активов и т. д. для индивидуальных клиентов. Сегмент корпоративного подразделения в основном занимается бизнесом для корпоративных клиентов, уделяя особое внимание поддержке роста бизнеса, включая корпоративное кредитование, управление активами с использованием трастов, операции с недвижимостью, корпоративное пенсионное обеспечение и преемственность бизнеса. Сегмент рыночного подразделения в основном занимается финансированием и инвестированием фондов, иностранной валюты, облигаций и деривативов через финансовые рынки. Сегмент финансовой группы Kansai Mirai занимается банковским бизнесом в регионе Кансай, включая депозитный и кредитный бизнес."
53,US,AIBGY,US00135T1043,AIBGY.PK,AIB Group PLC,24.3,PNK,39,Финансы,5,Банки,0.03,23.12,24.19,20.2,22.46,22.47,15.05,18.09,22.47,10.75,15.94,22.47,0.0,11.1,22.47,0.0,7.89,22.47,0.0,5.23,22.47,0.0,3.01,"AIB Group PLC — ирландская компания, предоставляющая финансовые услуги. Сегменты компании включают розничное банковское обслуживание, AIB Capital Markets (Рынки капитала), AIB UK, Climate Capital и Group. Сегмент розничных банковских услуг включает в себя дома и потребительские товары, малые и средние предприятия (МСП). Сегмент рынков капитала предоставляет институциональные, корпоративные и бизнес-банковские услуги своим крупным клиентам и клиентам, которым требуется опыт в конкретном секторе или продукте. Capital Markets предлагает клиентам продукты по управлению валютными и процентными рисками, продукты по управлению денежными средствами, торговое финансирование, мезонинное финансирование и инвестиции в акционерный капитал. Сегмент AIB в Великобритании предлагает корпоративные, розничные и бизнес-банковские услуги на двух различных рынках, таких как отраслевой корпоративный банк и розничный банк с полным спектром услуг. Climate Capital специализируется на кредитовании крупномасштабных проектов в области возобновляемых источников энергии и инфраструктурных проектов. Сегмент Группы включает оптовую казначейскую деятельность, а также функции контроля и поддержки Группы."
54,US,RF PR C,US7591EP7044,RF_pc.N,Regions Financial Corp,24.1,NYS,40,Финансы,6,Банки,0.02,24.53,24.85,23.65,24.49,25.09,22.99,24.34,25.09,21.94,24.08,25.54,20.97,23.73,25.54,16.68,22.84,29.95,16.68,24.23,29.95,0.0,16.56,"Финансовая корпорация «Регионы» — поставщик полного спектра потребительских и коммерческих банковских услуг, управления активами, а также ипотечных продуктов и услуг. Он обслуживает клиентов на Юге, Среднем Западе и в Техасе, а через свою дочернюю компанию Regions Bank управляет примерно 1250 банковскими офисами и более чем 2000 банкоматами. Его сегменты включают корпоративный банк, потребительский банк и управление активами. Сегмент корпоративного банка представляет свои коммерческие банковские функции, включая коммерческую и промышленную деятельность, коммерческую недвижимость и кредитование недвижимости для инвесторов. Сегмент потребительского банка представляет его филиальную сеть, включая потребительские банковские продукты и услуги, связанные с жилищной ипотекой, линиями и кредитами под залог жилья, потребительскими кредитными картами и другими потребительскими кредитами, а также соответствующими депозитными отношениями. Сегмент управления активами предлагает кредитные продукты, доверительное управление и управление инвестициями, управление активами, пенсионные и сберегательные решения, а также планирование недвижимости."
55,US,AAVMY,US00080Q1058,AAVMY.PK,ABN Amro Bank NV,22.5,PNK,41,Финансы,7,Банки,0.02,35.49,36.14,31.9,34.53,35.49,27.16,30.79,35.49,15.22,25.97,35.49,13.96,21.18,35.49,12.71,19.23,35.49,8.47,16.48,35.49,0.0,9.99,"ABN Amro Bank NV — нидерландский банк, предоставляющий банковские услуги розничным, частным и бизнес-клиентам. Компания предоставляет широкий спектр продуктов и услуг, включая кредиты, ипотечные кредиты, платежи, финансовые консультации и управление активами. Банк имеет четыре отчетных сегмента: банковское обслуживание физических лиц и бизнеса, которое состоит из потребительских и бизнес-клиентов, управление активами и корпоративное банковское обслуживание, включая консультации и ценностные предложения для богатых клиентов, корпоративное банковское обслуживание, занимающееся финансированием, структурированием капитала и банковскими решениями для корпоративных клиентов, а также групповые функции, состоящие из нескольких отделов поддержки, а именно финансов; Управление рисками; Инновации и технологии; Человеческие ресурсы; групповой аудит; Юридический и корпоративный офис; Бренд, маркетинг и коммуникации и стратегия и инновации."
56,US,BKRIY,US06279J1097,BKRIY.PK,Bank of Ireland Group PLC,18.9,PNK,42,Финансы,8,Банки,0.02,19.89,20.57,17.89,19.32,19.64,13.08,16.23,19.64,8.81,14.09,19.64,8.38,12.11,19.64,8.38,11.39,19.64,0.0,8.32,19.64,0.0,5.59,"Bank of Ireland Group PLC — компания финансовых услуг, предоставляющая широкий спектр банковских и других финансовых услуг. Его сегменты включают розничную торговлю Ирландии, благосостояние и страхование, розничную торговлю Великобритании, корпоративную и коммерческую деятельность и групповой центр. Сегмент розничной торговли Ирландии обслуживает своих клиентов повседневными услугами, продуктами, предложениями и программой финансового благополучия. Сегмент благосостояния и страхования включает в себя бизнес по страхованию жизни, инвестиционные рынки и брокерские услуги по общему страхованию. Сегмент розничной торговли в Великобритании включает деятельность Bank of Ireland (UK) plc. Корпоративный и коммерческий сегмент предоставляет широкий спектр кредитных, банковских и казначейских услуг по управлению рисками национальным и международным корпоративным и бизнес-клиентам. Сегмент «Центр группы» включает функции централизованной поддержки и контроля группы. Это включает в себя надзор за стратегией работы с клиентами в масштабе всей группы, создание четких рамок управления и контроля с соответствующим надзором, а также предоставление управленческих услуг."
57,US,ERBKY,US29890A1097,ERBKY.PK,Eurobank SA,16.6,PNK,43,Финансы,9,Банки,0.02,9.09,12.43,0.0,7.01,0.0,0.0,0.0,0.0,0.0,0.0,0.0,0.0,0.0,0.0,0.0,0.0,0.0,0.0,0.0,0.0,0.0,0.0,"Eurobank SA — греческая компания, занимающаяся преимущественно банковской деятельностью. Деятельность компании разделена на шесть бизнес-сегментов: Розничная торговля, ориентированная на открытие счетов индивидуальных клиентов, депозитов и инвестиционно-сберегательных продуктов, кредитных и дебетовых карт, потребительских кредитов, банковских услуг для малого бизнеса и ипотеки; Корпоративный, который предоставляет юридическим лицам счета, депозиты, овердрафты, кредиты, иностранную валюту и производные продукты, депозитарные и клиринговые услуги, а также другие услуги; Global Markets & Asset Management, которая предоставляет финансовые консультации и посредничество, продукты взаимных фондов, управление активами и брокерские операции с акциями; International, включающая операции в Болгарии, Кипре и Люксембурге; Investment Property, осуществляющая деятельность, связанную с активами коммерческой недвижимости; и «Стратегия исправления и обслуживания» (RSS), занимающаяся управлением неработающими и изъятыми активами, а также другой деятельностью."
58,US,BAWAY,US07178A1088,BAWAY.PK,BAWAG Group AG,13.6,PNK,44,Финансы,10,Банки,0.1,45.66,46.8,37.02,43.18,39.73,0.0,1.4,39.73,0.0,1.93,39.73,0.0,0.96,39.73,0.0,0.64,39.73,0.0,0.38,39.73,0.0,0.19,"BAWAG Group AG — австрийская банковская холдинговая компания, занимающаяся предоставлением финансовых продуктов и услуг на основе многоканальной стратегии. Он обслуживает розничную торговлю, малый бизнес и корпоративных клиентов в Австрии. Продукты и сопутствующие услуги Компании включают комплексные сбережения, платежи, корпоративное кредитование, инвестиции, лизинг, строительный кооператив и страхование. Ее коммерческая деятельность разделена на пять сегментов: BAWAG P.S.K. Розничная торговля, easygroup, DACH Корпоративный и государственный сектор, Международный бизнес, казначейские услуги и рынки. Основными дочерними предприятиями компании являются BAWAG PSK Bank fuer Arbeit und Wirtschaft und Oesterreichische Postsparkasse AG, Easybank AG, Start Bausparkasse AG и Suedwestbank AG."
59,US,CRDIY,US2065171041,CRDIY.PK,Yokohama Financial Group Inc,11.1,PNK,45,Финансы,11,Банки,0.01,29.36,31.0,26.0,28.74,26.11,0.0,11.27,26.11,0.0,7.04,26.11,0.0,3.79,26.11,0.0,2.86,26.11,0.0,1.79,26.11,0.0,0.92,"Yokohama Financial Group Inc, ранее Concordia Financial Group Ltd, — японская компания, занимающаяся преимущественно банковским бизнесом. Компания осуществляет свою деятельность в банковском сегменте. Компания занимается банковским делом, ценными бумагами, лизингом, информационными услугами и исследованиями, венчурным капиталом, кредитными гарантиями, кредитными картами, доверительным управлением инвестициями в ценные бумаги, инвестиционным консалтингом, инвестиционно-банковскими операциями, доставкой запчастей, офисным агентством, деловым администрированием и другими смежными видами деятельности. Компания в основном работает в Иокогаме и Восточной Японии."
60,US,HACBY,<NA>,HACBY.PK,Hachijuni Nagano Bank Ltd,7.3,PNK,46,Финансы,12,Банки,0.0,24.0,0.0,0.0,0.0,,,,,,,,,,,,,,,,,,,"Hachijuni Nagano Bank Ltd, ранее называвшийся Hachijuni Bank Ltd, в основном занимается предоставлением финансовых услуг, включая банковский бизнес и лизинговый бизнес. Компания работает в двух бизнес-сегментах. Банковский сегмент предоставляет депозиты, кредиты, внутреннюю валюту, иностранную валюту и другие. Этот сегмент также занимается предоставлением услуг кредитных карт, услугами кредитных гарантий, а также услугами по управлению и взысканию задолженности через свои дочерние компании. Сегмент «Лизинг» занимается предоставлением лизинговых услуг. Компания также занимается торговлей ценными бумагами, инвестициями, управлением инвестициями, региональной торговлей и электроэнергетическим бизнесом."
61,US,SUGBY,<NA>,SUGBY.PK,Suruga Bank Ltd,2.9,PNK,47,Финансы,13,Банки,0.0,80.02,0.0,0.0,0.0,,,,80.02,80.02,80.02,80.02,80.02,80.02,80.02,80.02,80.02,80.02,80.02,80.02,80.02,80.02,80.02,"Suruga Bank Ltd. — японский банк, занимающийся банковским бизнесом, а также предоставлением других финансовых услуг, таких как лизинговый бизнес, кредитный бизнес и гарантийное обслуживание. Банк работает в двух бизнес-сегментах. Банковский сегмент занимается предоставлением депозитных услуг, кредитных услуг, услуг по внутренним и валютным операциям, а также встречной продажей ценных бумаг, инвестиционным трастом и страхованием. Сегмент «Прочие» занимается, среди прочего, предоставлением кредитов, лизинговых услуг, услуг по диспетчеризации рабочей силы, услуг по кредитным гарантиям, услуг по разработке систем и услуг по кредитным картам."
62,US,MCB,US5917741044,MCB.N,Metropolitan Bank Holding Corp,1.1,NYS,48,Финансы,14,Банки,0.04,90.72,92.99,83.67,88.98,82.25,65.31,74.6,82.25,47.08,67.82,82.25,32.55,58.06,82.25,13.98,52.25,115.75,13.98,61.17,115.75,0.0,42.87,"Metropolitan Bank Holding Corp. — банковская холдинговая компания. Через свою дочернюю компанию Metropolitan Commercial Bank, коммерческий банк, зарегистрированный в штате Нью-Йорк, Компания предоставляет ряд бизнес-, коммерческих и розничных банковских продуктов и услуг малому бизнесу, предприятиям среднего бизнеса, государственным организациям и частным лицам, главным образом в агломерации Нью-Йорка. В дополнение к традиционным коммерческим банковским продуктам Компания предлагает корпоративные расчетно-кассовые и розничные банковские услуги, индивидуальные финансовые решения для государственных учреждений, муниципалитетов, государственных учреждений и чартерных школ, а также специализированные услуги. Он предлагает широкий спектр кредитных продуктов, уделяя особое внимание кредитам на коммерческую недвижимость (CRE) и коммерческим и промышленным кредитам (C&I). Ее продукты CRE включают кредиты на приобретение, кредиты на рефинансирование или возврат капитала заемщика по приносящей доход недвижимости, кредиты на реконструкцию, кредиты на недвижимость, занимаемую владельцем, и кредиты на строительство."
63,US,PRS,US7443208050,PRS.N,Prudential Financial Inc,34.8,NYS,49,Финансы,1,Life & Health Insurance,0.01,22.95,23.63,22.58,23.15,25.19,23.54,24.4,25.19,22.47,23.89,25.42,22.47,24.33,25.43,22.31,24.32,28.48,22.22,25.06,28.59,0.0,18.74,
64,US,NEE PR T,US65339F1194,NEE_pt.N,Nextera Energy Inc,198.9,NYS,1,Утилиты,1,Электрокоммуникации,0.01,52.75,54.12,51.5,52.72,51.94,44.0,47.94,51.94,41.3,46.33,51.94,0.0,26.83,51.94,0.0,17.91,51.94,0.0,10.73,51.94,0.0,5.36,"NextEra Energy, Inc. — компания, занимающаяся электроэнергетикой и энергетической инфраструктурой. Она действует через свои 100% дочерние компании NextEra Energy Resources, LLC и NextEra Energy Transmission, LLC (совместно именуемые NEER) и Florida Power & Light Company (FPL). Его сегменты включают NEER и FPL. Сегмент FPL — это электроэнергетическая компания с регулируемыми тарифами, занимающаяся производством, передачей, распределением и продажей электроэнергии во Флориде. FPL имеет около 35 052 мегаватт чистой генерирующей мощности, более 91 000 миль линий электропередачи и распределения и 921 подстанцию. Сегмент NEER владеет, разрабатывает, строит, управляет и эксплуатирует объекты по производству электроэнергии на оптовых энергетических рынках США и Канады и включает в себя активы и инвестиции в другие предприятия, ориентированные на чистую энергетику, такие как аккумуляторные батареи, трубопроводы природного газа и возобновляемые виды топлива. Она владеет, разрабатывает, строит и управляет объектами электропередачи с регулируемым тарифом в Северной Америке."
65,US,SOJD,US8425878001,SOJD.N,Southern Co,105.4,NYS,2,Утилиты,2,Электрокоммуникации,0.02,20.09,20.62,19.6,20.22,22.4,19.84,20.82,22.4,19.52,20.65,24.55,19.52,21.67,24.55,19.32,21.79,27.49,18.76,22.86,27.6,0.0,13.91,
66,US,SOMN,US8425878423,SOMN.N,Southern Co,105.4,NYS,3,Утилиты,3,Электрокоммуникации,0.01,50.78,52.41,49.95,51.31,51.08,0.0,13.17,51.08,0.0,6.74,51.08,0.0,3.36,51.08,0.0,2.24,51.08,0.0,1.34,51.08,0.0,0.67,
67,US,SOJE,US8425878837,SOJE.N,Southern Co,105.4,NYS,4,Утилиты,4,Электрокоммуникации,0.02,17.26,17.64,17.15,17.41,19.7,17.38,18.3,19.7,16.99,18.2,22.34,16.99,19.27,22.34,16.99,19.41,26.89,16.99,20.77,26.92,0.0,11.08,
68,US,DUKB,US26441C4024,DUKB.N,Duke Energy Corp,97.9,NYS,5,Утилиты,5,Электрокоммуникации,0.01,24.05,24.15,23.48,23.94,25.3,23.6,24.63,25.3,23.3,24.54,25.49,23.3,24.67,25.58,21.87,24.61,28.76,21.87,25.21,28.84,0.0,18.67,"Duke Energy Corporation — энергетический холдинг. Сегменты компании включают электроэнергетические предприятия и инфраструктуру (EU&I) и газовые предприятия и инфраструктуру (GU&I). Сегмент EU&I осуществляет свою деятельность в основном через регулируемые коммунальные предприятия Duke Energy Carolinas, Duke Energy Progress, Duke Energy Florida, Duke Energy Indiana и Duke Energy Ohio. EU&I предоставляет розничные услуги по производству, передаче, распределению и продаже электроэнергии примерно 8,7 миллионам клиентов в юго-восточных и средних западных регионах США. GU&I осуществляет операции с природным газом в основном через регулируемые коммунальные предприятия Пьемонта, Duke Energy Ohio и Duke Energy Kentucky. GU&I обслуживает потребителей природного газа в жилом, коммерческом, промышленном и энергетическом секторах, включая потребителей, обслуживаемых муниципалитетами, которые являются оптовыми покупателями. Он также приобретает разнообразный портфель услуг по транспортировке и хранению у межгосударственных трубопроводов."
69,US,AXIA PR,US15235A1025,AXIA_p.N,Axia Energia SA,36.6,NYS,6,Утилиты,6,Электрокоммуникации,0.02,13.9,14.91,12.31,13.85,12.45,6.8,9.27,12.45,5.63,8.21,12.45,5.59,7.87,12.45,5.59,7.78,12.45,0.0,7.49,12.45,0.0,6.67,"Centrais Eletricas Brasileiras SA — Eletrobras — бразильская энергетическая компания, специализирующаяся на производстве и передаче электроэнергии. Деятельность компании разделена на два основных сегмента: производство энергии и передача энергии. Энергетический портфель Eletrobras в основном состоит из низкоуглеродных источников, причем большую часть составляет гидроэлектроэнергия, дополненная ветровой и солнечной энергией. В сегменте производства энергии Eletrobras управляет разнообразным спектром электростанций, включая плотины гидроэлектростанций и ветряные электростанции. Сегмент передачи энергии включает в себя надзор за широкой сетью линий электропередачи по всей Бразилии. Компания осуществляет свою деятельность через сеть региональных дочерних компаний."
70,US,DTW,US2333318598,DTW.N,DTE Energy Co,29.6,NYS,7,Утилиты,7,Электрокоммуникации,0.01,21.82,21.87,20.53,21.44,23.14,20.87,22.09,23.48,20.56,21.97,25.17,20.56,22.87,25.17,20.42,23.0,27.18,20.32,23.76,28.15,0.0,19.72,"DTE Energy Company — диверсифицированная энергетическая компания, которая занимается развитием и управлением энергетическим бизнесом и услугами по всей стране. Сегменты компании включают электрические, газовые, DTE Vantage, энергетические трейдинги, а также корпоративные и другие сегменты. Электрический сегмент состоит в основном из компании DTE Electric, которая занимается производством, покупкой, распределением и продажей электроэнергии жилым, коммерческим и промышленным потребителям на юго-востоке Мичигана. Газовый сегмент состоит в основном из DTE Gas, которая занимается закупкой, хранением, транспортировкой, распределением и продажей природного газа жилым, коммерческим и промышленным потребителям по всему Мичигану. Сегмент DTE Vantage состоит в основном из проектов в области возобновляемых источников энергии, которые продают электроэнергию и трубопроводный газ, а также проектов, которые предоставляют индивидуальные энергетические решения промышленным, коммерческим и институциональным клиентам. Сегмент Energy Trading состоит из энергетического маркетинга и торговых операций."
71,US,XIFR,US65341B1061,XIFR.N,XPLR Infrastructure LP,1.1,NYS,8,Утилиты,8,Электрокоммуникации,0.37,11.21,11.55,9.85,10.3,11.43,8.12,9.68,19.26,7.53,9.83,35.12,7.53,18.02,76.95,7.53,29.03,88.61,7.53,48.15,88.61,7.53,45.33,"XPLR Infrastructure, LP — это товарищество с ограниченной ответственностью, которое, благодаря своей собственности в XPLR Infrastructure Operating Partners, LP (XPLR OpCo), имеет частичную долю участия в активах инфраструктуры чистой энергии, включая проекты ветровой, солнечной энергии и аккумуляторных батарей. Компания ориентирована на создание ценности для своих акционеров посредством дисциплинированного распределения потоков денежных средств, генерируемых ее активами, и позиционирует себя, чтобы извлечь выгоду из ожидаемого долгосрочного роста энергетических рынков США. Компания владеет примерно 48,8% долей с ограниченной ответственностью в XPLR OpCo, а NextEra Energy Equity Partners, LP (NEE Equity) владеет неконтролирующей долей в 51,2% в XPLR OpCo."
72,US,CWENa,US18539C1053,CWENa.N,Clearway Energy Inc,10.7,NYS,9,Утилиты,1,Независимые производители электроэнергии,0.13,40.43,41.36,0.0,32.81,34.67,26.37,29.94,34.67,23.06,28.44,34.67,19.34,26.32,34.67,17.47,26.32,38.62,17.47,27.95,38.62,9.83,22.89,"Clearway Energy, Inc. является владельцем активов по производству экологически чистой энергии в США. Компания инвестирует в энергетическую инфраструктуру и фокусируется на инвестициях в экологически чистую энергетику, а также владеет устойчивыми и долгосрочными контрактными активами по всей Северной Америке. Ее портфель включает около 12,9 гигаватт (ГВт) валовой мощности в 27 штатах, включая 10,1 ГВт ветровой, солнечной энергии и накопителей энергии, а также более 2,8 ГВт активов диспетчерской генерации электроэнергии, включенных в сегмент гибкой генерации, который предоставляет критически важные услуги по обеспечению надежности сети. Его операционные объекты включают Карлсбад, Эль-Сегундо, ГенКонн-Девон, Генконн-Мидлтаун, Марш-Лэндинг и Уолнат-Крик. В число его солнечных проектов коммунального масштаба входят Agua Caliente, Alpine, Avenal, Avra ​​Valley, Blythe, Daggett 3, Desert Sunlight 250, Kansas South и другие. В число его ветроэнергетических проектов входят Альта I, Альта II, Блэк-Рок, Буффало-Беар, Седро-Хилл, Крофтон-Блафс, Элкхорн-Ридж, Лукаут и другие."
73,US,SREA,US8168516040,SREA.N,Sempra,61.2,NYS,10,Утилиты,1,Многострочные утилиты,0.01,21.55,22.01,21.1,21.6,23.77,20.65,22.51,24.23,19.66,22.16,25.46,19.66,23.24,25.46,19.66,23.47,28.47,19.66,24.43,28.47,0.0,16.2,"Sempra — североамериканская энергетическая инфраструктурная компания. Предприятия Компании инвестируют, развивают и эксплуатируют энергетическую инфраструктуру, а также предоставляют потребителям услуги по электроснабжению и газу. В ее сегменты входят Sempra California, Sempra Texas Utilities и Sempra Infrastructure. Сегмент Sempra California поставляет природный газ и электроэнергию в Южную Калифорнию и часть центральной Калифорнии через свои дочерние компании SDG&E и SoCalGas. Сегмент Sempra Texas Utilities владеет инвестициями в Oncor Holdings, которой принадлежит более 80,25% акций Oncor, регулируемой компании по передаче и распределению электроэнергии, обслуживающей клиентов в северо-центральных, восточных, западных и попрошайничьих регионах Техаса, а также косвенную долю в 50% в Sharyland Holdings, которой принадлежит Sharyland Utilities, регулируемая компания по передаче электроэнергии, обслуживающая клиентов вблизи границы Техаса и Мексики. Сегмент Sempra Infrastructure разрабатывает, строит, эксплуатирует и инвестирует в энергетическую инфраструктуру."
74,US,PPLC,US69351T8669,PPLC.N,PPL Corp,27.7,NYS,11,Утилиты,2,Многострочные утилиты,0.01,49.22,52.61,49.22,51.26,0.0,0.0,0.0,0.0,0.0,0.0,0.0,0.0,0.0,0.0,0.0,0.0,0.0,0.0,0.0,0.0,0.0,0.0,"PPL Corporation — энергетическая компания. Компания специализируется на поставках электроэнергии и природного газа в США. Компания осуществляет свою деятельность в трех сегментах: регулируемый в Кентукки, регулируемый в Пенсильвании и регулируемый в Род-Айленде. Регулируемый сегмент Кентукки состоит в основном из регулируемых операций по производству, передаче и распределению электроэнергии, проводимых Louisville Gas & Electric Company (LG&E) и Kentucky Utilities Company (KU), а также регулируемого распределения и продажи природного газа LG&E. LG&E и KU занимаются регулируемым производством, передачей, распределением и продажей электроэнергии в Кентукки, а в случае KU - также в Вирджинии. Сегмент, регулируемый в Пенсильвании, включает регулируемые операции по передаче и распределению электроэнергии PPL Electric. Регулируемый сегмент Род-Айленда включает регулируемые операции по передаче и распределению электроэнергии, а также регулируемое распределение и продажу природного газа, проводимые RIE."
75,US,CMSD,US1258968452,CMSD.N,CMS Energy Corp,22.9,NYS,12,Утилиты,3,Многострочные утилиты,0.01,23.42,23.42,22.25,22.98,24.76,22.24,23.71,24.76,21.62,23.3,25.31,21.62,23.95,25.37,21.62,23.97,28.17,21.42,24.73,28.25,0.0,17.39,"CMS Energy Corporation — энергетическая компания, работающая преимущественно в Мичигане. Она управляет своим бизнесом в зависимости от характера услуг, которые каждый из них предоставляет, и работает в основном в трех бизнес-сегментах: электроэнергетические компании, газовые компании и NorthStar Clean Energy. Сегмент электроэнергетических предприятий состоит из регулируемой деятельности, связанной с производством, покупкой, распределением и продажей электроэнергии в Мичигане. Сегмент газовых коммунальных предприятий состоит из регулируемой деятельности, связанной с покупкой, передачей, хранением, распределением и продажей природного газа в Мичигане. Сегмент NorthStar Clean Energy состоит из различных дочерних компаний, занимающихся независимым производством электроэнергии внутри страны, включая разработку и эксплуатацию возобновляемых источников энергии, а также маркетинг независимого производства электроэнергии. Его система транспортировки, хранения и распределения газа состоит из 2342 миль линий электропередачи с 15 месторождениями газа с общей емкостью хранилищ 309 миллиардов кубических футов (млрд кубических футов)."
76,US,COHR,US19247G1076,COHR.N,Coherent Corp,67.3,NYS,1,Технология,1,Электронное оборудование и запчасти,1.37,344.67,364.73,247.5,316.95,200.19,84.43,124.64,200.19,45.6,101.55,200.19,40.31,87.06,200.19,26.3,70.99,200.19,26.3,67.16,200.19,16.2,51.79,"Coherent Corp. — вертикально интегрированная производственная компания, которая разрабатывает, производит и продает лазеры, приемопередатчики и другие оптические и оптоэлектронные устройства, модули и системы, а также инженерные материалы для использования на рынках связи, промышленности, приборостроения и электроники. Его сегменты включают центры обработки данных и коммуникации, а также промышленность. Сегмент центров обработки данных и связи предлагает оптические трансиверы, оптические переключатели схем, межблочные кабели, оптические инструменты, оптоэлектронные устройства, компоненты связи и продукты для управления длиной волны. Ее промышленный сегмент предлагает лазеры, машины и системы, компоненты и аксессуары, оптику, инструменты для лазерных измерений, керамику и металлические матрицы, ионную имплантацию, специальные материалы и широкозонную электронику. В число ее дочерних компаний входят Finisar Australia Pty Limited, Nufibre PTY LTD, Finisar Brasil Suporte De Vendas LTDA, Coherent Aerospace & Defense, Inc. и Coherent Asia, Inc."
77,US,MRUWY,US57381Q1013,MRUWY.PK,MARUWA Co Ltd,5.8,PNK,2,Технология,2,Электронное оборудование и запчасти,0.01,18.85,20.19,14.29,17.42,14.55,0.0,1.86,14.55,0.0,0.95,14.55,0.0,0.48,14.55,0.0,0.32,14.55,0.0,0.19,14.55,0.0,0.1,"MARUWA Co Ltd — японская компания, занимающаяся в основном производством и продажей керамических компонентов, включая электронные компоненты, а также осветительного оборудования. Компания работает в двух сегментах. Сегмент «Керамические компоненты» производит и продает электронные компоненты, керамические подложки и продукцию, связанную с оборудованием для производства полупроводников. Сегмент «Осветительное оборудование» занимается производством и продажей осветительного оборудования, в котором помимо обычного осветительного оборудования используются светодиоды (LED). Компания также занимается поддержкой деятельности фондов."
78,US,INFQ,US45676K1034,INFQ.N,Infleqtion Inc,2.9,NYS,3,Технология,3,Электронное оборудование и запчасти,1.2,13.55,21.25,9.8,13.23,27.49,0.0,13.12,27.49,0.0,6.72,27.49,0.0,3.35,27.49,0.0,2.23,27.49,0.0,1.34,27.49,0.0,0.67,"Infleqtion, Inc. занимается квантовым зондированием и квантовыми вычислениями с использованием технологии нейтральных атомов. Компания разрабатывает и производит квантовые компьютеры, прецизионные датчики и квантовое программное обеспечение для правительств, предприятий и исследовательских институтов. Ее коммерческое портфолио включает в себя квантовые компьютеры, а также квантовые радиочастотные системы (QRF), квантовые часы и решения для инерциальной навигации. Ее решения включают национальную безопасность и устойчивость, космос и границы, энергетику и исследование ресурсов, искусственный интеллект (ИИ) и машинный язык (МО), науки о жизни и открытие лекарств, материаловедение и финансы. Его квантовые вычисления — это принципиально новая вычислительная парадигма, которая использует кубиты квантовой механики для использования квантовой суперпозиции и запутанности для получения вычислительной мощности. Контекстное машинное обучение раскрывает весь потенциал ИИ с помощью квантов. Tiqker Atomic Clock — это оптические атомные часы нового поколения для критически важных приложений."
79,US,SOBKY,US83405K1025,SOBKY.PK,SoftBank Corp,69.8,PNK,4,Технология,1,Услуги беспроводной связи,0.14,14.13,14.34,12.93,13.8,17.25,13.24,14.76,17.25,11.82,14.52,17.25,11.48,13.66,17.25,10.21,12.89,17.73,9.27,12.66,17.73,0.0,7.88,"SoftBank Corp — японская компания, которая в основном предоставляет оптовые продажи программного обеспечения, широкополосную связь, электронную коммерцию (EC) и другие информационные услуги. Компания работает в пяти сегментах. Потребительский сегмент оказывает услуги в сфере электроэнергетики. Сегмент также приобретает мобильные телефоны у производителей мобильных телефонов и продает их агентам, управляющим магазинами SoftBank и другими розничными точками, или индивидуальным клиентам. Сегмент Enterprise предоставляет разнообразные корпоративные услуги, включая услуги мобильной связи и услуги фиксированной связи. Сегмент «Дистрибуция» предоставляет облачные услуги в основном корпоративным клиентам и коммерческие продукты, такие как программное обеспечение и мобильные аксессуары, для индивидуальных клиентов. Сегмент «Медиа и электронная коммерция» предоставляет онлайн- и офлайн-услуги. Медиа-сегмент предоставляет услуги, связанные с рекламой, услуги онлайн-покупок и услуги повторного использования. Финансовый сегмент предоставляет услуги безналичных расчетов, финансовые услуги и услуги платежных агентств."
80,US,LSRCY,US51809L1098,LSRCY.PK,Lasertec Corp,27.1,PNK,5,Технология,1,Полупроводниковое оборудование и тестирование,0.05,58.99,59.66,44.98,53.65,43.78,18.91,28.75,43.78,14.32,24.22,58.5,14.32,32.65,58.5,14.32,33.06,62.98,0.0,33.57,62.98,0.0,17.13,"Lasertec Corp — японская компания, занимающаяся в основном разработкой, производством и продажей контрольно-измерительного оборудования. Компания занимается разработкой, производством и продажей полупроводниковых устройств и других устройств, использующих оптические технологии, а также предоставлением сопутствующих услуг. Основная продукция компании включает полупроводниковое оборудование, такое как фотомаски и оборудование для проверки или измерения дефектов для различных пластин, оборудование, связанное с энергетикой и окружающей средой для пластин SiC, оборудование для проверки или проверки прозрачных пластин, оборудование, связанное с ПФД, для оборудования для контроля дефектов фотомаски ПФД, гибридный лазерный микроскоп, лазерный микроскоп. Компания работает в Северной Америке и Европе, Японии и Азии."
81,US,KXIAY,US49726J1088,KXIAY.PK,Kioxia Holdings Corp,151.6,PNK,6,Технология,1,Полупроводники,0.91,29.95,30.74,14.05,21.84,9.75,0.0,1.78,9.75,0.0,0.91,9.75,0.0,0.45,9.75,0.0,0.3,9.75,0.0,0.18,9.75,0.0,0.09,"Kioxia Holdings Corp — японская компания, занимающаяся в основном производством, продажей, исследованиями и разработками, а также другими услугами памяти и сопутствующих товаров. Бизнес классифицируется на твердотельные накопители (SSD) и хранилища, интеллектуальные устройства и другие по приложениям в зависимости от использования продуктов. SSD и системы хранения данных включают твердотельные накопители и продукты памяти, в основном предназначенные для персональных компьютеров (ПК), центров обработки данных и предприятий. К интеллектуальным устройствам относятся продукты со встроенной памятью и функциями управления, используемые в потребительских устройствах, таких как смартфоны, планшеты и телевизоры, а также в автомобильных и промышленных приложениях. Другие включают розничные продукты, такие как карты памяти SD и память с универсальной последовательной шиной (USB)."
82,US,KODK,US2774614067,KODK.N,Eastman Kodak Co,1.4,NYS,7,Технология,1,Офисное оборудование,0.3,14.51,14.85,10.85,12.85,9.95,4.95,6.89,9.95,4.94,6.68,9.95,3.34,5.84,9.95,3.04,5.28,13.98,2.78,5.68,60.0,1.51,6.36,"Компания Eastman Kodak — мировой производитель, специализирующийся на коммерческой печати, а также современных материалах и химикатах. В его сегменты входят печать, современные материалы и химикаты, а также бренд. Сегмент печати состоит из четырех направлений бизнеса: бизнеса «Решения для допечатной подготовки», бизнеса «Проспер», бизнеса «Программное обеспечение» и бизнеса «Решения для электрофотографической печати». Продукты сегмента печати включают в себя цифровые офсетные пластины и решения для обработки изображений с компьютера на пластину (CTP), решения для цифровой печати с использованием технологии на основе электрически заряженного тонера, системы производственных печатных машин, расходные материалы (в основном чернила), компоненты для струйной печати, программное обеспечение и услуги. Сегмент «Передовые материалы и химикаты» состоит из четырех направлений бизнеса: бизнеса по производству промышленных фильмов и химикатов, бизнеса по производству кинофильмов, бизнеса по производству современных материалов и функциональной печати и бизнеса по лицензированию интеллектуальной собственности и аналитическим услугам. Сегмент «Бренд» включает лицензирование бренда Kodak третьим лицам."
83,US,RPGRY,US74945L1061,RPGRY.PK,REA Group Ltd,16.6,PNK,8,Технология,1,Онлайн-сервисы,0.09,31.94,34.01,26.7,30.04,55.54,0.0,36.24,55.54,0.0,35.95,55.54,0.0,29.79,55.54,0.0,20.56,55.54,0.0,12.32,55.54,0.0,6.82,"REA Group Ltd — многонациональная компания по цифровой рекламе, специализирующаяся на недвижимости. Компания предоставляет недвижимость и связанные с недвижимостью услуги на Веб-сайтах и ​​в мобильных приложениях. Он также предоставляет цифровые инструменты, информацию и данные для людей, интересующихся недвижимостью. Его сегменты включают Австралию, Индию и международный рынок. Ее австралийский сегмент включает недвижимость и онлайн-рекламу по всей Австралии, а также инвестиции в акционерный капитал Empirical CRE Pte. Ltd и финансовые услуги по всей Австралии, а также инвестиции в акционерный капитал компаний Simpology Pty Limited и Athena Financial Pty Ltd. Ее индийский сегмент включает REA India Pte. Ltd. и ее дочерних компаний, а также инвестиции в акционерный капитал Easiloan Techno Solutions Private Limited. Ее международный сегмент включает в себя инвестиции в акционерный капитал Move, Inc. Она управляет веб-сайтами по жилой и коммерческой недвижимости Realestate.com.au и Realcommercial.com.au, а также веб-сайтом, посвященным совместному использованию недвижимости, Flatmate.com.au и веб-сайтом по исследованию недвижимости property.com.au."
84,US,DELHY,US24701M1036,DELHY.PK,Delivery Hero SE,7.4,PNK,9,Технология,2,Онлайн-сервисы,0.29,2.4,2.53,1.74,2.2,3.47,1.76,2.65,3.47,1.76,2.68,4.47,1.73,2.83,6.3,1.73,3.15,15.01,0.0,3.22,15.01,0.0,1.61,"Delivery Hero SE — немецкая компания, которая в основном занимается онлайн-заказами еды. Компания работает как поставщик услуг онлайн-доставки еды из ресторанов и кафе. Компания предлагает, среди прочего, пиццу, гамбургеры, органические продукты, веганскую кухню и азиатские блюда. В портфель брендов входят Foodpanda, PedidosYa, Clickdelivery, Talabat, Yemeksepeti, Donesi, Hungerstation, Carriage, Отлоб, Мьям и другие. Компания работает по всему миру, на территории более 40 стран, включая Европу, Ближний Восток, Северную Африку, Азию и Америку. Услуги Компании доступны через веб-версию и мобильное приложение."
85,US,RMVEY,<NA>,RMVEY.PK,Rightmove PLC,4.4,PNK,10,Технология,3,Онлайн-сервисы,0.02,11.73,12.59,0.0,11.28,22.15,13.52,18.2,22.15,13.52,18.3,22.15,12.58,16.61,22.15,11.24,15.63,22.15,9.73,15.98,22.15,0.0,12.63,"Rightmove plc — британская компания, которая занимается эксплуатацией платформ Rightmove, аудиторией которых является любой портал недвижимости Соединенного Королевства. Сегменты компании включают агентство, новые дома и прочее. Агентский сегмент предоставляет рекламные услуги по перепродаже и сдаче в аренду недвижимости, рекламу операторов аренды и услуги по аренде на платформах Rightmove. Сегмент «Новые дома» предоставляет услуги по рекламе недвижимости застройщикам новых домов и жилищным ассоциациям на платформах Rightmove. Сегмент «Прочие» включает услуги по рекламе зарубежной и коммерческой недвижимости, неимущественные рекламные услуги третьих сторон по рекламе и услугам передачи данных, а также бизнес финансовых услуг (ипотека). Ее клиентами являются в первую очередь агенты по недвижимости, агенты по сдаче в аренду, застройщики новых домов, операторы по аренде, операторы коммерческой недвижимости, а также агенты по недвижимости за рубежом и операторы финансовых услуг."
86,US,RMVEY,US76657Y2000,RTMVY.PK,Rightmove PLC,4.4,PNK,11,Технология,4,Онлайн-сервисы,0.02,11.73,12.59,0.0,11.28,22.15,13.52,18.2,22.15,13.52,18.3,22.15,12.58,16.61,22.15,11.24,15.63,22.15,9.73,15.98,22.15,0.0,12.63,"Rightmove plc — британская компания, которая занимается эксплуатацией платформ Rightmove, аудиторией которых является любой портал недвижимости Соединенного Королевства. Сегменты компании включают агентство, новые дома и прочее. Агентский сегмент предоставляет рекламные услуги по перепродаже и сдаче в аренду недвижимости, рекламу операторов аренды и услуги по аренде на платформах Rightmove. Сегмент «Новые дома» предоставляет услуги по рекламе недвижимости застройщикам новых домов и жилищным ассоциациям на платформах Rightmove. Сегмент «Прочие» включает услуги по рекламе зарубежной и коммерческой недвижимости, неимущественные рекламные услуги третьих сторон по рекламе и услугам передачи данных, а также бизнес финансовых услуг (ипотека). Ее клиентами являются в первую очередь агенты по недвижимости, агенты по сдаче в аренду, застройщики новых домов, операторы по аренде, операторы коммерческой недвижимости, а также агенты по недвижимости за рубежом и операторы финансовых услуг."
87,US,FUBO,US35953D4016,FUBO.N,FuboTV Inc,1.1,NYS,12,Технология,5,Онлайн-сервисы,0.4,10.43,14.5,10.38,12.33,56.58,30.0,42.63,77.28,15.54,41.55,77.28,13.2,30.51,77.28,11.52,29.32,689.64,11.52,95.89,747.48,0.0,54.3,"FuboTV Inc. — компания потокового телевизионного вещания в прямом эфире. Компания предлагает подписчикам доступ к десяткам тысяч спортивных событий в прямом эфире ежегодно, а также к новостям и развлекательному контенту, как в прямом эфире, так и по запросу. Он предлагает потребителям широкий выбор видов спорта, включая более 55 000 прямых трансляций спортивных событий, а также предложения развлекательных программ от Fubo и Hulu + Live TV. Ему принадлежат Hulu + Live TV (развлечения), Fubo (спорт) и Molotov (развлечения и спорт), которые транслируются на рынках по всему миру. FuboTV Inc. является дочерней компанией The Walt Disney Company. Платформа компании предназначена для того, чтобы клиенты могли получать доступ к контенту через потоковые устройства, а также на Smart TV, мобильных телефонах, планшетах и ​​компьютерах. Его платформа предоставляет широкий набор функций и возможностей персонализации, таких как возможности многоканального просмотра, списки избранного и механизм рекомендаций, а также предложения потоковой передачи 4K и облачных видеорегистраторов."
88,US,FUBO,US35953D4016,FUBO.K,FuboTV Inc,1.1,NYQ,13,Технология,6,Онлайн-сервисы,1.86,10.43,14.54,10.38,12.33,4.72,2.5,3.55,6.45,1.29,3.46,6.45,1.1,2.54,6.45,0.96,2.44,57.47,0.96,7.99,3750.0,0.0,31.98,"FuboTV Inc. — компания потокового телевизионного вещания в прямом эфире. Компания предлагает подписчикам доступ к десяткам тысяч спортивных событий в прямом эфире ежегодно, а также к новостям и развлекательному контенту, как в прямом эфире, так и по запросу. Он предлагает потребителям широкий выбор видов спорта, включая более 55 000 прямых трансляций спортивных событий, а также предложения развлекательных программ от Fubo и Hulu + Live TV. Ему принадлежат Hulu + Live TV (развлечения), Fubo (спорт) и Molotov (развлечения и спорт), которые транслируются на рынках по всему миру. FuboTV Inc. является дочерней компанией The Walt Disney Company. Платформа компании предназначена для того, чтобы клиенты могли получать доступ к контенту через потоковые устройства, а также на Smart TV, мобильных телефонах, планшетах и ​​компьютерах. Его платформа предоставляет широкий набор функций и возможностей персонализации, таких как возможности многоканального просмотра, списки избранного и механизм рекомендаций, а также предложения потоковой передачи 4K и облачных видеорегистраторов."
89,US,NECPY,US6290504025,NECPY.PK,NEC Corp,35.1,PNK,14,Технология,1,ИТ-услуги и консалтинг,0.01,13.64,15.0,0.0,10.75,21.24,0.0,2.42,21.24,0.0,1.24,21.24,0.0,0.62,21.24,0.0,0.41,21.24,0.0,0.25,21.24,0.0,0.12,"NEC Corp — японская компания, которая в основном занимается услугами в области информационных технологий (ИТ) и социальной инфраструктурой. Компания работает в двух бизнес-сегментах. Сегмент ИТ-услуг обеспечивает системную интеграцию (построение и консультирование систем), поддержку (обслуживание), аутсорсинг и облачные услуги, а также услуги по системному оборудованию и программному обеспечению. Сегмент социальной инфраструктуры обеспечивает сетевую инфраструктуру (базовые сети, базовые станции сотовой связи, системы оптической передачи и морские системы), программное обеспечение и услуги для операторов связи, а также системное оборудование, системную интеграцию (построение и консультирование систем) и поддержку (обслуживание) в аэрокосмической и оборонной сфере."
90,US,OBICY,US6743881038,OBICY.PK,Obic Co Ltd,13.1,PNK,15,Технология,2,ИТ-услуги и консалтинг,0.12,13.2,14.52,11.7,13.04,21.08,0.0,13.56,21.08,0.0,6.95,21.08,0.0,3.46,21.08,0.0,2.31,21.08,0.0,1.38,21.08,0.0,0.69,"OBIC Co., Ltd. — компания, занимающаяся информационными технологиями (ИТ). Компания работает в трех бизнес-сегментах. Сегмент системной интеграции занимается производством и продажей комплексных информационных систем для клиентов. Сегмент системной поддержки занимается предоставлением услуг по обслуживанию оборудования и операционной поддержке систем. Сегмент офисной автоматизации (ОА) занимается покупкой и продажей общего оборудования ОА и компьютерной продукции. Компания также занимается производством и продажей пакетного программного обеспечения для финансового учета и других целей через свои дочерние компании."
91,US,FGRS,US3493813014,FGRS.PK,Figure Technology Solutions Inc,8.3,PNK,16,Технология,3,ИТ-услуги и консалтинг,0.01,0.0,0.0,0.0,0.0,0.0,0.0,0.0,0.0,0.0,0.0,0.0,0.0,0.0,0.0,0.0,0.0,0.0,0.0,0.0,0.0,0.0,0.0,"Рисунок Technology Solutions Inc., ранее FT Intermediate, Inc., представляет собой рынок капитала, основанный на блокчейне, который объединяет создание, финансирование и деятельность на вторичном рынке. Компания осуществляет свою деятельность и управляет своим бизнесом через FT Intermediate, Inc. (FTI) и Fig Markets Holdings, Inc. (Markets). Запатентованная технология компании обеспечивает кредитование нового поколения, торговую и инвестиционную деятельность в таких областях, как потребительское кредитование и цифровые активы. Применение реестра блокчейна позволяет ему обслуживать своих конечных клиентов, повышать скорость и эффективность, а также повышать стандартизацию и ликвидность. Его продукты включают в себя рисунок HELOC, кредит DSCR, рефинансирование с выплатой наличными, кредит, обеспеченный криптовалютой, блог, отзывы и помощь в погашении. Он использует технологию блокчейна для разработки обмена цифровыми активами и кредитами, предлагая новые продукты, включая предоставление процентных депозитов в стабильных монетах. Его фигурные HELOC предлагают инвесторам диверсифицированную и скорректированную с учетом риска доходность рынка."
92,US,KBR,US48242W1062,KBR.N,KBR Inc,4.5,NYS,17,Технология,4,ИТ-услуги и консалтинг,0.62,35.11,39.52,34.8,36.66,52.19,39.54,45.69,60.92,39.54,49.06,72.51,39.54,55.89,72.51,39.54,56.32,72.51,28.47,51.37,72.51,11.61,35.42,"KBR, Inc. занимается предоставлением научных, технологических и инженерных решений правительствам и компаниям по всему миру. Сегменты компании включают технологические решения для миссии и решения для устойчивых технологий. Сегмент Mission Technology Solutions предоставляет решения по поддержке полного жизненного цикла оборонных, разведывательных, космических, авиационных и других программ и миссий для военных и других правительственных учреждений, в первую очередь в США, Великобритании и Австралии. Бизнес-сегмент «Решения в области устойчивых технологий» опирается на портфель из примерно 85 запатентованных технологических процессов, ориентированных на устойчивое развитие, которые сокращают выбросы, повышают эффективность и/или ускоряют и обеспечивают переход к энергетике на всей промышленной базе в четырех основных вертикалях: аммиак/синтез-газ, химическая/нефтехимическая промышленность, чистая нефтепереработка и решения для процессов замкнутого цикла/экономики замкнутого цикла. Он также предлагает услуги, включая консультации и консультирование, ориентированные на энергетическую безопасность."
93,US,TIIAY,US87927Y1029,TIIAY.PK,Telecom Italia SpA,17.5,PNK,18,Технология,1,Интегрированные телекоммуникационные услуги,0.03,7.96,8.02,7.27,7.77,6.3,4.54,5.39,6.3,2.45,4.44,6.3,2.19,3.5,6.3,2.19,3.32,6.3,1.65,3.51,12.35,1.65,5.36,"Telecom Italia SpA — итальянская компания, работающая в секторе телекоммуникационных услуг. Компания специализируется на предоставлении услуг фиксированной и мобильной телефонии, а также продуктов для связи и развлечений для частных лиц и домашних хозяйств. Компания развивает мобильные сети 4G и 5G, а также инфраструктуру оптоволоконных сетей с помощью Sparkle, интерактивной платформы для создания и использования глобальных коммуникационных решений. Его деятельность разделена на инфраструктуру, в которую входят TIM Wholesale, Sparkle и 5G; Услуги, включающие TIM для частных лиц и малого и среднего бизнеса, TIM для компаний и PA, TIM Brasil, Olivetti, Noovle и Telsy; и другие виды деятельности, включая TIM myBroker. Компания работает по всему миру."
94,US,PCRHY,US69832A3041,PCRHY.PK,Panasonic Holdings Corp,52.6,PNK,19,Технология,1,Бытовая электроника,0.18,22.07,22.14,17.41,19.12,14.0,9.3,11.12,14.0,9.3,11.13,14.0,0.0,8.83,14.0,0.0,5.89,14.0,0.0,3.53,14.0,0.0,1.76,"Panasonic Holdings Corp — японская компания, занимающаяся производством электронной продукции. Компания работает в пяти сегментах. Сегмент «Жизнь» разрабатывает, производит и продает холодильники, микроволновые печи, рисоварки, стиральные машины, системы производства солнечной энергии, топливные элементы, велосипеды и товары для ухода за больными. Автомобильный сегмент разрабатывает, производит и продает автомобильные информационно-развлекательные системы, проекционные дисплеи, автомобильные переключатели и автомобильные зеркала. Сегмент Connect разрабатывает, производит и продает бортовые развлекательные системы и услуги связи, системы крепления электронных компонентов, сварочные аппараты, проекторы и системы камер профессионального использования. Промышленный сегмент разрабатывает, производит и продает электронные компоненты, двигатели и электронные материалы. Энергетический сегмент разрабатывает, производит и продает автомобильные цилиндрические литий-ионные аккумуляторы, первичные аккумуляторы и небольшие аккумуляторные батареи."
95,US,CORZR,US21874A1227,CORZR.PK,Core Scientific Inc,7.8,PNK,20,Технология,1,Блокчейн и криптовалюта,0.01,0.04,0.04,0.0,0.01,0.29,0.0,0.07,0.44,0.0,0.1,1.25,0.0,0.18,1.25,0.0,0.12,1.25,0.0,0.07,1.25,0.0,0.04,"Core Scientific, Inc. предоставляет цифровую инфраструктуру для колокейшн-услуг высокой плотности и майнинга цифровых активов. Компания управляет специализированными объектами для майнинга цифровых активов и является поставщиком цифровой инфраструктуры, программных решений и услуг для своих сторонних клиентов. Его сегмент самостоятельного майнинга цифровых активов состоит из майнинга цифровых активов за свой счет. Сегмент хостинга цифровых активов состоит из цифровой инфраструктуры и сторонних хостинговых услуг для майнинга цифровых активов. Его сегмент колокейшн состоит из предоставления услуг колокейшн высокой плотности третьим сторонам для операций высокопроизводительных вычислений (HPC) на базе графических процессоров (GPU). Он использует свой собственный большой парк компьютеров (майнеров) для зарабатывания цифровых активов за свой счет и предоставления хостинговых услуг крупным клиентам, занимающимся майнингом цифровых активов, и находится в процессе выделения и конвертации значительной части своих 10 мощностей."
96,US,MPJPY,US59141L1098,MPJPY.PK,Metaplanet Inc,3.0,PNK,21,Технология,2,Блокчейн и криптовалюта,0.54,2.24,2.32,1.89,2.11,3.42,0.0,0.18,3.42,0.0,0.09,3.42,0.0,0.05,3.42,0.0,0.03,3.42,0.0,0.02,3.42,0.0,0.01,"Metaplanet Inc — японская компания, которая в основном занимается казначейским бизнесом в сфере биткойнов, гостиничным бизнесом и другими видами деятельности. Компания работает в двух сегментах. Бизнес-сегмент Bitcoin Treasury фокусируется на максимизации доходности биткойнов (рентабельности) и создании долгосрочной акционерной стоимости. Сегмент гостиничного бизнеса управляет отелями, предоставляя биткойн-энтузиастам, бизнес-профессионалам и преподавателям возможность учиться друг у друга. Кроме того, Компания использует свою эксклюзивную лицензию для журнала Bitcoin Magazine Japan для содействия распространению и обучению Биткойна. Он также занимается приобретением, владением и продажей недвижимости и правами бенефициаров траста недвижимости, а также бизнесом с использованием передовых технологий, таких как Web3, блокчейн и невзаимозаменяемые токены (NFT)."
97,US,KEEL,US4869171078,BITF.O,Keel Infrastructure Corp,2.5,NMQ,22,Технология,3,Блокчейн и криптовалюта,30.84,4.12,4.19,2.0,2.84,6.6,0.8,2.49,6.6,0.67,1.82,6.6,0.67,2.04,6.6,0.42,1.79,9.36,0.38,2.47,10.0,0.0,1.28,"Keel Infrastructure Corp. — компания, занимающаяся цифровой инфраструктурой и энергетикой, которая разрабатывает и владеет центрами обработки данных и энергетической инфраструктурой для рабочих нагрузок высокопроизводительных вычислений (HPC) и искусственного интеллекта (ИИ). Компания имеет портфель активов (инфраструктурные активы), который включает в себя принадлежащие и эксплуатируемые мощности по производству электроэнергии с расположенными рядом центрами обработки данных Bitcoin Mining, установленные сетевые соединения на оптовом рынке электроэнергии в Пенсильвании и 100% возобновляемые гидроэлектростанции в Квебеке, Канаде и штате Вашингтон. Его инфраструктурные активы представляют собой трубопровод мощностью 2,2 гигаватта (ГВт), включающий 648 мегаватт (МВт) гарантированной мощности и 1513 МВт запланированной мощности в разработке, расположенный в Пенсильвании и Вашингтоне в США, а также в Квебеке в Канаде."
98,US,CYATY,US2109191062,CYATY.PK,Contemporary Amperex Technology Co Ltd,315.5,PNK,1,Промышленность,1,Электрические компоненты и оборудование,1.55,21.63,24.42,19.41,21.33,20.26,0.0,14.89,20.26,0.0,7.62,20.26,0.0,3.8,20.26,0.0,2.53,20.26,0.0,1.52,20.26,0.0,0.76,"Contemporary Amperex Technology Co Ltd — китайская компания, которая в основном занимается исследованиями и разработками, производством и продажей силовых батарей и аккумуляторных батарей. Продукция компании применяется в различных областях, таких как легковые автомобили, коммерческие автомобили, накопители энергии до счетчика и накопители энергии после счетчика, а также в таких сценариях применения, как машиностроение, корабли и самолеты. Продукты для силовых аккумуляторов в основном включают в себя аккумуляторные элементы, модули или коробки и аккумуляторные блоки. Продукция для аккумуляторов энергии в основном включает в себя аккумуляторные элементы, аккумуляторные шкафы, контейнеры для хранения энергии и системы на стороне переменного тока. Компания также занимается переработкой и переработкой аккумуляторных материалов, а также другими видами деятельности. Компания осуществляет свою деятельность как на внутреннем, так и на международном рынках."
99,US,FJIKY,US35959H1095,FJIKY.PK,Fujikura Ltd,73.8,PNK,2,Промышленность,2,Электрические компоненты и оборудование,0.21,20.04,88.99,15.61,24.55,72.92,0.0,41.7,72.92,0.0,28.13,72.92,0.0,14.01,72.92,0.0,9.35,72.92,0.0,5.6,72.92,0.0,2.8,"Fujikura Ltd — японская компания, которая в основном занимается такой деятельностью, как производство, продажа и обслуживание продукции в подразделениях информационных технологий, электроники, автомобилестроения, энергетики и недвижимости. Компания работает в пяти бизнес-сегментах. Сегмент информационных технологий предлагает оптическое волокно, оптические кабели, телекоммуникационные компоненты, оптические компоненты, оптическое оборудование, сетевое оборудование и строительные работы. Бизнес-сегмент «Электроника» предлагает печатные платы, электронные провода, компоненты жестких дисков и различные разъемы. Сегмент автомобильного бизнеса предлагает жгуты проводов, электрические компоненты и другую продукцию для автомобилей. Сегмент энергетического бизнеса предлагает силовые кабели, кабели связи, алюминиевые провода, провода с покрытием. Бизнес-сегмент «Недвижимость» сдает в аренду недвижимость."
100,US,MAIR,US55658T1051,MAIR.N,Madison Air Solutions Corp,19.9,NYS,3,Промышленность,1,Экологические услуги и оборудование,0.36,39.62,40.68,0.0,23.32,0.0,0.0,0.0,0.0,0.0,0.0,0.0,0.0,0.0,0.0,0.0,0.0,0.0,0.0,0.0,0.0,0.0,0.0,"Madison Air Solutions Corp — поставщик критически важных решений для обеспечения вентиляции помещений. Его сегменты включают коммерческие и жилые помещения. Коммерческие предприятия поставляют инженерные, индивидуальные и полуиндивидуальные системы качества воздуха для поддержки управления процессами, соблюдения нормативных требований, энергоэффективности и производительности в критически важных средах. Через свои подразделения Nortek Air Solutions и Nortek Data Center Cooling компания предоставляет индивидуальные и полуиндивидуальные решения для отопления, вентиляции и кондиционирования воздуха (HVAC), включая кондиционеры, распределительные устройства охлаждения и комплексные системы для здравоохранения, образования, производства полупроводников и центров обработки данных. Жилой сегмент включает в себя такие бренды, как AprilAire, Broan-NuTone и Zephyr. Madison Air — один из ведущих игроков в отрасли, предлагающий полный набор решений для систем вентиляции для здоровья, интегрированный портфель, который обеспечивает качество воздуха в помещениях: очистку, вентиляцию, увлажнение, осушение, а также датчики и цифровое управление."
101,US,BVVBY,US12117P1093,BVVBY.PK,Bureau Veritas SA,14.2,PNK,4,Промышленность,1,Услуги поддержки бизнеса,0.01,63.04,69.93,58.33,62.87,68.1,59.37,63.22,69.58,54.06,63.24,69.58,49.35,61.53,69.58,44.55,58.73,69.58,0.0,51.97,69.58,0.0,25.95,"Bureau Veritas SA, ранее называвшееся Bureau Veritas Registre International de Classification de Navires et d’Aeronefs, — французская компания, занимающаяся преимущественно сектором поддержки бизнеса. Он предлагает широкий спектр услуг, включая управление активами, сертификацию, услуги по классификации, консалтинг, проверки и аудиты, тестирование и анализ, а также обучение. Он присутствует в более чем 140 странах через сеть офисов и лабораторий. Компания осуществляет свою деятельность через свои дочерние компании, в том числе BV Algeria, BV Argentina, Bivac Congo и Cesmec Чили, UniCar Group, Quiktrak Inc, Dairy Technic Services Ltd; Sistema PRI, бразильская компания, специализирующаяся на помощи в управлении проектами; Analysts Inc, американский специалист по мониторингу состояния масла (OCM); MatthewsDaniel Ltd, предоставляющая услуги для страхового рынка, Ningbo Hengxin Engineering Testing Co, Ltd (Ningbo Hengxin), Kuhlmann Monitoramento Agricola Ltda, SIEMIC Inc, California Code Check and Primary Integration Solutions."
102,US,NEXXY,US65343F1057,NEXXY.PK,Nexi SpA,5.7,PNK,5,Промышленность,2,Услуги поддержки бизнеса,0.05,4.87,5.23,3.6,4.36,6.74,0.0,2.01,6.74,0.0,2.13,8.02,0.0,1.98,9.31,0.0,2.76,23.48,0.0,7.11,24.0,0.0,3.66,"Nexi SpA — итальянская компания, занимающаяся финансовыми технологиями. Компания специализируется в области платежных технологий, предлагая цифровые услуги и инфраструктуру банкам, частным лицам, предприятиям, учреждениям и государственному управлению. Он работает в трех сегментах: торговые услуги и решения, карты и цифровые платежи, цифровые банковские решения. Решения компании включают, среди прочего, кредитные, дебетовые и предоплаченные карты, платежи с помощью смартфонов и носимых устройств, электронные счета-фактуры, системы приема и другие банковские решения."
103,US,BTGO,US0919471013,BTGO.N,BitGo Holdings Inc,1.4,NYS,6,Промышленность,3,Услуги поддержки бизнеса,0.12,11.87,12.39,7.88,10.23,0.0,0.0,0.0,0.0,0.0,0.0,0.0,0.0,0.0,0.0,0.0,0.0,0.0,0.0,0.0,0.0,0.0,0.0,"BitGo Holdings, Inc. — компания, занимающаяся инфраструктурой цифровых активов. Технологическая платформа компании разделена на четыре отдельных уровня: кошелек самостоятельного хранения, квалифицированное хранение, ликвидность и прайм-решения, а также решения «инфраструктура как услуга». Продукты компании включают в себя услуги кошелька, финансовые услуги, протокольные решения и сборку с BitGo. Услуги кошелька включают квалифицированное хранение, депозитарные кошельки, биткойн-казначейства, крипто-казначейства, учетную запись Go, самостоятельное хранение, горячие кошельки, холодные кошельки и кошелек как услугу. Его финансовые услуги включают ликвидность, финансирование, управление залогом, управление активами, расчеты, сеть Go и активы реального мира. Его протокольные решения включают услуги по стейкингу, рестейкинг, стейкинг биткойнов, управление токенами, листинговые услуги, стейблкоин как услугу, USD1 и GENIUS Act. Продукты компании Build with BitGo включают Crypto-as-a-Service, BitGo SDK, REST API и Express."
104,US,DFKCY,US2338021072,DFKCY.PK,Daifuku Co Ltd,17.9,PNK,7,Промышленность,1,Тяжелое электрооборудование,0.03,22.22,22.82,17.96,20.43,17.57,11.22,15.19,17.57,9.76,13.66,17.57,7.05,11.81,17.57,6.35,11.0,21.33,0.0,10.99,21.33,0.0,6.54,"Компания Daifuku Co Ltd в основном занимается производством и продажей погрузочно-разгрузочных систем и оборудования, а также производством и продажей автомоек, промышленных персональных компьютеров и интерфейсных плат. Компания работает в пяти бизнес-сегментах. Сегмент Daifuku производит и продает погрузочно-разгрузочные системы и оборудование, а также машины для мойки автомобилей, а также предоставляет послепродажное обслуживание. Сегмент «Контент» занимается разработкой, производством, продажей и послепродажным обслуживанием периферийных устройств для персональных компьютеров (ПК) и промышленного компьютерного сетевого оборудования. Сегмент ДНК производит и продает системы и оборудование для погрузочно-разгрузочных работ, главным образом в Северной Америке. Сегмент CFI производит и продает транспортные системы для чистых помещений, в основном производителям полупроводников в Южной Корее, а также предоставляет послепродажное обслуживание транспортных систем для чистых помещений, в основном производителям полупроводников в Китае. Другие виды деятельности включают послепродажное обслуживание."
105,US,FPS,US34631F1021,FPS.N,"Forgent Power Solutions, Inc",13.0,NYS,8,Промышленность,2,Тяжелое электрооборудование,0.8,42.68,44.3,28.65,34.94,0.0,0.0,0.0,0.0,0.0,0.0,0.0,0.0,0.0,0.0,0.0,0.0,0.0,0.0,0.0,0.0,0.0,0.0,"Forgent Power Solutions, Inc. — холдинговая компания. Компания будет действовать через ООО «Форджент Пауэр Солюшнс» и его дочерние компании. Он предлагает решения для силовых агрегатов, стандартные и индивидуальные продукты и услуги. Ее решения для силовых агрегатов включают в себя собственные разработки для производства критически важных компонентов и поставки готовых решений. Ее стандартная и нестандартная продукция включает в себя трансформаторы среднего и низкого напряжения (СН/НН), распределительные щиты и распределительные устройства низкого и среднего напряжения, силовые блоки и электронные дома, а также ответвительные коробки. Ее услуги включают комплексные услуги по вводу в эксплуатацию и ремонту трансформаторов, распределительных устройств, интегрированных силовых блоков и средств управления. Ее продукция для распределительных щитов и распределительных устройств низкого и среднего напряжения включает в себя распределительные щиты, распределительные устройства, щиты, автоматические переключатели, шкафы для подключения генераторов, блоки распределения питания и удаленные панели питания. Трансформаторы низкого и среднего напряжения включают в себя трансформаторы сухого типа и трансформаторы с жидкостным наполнением."
106,US,BWNB,US05614L5066,BWNB.N,Babcock & Wilcox Enterprises Inc,2.1,NYS,9,Промышленность,3,Тяжелое электрооборудование,0.01,25.0,25.14,24.95,25.0,24.74,15.31,21.56,24.74,6.27,19.52,24.74,6.27,19.16,24.74,6.27,19.63,24.95,0.0,16.55,24.95,0.0,8.26,"Babcock & Wilcox Enterprises, Inc. является поставщиком возобновляемых, экологических и тепловых технологий для промышленных, электроэнергетических, муниципальных и других заказчиков. Компания работает в трех сегментах: Babcock & Wilcox Renewable, Babcock & Wilcox Environmental и Babcock & Wilcox Thermal. Сегмент возобновляемых источников энергии Babcock & Wilcox предлагает технологии для экологически устойчивого производства электроэнергии и тепла, в том числе системы переработки отходов в энергию, кислородной биомассы в энергию и системы черного щелока для целлюлозно-бумажной промышленности. Сегмент Babcock & Wilcox Environmental предоставляет решения по контролю выбросов и экологическим технологиям для коммунальных предприятий, переработки отходов в энергию, биомассы в энергию, технического углерода и промышленного производства пара по всему миру. Подразделение Babcock & Wilcox Thermal предоставляет парогенерирующее оборудование, запасные части, строительство, техническое обслуживание и полевые услуги для электростанций, нефтегазового и промышленного секторов."
107,US,BW,US05614L2097,BW.N,Babcock & Wilcox Enterprises Inc,2.1,NYS,10,Промышленность,4,Тяжелое электрооборудование,0.56,15.55,18.8,13.59,16.39,7.76,0.88,3.35,7.76,0.22,2.18,7.76,0.22,1.84,7.76,0.22,2.83,10.36,0.22,4.57,239.8,0.22,32.77,"Babcock & Wilcox Enterprises, Inc. является поставщиком возобновляемых, экологических и тепловых технологий для промышленных, электроэнергетических, муниципальных и других заказчиков. Компания работает в трех сегментах: Babcock & Wilcox Renewable, Babcock & Wilcox Environmental и Babcock & Wilcox Thermal. Сегмент возобновляемых источников энергии Babcock & Wilcox предлагает технологии для экологически устойчивого производства электроэнергии и тепла, в том числе системы переработки отходов в энергию, кислородной биомассы в энергию и системы черного щелока для целлюлозно-бумажной промышленности. Сегмент Babcock & Wilcox Environmental предоставляет решения по контролю выбросов и экологическим технологиям для коммунальных предприятий, переработки отходов в энергию, биомассы в энергию, технического углерода и промышленного производства пара по всему миру. Подразделение Babcock & Wilcox Thermal предоставляет парогенерирующее оборудование, запасные части, строительство, техническое обслуживание и полевые услуги для электростанций, нефтегазового и промышленного секторов."
108,US,DTRUY,US23384L1017,DTRUY.PK,Daimler Truck Holding AG,39.5,PNK,11,Промышленность,1,Тяжелая техника и транспортные средства,0.03,25.58,26.38,24.07,25.4,26.4,19.43,22.11,26.4,16.94,21.61,26.4,16.31,20.9,26.4,14.69,19.56,26.4,0.0,14.82,26.4,0.0,7.4,"Daimler Truck Holding AG — немецкая компания. Компания делит свой бизнес на промышленный бизнес и финансовые услуги. Промышленный бизнес включает в себя автомобильные сегменты Trucks North America, Mercedes-Benz, Trucks Asia, Daimler Buses и сверку. Trucks Asia объединяет бизнес-операции Mitsubishi Fuso Truck and Bus Corporation (MFTBC), базирующейся в Японии, и Daimler India Commercial Vehicles (DICV) в Индии. Daimler Buses — поставщик автобусов и шасси с полным спектром услуг, разрешенная полная масса которых превышает восемь тонн. Сегмент финансовых услуг предлагает клиентам полный пакет транспортных средств, продуктов финансирования и лизинга, а также других услуг. Компания является материнской компанией Daimler Truck Group. Daimler Truck Group объединяет под своей эгидой восемь автомобильных брендов: Freightliner, Thomasbuilt Buses, Western Star, Mercedes-Benz, FUSO, BharatBenz, RIZON и Setra."
109,US,EPOAY,US29429L4023,EPOAY.PK,Epiroc AB,34.5,PNK,12,Промышленность,2,Тяжелая техника и транспортные средства,0.13,30.03,30.2,24.36,27.44,24.11,19.55,21.59,24.11,16.79,21.08,24.11,16.79,20.11,24.11,16.14,19.75,26.33,12.96,20.04,26.33,0.0,12.58,"Epiroc AB — шведская компания, занимающаяся в основном производством промышленного оборудования и машин. Компания является партнером по производительности и устойчивому развитию для клиентов в горнодобывающей отрасли и инфраструктуре, предоставляя продукцию, в основном используемую в твердых породах. «Эпирок» разрабатывает и поставляет такое оборудование, как буровые установки, карьерное и строительное оборудование, а также инструменты для наземных и подземных работ. Группа имеет два отчетных сегмента: «Оборудование и услуги» и «Инструменты и приспособления». Компания Equipment & Service предоставляет горнодобывающее и горнодобывающее оборудование, а также сопутствующее обслуживание и запасные части. Компания Tools & Attachments предлагает инструменты для бурения горных пород и гидравлические приспособления, которые крепятся к машинам и в основном используются для бурения, сноса и переработки отходов, а также выемки горных пород."
110,US,TMTNY,US8911024029,TMTNY.PK,Toromont Industries Ltd,13.3,PNK,13,Промышленность,3,Тяжелая техника и транспортные средства,0.01,33.14,34.7,27.03,31.14,0.0,0.0,0.0,0.0,0.0,0.0,0.0,0.0,0.0,0.0,0.0,0.0,0.0,0.0,0.0,0.0,0.0,0.0,"Toromont Industries Ltd. — канадская компания, которая обслуживает специализированное оборудование и поддержку продуктов для диверсифицированной клиентской базы. В число его бизнес-подразделений входят Toromont Cat, Toromont Material Handling, SITECH, Battlefield Equipment Rentals-The Cat Rental Store, Worksite Industrial Rental Services и CIMCO. В его сегмент входят Equipment Group и CIMCO. Сегмент Equipment Group включает дилерские центры Caterpillar по доходам и географической территории, охватывающие канадские провинции Ньюфаундленд и Лабрадор, Новая Шотландия, Нью-Брансуик, Остров Принца Эдуарда, Квебек, Онтарио и Манитоба, а также различные территории Нунавута. Ее бизнес также включает в себя аренду тяжелого оборудования и погрузочно-разгрузочные работы. Сегмент CIMCO занимается проектированием, проектированием, изготовлением и установкой промышленных и рекреационных холодильных систем. Компания также занимается проектированием и изготовлением корпусов для генерации и хранения электроэнергии."
111,US,PLOW,US25960R1059,PLOW.N,Douglas Dynamics Inc,1.1,NYS,14,Промышленность,4,Тяжелая техника и транспортные средства,0.11,45.42,52.19,41.57,45.65,34.37,27.7,31.46,34.37,21.38,28.65,34.37,21.31,26.92,41.35,21.31,28.4,51.44,21.31,32.14,56.88,16.9,34.55,"Douglas Dynamics, Inc. — производитель и монтажник навесного оборудования и оборудования для коммерческих грузовых автомобилей. Компания работает в двух сегментах: навесное оборудование для рабочих грузовиков и решения для рабочих грузовиков. Сегмент навесного оборудования для рабочих грузовиков занимается производством и продажей навесного оборудования для борьбы со снегом и льдом и другой продукции, продаваемой под брендами FISHER, SNOWEX и WESTERN, а также вертикально интегрированной продукции. Компания предлагает широкий выбор снегоочистителей и разбрасывателей песка и соли для легких грузовиков. Сегмент Work Truck Solutions занимается производством муниципальной продукции для борьбы со снегом и льдом под брендом HENDERSON, а также оснащением навесного оборудования и решений для хранения под брендом HENDERSON, а также брендом DEJANA и связанными с ним суббрендами. Продукты Work Truck Solutions включают в себя модификации грузовых автомобилей и транспортных средств, к которым прикрепляются компоненты оборудования, кузова грузовиков, стеллажи и решения для хранения, и которые обычно используются конечными пользователями для рабочих целей."
112,US,GHM,US3845561063,GHM.N,Graham Corp,1.1,NYS,15,Промышленность,1,Промышленные машины и оборудование,0.02,96.7,100.25,80.82,92.79,72.02,46.58,55.77,72.02,25.01,46.85,72.02,18.38,38.24,72.02,9.11,30.29,72.02,6.51,22.69,72.02,6.51,21.29,"Graham Corporation занимается разработкой и производством критически важных жидкостных, энергетических, теплообменных и вакуумных технологий для оборонной, энергетической, перерабатывающей и космической промышленности. Компания разрабатывает и производит вакуумные технологии, технологии теплопередачи, криогенные насосы и турбомашины по индивидуальному заказу. В оборонной промышленности ее оборудование используется в ядерных и неядерных двигательных, энергетических, жидкостных и тепловых системах управления. Для энергетической и перерабатывающей промышленности компания поставляет оборудование для вакуума, теплопередачи и передачи жидкости, используемое в нефтепереработке, последующих химических предприятиях, удобрениях, этилене, метаноле, пищевом масле, продуктах питания и напитках, целлюлозе и бумаге, а также в различных альтернативных энергетических приложениях, таких как водород, малые модульные ядерные, концентрированные солнечные и геотермальные процессы. В космической отрасли ее оборудование используется в двигательных, энергетических и тепловых системах, а также в системах жизнеобеспечения."
113,US,MARUY,<NA>,MARUY.PK,Marubeni Corp,58.4,PNK,16,Промышленность,1,Оптовая торговля диверсифицированными промышленными товарами,0.02,376.4,400.0,355.0,375.23,300.99,195.0,240.46,300.99,126.85,205.96,300.99,126.85,187.59,300.99,110.69,175.07,300.99,64.79,142.28,300.99,42.85,111.27,"Marubeni Corp занимается импортом, экспортом и транзакциями различных продуктов через внутренние и зарубежные сети. Компания имеет шестнадцать сегментов. Сегмент Lifestyle включает одежду, обувь, товары повседневного спроса, спортивные товары. Сегмент «Информационные решения» включает услуги с использованием цифровых технологий в области ИКТ и логистики. Сегмент Food 1 включает молочные продукты, сахар, обработанные пищевые продукты и напитки. В сегмент «Продовольствие 2» входят фуражное зерно, соя, пшеница. Сегмент «Агро» включает бизнес по продаже сельскохозяйственной продукции. Сегмент лесных товаров включает сырье для производства бумаги и картон. Сегмент «Химия» включает нефтехимию и электронные материалы. В сегменты также входят металлургия, Департамент содействия развитию новой энергетики, энергетика, электричество, инфраструктурные проекты, авиация и судоходство, финансы, лизинг и недвижимость, строительство и промышленное оборудование, развитие бизнеса следующего поколения."
114,US,TYHOY,US89240C2052,TYHOY.PK,Toyota Tsusho Corp,46.5,PNK,17,Промышленность,2,Оптовая торговля диверсифицированными промышленными товарами,0.01,22.49,23.0,18.0,20.22,19.53,0.0,14.01,19.53,0.0,11.29,19.53,0.0,5.71,19.53,0.0,3.81,19.53,0.0,2.29,19.53,0.0,1.14,"Toyota Tsusho Corp — японская компания, занимающаяся торговлей различной продукцией, производством, обработкой, продажей и инвестированием сопутствующей продукции, а также предоставлением услуг. Компания работает в семи бизнес-сегментах. Металлургический сегмент перерабатывает, производит, обрабатывает и продает, среди прочего, стальную продукцию и слитки цветных металлов. Сегмент глобальных компонентов и логистики производит и собирает детали для мобильных устройств, а также разрабатывает, проектирует и продает аксессуары для мобильных устройств. Сегмент «Мобильность» продает и обслуживает автомобили и их запчасти. Сегмент «Машиностроение, энергетика и заводские проекты» предоставляет производственное и распределительное оборудование, детали и инструменты, а также строительное оборудование. Сегмент «Химия и электроника» предлагает автомобильные компоненты, полупроводники и электронные компоненты. Сегмент Foods & Lifestyle предлагает обработанные пищевые продукты и пищевые ингредиенты. Африканский сегмент занимается мобильностью, здравоохранением, потребительским сектором и инфраструктурой."
115,US,ANYYY,US00774W1036,ANYYY.PK,Aena SME SA,42.5,PNK,18,Промышленность,1,Операторы и службы аэропортов,0.08,14.12,15.95,13.1,14.73,15.13,12.66,13.78,15.13,1.82,12.92,15.13,1.82,11.43,15.13,1.82,10.25,15.13,0.0,8.86,15.13,0.0,4.42,"Aena SME SA, ранее называвшаяся Aena SA, — это испанская компания, которая в основном занимается эксплуатацией аэропортов. Его деятельность разделена на четыре сегмента: аэропорты, в состав которых входит авиационное подразделение, отвечающее, среди прочего, за управление аэропортами, трапами, безопасностью, обработкой грузов и топливом, а также коммерческое подразделение, включая магазины беспошлинной торговли и специализированные магазины, ресторанные услуги, прокат автомобилей, а также банковские услуги и рекламу; Услуги за пределами терминала, который управляет активами недвижимости, такими как автостоянки, склады и земли; International, в которую входит деятельность дочерней компании компании Aena Desarrollo Internacional SA, которая инвестирует в других владельцев аэропортов, главным образом в Мексике, Колумбии и Великобритании; и другие, включая корпоративную деятельность. Он управляет туризмом, узловыми и региональными аэропортами, а также вертолетными площадками и районами авиации общего назначения. Кроме того, в зону его назначения входят Европа, Америка, Азия и Африка."
116,US,GNK,MHY2685T1313,GNK.N,Genco Shipping & Trading Ltd,1.1,NYS,19,Промышленность,1,Морские перевозки и логистика,0.1,25.5,25.65,22.6,24.0,19.6,12.99,17.05,19.6,11.22,15.41,23.4,11.22,17.07,23.4,11.22,16.37,27.13,7.37,16.39,27.13,3.63,12.82,"Genco Shipping & Trading Limited — компания, владеющая балкерными судами, специализирующаяся на морских перевозках товаров по всему миру. Компания предоставляет своим клиентам комплексные логистические решения, используя собственную коммерческую операционную платформу. Он перевозит ключевые грузы, такие как железная руда, зерно, стальная продукция, бокситы, цемент, никелевая руда и другие товары по мировым морским маршрутам. Современный флот сухогрузов, находящийся в полной собственности компании, состоит из более крупных судов Capesize и средних судов Ultramax и Supramax, что позволяет ей перевозить широкий спектр грузов. Его флот состоит из более чем 42 сухогрузов, в том числе 16 балкеров Capesize, 15 балкеров Ultramax и одиннадцати балкеров Supramax совокупной грузоподъемностью около 4 446 000 тонн дедвейта. В число его судов входят Baltic Bear, Baltic Hornet, Genco Lion, Baltic Wolf, Genco Aquitaine, Genco Augustus, Genco Bourgogne, Genco Liberty, Genco Freedom и Genco Vigilant."
117,US,SFHOY,US78437M1009,SFHOY.PK,S.F. Holding Co Ltd,26.5,PNK,20,Промышленность,1,"Курьерская, почтовая, авиаперевозка и наземная логистика",0.01,18.28,18.7,16.75,18.09,32.25,0.0,15.9,32.25,0.0,8.14,32.25,0.0,4.05,32.25,0.0,2.71,32.25,0.0,1.62,32.25,0.0,0.81,"С.Ф. Holding Co Ltd — китайская компания, которая в основном занимается предоставлением комплексных логистических услуг. Компания управляет тремя сегментами. Сегмент экспресс-доставки и доставки грузов предоставляет экспресс-услуги в определенный срок, эконом-экспресс-услуги, услуги доставки грузов, услуги холодовой цепи и фармацевтической логистики, а также другие услуги. Сегмент внутригородской доставки по требованию предоставляет услуги внутригородской доставки по требованию и другие услуги. Сегмент «Цепочка поставок и международный» предоставляет услуги по цепочке поставок, международные услуги и другие услуги. Компания также предоставляет лизинговые и технологические услуги."
118,US,INPOY,US45784C1009,INPOY.PK,InPost SA,8.9,PNK,21,Промышленность,2,"Курьерская, почтовая, авиаперевозка и наземная логистика",0.02,8.84,8.99,8.49,8.8,7.97,5.28,6.54,9.1,0.0,7.1,10.16,0.0,6.89,10.16,0.0,6.13,11.34,0.0,5.57,11.34,0.0,2.78,"InPost SA — это платформа для электронной коммерции со штаб-квартирой в Люксембурге. Компания управляет платформой для электронной коммерции в Польше, предоставляя услуги доставки через сеть автоматизированных посылочных автоматов (APM) компании и курьеров до двери, а также услуги по выполнению заказов торговцам электронной коммерции, в том числе более 1100 в Соединенном Королевстве. Компания предоставляет услуги доставки через свою сеть, насчитывающую более 12 000 АПМ. Компания предлагает услуги по доставке и выполнению посылок для продавцов электронной коммерции для доставки товаров, продаваемых по принципу «бизнес-потребителю» (B2C), а также доставки «потребитель-потребитель» (C2C) и «потребитель-бизнес» (C2B) (возврат). Компания также предоставляет торговцам складские услуги."
119,US,RLLCF,GB00B669WX96,RLLCF.PK,Rolls-Royce Holdings PLC,145.1,PNK,22,Промышленность,1,Аэрокосмическая и оборонная промышленность,6.43,0.0,0.0,0.0,0.0,0.01,0.0,0.0,0.01,0.0,0.0,0.01,0.0,0.0,0.02,0.0,0.0,1.01,0.0,0.01,1.01,0.0,0.01,"Rolls-Royce Holdings plc — британская компания, которая разрабатывает и поставляет силовые и двигательные решения для критически важных с точки зрения безопасности применений в воздухе, на море и на суше. Сегменты компании включают гражданскую авиакосмическую отрасль, оборону, энергетические системы и новые рынки. Сегмент гражданской авиации занимается разработкой, производством, маркетингом и продажей коммерческих авиационных двигателей, а также послепродажным обслуживанием. Оборонный сегмент занимается разработкой, производством, маркетингом и продажей двигателей для военной авиации, военно-морских сил, подводных атомных электростанций и послепродажным обслуживанием. Сегмент энергетических систем занимается разработкой, производством, маркетингом и продажей интегрированных решений для локальной энергетики и двигательной установки. Сегмент новых рынков занимается разработкой, производством и продажей малых модульных реакторов (ММР) и новых решений в области электроэнергетики. В число ее дочерних компаний входят, среди прочего, Aerospace Transmission Technologies GmbH и PT Rolls-Royce."
120,US,KBGGY,US50048U2015,KBGGY.PK,Kongsberg Gruppen ASA,31.2,PNK,23,Промышленность,2,Аэрокосмическая и оборонная промышленность,0.03,20.88,22.57,18.28,20.48,19.6,11.11,14.34,88.86,0.0,14.11,88.86,0.0,9.27,88.86,0.0,6.2,88.86,0.0,3.71,88.86,0.0,1.85,"Kongsberg Gruppen ASA — международная технологическая компания со штаб-квартирой в Норвегии, целью которой является участие в технологической и промышленной деятельности в морском, оборонном и смежных секторах. Компания имеет три операционных сегмента, организованных по отраслям: Kongsberg Maritime (KM), Kongsberg Defense & Aerospace (KDA) и Kongsberg Digital (KDI). Kongsberg Maritime разрабатывает и поставляет технологии, которые способствуют реализации устойчивого управления океанским пространством, Kongsberg Defense & Aerospace поставляет различные системы и услуги для оборонной промышленности, а Kongsberg Digital сосредоточен на занятии новых и укреплении существующих позиций, связанных с цифровизацией на рынках нефти и газа, ветроэнергетики и торгового флота. Kongsberg Gruppen ASA имеет несколько дочерних компаний, в том числе Kongsberg Defense & Aerospace AS, Kongsberg Martime China Ltd, Kongsberg Oil & Gas Tecnologies AS и Kongsberg Maritime AS."
121,US,LOAR,US53947R1059,LOAR.N,Loar Holdings Inc,5.8,NYS,24,Промышленность,3,Аэрокосмическая и оборонная промышленность,0.28,61.83,68.67,53.15,60.78,85.2,62.63,74.05,99.67,62.11,76.69,99.67,0.0,61.96,99.67,0.0,41.36,99.67,0.0,24.78,99.67,0.0,12.37,"Loar Holdings Inc. — диверсифицированный производитель и поставщик нишевых компонентов для аэрокосмической и оборонной промышленности. Продукция компании охватывает широкий спектр применений, поддерживающих основные авиационные платформы, и включает в себя автоматические дроссельные заслонки, поясные ремни безопасности, двух- и трехточечные ремни безопасности, системы очистки воды, противопожарные барьеры, полиимидные шайбы и втулки, защелки, фиксаторы и тяги, датчики и переключатели температуры и жидкости, карбоновые и металлические тормозные диски, жидкостную и пневматическую защиту ото льда, воздушные компоненты RAM, уплотнительные решения и устройства движения и срабатывания, индивидуальные панели с боковой подсветкой. а также ручки и сигнализаторы для кнопочных выключателей с лампами накаливания и светодиодной подсветкой, среди прочего. Он также предлагает другую продукцию, в том числе вентиляторы, воздуходувки, двигатели и специализированные вращающиеся машины. Его вентиляторы и бесщеточные двигатели используются на аэрокосмических и оборонных платформах. Он обслуживает три основных конечных рынка, таких как коммерческая авиакосмическая промышленность, бизнес-джеты и авиация общего назначения."
122,US,YSS,US9870841007,YSS.N,York Space Systems Inc,4.7,NYS,25,Промышленность,4,Аэрокосмическая и оборонная промышленность,0.3,36.87,44.47,26.39,34.15,0.0,0.0,0.0,0.0,0.0,0.0,0.0,0.0,0.0,0.0,0.0,0.0,0.0,0.0,0.0,0.0,0.0,0.0,"York Space Systems Inc., ранее известная как Yellowstone Midco Holdings II, LLC, является ведущей компанией в области космической и оборонной промышленности, предоставляющей комплексный набор критически важных решений для национальной безопасности, правительственных и коммерческих клиентов. Компания является поставщиком космической архитектуры военных истребителей (PWSA) Министерства обороны США. Компания продемонстрировала возможность подключения Link-16 из космоса. Он предлагает решения для миссий в нескольких взаимодополняющих категориях продуктов: компоненты, подсистемы, платформы космических кораблей, наземные операции, глобальная линия связи и программные услуги. Его платформы S-CLASS, LX-CLASS и M-CLASS представляют собой универсальные космические корабли, предназначенные для выполнения различных задач. Его запатентованные пакеты программного обеспечения, как на орбите космического корабля, так и на земле в его оперативных центрах, объединяют планирование миссий, наземные операции и автономное управление полетом, обеспечивая минимальные операции между отдельными спутниками и большими группировками."
123,US,AVEX,US00835T1079,AVEX.N,AEVEX Corp,3.0,NYS,26,Промышленность,5,Аэрокосмическая и оборонная промышленность,0.22,26.12,42.3,0.0,18.22,0.0,0.0,0.0,0.0,0.0,0.0,0.0,0.0,0.0,0.0,0.0,0.0,0.0,0.0,0.0,0.0,0.0,0.0,"AEVEX Corp. является генеральным подрядчиком оборонных технологий и важнейшим посредником в миссиях по стратегии доминирования беспилотных авиационных систем (БПЛА) США. Компания поставляет передовые технологические продукты и решения через два взаимодополняющих бизнес-сегмента: тактические системы и глобальные решения. Компания Tactical Systems разрабатывает и производит проверенные в боевых условиях, автономные, модульные и разделяемые беспилотные системы (UxS), включая БПЛА и беспилотные надводные транспортные средства (USV), а также другие критически важные продукты. Global Solutions предоставляет индивидуальные решения для миссий, в том числе бортовые ISR полного спектра с поддержкой искусственного интеллекта (ИИ), системы противодействия беспилотным авиационным самолетам (C-UAS), аддитивное производство, а также проектирование, модификацию и испытания самолетов для специализированных миссий. Ее решения в основном продаются агентствам и организациям Министерства войны США (DoW), Сил специальных операций (SOF), разведывательного сообщества (IC) и союзных международных партнеров."
124,US,AVVSY,US05374V1089,AVVSY.PK,Avio SpA,1.8,PNK,27,Промышленность,6,Аэрокосмическая и оборонная промышленность,0.02,9.41,11.65,0.0,7.31,15.03,0.0,4.71,15.03,0.0,2.41,15.03,0.0,1.2,15.03,0.0,0.8,15.03,0.0,0.48,15.03,0.0,0.24,"Avio SpA — итальянская компания, занимающаяся твердотопливными, жидкостными и криогенными двигателями, а также тактическими двигателями. Компания специализируется на строительстве и разработке космических ракет-носителей, а также твердотопливных и жидкостных двигательных установок для космических путешествий. В первую очередь она предлагает космические ракеты-носители под названиями Vega и Ariane. Компания также предоставляет компоненты силовой установки, такие как ускорители и маршевые двигатели, компоненты наведения, включая продукцию TVC, а также аэродинамические компоненты, включающие плавники. Кроме того, Компания участвует в исследованиях и разработках посредством исследовательского сотрудничества с университетами и исследовательскими центрами, а также посредством технического и эксплуатационного сотрудничества с космическими агентствами, такими как Европейское космическое агентство (ЕКА). Компания имеет представительства в Италии, Франции и Французской Гвиане."
125,US,BKSY,US09263B2079,BKSY.N,Blacksky Technology Inc,1.5,NYS,28,Промышленность,7,Аэрокосмическая и оборонная промышленность,0.3,40.51,42.75,28.69,35.26,33.13,12.45,19.94,33.13,6.15,15.89,33.13,3.86,12.53,33.13,3.86,12.38,139.52,3.86,26.73,139.52,0.0,20.91,"BlackSky Technology Inc. — космическая разведывательная компания. Компания предоставляет по запросу высокочастотные изображения, мониторинг и аналитику стратегических мест, экономических активов и событий в мире. Она проектирует, владеет и управляет группировками малых спутников на низкой околоземной орбите. Ее платформа BlackSky Spectra обрабатывает данные со своего созвездия и других сторонних датчиков для разработки критически важных идей и аналитики, которые требуются ее клиентам. Spectra — это первая в своем роде коммерческая платформа, которая помогает клиентам управлять своей деятельностью по мониторингу из космоса. Программная платформа Spectra обрабатывает миллионы наблюдений в день как со своих собственных спутниковых группировок, так и с использованием данных из множества внешних источников, включая изображения, радары и радиочастотные спутники, датчики окружающей среды, датчики отслеживания активов, устройства, подключенные к Интернету вещей, источники повествования с поддержкой Интернета и различные потоки геовременных данных."
126,US,SAABY,US78516J1016,SAABY.PK,Saab AB,33.9,PNK,29,Промышленность,1,Aerospace & Defense,0.07,31.78,35.0,29.83,31.97,31.29,23.29,27.22,31.29,9.68,23.13,31.29,0.0,16.62,31.29,0.0,12.0,31.29,0.0,7.46,31.29,0.0,3.73,"Saab AB — шведская компания, предлагающая продукты и услуги, начиная от военной обороны и заканчивая гражданской безопасностью. Деятельность компании разделена на шесть бизнес-направлений. Аэронавтика включает в себя разработку технологий гражданской и военной авиации, в том числе «Грипен» и беспилотных авиационных систем. Dynamics включает в себя портфель продуктов систем вооружения, таких как вспомогательное оружие, ракеты, дистанционно управляемые транспортные средства и системы управления сигнатурами. Системы электронной защиты обеспечивают бортовые, наземные и военно-морские системы, а также радары, радиоразведку и самозащиту. Решения для безопасности и обороны обеспечивают рынок военной и гражданской безопасности, среди прочего, компьютеризированными системами командования, контроля, связи и разведки. Служба поддержки и услуг предлагает обслуживание и поддержку клиентам Saab. Среди прочего, компания действует через Thyssen Krupp Marine Systems AB и Nordic Defense Industries, производителя зарядных систем для разминирования."
127,US,OCDDY,US6744881011,OCDDY.PK,Ocado Group PLC,2.3,PNK,1,Потребительские циклические акции,1,Универмаги,0.01,5.45,5.92,4.81,5.32,10.61,0.0,6.69,10.61,0.0,6.83,19.19,0.0,8.5,25.45,0.0,10.72,80.45,0.0,22.23,80.45,0.0,19.38,"Ocado Group plc — это глобальная технологическая компания, которая переосмысливает электронную коммерцию, выполнение заказов и логистику в сфере онлайн-продуктов и за ее пределами. Сегменты компании включают логистику и технологические решения. Сегмент логистики предоставляет центры обслуживания клиентов (CFC) и логистические услуги для клиентов в Соединенном Королевстве (Wm Morrison Supermarkets Limited и Ocado Retail Limited). Сегмент технологических решений предоставляет комплексные решения для онлайн-торговли и автоматизированного хранения и поиска товаров общего назначения для корпоративных клиентов как в Соединенном Королевстве, так и за его пределами. Технологические решения включают интеллектуальную автоматизацию Ocado (OIA). Ее интеллектуальная платформа Ocado (OSP) представляет собой настраиваемое комплексное решение для электронной коммерции, выполнения заказов и логистики, созданное для удовлетворения потребностей продуктовой онлайн-торговли. OIA предоставляет технологии автоматизации складов, которые позволяют предприятиям во многих отраслях обеспечить безопасность своих складских операций в будущем."
128,US,UNVGY,US91377B1098,UNVGY.PK,Universal Music Group NV,41.2,PNK,2,Потребительские циклические акции,1,Развлекательное производство,0.38,11.19,12.29,9.71,11.31,16.6,12.23,13.93,16.6,12.18,14.12,16.6,11.28,13.97,16.6,9.64,13.37,16.6,0.0,10.65,16.6,0.0,5.32,"Universal Music Group NV — компания, базирующаяся в Нидерландах, которая в основном занимается музыкальными развлечениями. Компания занимается поиском и развитием артистов и авторов песен, а также маркетингом, продвижением, распространением, продажей и лицензированием аудио- и аудиовизуального контента. В состав Universal Music Group N.V. входят музыкальные издательства Universal Music Publishing Group. Каталог записанной музыки включает более трех миллионов записей, включая широкий спектр исполнителей, таких как ABBA, Луи Армстронг, The Beatles, The Beach Boys, The Bee Gees, Ариана Гранде, Imagine Dragons, Леди Гага, Джеймс Браун, Бон Джови, Нил Даймонд, Марвин Гэй, Дрейк, Билли Айлиш, Эминем, Селена Гомес, Guns N’ Roses, Элтон Джон, Боб Марли, Пол Маккартни, Нирвана, Лучано Паваротти, Queen, The Rolling Stones, Фрэнк Синатра, U2, Эми Уайнхаус и Стиви Вонд и другие."
129,US,YMHAY,US9846282062,YMHAY.PK,Yamaha Motor Co Ltd,7.2,PNK,3,Потребительские циклические акции,1,Производители автомобилей и грузовиков,0.01,14.75,15.58,0.0,13.77,15.61,0.0,14.24,18.04,0.0,14.82,24.4,0.0,15.43,24.53,0.0,15.31,24.53,0.0,12.6,24.53,0.0,6.46,"Yamaha Motor Co Ltd — японская компания, занимающаяся наземной мобильностью, морским транспортом, робототехникой, финансовыми услугами и другими. Компания работает в четырех бизнес-сегментах. Бизнес-сегмент Land Mobility производит и продает мотоциклы, промежуточные детали, детали для зарубежного производства, четырехколесные багги, внедорожники для отдыха, велосипеды с электроприводом, приводы для велосипедов с электроприводом (e-Kits), электрические инвалидные коляски, автомобильные двигатели, автомобильные компоненты. Сегмент морского бизнеса производит и продает подвесные моторы, водные транспортные средства, лодки, рыбацкие лодки и лодки японского типа. Бизнес-сегмент «Робототехника» производит и продает устройства для поверхностного монтажа, полупроводниковое оборудование для постпроектного производства, промышленных роботов и промышленные беспилотные вертолеты. Бизнес-сегмент «Финансовые услуги» обеспечивает финансирование продаж и лизинг своих продуктов. Компания также предоставляет автомобили для гольфа, генераторы, двигатели общего назначения и снегоочистители."
130,US,TDAY,US36472T1097,TDAY.N,USA TODAY Co Inc,1.1,NYS,4,Потребительские циклические акции,1,Потребительское издательство,0.85,7.19,7.68,6.6,7.19,5.72,3.42,4.36,5.72,2.6,4.07,5.92,1.94,4.01,5.92,1.62,3.46,7.05,1.25,3.81,19.88,0.63,7.85,"USA TODAY Co., Inc. — диверсифицированная медиакомпания. Компания специализируется на решениях в области медиа и цифрового маркетинга. В ее разнообразное портфолио входит бренд LocaliQ, набор решений для цифрового бизнеса и маркетинга, а также USA TODAY NETWORK Ventures. Три сегмента компании включают USA TODAY Media, Newsquest и LocaliQ. Через свои бренды, в том числе USA TODAY NETWORK, включающую национальное издание USA TODAY и сеть местных объектов в США, а также Newsquest, дочернюю компанию, находящуюся в полной собственности в Соединенном Королевстве, она предоставляет аудитории и предприятиям необходимую журналистику, местный контент и цифровой опыт. Ее бренд решений для цифрового маркетинга LocaliQ поддерживает малый и средний бизнес с помощью продуктов и решений для цифрового маркетинга. Предложения сегмента USA TODAY Media представлены как в цифровом, так и в печатном виде, включая цифровую подписку на местные бренды и доставку на дом на основе подписки."
131,US,MONRY,US60919T1007,MONRY.PK,Moncler SpA,17.4,PNK,5,Потребительские циклические акции,1,Одежда и аксессуары,0.22,64.09,71.41,58.84,63.41,69.17,53.24,60.63,71.79,0.0,61.32,76.7,0.0,61.35,78.29,0.0,51.09,80.41,0.0,37.01,80.41,0.0,20.97,"Moncler SpA — итальянская компания, работающая в индустрии моды. Компания разрабатывает, производит и распространяет одежду и аксессуары под брендом Moncler. Moncler SpA производит коллекции для женщин, мужчин и детей. Компания предлагает в основном спортивную, верхнюю, трикотажную и лыжную одежду, включая куртки, обувь, свитера, брюки, сумки, рубашки, топы, перчатки, головные уборы и солнцезащитные очки и многое другое. Moncler SpA реализует свою продукцию примерно через 122 магазина, а также через оптовый канал сбыта. Moncler SpA работает примерно в 66 странах, включая Австрию, Францию, Германию, Швейцарию, Турцию, Китай, Гонконг, Японию, Тайвань и США и другие."
132,US,SMSGY,US79604U2069,SMSEY.PK,Samsonite Group SA,2.7,PNK,6,Потребительские циклические акции,2,Одежда и аксессуары,0.01,9.35,10.25,9.16,9.67,13.09,9.25,11.06,15.16,0.0,11.19,20.06,0.0,12.84,20.06,0.0,13.6,20.06,0.0,12.03,24.06,0.0,13.21,"Samsonite Group S.A., ранее известная как Samsonite International S.A., — компания со штаб-квартирой в Люксембурге. Компания в основном занимается разработкой, производством, поставкой и распространением багажа, деловых и компьютерных сумок, сумок для активного отдыха и повседневного использования, дорожных аксессуаров и тонких защитных чехлов для персональных электронных устройств. Компания осуществляет свою деятельность через три сегмента. Сегмент Travel Bag занимается туристическими продуктами с чемоданами и ручной кладью трех основных категорий, включая твердый, мягкий и гибридный багаж. Сегмент Casual Bags занимается повседневным использованием, включая различные виды рюкзаков, женские и мужские сумки через плечо и спортивные сумки на колесиках. Сегмент бизнес-сумок занимается бизнес-использованием, включая передвижные офисные сумки, портфели и сумки для компьютеров."
133,US,PUMSY,US74589A1016,PUMSY.PK,Puma SE,4.3,PNK,7,Потребительские циклические акции,1,Обувь,0.02,2.85,3.07,0.0,2.6,2.84,1.71,2.31,4.7,1.71,2.56,5.66,1.71,3.56,7.3,0.0,4.36,13.13,0.0,6.17,13.13,0.0,4.32,"PUMA SE — немецкая компания, занимающаяся проектированием, разработкой, продажей и маркетингом спортивной обуви, одежды и аксессуаров. Сегменты компании включают Европу, Ближний Восток и Африку (EMEA), Америку (Северную и Латинскую Америку) и Азиатско-Тихоокеанский регион. Компания предлагает продукцию для спортивного стиля и производительности в шести бизнес-подразделениях: командный спорт, бег и тренировки, баскетбол, гольф, автоспорт, спортивный стиль, аксессуары и лицензирование. Компания занимается реализацией продукции брендов PUMA и COBRA Golf через оптовую и розничную торговлю, а также от продаж напрямую потребителям в своих розничных магазинах и интернет-магазинах. Компания продает и распространяет свою продукцию по всему миру, в основном через свои дочерние компании примерно в 120 странах. Для различных сегментов продукции, таких как парфюмерия, очки и часы, Компания выдает лицензии, разрешающие независимым партнерам проектировать, разрабатывать и продавать эту продукцию."
134,US,LZB,US5053361078,LZB.N,La-Z-Boy Inc,1.4,NYS,8,Потребительские циклические акции,1,Мебель для дома,0.19,35.37,36.73,31.34,34.6,41.06,29.03,35.85,48.29,29.03,38.68,48.29,29.03,38.77,48.29,22.87,35.81,48.29,21.92,34.56,48.29,15.63,32.04,"La-Z-Boy Incorporated — вертикально интегрированный продавец и производитель мебели. Компания производит, продает, импортирует, экспортирует, распространяет и продает в розницу мебельную продукцию под торговыми марками La-Z-Boy, England, Kincaid и Joybird. Его сегменты включают оптовый сегмент и розничный сегмент. Сегмент розничной торговли состоит из более чем 200 принадлежащих компании магазинов La-Z-Boy Furniture Galleries и является частью более широкой сети из почти 370 мебельных галерей La-Z-Boy, которые вместе с La-Z-Boy.com обслуживают клиентов по всей стране. Joybird, интернет-магазин и производитель современной мягкой мебели, имеет более 12 магазинов в США. В оптовом сегменте компания производит удобную мебель на заказ для мебельных галерей и различных розничных каналов. Компания England Furniture Co. предлагает мягкую мебель на заказ, а бренды товаров для дома Kincaid, American Drew и Hammary предлагают предметы, благодаря которым каждая комната будет чувствовать себя как дома."
135,US,LOTMY,US54569M1018,LOTMY.PK,Lottomatica Group SpA,8.2,PNK,9,Потребительские циклические акции,1,Казино и игры,0.03,32.27,33.1,28.5,30.57,29.5,0.0,25.8,29.5,0.0,16.89,29.5,0.0,8.41,29.5,0.0,5.61,29.5,0.0,3.36,29.5,0.0,1.68,"Lottomatica Group SpA, ранее известная как Gamma Midco SpA, — итальянская холдинговая компания, работающая в сфере ставок и лотерей. Компания работает в трех сегментах: ставки на спорт и онлайн-игры (онлайн), ставки на спорт и игры через розничную сеть (спортивная франшиза) и автоматы для развлечений и развлечений (игровая франшиза). Сегмент «Игровая франшиза» включает в себя прямое управление игровыми центрами и концессионную деятельность для терминалов видеолотереи (VLT) и развлечений с призами (AWP). Сегмент спортивной франшизы состоит из широкого спектра розничных предложений, включая, помимо прочего, ставки на спорт, виртуальные ставки и ставки на скачки. Онлайн включает в себя iSports (ставки на спорт, виртуальные игры и скачки в онлайн-канале), iGaming (онлайн-казино) и другие онлайн-продукты (такие как бинго, покер, игры на ловкость, биржу ставок и т. д.). Компания осуществляет свою деятельность в основном на территории Италии."
136,US,NCBDY,US0598311076,NCBDY.PK,Bandai Namco Holdings Inc,14.9,PNK,10,Потребительские циклические акции,1,Игрушки и детские товары,0.12,11.58,12.85,10.94,11.96,19.67,12.81,15.82,19.67,10.8,15.78,19.67,8.72,13.0,19.67,8.72,12.29,19.67,0.0,10.94,19.67,0.0,6.06,"Bandai Namco Holdings Inc — японская компания, которая в основном занимается цифровым бизнесом, бизнесом игрушек и хобби, производством интеллектуальной собственности (ИС) и бизнесом развлечений. Компания осуществляет свою деятельность в четырех бизнес-сегментах. Сегмент цифрового бизнеса планирует, разрабатывает и распространяет сетевой контент, а также планирует, разрабатывает и продает домашние видеоигры и другие продукты. Бизнес-сегмент «Игрушки и хобби» планирует, разрабатывает, производит и продает игрушки, капсульные игрушки, открытки, кондитерские и продовольственные товары, одежду, товары для дома, пластиковые модели, премиальные товары, канцелярские товары. Бизнес-сегмент производства интеллектуальной собственности планирует, производит и управляет анимацией, другим визуальным и музыкальным контентом, управляет и управляет авторскими правами и произведениями, защищенными авторским правом, открывает и развивает артистов, а также управляет развлекательным бизнесом. Сегмент развлекательного бизнеса планирует, разрабатывает и обеспечивает послепродажное обслуживание развлекательных автоматов, а также планирует и управляет развлекательными заведениями."
137,US,FYGGY,US36119R1023,FYGGY.PK,Fuyao Glass Industry Group Co Ltd,22.3,PNK,11,Потребительские циклические акции,1,"Запчасти для автомобилей, грузовиков и мотоциклов",0.03,1.95,2.15,1.75,1.96,2.69,0.0,0.63,2.69,0.0,0.35,2.69,0.0,0.24,2.69,0.0,0.2,2.69,0.0,0.13,2.69,0.0,0.07,"Fuyao Glass Industry Group Co Ltd — китайская компания, которая в основном занимается предоставлением комплексных решений для проектирования, разработки, производства, поставки и обслуживания автомобильного стекла и автомобильного флоат-стекла. Компания также занимается проектированием, производством, продажей и обслуживанием локомотивных стекол, багажников и оконной фурнитуры. Компания в основном ведет бизнес на внутреннем и зарубежных рынках."
138,US,VGNT,JE00BWK75100,VGNT.N,Versigent PLC,2.9,NYS,12,Потребительские циклические акции,2,"Запчасти для автомобилей, грузовиков и мотоциклов",0.4,41.55,42.39,26.36,33.59,0.0,0.0,0.0,0.0,0.0,0.0,0.0,0.0,0.0,0.0,0.0,0.0,0.0,0.0,0.0,0.0,0.0,0.0,"Versigent PLC — швейцарская компания. Компания в основном занимается производством автомобильных компонентов и электрических систем. Компания специализируется на проектировании, разработке, производстве и поставке систем распределения сигналов, данных и энергии для транспортных средств. Их основные предложения включают в себя электрические архитектуры, а также продукты для физического распределения электроэнергии."
139,US,DCH,US0240611030,DCH.N,Dauch Corp,1.4,NYS,13,Потребительские циклические акции,3,"Запчасти для автомобилей, грузовиков и мотоциклов",1.09,5.8,6.3,5.31,5.83,6.81,3.95,5.79,6.81,3.0,5.19,8.95,3.0,6.06,10.11,3.0,6.65,13.06,3.0,7.65,21.24,2.51,10.57,"Dauch Corporation, ранее называвшаяся American Axle & Manufacturing Holdings, Inc., является глобальным поставщиком автомобилей первого уровня. Компания проектирует, проектирует и производит технологии трансмиссии и обработки металлов давлением для электрических, гибридных автомобилей и автомобилей с двигателем внутреннего сгорания. Категории продукции компании включают трансмиссию и формовку металла. Ее продукция Driveline состоит в основном из передних и задних мостов, карданных валов, дифференциалов в сборе, модулей сцепления, систем уравновешивающих валов, технологии отключения трансмиссии, а также продуктов и систем электрических и гибридных трансмиссий для легких грузовиков, внедорожников (внедорожников), кроссоверов, легковых автомобилей и коммерческого транспорта. Продукция компании для обработки металлов давлением состоит в основном из двигателей, трансмиссий, трансмиссии и критически важных с точки зрения безопасности компонентов для традиционных двигателей внутреннего сгорания и электромобилей, включая легковые автомобили, коммерческие автомобили и внедорожники, а также продукцию для промышленных рынков."
140,US,PRSU,US92552R4065,PRSU.N,Pursuit Attractions and Hospitality Inc,1.2,NYS,14,Потребительские циклические акции,1,Досуг и отдых,0.06,41.9,42.8,37.5,41.11,38.31,28.06,34.38,42.58,26.66,34.29,47.33,26.66,35.3,47.33,17.1,32.31,52.71,17.1,34.8,71.83,11.36,40.38,
141,US,BOBS,US09681N1063,BOBS.N,"Bob's Discount Furniture, Inc",1.3,NYS,15,Потребительские циклические акции,1,Дисконтные магазины,0.25,9.85,13.21,9.74,11.32,0.0,0.0,0.0,0.0,0.0,0.0,0.0,0.0,0.0,0.0,0.0,0.0,0.0,0.0,0.0,0.0,0.0,0.0,"Bob’s Discount Furniture, Inc. — многофункциональный розничный продавец недорогих товаров для дома, имеющий около 206 выставочных залов. Выставочные залы компании обеспечивают удобство покупок при поддержке обученных и высокотехнологичных специалистов по обслуживанию гостей. Его омниканальные возможности позволяют клиентам совершать покупки в магазине, онлайн, по телефону и через мобильное приложение. Компания предлагает широкий выбор категорий продукции, включая мягкую мебель для гостиной, спальни, столовой, матрасы и предметы домашнего декора. Мягкая продукция, в первую очередь для гостиной, включает в себя как канцелярские товары, так и мебель с откидной спинкой. Постельные принадлежности в основном состоят из матрасов и электротехнических изделий. Продукция для домашнего офиса включает наборы для домашнего офиса, столы, офисные стулья и офисные принадлежности. Домашний декор включает в себя акцентные подушки и пуфы, акцентное место для хранения вещей, ванную комнату, декоративные акценты, лампы и освещение, настенный декор, зеркала и многое другое."
142,US,MGCLY,US59738C1080,MGCLY.PK,Midea Group Co Ltd,88.8,PNK,16,Потребительские циклические акции,1,"Бытовая техника, инструменты и товары для дома",0.02,11.22,11.8,10.53,11.19,13.85,0.0,10.41,13.85,0.0,5.6,13.85,0.0,2.79,13.85,0.0,1.86,13.85,0.0,1.11,13.85,0.0,0.56,"Midea Group Co Ltd — китайская компания, занимающаяся в основном производством и продажей бытовой техники. Компания управляет четырьмя сегментами. Бизнес-сегмент «Умный дом» производит и продает бытовую технику, такую ​​как кондиционеры, холодильники, стиральные машины и кухонную технику. Сегмент «Технологии умного строительства» предоставляет интегрированные интеллектуальные решения для инфраструктуры, промышленных парков и сельскохозяйственных объектов. Сегмент «Новая энергетика и промышленные технологии» производит и продает решения для экологически чистой энергетики и основные промышленные компоненты, включая компрессоры, двигатели, промышленные системы управления, накопители энергии, интеллектуальные сети, распределенные фотоэлектрические решения и детали транспортных средств на новых источниках энергии. Сегмент «Другие» предлагает универсальные решения по автоматизации для промышленных роботов, обрабатывающих устройств и полностью автоматизированных систем, систем автоматизации логистики, решений для интеллектуальной интеграции бизнеса в цепочке поставок, финансовых услуг, а также изделий медицинского назначения и сопутствующих услуг."
143,US,HSHCY,US40523H1068,HSHCY.PK,Haier Smart Home Co Ltd,28.2,PNK,17,Потребительские циклические акции,2,"Бытовая техника, инструменты и товары для дома",0.08,11.07,11.4,10.25,10.76,14.14,11.4,12.97,14.3,9.84,12.68,19.13,9.84,13.02,19.13,9.84,12.86,19.13,0.0,10.91,19.13,0.0,5.45,"Haier Smart Home Co Ltd, ранее Qingdao Haier Co Ltd, — китайская компания, занимающаяся исследованиями, разработками, производством и продажей бытовой техники. Компания осуществляет свою деятельность в пяти сегментах. Сегмент бытовых решений для хранения продуктов и приготовления пищи занимается производством и продажей холодильников/морозильников и кухонной техники. Сегмент Air Solutions занимается производством и продажей кондиционеров. Сегмент «Решения для управления бытовой прачечной» занимается производством и продажей стиральных и сушильных машин. Сегмент «Решения для бытовой воды» занимается производством и продажей бытовой техники для водоснабжения, такой как водонагреватели и водоочистители. Сегмент «Другой бизнес» в основном включает каналы продаж, компоненты оборудования, бизнес по производству мелкой бытовой техники и другие. Компания в основном осуществляет свою деятельность на внутреннем и зарубежных рынках."
144,US,JDEPY,US47216Q1031,JDEPY.PK,JDE Peets NV,18.2,PNK,1,Потребительские нециклические товары,1,Пищевая промышленность,0.01,17.23,19.31,14.4,18.0,19.64,13.63,17.34,19.64,0.0,14.21,19.64,0.0,9.27,19.64,0.0,6.19,19.64,0.0,3.71,19.64,0.0,1.85,"JDE Peets NV — нидерландская компания, производящая и поставляющая кофейные и чайные напитки. Деятельность Компании разделена на пять операционных сегментов. В рамках CPG Europe, LARMEA и APAC продукция включает в себя жареный и молотый кофе на несколько порций, обжаренный и молотый кофе в пакетиках и капсулах на одну порцию, растворимый кофе и чай. CPG Europe включает бизнес-деятельность в Европе, исключая некоторые страны Восточной Европы. CPG LARMEA включает коммерческую деятельность в Латинской Америке, России, Ближнем Востоке, Восточной Европе и Африке, а CPG APAC включает коммерческую деятельность в Азиатско-Тихоокеанском регионе. Операционный сегмент Out-of-Home предлагает полный спектр горячих напитков, включая жидкие жареные продукты, а также сопутствующие кофемашины и услуги. Операционный сегмент Peet предлагает цельнозерновой кофе, напитки, чай и сопутствующие товары. Компания реализует свою продукцию по разным каналам."
145,US,BRRLY,US0687881088,BRRLY.PK,Barry Callebaut AG,8.3,PNK,2,Потребительские нециклические товары,2,Пищевая промышленность,0.04,15.14,17.34,13.46,15.14,16.66,10.25,13.86,16.66,8.68,12.54,19.51,0.0,12.48,23.74,0.0,9.37,27.65,0.0,6.77,27.65,0.0,3.47,"Barry Callebaut AG — швейцарская компания, работающая в пищевой промышленности. Компания производит какао, шоколад и кондитерские изделия для пищевой промышленности, от промышленных производителей продуктов питания до ремесленников и профессиональных пользователей шоколада, таких как шоколатье, кондитеры, пекари, гостиницы, рестораны или предприятия общественного питания. Производственный процесс включает в себя все этапы цепочки создания стоимости какао и шоколада: от поиска сырья до доставки готовой продукции. Глобальная деятельность компании разделена на четыре географических сегмента: глобальное какао, Европа, Америка и Азиатско-Тихоокеанский регион. Компания управляет более чем 50 фабриками по производству шоколада и какао и присутствует более чем в 30 странах. Компания управляет Nyonkopa, лицензированной закупочной компанией, базирующейся в Гане, в качестве дочерней компании."
146,US,SALRY,US79547H1068,SALRY.PK,SalMar ASA,8.1,PNK,3,Потребительские нециклические товары,3,Пищевая промышленность,0.01,14.75,15.95,14.3,14.74,16.08,9.83,13.21,16.08,0.0,12.45,17.2,0.0,12.94,17.2,0.0,12.41,22.7,0.0,12.84,22.7,0.0,7.87,"SalMar ASA — норвежская рыбоводная компания и производитель лосося. Группа имеет сельскохозяйственные предприятия в Центральной Норвегии, Северной Норвегии и Исландии, а также крупные предприятия по сбору урожая и вторичной переработке в Норвегии, в InnovaMar во Фройе, InnovaNor в Сенье и Vikenco в Аукре. Кроме того, Компания занимается морской аквакультурой через дочернюю компанию SalMar Aker Ocean. Операционные сегменты SalMar включают рыбоводство Центральной Норвегии, рыбоводство Северной Норвегии, продажи и промышленность и исландский лосось. Основная деятельность компании включает морское выращивание, производство производителей и смолтов, переработку и продажу выращенного лосося. SalMar продает выращенного на фермах лосося по всему миру."
147,US,NOMD,VGG6564A1057,NOMD.N,Nomad Foods Ltd,1.4,NYS,4,Потребительские нециклические товары,4,Пищевая промышленность,0.35,10.12,10.19,9.17,9.67,18.31,11.05,13.94,20.81,11.05,16.07,20.81,11.05,17.08,20.81,11.05,17.1,31.84,11.05,19.59,31.84,0.0,18.19,"Nomad Foods Limited — компания по производству замороженных продуктов. В портфель брендов компании входят Birds Eye, Findus, iglo, Ledo и Frikom. В его портфолио брендов продуктов питания в категории замороженных продуктов, включая рыбу, овощи, птицу, блюда, пиццу и мороженое. Продукция продается в основном через продуктовые магазины под брендом Birds Eye в Великобритании и Ирландии, Findus в Италии, Франции, Испании, Швеции, Швейцарии и Норвегии, iglo в Германии и на других континентальных рынках, La Cocinera в Испании, Ledo в Юго-Восточной Европе и Frikom в Сербии и Северной Македонии. В ассортимент продукции входят замороженные рыбные продукты, такие как рыбные палочки, рыба в панировке, натуральная рыба; готовые к приготовлению овощные продукты, например, горох и шпинат; блюда, такие как готовая лапша, лазанья, блины и другие готовые блюда; домашняя птица, такая как замороженная птица, и мясные продукты, такие как наггетсы, гриль, гамбургеры и другие. Компания производит, продает и распространяет продукцию на более чем 22 европейских рынках."
148,US,VSTS,US29430C1027,VSTS.N,Vestis Corp,1.2,NYS,5,Потребительские нециклические товары,1,Персональные услуги,0.39,9.22,10.37,7.7,9.26,7.71,3.98,5.48,16.68,3.98,7.73,22.37,3.98,11.7,22.37,0.0,9.33,22.37,0.0,5.59,22.37,0.0,2.79,"Vestis Corporation — поставщик униформы и принадлежностей для рабочего места в США и Канаде. Он предоставляет полный спектр единых программ, управляемые услуги по снабжению туалетов, средства первой помощи и средства обеспечения безопасности, а также вспомогательные предметы, такие как коврики, полотенца и постельное белье, на всей территории США и Канады. Его полный спектр услуг по униформе (Униформа) включает в себя проектирование, поиск, производство, настройку, персонализацию, доставку, стирку, санитарную обработку, ремонт и замену униформы. В ассортимент униформы входят рубашки, брюки, верхняя одежда, халаты, халаты, одежда повышенной видимости, одежда без твердых частиц и огнестойкая одежда, а также обувь и аксессуары. Помимо униформы, он также предоставляет принадлежности для рабочего места (товары для рабочего места), включая управляемые услуги по снабжению туалетов, средства первой помощи и средства обеспечения безопасности, напольные коврики, полотенца и постельное белье. При необходимости он также пополняет запасы туалетных принадлежностей, средств первой помощи и средств обеспечения безопасности."
149,US,GALDY,US36321W1053,GALDY.PK,Galderma Group AG,52.2,PNK,6,Потребительские нециклические товары,1,Личные продукты,0.11,43.92,44.06,38.1,40.54,42.93,29.0,35.78,42.93,0.0,29.72,42.93,0.0,17.03,42.93,0.0,11.37,42.93,0.0,6.81,42.93,0.0,3.4,"Galderma Group AG — швейцарская холдинговая компания, специализирующаяся на дерматологических процедурах и продуктах по уходу за кожей. Компания, включая ее дочерние компании, через свои дочерние компании управляет портфелем брендов по уходу за собой, ориентированных в первую очередь на дерматологические решения. продукция в портфеле включает нейромодуляторы, филлеры. и биостимуляторы. Эти продукты предназначены для расслабления морщин с помощью инъекций, заполнения морщин в определенных местах с помощью инъекций и стимулирования клеток организма к оптимальному функционированию. Процесс производства различных продуктов в основном происходит внутри компании, от исследований и разработок до производства. Кроме того, предлагаются в том числе образование, научная деятельность и другие услуги."
150,US,ODC,US6778641000,ODC.N,Oil-Dri Corporation of America,1.1,NYS,7,Потребительские нециклические товары,2,Личные продукты,0.02,75.18,75.98,67.23,72.31,69.61,45.61,58.07,69.61,40.66,52.36,69.61,29.63,43.7,69.61,16.71,37.74,69.61,11.09,29.02,69.61,11.09,23.52,"Американская корпорация Oil-Dri является производителем и поставщиком специальных сорбентов для ухода за домашними животными, здоровья и питания животных, очистки жидкостей, сельскохозяйственных ингредиентов, спортивных площадок, промышленных и автомобильных рынков. В его сегменты входят группа розничных и оптовых продуктов и группа продуктов для бизнеса. В число клиентов сегмента группы розничной и оптовой торговли входят предприятия массовой торговли, фермерские и автопарковые каналы, сети аптек, магазины, специализирующиеся на продаже товаров для домашних животных, долларовые магазины, продавцы потребительских товаров и другие. В число клиентов сегмента Business to Business Products Group входят переработчики и переработчики пищевых масел, возобновляемого дизельного топлива, масел на нефтяной основе и биодизельного топлива; производители кормов для животных и сельскохозяйственных химикатов, а также дистрибьюторы продуктов для здоровья и питания животных. Ее продукция включает Cat's Pride, Jonny Cat, Ultra Pet, Amlan Products, Pros Choice Products, Select, Pure-Flo, Metal X/Metal Z, Ultra Clear, Agsorb и Verge."
151,US,EPC,US28035Q1022,EPC.N,Edgewell Personal Care Co,1.0,NYS,8,Потребительские нециклические товары,3,Личные продукты,0.31,22.39,25.23,20.53,22.47,27.24,15.88,20.98,34.65,15.88,25.16,41.5,15.88,31.35,46.13,15.88,34.1,51.86,15.88,36.17,87.99,15.88,44.51,"Edgewell Personal Care Company — производитель и продавец средств личной гигиены. Компания работает примерно в 20 странах, а ее продукция широко доступна более чем в 50 странах. Компания состоит из трех сегментов: влажное бритье, уход за кожей и солнцем, а также уход за женщинами. Сегмент влажного бритья состоит из продуктов, продаваемых под торговыми марками Schick, Wilkinson Sword, Edge, Skintimate, Billie, Shave Guard и их собственной группы брендов, а также небрендовых продуктов. Продукция компании для влажного бритья включает в себя бритвенные ручки и многоразовые лезвия, одноразовые средства для бритья, а также гели и кремы для бритья. Продукция сегмента «Солнце и уход за кожей» продается под торговыми марками Banana Boat, Hawaiian Tropic, Bulldog, Jack Black, Cremo и Wet Ones. Feminine Care продает продукцию под торговыми марками Playtex, Stayfree, Carefree и o.b. бренды. Он предлагает тампоны серий Playtex Gentle Glide 360, Playtex Sport, Playtex и o.b. бренды. Компания также продает прокладки и вкладыши под брендами Stayfree и Carefree."
152,US,MHVIY,US6067934041,MHVIY.PK,Mitsubishi Heavy Industries Ltd,97.7,PNK,9,Потребительские нециклические товары,1,Конгломераты потребительских товаров,0.4,30.28,31.14,27.97,29.59,44.32,21.5,25.9,44.32,13.17,22.05,44.32,0.0,14.24,44.32,0.0,9.5,44.32,0.0,5.7,44.32,0.0,2.84,"Mitsubishi Heavy Industries Ltd — японская компания, которая в основном занимается разработкой систем энергетики, установок и инфраструктуры, логистики, отопления и охлаждения, систем привода. Компания осуществляет свою деятельность в четырех сегментах. Энергетический сегмент занимается проектированием, производством, продажей, обслуживанием и монтажом систем теплогенерации, систем атомной энергетики, систем генерации ветровой энергии, авиационных двигателей. Сегмент «Заводы и инфраструктура» занимается проектированием, производством, продажей, обслуживанием и монтажом сталелитейного оборудования, торговых судов, инженерного, экологического оборудования и механических систем. Сегмент логистики, теплотехники и приводов занимается проектированием, производством, продажей, обслуживанием и установкой логистического оборудования, продуктов для обогрева и охлаждения, двигателей, турбокомпрессоров и другого. Сегмент самолетов, обороны и космоса занимается проектированием, производством, продажей, обслуживанием и установкой гражданских самолетов, военных самолетов и других самолетов."
153,US,DSFIY,US23346J1034,DSFIY.PK,DSM-Firmenich AG,20.3,PNK,10,Потребительские нециклические товары,2,Конгломераты потребительских товаров,0.24,8.27,8.27,7.07,7.55,10.97,7.75,9.02,11.57,7.75,9.76,13.98,0.0,9.76,13.98,0.0,6.52,13.98,0.0,3.91,13.98,0.0,1.95,"DSM-Firmenich AG, ранее Danube AG, — швейцарская компания, работающая в сфере питания, здоровья и красоты. Компания работает в четырех взаимодополняющих подразделениях: «Парфюмерия и красота», которые предлагают парфюмерию, парфюмерные ингредиенты, а также ароматы для личной гигиены и ухода; Компания Taste, Texture & Health производит пищевые продукты с натуральными вкусами и ингредиентами; Подразделение «Здоровье, питание и уход» предлагает индивидуальные продукты, содержащие витамины, пищевые липиды, пищеварительные ферменты, пробиотики и каннабиноиды (КБД); Подразделение Animal Nutrition & Health предлагает индивидуальные продукты, решения и услуги для животноводства, которые содержат витамины, животные белки, каротиноиды и премиксы. Компания работает по всему миру."
154,US,BBUC,CA1130061007,BBUC.K,Brookfield Business Holdings Corp,7.2,NYQ,11,Потребительские нециклические товары,3,Конгломераты потребительских товаров,0.23,34.99,35.15,31.95,33.92,37.88,28.29,33.68,37.88,21.52,30.13,37.88,18.21,26.5,37.88,14.0,24.1,37.88,0.0,18.5,37.88,0.0,9.23,"Brookfield Business Holdings Corporation, ранее называвшаяся Brookfield Business Corporation, выступает в качестве инвестиционного инструмента для владения и управления услугами и операциями на глобальной основе, а также в качестве альтернативного инструмента для инвесторов, которые предпочитают инвестировать в деятельность Компании через корпоративную структуру. Ее услуги сосредоточены на предоставлении комплексных решений клиентам как в государственном, так и в частном секторе в каждом из обслуживаемых секторов. Ее услуги включают облачное решение «программное обеспечение как услуга» (SaaS) для дилерских центров и производителей оригинального оборудования (OEM) в автомобильной и смежных отраслях в США; работа примерно 38 частных больниц в Австралии; частные санитарные услуги, включая сбор, очистку и распределение воды и сточных вод среди широкого круга бытовых и государственных потребителей в Бразилии; и глобальные строительные услуги с упором на крупномасштабные и сложные памятники архитектуры и социальную инфраструктуру."
155,US,DVCMY,US23857X1037,DVCMY.PK,Davide Campari Milano NV,9.4,PNK,12,Потребительские нециклические товары,1,Дистилляторы и винодельни,0.01,7.43,7.9,6.93,7.46,8.12,6.04,6.89,8.12,5.25,6.54,11.28,0.0,7.33,14.15,0.0,5.88,15.5,0.0,4.24,15.5,0.0,2.12,"Davide Campari Milano NV, зарегистрированная в Нидерландах, является компанией, работающей в индустрии фирменных спиртных напитков. Компания владеет обширным и разнообразным портфелем продукции, состоящим из более чем 50 брендов, включая Aperol, Appleton Estate, Campari, Grand Marnier, SKYY Vodka и Wild Turkey. Он работает в четырех географических сегментах: Америка; Южная Европа, Ближний Восток и Африка; Северная, Центральная и Восточная Европа; Азиатско-Тихоокеанский регион. Компания представляет собой глобальную дистрибьюторскую компанию, торгуя в более чем 190 странах мира, уделяя особое внимание Европе и Америке. Имеет 21 производственное предприятие и собственную дистрибьюторскую сеть в 20 странах."
156,US,NPXYY,US65461N1046,NPXYY.PK,Nippon Sanso Holdings Corp,15.8,PNK,1,Основные материалы,1,Товарные химикаты,0.02,17.94,19.83,16.72,18.07,20.04,14.77,17.31,20.04,12.86,16.62,20.04,0.0,13.7,20.04,0.0,9.15,20.04,0.0,5.48,20.04,0.0,2.74,"Nippon Sanso Holdings Corp — японская компания, занимающаяся производством и продажей газового и сопутствующего оборудования. Компания работает в пяти сегментах: газовом сегменте Японии, газовом сегменте США, газовом сегменте Европы, газовом сегменте Азии и Океании и сегменте термосов. Компания поставляет газовую продукцию, включая кислород, азот, аргон, диоксид углерода, гелий, водород, ацетилен, медицинский газ, сжиженный нефтяной (СП) газ и специальный газ; оборудование и материалы, включая электронное оборудование, плавкое оборудование, оборудование для производства полупроводников, сварочные материалы, медицинское оборудование, оборудование для разделения воздуха; сборка, обработка, проверка и обслуживание электронных компонентов; и термосы из нержавеющей стали."
157,US,NPPHY,US6546111021,NPPHY.PK,Nippon Paint Holdings Co Ltd,15.2,PNK,2,Основные материалы,2,Товарные химикаты,0.01,3.3,3.31,0.0,2.01,4.77,0.0,1.88,4.96,0.0,1.87,4.96,0.0,1.34,4.96,0.0,1.0,4.96,0.0,0.6,4.96,0.0,0.3,"Nippon Paint Holdings Co Ltd — компания, занимающаяся в основном производством и продажей материалов для покрытий и продуктов тонкой химии. Компания занимается производством и продажей красок для автомобилей, общего и промышленного использования, а также продуктов тонкой химии. Компания работает в четырех бизнес-сегментах. Японский сегмент занимается производством красок для автомобилей, общего и промышленного использования, а также производством чистых химикатов. Азиатский сегмент занимается производством красок для автомобилей, общего и промышленного использования, а также производством тонкой химии в Китае, Сингапуре, Малайзии, Таиланде, Корее, странах Юго-Восточной Азии, Индии. Сегмент Океании занимается производством красок, таких как краски для общего и промышленного использования, а также краски для периферийных устройств. Американский сегмент занимается красками для автомобильного бизнеса и материалами для строительных покрытий."
158,US,NDEKY,<NA>,NDEKY.PK,Nitto Denko Corp,13.4,PNK,3,Основные материалы,1,Специальные химикаты,0.27,19.81,21.85,18.1,19.99,26.48,16.43,23.14,26.48,14.5,20.77,26.48,12.8,18.69,26.48,11.05,16.95,26.48,10.14,16.0,26.48,7.25,14.66,"Nitto Dko Corp — японская компания, занимающаяся в основном производством промышленных лент, оптоэлектроникой и медико-биологическим бизнесом. Компания работает в трех бизнес-сегментах. Сегмент промышленных лент занимается производством и продажей основных функциональных материалов, таких как связующие и защитные материалы, а также автомобильных материалов. Сегмент «Оптроника» занимается производством и продажей информационных функциональных материалов, печатных схем и технологических материалов. Сегмент Human Life Science занимается производством и продажей контрактного производства нуклеиновых кислот, материалов для синтеза нуклеиновых кислот, разработкой лекарств на основе нуклеиновых кислот, материалов медицинского назначения и других наук о жизни, мембран, таких как мембраны для разделения полимеров, и материалов личной гигиены, таких как функциональные пленки для гигиенических материалов. Компания также занимается производством и продажей новых предприятий и другой продукции."
159,US,IMCDY,US44970W1036,IMCDY.PK,IMCD NV,6.8,PNK,4,Основные материалы,2,Специальные химикаты,0.06,57.85,61.56,50.95,56.12,68.17,42.6,53.18,81.17,42.6,61.61,90.78,0.0,69.83,90.78,0.0,70.24,112.97,0.0,49.07,112.97,0.0,24.51,"IMCD NV — компания, базирующаяся в Нидерландах, которая специализируется на продаже, маркетинге и распространении специальных химикатов и пищевых ингредиентов. В портфель ее продукции входят химикаты из различных областей, включая фармацевтику, средства личной гигиены, покрытия, продукты питания и питание, смазочные материалы, синтез, пластмассы, моющие средства, агрохимикаты, текстиль, очистку отходов и воды, резку и пескоструйную обработку, ароматизаторы и ароматизаторы, нефть и газ, полировку и многое другое. Компания управляет международной цепочкой поставок с местными складами и предоставляет дополнительные услуги, включая переупаковку, разбавление и смешивание. Компания работает по всему миру."
160,US,TROX,GB00BJT16S69,TROX.N,Tronox Holdings PLC,1.6,NYS,5,Основные материалы,3,Специальные химикаты,0.85,10.12,10.57,8.5,9.62,5.96,2.86,4.19,10.59,2.86,5.56,20.68,2.86,10.19,20.68,2.86,11.26,26.32,2.86,14.35,28.37,2.79,13.31,"Tronox Holdings plc является производителем титановой продукции, в том числе пигмента диоксида титана (TiO2), продуктов из диоксида титана специального класса, химикатов из титана высокой чистоты и циркона. Компания является вертикально интегрированным производителем пигмента TiO2. Компания занимается добычей титансодержащих минеральных песков и управляет обогатительными предприятиями, производящими высококачественное титановое сырье, чугун и другие полезные ископаемые, в том числе редкоземельный минерал монацит. Компания управляет рудниками минерального песка, содержащими титан, а также обогатительными и плавильными предприятиями в Австралии и Южной Африке для производства исходных материалов, которые можно перерабатывать в TiO2 для пигментов, химикатов из титана высокой чистоты, включая тетрахлорид титана, и ультрадисперсный TiO2, используемый в некоторых специальных приложениях. Компания поставляет и продает TiO2 под торговыми марками TIONA и CristalActiv. У компании есть девять предприятий по производству пигментов, расположенных, среди прочего, в США, Австралии, Бразилии и Великобритании."
161,US,GEF.B,US3976242061,GEFb.N,Greif Inc,3.5,NYS,6,Основные материалы,1,Небумажная тара и упаковка,0.01,85.17,93.33,77.68,86.19,76.57,57.63,66.83,76.57,53.0,64.12,77.21,53.0,65.26,84.87,53.0,68.07,84.87,45.52,65.67,84.87,0.0,59.07,"Greif, Inc. специализируется на промышленной упаковочной продукции и услугах. Сегмент «Индивидуальные полимерные решения» занимается производством и продажей комплексной линейки упаковочной продукции на основе полимеров, такой как пластиковые бочки, жесткие контейнеры для промежуточных массовых грузов и небольшие пластиковые контейнеры. Сегмент Durable Metal Solutions занимается производством и продажей металлической упаковочной продукции, в том числе различных стальных бочек. Сегмент Sustainable Fiber Solutions занимается производством и продажей упаковочной продукции на основе волокна, включая волокнистые барабаны, гофрированные листы, гофрированные контейнеры, немелованный переработанный картон, мелованный переработанный картон, немелованный переработанный картон и мелованный переработанный картон. Сегмент «Интегрированные решения» занимается производством и продажей сопутствующей упаковочной продукции, такой как краски, покрытия и системы закрытия для промышленной упаковочной продукции, а также сопутствующими услугами."
162,US,KGCRF,CA4969021985,KGCRF.PK,Kinross Gold Corp,36.8,PNK,7,Основные материалы,1,Золото,0.02,1.42,1.55,1.11,1.41,1.81,0.6,1.19,1.81,0.16,0.8,1.81,0.0,0.44,1.81,0.0,0.3,1.81,0.0,0.18,1.81,0.0,0.09,"Kinross Gold Corporation — золотодобывающая компания с операциями и проектами в США, Бразилии, Мавритании, Чили и Канаде. Компания занимается добычей золота и сопутствующей деятельностью, включая разведку и приобретение золотосодержащих объектов, добычу и переработку золотосодержащей руды, а также рекультивацию золотодобывающих объектов. Его операции и проекты включают, среди прочего, Форт-Нокс, Раунд-Маунтин, Лысую Гору, Мань-Чо, Паракату, Ла-Койпа, Тасиаст и проект Большой Медведицы. Форт-Нокс — это открытый золотой рудник, расположенный недалеко от города Фэрбенкс на Аляске. Round Mountain — открытый рудник, расположенный в Неваде. Паракату — это краеугольное предприятие, расположенное недалеко от города Паракату в бразильском регионе Минас-Жерайс. Рудник Тасиаст — это карьер открытого типа, расположенный на северо-западе Мавритании. Рудник Ла-Койпа расположен в регионе Атакама в Чили. The Great Bear — девелоперский проект в Канаде."
163,US,EVMNY,US30051P1093,EVMNY.PK,Evolution Mining Ltd,19.3,PNK,8,Основные материалы,2,Золото,0.01,92.15,103.64,86.76,94.18,88.86,0.0,33.56,88.86,0.0,21.14,88.86,0.0,10.53,88.86,0.0,7.03,88.86,0.0,4.21,88.86,0.0,2.1,"Evolution Mining Limited — австралийская золотодобывающая компания. Компания управляет шестью рудниками, пять из которых находятся в полной собственности: Коуэл в Новом Южном Уэльсе, Эрнест Генри и Маунт-Роудон в Квинсленде, Мунгари в Западной Австралии и Ред-Лейк в Онтарио, Канада, а также 80% акций Нортпаркес в Новом Южном Уэльсе. Открытый и подземный месторождения золота Коуэл расположены в 350 км к западу от Сиднея, Новый Южный Уэльс, на землях народа Вираджури. «Эрнест Генри» — это крупномасштабное предприятие по добыче меди и золота, расположенное в 38 км к северо-востоку от Клонкерри, Квинсленд. Ей принадлежит 80% акций подземного и открытого медно-золотого рудника Нортпаркс, расположенного в 27 км к северо-западу от Паркса, Новый Южный Уэльс. Красное озеро — подземный золотой рудник на северо-западе Онтарио. Мунгари — золотой рудник и перерабатывающий центр, расположенный в 600 км к востоку от Перта и в 20 км к западу от Калгурли в Западной Австралии. Маунт-Роудон — это открытый золотой рудник, расположенный в 75 км к юго-западу от Бандаберга, Квинсленд."
164,US,ARMN,CA04040Y1097,ARMN.N,Aris Mining Corp,3.9,NYS,9,Основные материалы,3,Золото,0.0,0.0,0.0,0.0,0.0,16.94,6.66,10.13,16.94,3.53,7.61,16.94,2.73,5.76,16.94,0.0,4.08,16.94,0.0,2.44,16.94,0.0,1.22,"Aris Mining Corporation — канадская золотодобывающая компания, ориентированная на Южную Америку. Компания управляет двумя подземными золотыми рудниками в Колумбии: производством в Сеговии и комплексом Мармато. В Гайане Компания владеет золоторудным проектом Торопару. Компания также владеет золотодобывающим проектом Сото-Норте. Предприятия в Сеговии на 100% принадлежат компании и расположены в историческом горнодобывающем районе Колумбии. Предприятия включают четыре подземных рудника и два перерабатывающих предприятия. Комплекс Мармато на 100% принадлежит Компании и расположен в историческом горнодобывающем районе Колумбии. Комплекс Мармато состоит из двух отдельных зон: зоны узких жил и зоны объемных горных работ. Узкая жильная зона — это действующий подземный рудник. Зона массовой добычи находится в стадии строительства. Проект Торопару — это 100-процентный золотодобывающий проект открытой разработки в Гайане, находящийся в 100-процентной собственности. Проект Soto Norte Gold расположен в историческом горнодобывающем районе Калифорния-Ветас департамента Сантандер Колумбии."
165,US,ARIS,CA04040Y1097,ARMN.K,Aris Mining Corp,3.9,NYQ,10,Основные материалы,4,Золото,1.02,18.93,21.83,17.13,19.37,16.99,6.65,10.13,16.99,3.5,7.61,16.99,2.6,5.76,16.99,2.05,4.75,16.99,1.96,4.37,16.99,0.0,3.38,"Aris Mining Corporation — канадская золотодобывающая компания, ориентированная на Южную Америку. Компания управляет двумя подземными золотыми рудниками в Колумбии: производством в Сеговии и комплексом Мармато. В Гайане Компания владеет золоторудным проектом Торопару. Компания также владеет золотодобывающим проектом Сото-Норте. Предприятия в Сеговии на 100% принадлежат компании и расположены в историческом горнодобывающем районе Колумбии. Предприятия включают четыре подземных рудника и два перерабатывающих предприятия. Комплекс Мармато на 100% принадлежит Компании и расположен в историческом горнодобывающем районе Колумбии. Комплекс Мармато состоит из двух отдельных зон: зоны узких жил и зоны объемных горных работ. Узкая жильная зона — это действующий подземный рудник. Зона массовой добычи находится в стадии строительства. Проект Торопару — это 100-процентный золотодобывающий проект открытой разработки в Гайане, находящийся в 100-процентной собственности. Проект Soto Norte Gold расположен в историческом горнодобывающем районе Калифорния-Ветас департамента Сантандер Колумбии."
166,US,RYZ,US7837541041,RYZ.N,Ryerson Holding Corp,1.5,NYS,11,Основные материалы,1,Железо и сталь,0.14,28.23,29.02,21.7,25.51,26.67,19.43,22.74,27.11,17.32,22.37,36.12,17.32,23.8,44.7,17.32,27.28,44.7,11.55,25.88,44.7,2.54,17.58,"Ryerson Holding Corporation — переработчик и дистрибьютор промышленных металлов с добавленной стоимостью, работающий в США, Канаде, Мексике и Китае. Он предлагает полную линейку углеродистой стали, нержавеющей стали, легированной стали, алюминия, а также ограниченную линейку никеля и красных металлов. Эти материалы имеются в наличии в различных формах, включая рулоны, листы, круглые, шестигранные, квадратные и плоские стержни, пластины, конструкции и трубы. Он предоставляет различные услуги по обработке для удовлетворения потребностей своих клиентов. Компания также осуществляет операции по обработке и сбыту металлов в Китае. У компании около 103 объектов в Северной Америке и четыре объекта в Китае. Он предлагает различные услуги по обработке и изготовлению с добавленной стоимостью, такие как гибка, снятие фасок, вырубка, струйная очистка, обжиг, резка по длине, сверление, правка, формовка, шлифовка, лазерная резка, механическая обработка, надрез, покраска, полировка, штамповка, прокатка, распиловка и другие."
167,US,CMP,US20451N1019,CMP.N,Compass Minerals International Inc,1.1,NYS,12,Основные материалы,1,Диверсифицированные химикаты,0.2,26.46,27.2,22.58,25.44,22.67,16.43,19.19,22.67,8.6,16.57,25.52,7.51,15.44,47.68,7.51,21.17,75.4,7.51,34.86,84.25,7.51,48.91,
168,US,LXU,US5021601043,LXU.N,LSB Industries Inc,1.0,NYS,13,Основные материалы,2,Диверсифицированные химикаты,0.42,14.06,15.52,13.13,14.46,9.98,7.1,8.47,9.98,4.88,7.91,10.37,4.88,8.1,14.7,4.88,8.83,27.32,2.37,9.67,27.32,0.78,7.35,
169,US,PAASF,CA6979001329,PAASF.PK,Pan American Silver Corp,23.9,PNK,14,Основные материалы,1,Диверсифицированная горнодобывающая промышленность,0.08,0.7,0.73,0.58,0.66,0.53,0.22,0.35,0.53,0.0,0.36,0.65,0.0,0.41,0.68,0.0,0.46,1.05,0.0,0.57,1.05,0.0,0.35,"Pan American Silver Corp. — производитель серебра и золота в Северной и Южной Америке, эксплуатирующий рудники в Канаде, Мексике, Перу, Бразилии, Боливии, Чили и Аргентине. Она владеет 100% долей в руднике Эскобаль в Гватемале, а также участвует в проектах по разведке и разработке. Его сегменты включают серебро, золото и другое. Серебряный сегмент включает операции La Colorada, Huaron, San Vicente, Cerro Moro, La Colorada Skarn, Navidad и Escobal. Золотой сегмент включает операции в Долорес, Шауиндо, Тимминс, Якобина, Эль-Пенон и Минера, Флорида. Рудник Ла-Колорада производит богатые серебром свинцовые и цинковые концентраты на флотационной установке, перерабатывающей сульфидную руду. Рудник Хуарон производит богатые серебром цинковые, свинцовые и медные концентраты с использованием технологии флотации. Ей принадлежит 44% акций совместного предприятия в серебряном руднике Хуанисипио в Сакатекасе, Мексика, которым управляет Fresnillo plc, а также 100% акций разведочного проекта Лардер и 100% прибыли от геологоразведочного проекта Deer Trail."
170,US,DLR PR L,US2538688225,DLR_pl.N,Digital Realty Trust Inc,70.2,NYS,1,Недвижимость,1,Специализированные REIT,0.01,20.23,20.23,19.5,19.92,22.62,19.98,21.42,22.62,19.62,21.06,24.45,19.62,21.73,24.45,19.11,21.61,28.36,18.75,23.05,28.36,0.0,14.69,"Digital Realty Trust, Inc. — инвестиционный фонд недвижимости. Компания владеет, приобретает, развивает и управляет центрами обработки данных через свою дочернюю партнерскую компанию Digital Realty Trust, L.P. Компания специализируется на предоставлении центров обработки данных, колокейшене и межсетевых решениях для внутренних и международных клиентов в различных отраслях промышленности, начиная от услуг облачных и информационных технологий, коммуникаций и социальных сетей и заканчивая финансовыми услугами, производством, энергетикой, здравоохранением и потребительскими товарами. Он предоставляет своим клиентам доступ к подключенным сообществам данных с глобальным центром обработки данных, насчитывающим более 300 объектов в более чем 55 мегаполисах в более чем 30 странах на шести континентах. Платформа компании PlatformDIGITAL — это глобальная платформа центров обработки данных для масштабирования цифрового бизнеса, которая позволяет клиентам развертывать критически важную инфраструктуру с помощью глобального поставщика центров обработки данных."
171,US,PSA PR G,US74460W6690,PSA_pg.N,Public Storage,54.2,NYS,2,Недвижимость,2,Специализированные REIT,0.01,20.4,20.61,19.55,20.21,22.31,20.03,21.11,22.48,19.87,21.12,25.04,19.87,22.4,25.04,19.87,22.75,27.33,19.87,23.63,27.37,0.0,20.32,"Public Storage — это инвестиционный траст в сфере недвижимости. Его основная деятельность включает владение и эксплуатацию складских помещений, которые предлагают складские помещения в аренду, как правило, на ежемесячной основе, для личного и делового использования, а также другие сопутствующие операции, такие как перестрахование арендаторов, продажа товаров, управление третьими лицами и промежуточное кредитование сторонним владельцам складских помещений, а также приобретение и развитие дополнительных складских помещений. Его сегмент «Операции самостоятельного хранения» включает в себя совокупные операции по аренде принадлежащих ему складов самостоятельного хранения в тех же складских помещениях, приобретенных объектах, недавно построенных и расширенных объектах, а также других складских помещениях, не являющихся одними и теми же. Сегмент «Вспомогательные операции» включает в себя объединенные операции операционных сегментов «перестрахование арендаторов», «продажа товаров» и «управление недвижимостью третьих сторон». Ему принадлежали доли в более чем 3085 складах самообслуживания, расположенных в 40 штатах США."
172,US,NLY PR J,US0357108218,NLY_pj.N,Annaly Capital Management Inc,16.5,NYS,3,Недвижимость,3,Специализированные REIT,0.01,26.15,26.18,25.49,25.94,26.19,0.0,19.34,26.19,0.0,9.9,26.19,0.0,4.93,26.19,0.0,3.29,26.19,0.0,1.97,26.19,0.0,0.98,"Annaly Capital Management, Inc. — диверсифицированный управляющий капиталом, обладающий инвестиционной стратегией в области ипотечного финансирования. Он владеет портфелем инвестиций, связанных с недвижимостью, включая сквозные ипотечные сертификаты, обеспеченные ипотечные обязательства, ценные бумаги передачи кредитного риска (CRT) и другие ценные бумаги, представляющие интересы или обязательства, обеспеченные пулами ипотечных кредитов, жилищными ипотечными кредитами и правами на обслуживание ипотеки. В состав его инвестиционных групп входят Annaly Agency Group, Annaly Residential Credit Group и Annaly Mortgage Service Rights Group. Annaly Agency Group инвестирует в агентские ипотечные ценные бумаги, обеспеченные ипотекой жилья. Annaly Residential Credit Group инвестирует в неагентские ипотечные активы на жилых и коммерческих рынках. Группа компаний Annaly Mortgage Servicing Rights Group инвестирует в MSR, которая предоставляет право обслуживать ипотечные жилищные кредиты в обмен на часть процентных платежей, произведенных по кредитам."
173,US,NLY PR F,US0357108705,NLY_pf.N,Annaly Capital Management Inc,16.5,NYS,4,Недвижимость,4,Специализированные REIT,0.01,25.98,26.04,25.25,25.79,25.98,25.11,25.56,26.34,22.42,25.56,26.34,22.42,25.53,26.34,22.42,25.35,26.55,21.68,25.1,26.58,0.0,21.01,"Annaly Capital Management, Inc. — диверсифицированный управляющий капиталом, обладающий инвестиционной стратегией в области ипотечного финансирования. Он владеет портфелем инвестиций, связанных с недвижимостью, включая сквозные ипотечные сертификаты, обеспеченные ипотечные обязательства, ценные бумаги передачи кредитного риска (CRT) и другие ценные бумаги, представляющие интересы или обязательства, обеспеченные пулами ипотечных кредитов, жилищными ипотечными кредитами и правами на обслуживание ипотеки. В состав его инвестиционных групп входят Annaly Agency Group, Annaly Residential Credit Group и Annaly Mortgage Service Rights Group. Annaly Agency Group инвестирует в агентские ипотечные ценные бумаги, обеспеченные ипотекой жилья. Annaly Residential Credit Group инвестирует в неагентские ипотечные активы на жилых и коммерческих рынках. Группа компаний Annaly Mortgage Servicing Rights Group инвестирует в MSR, которая предоставляет право обслуживать ипотечные жилищные кредиты в обмен на часть процентных платежей, произведенных по кредитам."
174,US,ARR PR C,US0423156068,ARR_pc.N,ARMOUR Residential REIT Inc,2.2,NYS,5,Недвижимость,5,Специализированные REIT,0.01,21.0,21.15,20.7,20.96,22.1,20.54,21.53,22.32,19.47,21.34,23.56,19.47,21.46,23.56,17.88,21.03,26.7,17.88,22.13,26.7,0.0,13.15,"ARMOR Residential REIT, Inc. — инвестиционный фонд недвижимости. Компания инвестирует в основном в ценные бумаги, обеспеченные жилищной ипотекой с фиксированной, регулируемой ставкой и гибридной регулируемой ставкой, выпущенные или гарантированные предприятиями, спонсируемыми правительством США, или гарантированные Государственной национальной ипотечной ассоциацией. Он привлекает частный капитал на ипотечные рынки для поддержки домовладения для широкого и разнообразного спектра американцев. Он стремится создать акционерную стоимость за счет инвестиций и управления рисками диверсифицированного портфеля ценных бумаг с ипотечным покрытием (MBS). Он инвестирует в MBS, выпущенные или гарантированные организацией, спонсируемой правительством США (GSE), такой как Федеральная национальная ипотечная ассоциация, Федеральная ипотечная корпорация по жилищному кредитованию или государственное учреждение, такое как Государственная национальная ипотечная администрация (Агентство по ценным бумагам). Компанией управляет и консультирует ARMOR Capital Management LP."
175,US,SHO PR H,US8678928040,SHO_ph.N,Sunstone Hotel Investors Inc,1.9,NYS,6,Недвижимость,6,Специализированные REIT,0.02,21.34,21.34,0.0,18.93,22.49,0.0,20.52,22.74,0.0,20.45,24.05,0.0,20.49,24.05,0.0,20.16,28.43,0.0,19.62,28.43,0.0,9.8,"Sunstone Hotel Investors, Inc. — инвестиционный фонд жилой недвижимости (REIT). Компании принадлежит около 15 отелей на 7 253 номера. Портфель компании состоит из высококлассных и роскошных отелей, расположенных на конгрессных, курортных и городских рынках. Он управляет всеми своими отелями под признанными на национальном уровне брендами, за исключением Oceans Edge Resort & Marina, который зарекомендовал себя на рынке курортных направлений. Ее отели управляются сторонними менеджерами по долгосрочным соглашениям об управлении с Арендатором TRS или его дочерними компаниями. Компания управляет большинством своих отелей под брендами, принадлежащими Marriott, Hyatt, Hilton, Four Seasons или Montage. Его объекты включают Hilton San Diego Bayfront; Хаятт Ридженси Сан-Франциско; Вестин Вашингтон, центр города округ Колумбия; Ренессанс Орландо в SeaWorld; Хаятт Ридженси Сан-Антонио Риверуок; Вейлеа Бич Резорт; JW Marriott Новый Орлеан; Марриотт Лонг-Бич Даунтаун; Андаз Майами-Бич и The Bidwell Marriott Portland."
176,US,PEB PR G,US70509V8037,PEB_pg.N,Pebblebrook Hotel Trust,1.7,NYS,7,Недвижимость,7,Специализированные REIT,0.01,19.9,20.74,19.76,20.16,21.23,0.0,18.88,21.23,0.0,18.76,22.94,0.0,19.76,22.94,0.0,19.56,28.93,0.0,19.4,28.93,0.0,9.68,"Pebblebrook Hotel Trust — инвестиционный фонд недвижимости (REIT) и владелец городских и курортных отелей в США. Компании принадлежат 44 отеля и курорта с общим количеством номеров около 11 000 на 13 городских и курортных рынках. В число его отелей входят 1 отель San Francisco, Argonaut Hotel, Chamberlain West Hollywood Hotel, Chaminade Resort & Spa, Embassy Suites San Diego Bay-Downtown, Estancia La Jolla Hotel & Spa, George Hotel, Harbour Court Hotel San Francisco, Hilton San Diego Gaslamp Quarter, Hotel Monaco Washington DC, Hotel Zelos San Francisco, Hotel Palomar Los Angeles Beverly Hills, Hotel Zeppelin San Francisco и другие. Он ориентирован как на фирменные, так и на независимые высококлассные отели с полным спектром услуг. Отели с полным спектром услуг, на которых компания концентрирует свою инвестиционную деятельность, обычно имеют один или несколько ресторанов, залов ожидания, конференц-залов и других удобств, а также высокий уровень обслуживания клиентов."
177,US,PEB PR H,US70509V8862,PEB_ph.N,Pebblebrook Hotel Trust,1.7,NYS,8,Недвижимость,8,Специализированные REIT,0.02,17.94,18.55,17.59,17.29,18.85,16.1,17.58,19.09,15.59,17.27,20.92,0.0,17.94,20.92,0.0,17.75,26.77,0.0,16.69,26.77,0.0,8.33,"Pebblebrook Hotel Trust — инвестиционный фонд недвижимости (REIT) и владелец городских и курортных отелей в США. Компании принадлежат 44 отеля и курорта с общим количеством номеров около 11 000 на 13 городских и курортных рынках. В число его отелей входят 1 отель San Francisco, Argonaut Hotel, Chamberlain West Hollywood Hotel, Chaminade Resort & Spa, Embassy Suites San Diego Bay-Downtown, Estancia La Jolla Hotel & Spa, George Hotel, Harbour Court Hotel San Francisco, Hilton San Diego Gaslamp Quarter, Hotel Monaco Washington DC, Hotel Zelos San Francisco, Hotel Palomar Los Angeles Beverly Hills, Hotel Zeppelin San Francisco и другие. Он ориентирован как на фирменные, так и на независимые высококлассные отели с полным спектром услуг. Отели с полным спектром услуг, на которых компания концентрирует свою инвестиционную деятельность, обычно имеют один или несколько ресторанов, залов ожидания, конференц-залов и других удобств, а также высокий уровень обслуживания клиентов."
178,US,RLJ PR A,US74965L2007,RLJ_pa.N,RLJ Lodging Trust,1.3,NYS,9,Недвижимость,9,Специализированные REIT,0.01,25.23,25.24,24.15,24.95,26.22,23.74,24.98,26.22,22.85,24.85,26.62,22.85,25.01,26.62,22.85,24.7,29.45,22.4,25.57,29.45,0.0,21.26,"RLJ Lodging Trust — это самостоятельный, публично торгуемый инвестиционный фонд недвижимости, который владеет примерно 92 отелями премиум-класса, ориентированными на городские номера. Компании принадлежат следующие бренды: Marriott, в который входят Courtyard, Residence Inn, Marriott, Fairfield Inn & Suites, Renaissance, SpringHill Suites, AC Hotel, Moxy и Tribute Portfolio; Hilton, в который входят Embassy Suites, Hilton Garden Inn, DoubleTree/DoubleTree Suites by Hilton, Hampton Inn/Hampton Inn & Suites, Curio Collection, Homewood Suites, Hilton и Tapestry Collection; Hyatt, в который входят Hyatt House, Hyatt Place, Hyatt Centric и Wyndham. В число его отелей входят: Embassy Suites Birmingham, Embassy Suites Phoenix - Biltmore, Courtyard San Francisco, Embassy Suites Milpitas Silicon Valley, Hilton Cabana Miami Beach, Hilton Garden Inn Los Angeles Hollywood, Hilton Garden Inn San Francisco Oakland Bay Bridge, Courtyard Midway Airport, Pierside Santa Monica и Hyatt Centric Midtown Atlanta."
179,US,TWO PR A,US90187B2007,TWO_pa.N,Two Harbors Investment Corp,1.3,NYS,10,Недвижимость,10,Специализированные REIT,0.02,24.79,25.08,24.07,24.78,24.68,22.82,23.45,25.05,21.65,23.66,25.27,21.65,23.68,25.27,18.85,22.83,27.1,16.93,23.47,29.66,0.0,21.36,"Two Harbours Investment Corp. — это инвестиционный фонд недвижимости (REIT), который инвестирует в права на обслуживание ипотеки (MSR), ценные бумаги, обеспеченные ипотекой, и другие финансовые активы. The Company, through its operational platform, RoundPoint Mortgage Servicing LLC, is a servicer of conventional loans. The Company, through its subsidiary, TH MSR Holdings LLC, holds the requisite approvals from Fannie Mae and Freddie Mac to own and manage MSR. Портфель ценных бумаг, обеспеченных жилищной ипотекой Агентства, состоит из ценных бумаг, обеспеченных ипотекой с фиксированной процентной ставкой, обеспеченных ипотечными кредитами на одну и несколько семей. Его другие активы могут включать финансовые и ипотечные активы, отличные от его целевых активов, включая ценные бумаги, не относящиеся к Агентству (ценные бумаги, которые не выпущены или не гарантированы Джинни Мэй, Фанни Мэй или Фредди Мак), другие ценные бумаги Агентства и некоторые нехеджирующие операции, которые могут приносить неквалифицированный доход для целей проверки валового дохода REIT."
180,US,CIM PR B,US16934Q4064,CIM_pb.N,Chimera Investment Corp,1.1,NYS,11,Недвижимость,11,Специализированные REIT,0.01,24.54,24.69,22.45,23.98,25.07,22.46,24.31,25.27,21.61,24.42,25.58,21.61,24.55,25.58,18.26,23.4,26.54,16.7,23.54,27.53,0.0,21.18,"Chimera Investment Corporation — инвестиционный фонд недвижимости (REIT). Компания занимается инвестированием в диверсифицированный портфель ипотечных активов для себя и для несвязанных третьих сторон посредством управления инвестициями и консультативных услуг. Активы, в которые он может инвестировать и которыми он может управлять для других, включают жилищные ипотечные кредиты, неагентские жилищные ипотечные ценные бумаги (RMBS), агентские RMBS, кредиты для деловых целей (BPL) (включая кредиты на переход к жилью (RTL)) и кредиты инвесторам, права на обслуживание ипотеки (MSR) и другие активы, связанные с недвижимостью, такие как агентство CMBS, младшие залоговые права и кредитные линии под залог собственного капитала (HELOC), права на прирост стоимости капитала и обратные ипотечные кредиты. MBS и другие ценные бумаги, связанные с недвижимостью, которые он приобретает, включают ценные бумаги инвестиционного, неинвестиционного уровня и ценные бумаги без рейтинга. Компания ориентирована на инвестирование в коммерческие ипотечные кредиты, состоящие из кредитов первого или второго залога, обеспеченных многоквартирной недвижимостью."
181,US,CIM PR C,US16934Q5053,CIM_pc.N,Chimera Investment Corp,1.1,NYS,12,Недвижимость,12,Специализированные REIT,0.01,23.01,23.01,20.93,22.32,23.45,21.11,22.61,23.93,20.4,22.72,24.4,19.91,22.39,24.4,17.02,21.25,26.69,15.41,21.96,26.69,0.0,16.21,"Chimera Investment Corporation — инвестиционный фонд недвижимости (REIT). Компания занимается инвестированием в диверсифицированный портфель ипотечных активов для себя и для несвязанных третьих сторон посредством управления инвестициями и консультативных услуг. Активы, в которые он может инвестировать и которыми он может управлять для других, включают жилищные ипотечные кредиты, неагентские жилищные ипотечные ценные бумаги (RMBS), агентские RMBS, кредиты для деловых целей (BPL) (включая кредиты на переход к жилью (RTL)) и кредиты инвесторам, права на обслуживание ипотеки (MSR) и другие активы, связанные с недвижимостью, такие как агентство CMBS, младшие залоговые права и кредитные линии под залог собственного капитала (HELOC), права на прирост стоимости капитала и обратные ипотечные кредиты. MBS и другие ценные бумаги, связанные с недвижимостью, которые он приобретает, включают ценные бумаги инвестиционного, неинвестиционного уровня и ценные бумаги без рейтинга. Компания ориентирована на инвестирование в коммерческие ипотечные кредиты, состоящие из кредитов первого или второго залога, обеспеченных многоквартирной недвижимостью."
182,US,VNO PR O,US9290427940,VNO_po.N,Vornado Realty Trust,5.9,NYS,13,Недвижимость,1,Коммерческие REIT,0.01,14.93,15.75,14.49,15.07,16.29,14.12,14.89,16.29,12.51,14.84,17.32,12.15,14.6,17.32,9.2,13.95,24.97,0.0,13.24,24.97,0.0,6.61,"Vornado Realty Trust — это полностью интегрированный инвестиционный траст в сфере недвижимости. Компания ведет свою деятельность через Vornado Realty L.P., и практически все ее доли в недвижимости принадлежат компании. Ее сегменты включают Нью-Йорк и другие города. Ее портфель сконцентрирован на элитных офисных и торговых объектах в Нью-Йорке. Его сегменты включают Нью-Йорк и другие. Его нью-йоркский сегмент занимал примерно 26,2 миллиона квадратных футов в 63 объектах недвижимости. 26,2 миллиона квадратных футов включают 20,1 миллиона квадратных футов офисов на Манхэттене в 29 объектах, 2,4 миллиона квадратных футов манхэттенской уличной торговли в 48 объектах, 1330 квартир в двух жилых объектах и 32,4% долю в компании Alexander's, которая владеет пятью объектами недвижимости в агломерации Нью-Йорка. Сюда также входят девять гаражей общей площадью более 1,6 миллиона квадратных футов (4685 пространства). Его недвижимость и инвестиции включают в себя торговый центр THE MART в Чикаго площадью более 3,7 миллиона квадратных футов."
183,US,VNO PR N,US9290428104,VNO_pn.N,Vornado Realty Trust,5.9,NYS,14,Недвижимость,2,Коммерческие REIT,0.01,17.45,18.04,15.94,17.29,19.18,16.64,17.64,19.18,14.81,17.41,19.18,14.31,16.89,19.18,10.81,16.1,27.78,10.81,19.05,27.78,0.0,9.71,"Vornado Realty Trust — это полностью интегрированный инвестиционный траст в сфере недвижимости. Компания ведет свою деятельность через Vornado Realty L.P., и практически все ее доли в недвижимости принадлежат компании. Ее сегменты включают Нью-Йорк и другие города. Ее портфель сконцентрирован на элитных офисных и торговых объектах в Нью-Йорке. Его сегменты включают Нью-Йорк и другие. Его нью-йоркский сегмент занимал примерно 26,2 миллиона квадратных футов в 63 объектах недвижимости. 26,2 миллиона квадратных футов включают 20,1 миллиона квадратных футов офисов на Манхэттене в 29 объектах, 2,4 миллиона квадратных футов манхэттенской уличной торговли в 48 объектах, 1330 квартир в двух жилых объектах и 32,4% долю в компании Alexander's, которая владеет пятью объектами недвижимости в агломерации Нью-Йорка. Сюда также входят девять гаражей общей площадью более 1,6 миллиона квадратных футов (4685 пространства). Его недвижимость и инвестиции включают в себя торговый центр THE MART в Чикаго площадью более 3,7 миллиона квадратных футов."
184,US,JAN,US4710241096,JAN.N,Janus Living Inc,5.0,NYS,15,Недвижимость,1,Диверсифицированные REIT,0.17,26.49,27.25,23.21,25.09,0.0,0.0,0.0,0.0,0.0,0.0,0.0,0.0,0.0,0.0,0.0,0.0,0.0,0.0,0.0,0.0,0.0,0.0,"Janus Living, Inc. — это REIT, ориентированный на компанию в жилищном секторе для престарелых. Портфель компании принадлежит и управляется структурами RIDEA. В его портфолио около 34 жилых комплексов для пожилых людей, состоящих из 10 422 квартир в 10 штатах. Его недвижимость расположена в таких штатах, как Флорида, Техас, Пенсильвания и Колорадо. В портфолио сообщества Life Plan входят Freedom Village в Брадентоне, Regency Oaks Clearwater, Lake Port Square, South Port Square, Lake Seminole Square и другие. В число его портфелей жилья для пожилых людей входят Meridian Boulder, Brookdale Meridian Lakewood, Village at Lowry, Brookdale Meridian Westland и другие. Компанией управляет компания Healthpeak Investment Management, LLC."
185,US,EPR PR G,US26884U5056,EPR_pg.N,EPR Properties,4.3,NYS,16,Недвижимость,2,Диверсифицированные REIT,0.01,20.27,20.69,19.51,20.06,22.6,19.52,20.93,22.6,18.21,20.55,23.4,18.21,20.59,23.4,16.7,20.05,26.7,15.5,21.4,26.89,0.0,17.54,"EPR Properties — это диверсифицированный инвестиционный фонд недвижимости, специализирующийся на экспериментальной чистой аренде недвижимости (REIT), специализирующийся на избранных долгосрочных экспериментальных объектах недвижимости в сфере недвижимости. Компания работает в двух сегментах: экспериментальный и образовательный. Экспериментальный сегмент состоит из примерно 150 театральных объектов, 64 объектов питания и развлечений, 26 объектов аттракционов, 11 объектов горнолыжного спорта, четырех объектов экспериментального проживания, 24 объектов фитнеса и велнеса, одного культурного объекта и одного игрового объекта. Сегмент «Образование» компании состоит из типов недвижимости, которые включают около 46 объектов центров дошкольного образования и девять объектов частных школ. Инвестиционный портфель Компании включает в себя право собственности и долгосрочные ипотечные кредиты на объекты экспериментальной и образовательной недвижимости. Все принадлежащие Компании объекты недвижимости, принадлежащие одному арендатору, сдаются в долгосрочную аренду с тройной сеткой. Ее объекты недвижимости расположены более чем в 43 штатах и ​​Канаде."
186,US,OPNHY,<NA>,OPNHY.PK,Open House Group Co Ltd,6.9,PNK,17,Недвижимость,1,"Аренда недвижимости, девелопмент и эксплуатация",,0.0,,,,,,,,,,,,,,,,,,,,,,
187,US,LGNYZ,US53220K1997,LGNYZ.PK,Ligand Pharmaceuticals Inc,4.7,PNK,1,Здравоохранение,1,Фармацевтика,0.04,0.06,0.09,0.0,0.02,0.08,0.0,0.02,0.08,0.0,0.02,0.08,0.0,0.01,0.08,0.0,0.01,0.08,0.0,0.01,0.09,0.0,0.0,"Ligand Pharmaceuticals Incorporated — биофармацевтическая компания, обеспечивающая научный прогресс посредством поддержки клинической разработки лекарств. Он делает это путем финансирования, лицензирования своих технологий или того и другого. Он использует две технологии IP-платформы, обеспечивающие легкую инфраструктуру и приносящие роялти. Ее платформа Captisol представляет собой химически модифицированный циклодекстрин, структура которого разработана для оптимизации растворимости и стабильности лекарств. Эта технология позволила получить одобренные FDA продукты, в том числе Veklury от Gilead, Kyprolis от Amgen, Nexterone от Baxter и Evomela от Acrotech Biopharma. Технология платформы NITRICIL облегчает настраиваемую дозировку, позволяя регулировать профиль высвобождения лекарственного средства, что позволяет создавать запатентованные рецептуры, предназначенные для широкого спектра показаний. Его технологии также включают HepDirect, LTP и технологическую платформу BEPro, а также технологию Pelican Expression. Он имеет множество альянсов, лицензий и других деловых отношений с различными фармацевтическими компаниями."
188,US,LGNZZ,US53220K1732,LGNZZ.PK,Ligand Pharmaceuticals Inc,4.7,PNK,2,Здравоохранение,2,Фармацевтика,0.01,0.08,0.08,0.0,0.01,0.13,0.0,0.03,0.14,0.0,0.03,0.2,0.0,0.03,0.2,0.0,0.03,0.35,0.0,0.03,0.35,0.0,0.04,"Ligand Pharmaceuticals Incorporated — биофармацевтическая компания, обеспечивающая научный прогресс посредством поддержки клинической разработки лекарств. Он делает это путем финансирования, лицензирования своих технологий или того и другого. Он использует две технологии IP-платформы, обеспечивающие легкую инфраструктуру и приносящие роялти. Ее платформа Captisol представляет собой химически модифицированный циклодекстрин, структура которого разработана для оптимизации растворимости и стабильности лекарств. Эта технология позволила получить одобренные FDA продукты, в том числе Veklury от Gilead, Kyprolis от Amgen, Nexterone от Baxter и Evomela от Acrotech Biopharma. Технология платформы NITRICIL облегчает настраиваемую дозировку, позволяя регулировать профиль высвобождения лекарственного средства, что позволяет создавать запатентованные рецептуры, предназначенные для широкого спектра показаний. Его технологии также включают HepDirect, LTP и технологическую платформу BEPro, а также технологию Pelican Expression. Он имеет множество альянсов, лицензий и других деловых отношений с различными фармацевтическими компаниями."
189,US,MANE,US9229671048,MANE.N,Veradermics Inc,4.5,NYS,3,Здравоохранение,3,Фармацевтика,0.19,109.77,117.44,53.97,81.69,0.0,0.0,0.0,0.0,0.0,0.0,0.0,0.0,0.0,0.0,0.0,0.0,0.0,0.0,0.0,0.0,0.0,0.0,"Veradermics, Incorporated — биофармацевтическая компания, находящаяся на поздней клинической стадии. Компания сосредоточена на разработке инновационных терапевтических средств для решения распространенных проблем лечения широко распространенных эстетических и дерматологических заболеваний. Его первоначальной целью является разработка более эффективных методов лечения выпадения волос (PHL). Компания разрабатывает VDPHL01 в качестве перорального негормонального препарата для мужчин и женщин с ПХЛ, чтобы уменьшить препятствия на пути широкого внедрения терапии хронического выпадения волос и потенциально изменить лечение ПХЛ. VDPHL01 — это пероральная форма миноксидила, проверенного агента для роста волос, разработанная для максимизации воздействия миноксидила на восстановление волос при минимизации риска сердечной деятельности. Компания проводит фазу II клинического исследования по оценке VDPHL01 у пациентов мужского и женского пола с легкой и умеренной ПХЛ."
190,US,SOAGY,US80385Q2084,SOAGY.PK,Sartorius AG,17.6,PNK,4,Здравоохранение,1,Передовое медицинское оборудование и технологии,0.01,52.66,57.94,47.64,52.16,60.65,40.94,50.64,60.65,0.0,49.99,83.59,0.0,54.2,95.26,0.0,55.86,128.99,0.0,37.92,128.99,0.0,19.0,"Sartorius AG — немецкий поставщик фармацевтического и лабораторного оборудования. Компания работает в двух сегментах: биотехнологические решения и лабораторные продукты и услуги. Сегмент биотехнологических решений предлагает комплексные решения для биофармацевтического производства, такие как фильтры для стерилизации биофармацевтических сред, одноразовые пакеты для выращивания клеток и хранения биофармацевтических препаратов, мембранные адсорберы для очистки в биопроцессах, фильтрационные технологии для осветления и другие. Сегмент «Лабораторные продукты и услуги» предоставляет инструменты, расходные материалы и услуги для лабораторий, включая лабораторные весы, лабораторные водные системы для хранения очищенной воды, электронные пипетки, системы фильтрации для подготовки проб и системы мембранных фильтров для тестирования парентеральных препаратов на стерильность."
191,US,AVNS,US05350V1061,AVNS.N,Avanos Medical Inc,1.2,NYS,5,Здравоохранение,1,"Медицинское оборудование, расходные материалы и распространение",0.28,24.72,24.78,13.57,21.89,12.98,9.31,11.58,17.69,9.31,12.79,25.3,9.31,16.6,31.94,9.31,19.28,53.55,9.31,24.86,72.93,9.31,32.56,"Avanos Medical, Inc. — медицинская технологическая компания, специализирующаяся на поставке решений для медицинского оборудования. Он обеспечивает потребности здравоохранения, такие как обеспечение пациентов питанием от больницы до дома и сокращение использования опиоидов, одновременно помогая пациентам перейти от операции к выздоровлению. В портфолио продуктов Specialty Nutrition Systems входит энтеральное питание, которое состоит из зондов для энтерального питания MIC-KEY и растворов для кормления пациентов Corpak, а также продукты для кормления новорожденных, состоящие из растворов для неонатального и педиатрического питания NeoMed. Он также включает Nexus TKO, технологию безыгольного соединителя, препятствующую рефлюксу. Pain Management and Recovery — это портфель неопиоидных решений для лечения боли, включающий продукты для хирургической боли и восстановления, такие как хирургические обезболивающие помпы ON-Q и AmbIT, системы холодовой и компрессионной терапии Game Ready, а также решения для радиочастотной абляции, которые обеспечивают инвазивную терапию обезболивания, такие как продукты COOLIEF, Trident и ESSENTEC RFA."
192,US,SNDA,US1404752032,SNDA.N,Sonida Senior Living Inc,1.8,NYS,6,Здравоохранение,1,Медицинские учреждения и услуги,0.13,37.15,38.95,31.78,35.14,33.5,23.8,27.66,33.5,19.34,25.74,34.26,0.0,25.02,34.26,0.0,19.74,58.37,0.0,23.49,312.6,0.0,83.19,"Sonida Senior Living, Inc. является владельцем-оператором и инвестором сообществ престарелых в США, специализирующихся на независимом образе жизни, проживания с престарелыми, а также сообществах по уходу за памятью и услугах для пожилых людей. Он предоставляет сострадательные, ориентированные на жильцов услуги, уход и увлекательные программы в жилых комплексах для пожилых людей, которыми он управляет. Он владеет, управляет или инвестирует в 165 жилых комплексов для престарелых с общим количеством более 16 400 квартир в 35 штатах, в том числе 153 принадлежащих жилых комплекса для престарелых (в том числе 54, управляемых сторонними управляющими недвижимостью, 15 сданных в аренду в соответствии с договорами тройной чистой аренды, четыре принадлежащих через совместные инвестиции в консолидированные предприятия и четыре принадлежащих через совместные инвестиции в неконсолидируемую организацию) и 12 общин, которыми он управляет от имени третьей стороны. Услуги независимого проживания, предоставляемые им, включают ежедневное питание, транспорт, социальные и развлекательные мероприятия, стирку, ведение домашнего хозяйства и круглосуточный общественный персонал."
193,US,LTGHY,US5318501054,LTGHY.PK,Life Healthcare Group Holdings Ltd,1.1,PNK,7,Здравоохранение,2,Медицинские учреждения и услуги,0.03,2.99,3.36,2.7,3.0,2.93,2.26,2.61,2.93,2.1,2.61,3.21,1.54,2.44,3.21,1.54,2.31,3.69,1.54,2.44,6.3,0.0,2.94,"Life Healthcare Group Holdings Limited — диверсифицированный поставщик медицинских услуг из Южной Африки. Компания предлагает неотложную помощь и дополнительные услуги, включая неотложную помощь, психическое здоровье, неотложную реабилитацию, почечный диализ, онкологию, диагностику и ядерную медицину. Его сегменты включают Южную Африку и Международный. Сегмент Южной Африки включает больницы неотложной помощи и дополнительные услуги, охватывающие психическое здоровье, неотложную реабилитацию, почечный диализ, онкологию и диагностику, включая визуализацию и ядерную медицину. Кроме того, он предоставляет медицинские услуги, в том числе Life Nkanyisa и Life Health Solutions. Международный сегмент фокусируется на радиофармацевтических продуктах, разработанных Life Molecular Imaging. Под его управлением находятся около 48 больниц в Южной Африке, девять психиатрических учреждений, семь центров неотложной реабилитации, 71 учреждение почечного диализа, пять онкологических центров и 13 учреждений диагностики и ядерной визуализации."
194,US,ASND,DK0060615755,ASND.O,Ascendis Pharma A/S,14.6,NSQ,8,Здравоохранение,1,Биотехнологии и медицинские исследования,0.93,235.9,250.74,216.22,233.44,229.94,160.86,196.52,229.94,118.03,175.3,229.94,111.09,155.7,229.94,64.33,136.73,229.94,61.58,131.61,229.94,11.92,102.0,"Ascendis Pharma A/S — датская биофармацевтическая компания, работающая в секторе медико-биологических наук и биотехнологий. Сфера деятельности компании включает открытие, разработку и коммерциализацию инновационных методов лечения редких заболеваний и серьезных хронических состояний со значительными неудовлетворенными медицинскими потребностями, когда клинически проверенный исходный препарат или путь его применения подходят для технологий компании. Ascendis Pharma A/S специализируется на области эндокринологии и имеет в своем портфолио три независимых препарата-кандидата на лечение редких заболеваний, таких как дефицит гормона роста (ДГР), гипопаратиреоз и ахондроплазия. Второе терапевтическое направление — онкология, где компания фокусирует иммунотерапию на таргетной терапии."
195,US,BCHMY,US05636G1058,BCHMY.PK,BACHEM HOLDING AG,7.8,PNK,9,Здравоохранение,2,Биотехнологии и медицинские исследования,0.01,10.8,11.14,0.0,8.78,8.77,0.0,1.55,8.77,0.0,2.02,10.18,0.0,2.63,10.61,0.0,1.88,10.61,0.0,1.13,10.61,0.0,0.56,"Bachem Holding AG — швейцарская биохимическая компания, предоставляющая услуги фармацевтической и биотехнологической промышленности. Компания специализируется на разработке процессов и производстве пептидов и органических молекул в качестве активных фармацевтических ингредиентов (API), а также на разработке биохимических продуктов для исследовательских целей. Портфель ее продуктов включает флуоресцентные красители для анализа переноса энергии флуоресценции (FRET) для анализа взаимодействий рецептор-лиганд, белок-белковых взаимодействий и расщепления молекул субстрата, а также гликозилированные пептиды для управления свойствами лекарств. Компания продает продукцию под брендами Bachem и Clinalfa и имеет производственные мощности в Швейцарии и США."
196,US,SOJF,US8425878670,SOJF.N,Southern Co,105.4,NYS,1,Utilities,9,Электрокоммуникации,0.01,25.5,25.56,25.03,25.36,26.61,25.25,25.93,26.99,0.0,24.91,26.99,0.0,12.41,26.99,0.0,8.28,26.99,0.0,4.96,26.99,0.0,2.48,
197,US,USB PR H,US9029731554,USB_ph.N,US Bancorp,87.2,NYS,1,Financials,15,Банки,0.01,18.68,19.02,18.2,18.7,21.04,17.74,19.58,23.25,17.74,20.63,23.25,17.74,21.1,23.25,15.83,20.45,25.23,15.83,21.19,25.23,13.67,21.65,"US Bancorp — холдинговая компания, предоставляющая финансовые услуги. Его сегментами являются благосостояние, корпоративный, коммерческий и институциональный банкинг, потребительский и бизнес-банкинг, платежные услуги, а также казначейство и корпоративная поддержка. Он предоставляет полный спектр финансовых услуг, включая кредитные и депозитарные услуги, управление денежными средствами, рынки капитала, а также услуги по доверительному и инвестиционному управлению. Он также занимается обслуживанием кредитных карт, обработкой торговых операций и банкоматов, ипотечным банкингом, страхованием, брокерскими операциями и лизингом. Его дочерняя банковская компания, Национальная ассоциация банков США (USBNA), занимается банковским бизнесом, преимущественно на внутренних рынках. USBNA предоставляет ряд продуктов и услуг частным лицам, предприятиям, институциональным организациям, государственным учреждениям и другим финансовым учреждениям. Его небанковские дочерние компании предлагают своим клиентам инвестиционные и страховые продукты, главным образом, на внутренних рынках, а также услуги по управлению фондами для ряда взаимных и других фондов."
198,US,AMC,US00165C3025,AMC.N,AMC Entertainment Holdings Inc,1.0,NYS,1,Consumer Cyclicals,1,Leisure & Recreation,3.11,1.64,1.94,1.13,1.55,3.59,1.54,2.68,4.13,1.54,2.9,11.48,1.54,3.68,75.18,1.54,12.82,393.63,1.54,53.93,393.63,1.54,69.83,"AMC Entertainment Holdings, Inc. — кинопрокатная компания. Компания в основном занимается театральным выставочным бизнесом и владеет, управляет или имеет интересы в театрах, расположенных в основном в США и Европе. Компания работает в двух сегментах: рынки США и международные рынки. В сегменте рынков США она владеет, арендует или управляет кинотеатрами в 41 штате и округе Колумбия. Сегмент международных рынков осуществляет деятельность или частично заинтересован в театрах Великобритании, Германии, Испании, Италии, Ирландии, Португалии, Швеции, Финляндии, Норвегии и Дании. Ее бренды включают AMC, AMC CLASSIC и другие. Он также предлагает альтернативы еде и напиткам, помимо традиционных концессионных товаров, в том числе коллекционные концессионные сосуды, блюда, приготовленные на заказ, кофе по индивидуальному заказу, полезные закуски, пиво, вино, коктейли премиум-класса и варианты ужина в театре. У него около 870 кинотеатров и 9700 экранов по всему миру."
199,US,SGOV,US46436E7186,SGOV.N,iShares 0-3 Month Treasury Bond ETF,86.4,NYS,1,,1,,1.01,100.44,100.68,100.4,100.53,100.74,100.28,100.52,100.74,100.28,100.52,100.75,100.16,100.51,100.75,100.05,100.47,100.75,99.96,100.31,100.75,0.0,56.12,
200,US,BOND,US72201R7750,BOND.N,PIMCO Active Bond Exchange-Traded Fund,7.9,NYS,2,,2,,0.02,92.29,93.17,91.61,92.51,94.55,90.77,92.91,94.55,89.07,92.05,95.32,88.9,91.95,95.32,85.1,91.57,113.04,85.1,96.45,113.98,85.1,101.43,
201,US,JBND,US46654Q7161,JBND.N,JPMorgan Active Bond ETF,7.5,NYS,3,,3,,0.07,53.62,54.1,53.23,53.76,54.74,52.79,53.94,54.74,51.65,53.42,55.06,50.97,53.09,55.06,0.0,39.17,55.06,0.0,23.47,55.06,0.0,11.72,
202,US,EVTR,US61774R8410,EVTR.N,Eaton Vance Total Return Bond ETF,5.2,NYS,4,,4,,0.03,51.01,51.47,50.6,51.08,52.14,50.33,51.39,52.14,49.27,50.87,52.34,0.0,44.9,52.34,0.0,29.97,52.34,0.0,17.96,52.34,0.0,8.97,
203,US,HGER,US41151J5056,HGER.N,Harbor Commodity All-Weather Strategy ETF,3.2,NYS,5,,5,,0.06,32.31,32.82,30.59,31.65,27.12,24.18,25.49,27.12,22.07,24.57,27.12,20.4,23.37,27.12,20.4,22.98,27.12,0.0,17.71,27.12,0.0,8.84,
204,US,FEOE,US75526L8789,FEOE.N,First Eagle Overseas Equity ETF,1.2,NYS,6,,6,,0.03,54.01,54.03,50.38,52.52,49.32,41.62,45.47,49.32,34.3,42.26,49.32,0.0,21.53,49.32,0.0,14.37,49.32,0.0,8.61,49.32,0.0,4.3,
205,US,PTA,US19249X1081,PTA.N,Cohen & Steers Tax-Adv Pref Secs and Inc Fund,1.1,NYS,7,,7,,0.01,19.82,19.82,18.25,19.34,20.9,18.87,19.95,20.9,17.48,19.69,21.28,17.48,19.65,21.28,15.85,19.03,26.0,15.85,20.42,26.25,0.0,10.65,
206,US,MFSI,US55286W4050,MFSI.N,MFS Active International ETF,1.0,NYS,8,,8,,0.02,32.12,32.14,29.76,31.26,30.64,27.67,29.31,30.64,22.81,27.8,30.64,0.0,14.73,30.64,0.0,9.83,30.64,0.0,5.89,30.64,0.0,2.94,
