№,Назвaние,Тикер,isin,RIC,Нaзвание,"Капитал, млрд $",Биржа,№ ,Сектор,№  ,Отрасль,"Объем, млн. шт","Цена, $",  ,MAX,MIN,CP,MAX ,MIN ,CP , MAX , MIN , CP , MAX  , MIN  , CP  ,  MAX  ,  MIN  ,  CP  ,  MAX   ,  MIN   ,  CP   ,   MAX   ,   MIN   ,   CP   , ,Описание,Рост/Спад
4,US,ASMLF,NL0010273215,ASMLF.PK,ASML Holding NV,496.708955,PNK,1,Технология,1,Полупроводниковое оборудование и тестирование,0.0,1251.0,,1414.69,1250.0,1358.97,1139.29,683.9,915.0,1139.29,585.54,820.78,1139.29,585.54,842.98,1139.29,543.25,782.5,1139.29,355.8,721.93,1139.29,80.1,540.18,,"ASML Holding N.V. — холдинговая компания, базирующаяся в Нидерландах. Компания осуществляет свою деятельность через свои дочерние компании в Нидерландах, США, Италии, Франции, Германии, Великобритании, Ирландии, Бельгии, Южной Корее, Тайване, Сингапуре, Китае, Гонконге, Японии, Малайзии и Израиле. Компания работает через один бизнес-сегмент, который занимается разработкой, производством, маркетингом, продажей, модернизацией и обслуживанием передовых систем полупроводникового оборудования, включая системы литографии, метрологии и контроля. Компания предлагает системы TWINSCAN, оснащенные литографической системой с ртутной лампой в качестве источника света (i-line), источниками света из фторида криптона (KrF) и фторида аргона (ArF) для обработки пластин для производственных сред, для которых требуется получение изображений с небольшим разрешением. К системам TWINSCAN также относятся системы иммерсионной литографии (иммерсионные системы TWINSCAN).",
15,US,TOELF,JP3571400005,TOELF.PK,Tokyo Electron Ltd,114.267453,PNK,2,Технология,2,Полупроводниковое оборудование и тестирование,0.0,234.69,,272.46,226.91,250.6,233.0,130.17,183.61,233.0,112.54,169.5,275.6,112.54,183.29,275.6,96.3,167.15,275.6,78.7,155.65,275.6,21.34,136.75,,"Tokyo Electron Ltd — японская компания, которая в основном занимается производством и продажей продукции промышленной электроники, в первую очередь оборудования для производства полупроводников и оборудования для производства плоских дисплеев (FPD). Сегмент «Оборудование для производства полупроводников» предлагает совместимое с пластинами оборудование для термической обработки периодического типа, совместимое с пластинами оборудование для полупериодического осаждения, совместимое с пластинами оборудование для осаждения одиночных пластин, устройства для нанесения покрытий/проявители, совместимые с пластинами, совместимые с пластинами системы плазменного травления и системы тестирования полупроводников. Компания также предоставляет услуги логистики, управления объектами и страхования.",
56,US,ROHCY,US7753761060,ROHCY.PK,Rohm Co Ltd,7.870688,PNK,3,Технология,1,Полупроводники,0.0,19.11,,22.19,0.0,17.73,16.4,12.5,14.06,16.4,7.49,11.84,19.01,7.49,12.68,25.04,7.49,15.25,29.14,7.49,17.29,29.34,7.49,17.24,,"Rohm Co Ltd — японская компания, занимающаяся производством и продажей электронных компонентов. Компания работает в трех бизнес-сегментах. Сегмент крупномасштабной интеграции (LSI) производит LSI, включая аналоговые, логические и память. Сегмент полупроводниковых устройств производит транзисторы, диоды, силовые устройства, светодиоды и полупроводниковые лазеры. Сегмент «Модуль» производит печатающие головки и оптические модули. Компания также занимается резисторным бизнесом.",
63,US,SUOPY,US86558P1093,SUOPY.PK,Sumco Corp,3.892534,PNK,4,Технология,2,Полупроводники,0.0,23.19,,23.26,0.0,19.31,24.14,14.55,18.66,24.14,10.29,16.06,34.84,10.29,21.74,34.84,10.29,23.76,52.09,10.29,27.16,57.91,10.29,28.24,,"Sumco Corp — японская компания, занимающаяся в основном производством и продажей кремния высокой чистоты. Компания управляет бизнесом по производству кремния высокой чистоты, который в основном занимается производством и продажей кремниевых пластин производителям полупроводников. Полупроводниковые кремниевые пластины используются в качестве материалов подложки производителями полупроводников при производстве различных полупроводников, таких как память и логика. Компания производит полированные пластины различного диаметра и эпитаксиальные пластины с последующей специальной обработкой их поверхности. Компания работает в Японии, США, Тайване, Сингапуре, Южной Корее, Великобритании и других регионах.",
69,US,NDCVF,NO0003055501,NDCVF.PK,Nordic Semiconductor ASA,3.053332,PNK,5,Технология,3,Полупроводники,0.0,14.66,,16.5,0.0,11.96,16.85,12.25,14.45,16.85,9.0,13.46,16.85,7.18,11.86,17.9,7.18,11.96,37.0,7.18,17.45,37.0,2.79,12.23,,"Nordic Semiconductor ASA — норвежская компания по производству полупроводников, специализирующаяся на технологиях беспроводной связи, лежащих в основе Интернета вещей (IoT). Компания занимается разработкой решений для беспроводной связи ближнего радиуса действия. Nordic Semiconductor ASA имеет один операционный сегмент. Диапазон технологий включает Bluetooth Low Energy, передовые и адаптивные сетевые технологии (ANT+), Thread и Zigbee. Решения Nordic Semiconductor ASA используются в различных продуктах, включая беспроводные периферийные устройства для персональных компьютеров (ПК), игры, аксессуары для мобильных телефонов, бытовую электронику, здравоохранение и автоматизацию. Компания имеет офисы по всему миру, а также несколько дочерних компаний, таких как Nordic SemiconductorНорвегия AS, Nordic Semiconductor UK Ltd, Nordic Semiconductor Inc и Nordic SemiconductorPoland Sp Zoo.",
71,US,AIIXY,US0096062031,AIIXY.PK,Aixtron SE,4.249904,PNK,6,Технология,3,Полупроводниковое оборудование и тестирование,0.0,74.45,,86.83,0.0,66.27,44.64,28.52,35.86,44.64,21.45,32.45,79.25,21.45,38.74,79.92,21.45,44.68,79.92,21.45,45.71,79.92,21.45,45.71,,"AIXTRON SE — компания со штаб-квартирой в Германии. Компания является поставщиком оборудования для осаждения полупроводниковой промышленности. Компания разрабатывает, производит и устанавливает оборудование для осаждения сложных полупроводниковых материалов, а также предлагает процессы осаждения, консультации, обучение, поддержку клиентов и сервис для этих систем. Он также предоставляет периферийные устройства и услуги для работы своих систем. Компания также поставляет оборудование для нанесения покрытий для серийного производства, а также для исследований и разработок (НИОКР) и предсерийного производства.",
89,US,POET,CA73044W3021,POET.O,POET Technologies Inc,0.775773,NAQ,7,Технология,4,Полупроводники,8.33,5.08,,7.7,4.87,6.41,9.41,3.87,5.99,9.41,3.09,5.21,9.41,0.84,3.93,9.41,0.72,3.81,12.8,0.72,4.96,12.8,0.72,4.27,,"POET Technologies Inc. — проектно-конструкторская компания. Компания предлагает высокоскоростные оптические двигатели, источники света и специальные оптические модули для рынка систем искусственного интеллекта (ИИ) и гипермасштабных центров обработки данных. Ее решения фотонной интеграции основаны на POET Optical Interposer, новой запатентованной платформе, которая позволяет интегрировать электронные и фотонные устройства в один чип с использованием технологий производства полупроводников на уровне пластины. Ее продукты на основе оптического интерпозера потребляют меньше энергии, чем сопоставимые продукты, имеют меньшие размеры и легко масштабируются до больших объемов производства. Кроме того, компания разработала и выпустила новые источники света для межчиповой передачи данных внутри и между серверами искусственного интеллекта, что является следующим шагом в решении проблем пропускной способности и задержек в системах искусственного интеллекта. Ее платформа Optical Interposer решает проблемы интеграции устройств в различных коммуникационных, вычислительных и сенсорных приложениях.",
90,US,PENG,US7069151055,PENG.O,Penguin Solutions Inc,0.853577,NSQ,8,Технология,5,Полупроводники,0.83,16.24,,20.05,16.04,18.06,29.8,17.12,22.95,29.8,14.2,20.95,29.81,14.2,20.77,29.99,12.66,20.46,37.25,12.04,21.41,37.25,5.75,18.48,,"Penguin Solutions, Inc. — компания, занимающаяся комплексными технологиями. Сегмент передовых вычислений компании под брендами Penguin Computing и Stratus предлагает специализированные платформенные решения и услуги для искусственного интеллекта, высокопроизводительных вычислений, машинного обучения, расширенного моделирования и Интернета вещей, которые охватывают континуум периферии, ядра и облака. Сегмент интегрированной памяти под брендом SMART Modular Technologies предоставляет высокопроизводительные и надежные решения для интегрированной памяти посредством проектирования, разработки и усовершенствованной упаковки передовых продуктов с увеличенным жизненным циклом. Сегмент оптимизированных светодиодов под брендом Cree LED предлагает широкий ассортимент светодиодов, оптимизированных для конкретных применений, ориентированных на улучшение плотности светового потока, интенсивности, эффективности, оптического контроля и/или надежности. Светодиодная продукция компании позволяет ее клиентам разрабатывать и продавать светодиодную продукцию для общего освещения, видеодисплеев и специального освещения.",
105,US,SAPGF,DE0007164600,SAPGF.PK,SAP SE,207.851561,PNK,9,Технология,1,Программное обеспечение,0.0,166.25,,204.99,162.21,185.42,314.08,232.67,267.56,314.08,232.67,273.07,314.08,147.25,238.56,314.08,103.25,203.24,314.08,76.54,169.59,314.08,71.82,141.31,,,
124,US,NETTF,KYG6427A1022,NETTF.PK,NetEase Inc,69.670807,PNK,10,Технология,1,Онлайн-сервисы,0.0,19.4,,23.64,0.0,6.65,33.14,23.35,27.9,33.14,16.23,23.7,33.14,13.74,20.71,33.14,13.74,20.18,33.14,10.49,19.75,33.14,10.49,19.75,,"NetEase Inc — компания, занимающаяся в основном игровым бизнесом. Компания осуществляет свою деятельность в четырех сегментах. Сегмент «Игры и сопутствующие услуги с добавленной стоимостью» занимается разработкой и продажей мобильных игр, игровыми операциями и другими услугами с добавленной стоимостью, включая внутриигровые виртуальные предметы и предоплаченные кредиты. Сегмент Youdao предоставляет услуги обучения, интеллектуальные устройства и услуги онлайн-маркетинга. Продукты и услуги сегмента включают онлайн-курсы и услуги цифрового контента. Сегмент NetEase Cloud Music предоставляет музыкальные онлайн-сервисы, социальные развлекательные услуги и другие услуги посредством продажи членских подписок на различный контент и пакеты услуг, в первую очередь за счет продажи виртуальных предметов. Сегмент «Инновационный бизнес и другие» обеспечивает строгий отбор, рекламные услуги, электронную почту и другие дополнительные услуги.",
128,US,MPNGF,KYG596691041,MPNGF.PK,Meituan,66.353087,PNK,11,Технология,2,Онлайн-сервисы,0.0,10.15,,12.02,0.0,8.17,18.3,11.56,13.82,23.89,11.56,16.36,28.08,7.75,15.88,28.08,7.75,16.04,59.24,7.75,21.68,59.24,5.32,20.52,,"Meituan — инвестиционная холдинговая компания, которая в основном занимается высокотехнологичной розничной торговлей, предоставляя товары и услуги повседневного спроса с использованием технологий, включая доставку еды, в магазины, бронирование отелей и путешествий, а также другие услуги и продажи. Компания осуществляет свою деятельность через два сегмента. Основной сегмент местной коммерции включает доставку еды, Meituan Instashopping, магазины в магазинах, гостиничный и туристический бизнес. В сегмент «Новые инициативы» входят Meituan Select, супермаркет Xiaoxiang и другие. Компания реализует свою продукцию на внутреннем рынке.",
130,US,RLXXF,GB00B2B0DG97,RLXXF.PK,Relx PLC,58.80174,PNK,12,Технология,1,ИТ-услуги и консалтинг,0.0,32.7,,36.03,30.29,34.05,55.11,38.0,46.04,57.01,38.0,48.32,57.01,35.7,46.53,57.01,27.3,42.09,57.01,0.0,36.47,57.01,0.0,32.2,,"RELX PLC — базирующийся в Великобритании глобальный поставщик инструментов информационной аналитики и принятия решений для профессиональных и бизнес-клиентов. Компания работает в четырех сегментах рынка: Риск; Научно-техническое и медицинское; Юридический и Выставки. Сегмент «Риски» предоставляет клиентам средства информационной аналитики и принятия решений, которые сочетают общедоступный и отраслевой контент с передовыми технологиями и алгоритмами, помогающими им оценивать и прогнозировать риски и повышать операционную эффективность. Сегмент «Наука, техника и медицина» помогает исследователям и специалистам здравоохранения продвигать науку и улучшать результаты в области здравоохранения за счет объединения высококачественной научной и медицинской информации. Юридический сегмент предоставляет юридическую, нормативную и деловую информацию и аналитику. Сегмент «Выставки» сочетает в себе отраслевой опыт с данными и цифровыми инструментами, чтобы помочь клиентам общаться лично и в цифровом формате, узнавать о рынках, источниках продуктов и совершать транзакции.",
153,US,CNSWF,CA21037X1006,CNSWF.PK,Constellation Software Inc,36.33049,PNK,13,Технология,2,Программное обеспечение,0.0,1702.03,,2222.0,1649.0,1902.21,3936.74,2235.0,2923.91,3998.72,2235.0,3150.83,3998.72,2235.0,3044.77,3998.72,1531.54,2696.81,3998.72,1200.45,2240.81,3998.72,307.38,1483.68,,"Constellation Software Inc. — канадский поставщик программного обеспечения и услуг для нескольких отраслей. Компания приобретает, управляет и создает предприятия вертикального рынка программного обеспечения (VMS), которые предоставляют критически важные программные решения. В основном компания занимается разработкой, установкой и настройкой программного обеспечения, а также предоставлением сопутствующих профессиональных услуг и поддержкой клиентов по всему миру. Его профессиональные услуги включают установку, внедрение, обучение и настройку программного обеспечения и другие услуги. Компания продает локальные лицензии на программное обеспечение как на постоянной, так и на определенной основе. У него есть шесть операционных групп, которые обслуживают клиентов на более чем 100 различных рынках по всему миру. В шесть операционных групп входят Volaris, Harris, Topicus.com, Vela, Jonas и Perseus Group. У компании есть офисы в Северной Америке, континентальной Европе, Великобритании, Южной Америке, Африке и Австралии.",
167,US,CAPMF,FR0000125338,CAPMF.PK,Capgemini SE,19.140833,PNK,14,Технология,2,ИТ-услуги и консалтинг,0.0,113.28,,133.56,106.45,120.83,183.1,134.5,153.42,200.2,128.6,158.55,248.85,128.6,181.97,248.85,128.6,183.03,249.31,128.6,187.82,249.31,60.1,161.11,,"Capgemini SE — французская компания, специализирующаяся на консалтинге, технологических услугах и цифровой трансформации. Он работает в четырех сегментах: услуги приложений, технологические и инженерные услуги, консультационные услуги и другие управляемые услуги. Службы приложений проектируют и разрабатывают технологические решения и, среди прочего, помогают клиентам оптимизировать свои приложения. Технологические и инженерные службы помогают и поддерживают внутренние группы информационных технологий (ИТ) и инженеров в компаниях-клиентах. Консалтинг фокусируется на стратегии, технологиях, науке о данных и креативном дизайне, чтобы помочь клиентам создавать новые модели, новые продукты и услуги в рамках цифровой экономики. Другие управляемые услуги, среди прочего, интегрируют, управляют и/или развивают системы ИТ-инфраструктуры клиентов.",
174,US,CYBR,IL0011334468,CYBR.O,Cyberark Software Ltd,20.637502,NSQ,15,Технология,3,Программное обеспечение,0.0,408.85,,0.0,0.0,0.0,,,,,,,,,,,,,,,,,,,,"CyberArk Software Ltd — израильский поставщик решений по обеспечению безопасности информационных технологий (ИТ), которые защищают организации от кибератак. Программные решения компании ориентированы на защиту привилегированных учетных записей, которые стали важной целью в жизненном цикле кибератак. Решение компании по обеспечению безопасности привилегированных учетных записей состоит из различных продуктов, таких как технологическая платформа Shares, хранилище корпоративных паролей, диспетчер ключей SSH, диспетчер привилегированных сеансов, анализ привилегированных угроз, диспетчер идентификации приложений, CyberArk-Conjur, диспетчер привилегий конечных точек и диспетчер привилегий по требованию. Продукты компании защищают от внешних и внутренних киберугроз, позволяют обнаруживать и нейтрализовать атаки. Корпоративное хранилище паролей компании предоставляет клиентам инструмент для управления и защиты всех привилегированных учетных записей во всей организации, включая физические, виртуальные или облачные активы.",
215,US,DAY,US15677J1088,DAY.N,Dayforce Inc,11.180043,NYS,16,Технология,4,Программное обеспечение,0.0,69.86,,0.0,0.0,0.0,,,,,,,,,,,,,,,,,,,,"Dayforce, Inc. — глобальная компания-разработчик программного обеспечения для управления человеческим капиталом (HCM). The Company’s Dayforce, which is a flagship cloud HCM platform, provides a full suite of HCM functionality, including global human resources (HR), payroll and tax, workforce management, benefits, and talent intelligence functionality. Компания также продает Powerpay, облачное решение для управления персоналом и расчета заработной платы для канадского рынка малого бизнеса, как через прямые продажи, так и через установленные партнерские каналы. Dayforce Human Resources предоставляет специалистам по персоналу, менеджерам и сотрудникам единую полную запись всей их кадровой информации. Dayforce Workforce Management помогает организациям управлять своей рабочей силой, настраивая систему в соответствии со сложными правилами и политиками занятости и рабочего времени. Dayforce Wallet — это цифровое платежное решение, которое дает сотрудникам мгновенный доступ к их чистым доходам. Компания также предлагает расчет заработной платы и связанные с ней услуги с использованием устаревших и локальных технологий.",
217,US,CFLT,US20717M1036,CFLT.O,Confluent Inc,11.133731,NSQ,17,Технология,5,Программное обеспечение,0.0,30.99,,31.0,0.0,18.79,30.33,15.64,22.73,37.9,15.64,24.18,37.9,15.64,25.35,41.22,14.69,25.97,94.97,14.69,31.51,94.97,14.69,31.51,,"Confluent, Inc. предоставляет платформу потоковой передачи данных, которая позволяет клиентам подключать свои приложения, системы и уровни данных и может быть развернута как полностью управляемое облачное предложение программного обеспечения как услуги (SaaS) Confluent Cloud, как самостоятельно управляемое программное обеспечение Confluent Platform или как предложение управляемых услуг «Принеси свое собственное облако» (BYOC), где необработанные данные находятся внутри собственной облачной среды клиента, WarpStream. Компания также предлагает профессиональные услуги и образовательные услуги. Компания сосредоточена на разработке категории инфраструктуры данных, ориентированной на данные в движении, для разработчиков и предприятий. Его облачное предложение работает в мультиоблачных и гибридных инфраструктурах и поддерживает различные модели развертывания для удовлетворения разнообразных требований клиентов, обеспечивая масштабируемость, эластичность, безопасность и глобальную взаимосвязанность, обеспечивая гибкую разработку. WarpStream предлагает более дешевый вариант использования для клиентов с уменьшенной задержкой.",
241,US,CSXXY,US14575D1072,CSXXY.PK,CAR Group Ltd,5.911991,PNK,18,Технология,3,Онлайн-сервисы,0.0,29.0,,38.22,0.0,28.48,57.95,40.0,48.34,57.95,36.0,46.2,57.95,36.0,46.39,57.95,18.96,41.51,57.95,18.96,34.17,57.95,11.06,26.29,,"CAR Group Limited — это глобальная цифровая торговая площадка со штаб-квартирой в Австралии. Компания поставляет технологические и рекламные решения, предназначенные для того, чтобы сделать покупку и продажу приятным опытом, с помощью цифровых торговых площадок в Австралии (продажа автомобилей), Южной Корее (Encar), Северной Америке (Trader Interactive), Бразилии (webmotors) и Чили (chileautos). Сегменты компании включают услуги онлайн-рекламы в Австралии; Австралия-данные, исследования и услуги; Инвестиции, Северная Америка, Латинская Америка и Азия. Сегмент онлайн-рекламы в Австралии включает онлайн-объявления об автомобилях, услуги по рекламе и финансовые комиссии. Сегмент «Австралия-данные, исследования и услуги» включает услуги автомобильных данных, включая программное обеспечение, анализ, исследования и отчетность, услуги по оценке, разработку веб-сайтов, услуги хостинга и фотографии. Сегмент «Инвестиции» состоит из розничной и оптовой онлайн-продажи шин, а также услуг по инспекции.",
254,US,TMSNY,US87974R2085,TMSNY.PK,Temenos AG,6.109228,PNK,19,Технология,6,Программное обеспечение,0.0,84.1,,99.02,83.06,92.48,103.31,70.21,86.43,103.31,68.85,82.33,103.63,55.28,77.45,103.63,55.28,77.25,170.18,52.1,92.73,184.7,52.1,111.67,,"Temenos AG, ранее Temenos Group AG, — швейцарская компания, занимающаяся разработкой и маркетингом банковского программного обеспечения. Его услуги включают внедрение, оптимизацию производительности, интеграцию, администрирование, обслуживание, обновления, обучение и поддержку своих программных решений. Он предлагает решения для розничного, корпоративного, универсального, исламского, микрофинансового и общественного банковского секторов, а также для управления частным капиталом. Клиентская база Компании состоит в основном из банковских и других финансовых учреждений. Ее основными продуктами являются Temenos T24 Core Banking (T24), фронт-бэк-офис, программная платформа управления взаимоотношениями с клиентами (CRM) и управления жизненным циклом продуктов, а также Front Office, интегрированное, ориентированное на конкретные роли и многоканальное решение, которое поддерживает ежедневное взаимодействие банков и долгосрочные отношения с их розничными, корпоративными, состоятельными и состоятельными клиентами. Он также предлагает решения для фондов и ценных бумаг.",
255,US,KGDEY,US49567R1023,KGDEY.PK,Kingdee International Software Group Co Ltd,3.850683,PNK,20,Технология,3,ИТ-услуги и консалтинг,0.0,114.04,,129.8,106.44,120.18,247.26,163.86,198.18,247.26,99.32,179.97,247.26,69.97,138.23,247.26,69.97,143.01,523.53,69.97,184.33,523.53,31.7,187.34,,"Kingdee International Software Group Co Ltd — инвестиционная холдинговая компания, которая в основном занимается предоставлением облачных услуг и бизнесом по планированию ресурсов предприятия (ERP). Компания осуществляет свою деятельность через три сегмента. Бизнес-сегмент облачных услуг занимается предоставлением корпоративных облачных услуг, облачных услуг для финансирования малого и микробизнеса, а также отраслевых облачных услуг. Сегмент ERP Business and Others занимается продажей программных и аппаратных продуктов, внедрением программного обеспечения, консультированием по программным решениям, обслуживанием, обновлением и другими вспомогательными услугами и т. д. Сегмент инвестиционной недвижимости занимается эксплуатацией инвестиционной недвижимости. Компания в основном ведет свою деятельность на внутреннем рынке.",
268,US,TMICF,JP3637300009,TMICF.PK,Trend Micro Inc,4.545837,PNK,21,Технология,7,Программное обеспечение,0.0,33.1,,33.1,0.0,3.68,65.49,41.3,51.27,71.79,41.3,57.44,71.79,41.3,54.18,71.79,39.56,51.81,71.79,39.56,52.66,71.79,31.32,49.26,,"Trend Micro Inc — японская компания, занимающаяся в основном разработкой, продажей и предоставлением продуктов компьютерной безопасности и сопутствующих услуг. Компания работает в четырех географических сегментах: Япония, Северная Америка, Европа и Азиатско-Тихоокеанский регион. Решения включают в себя управление киберрисками, защиту облачных приложений, защиту гибридных облачных сред и другие. Платформы включают платформы корпоративной кибербезопасности, облачную безопасность, безопасность конечных точек, сетевую безопасность и другие. Услуги включают услуги реагирования на инциденты и другие.",
271,US,USSJY,US90344T1025,USSJY.PK,USS Co Ltd,4.884586,PNK,22,Технология,4,Онлайн-сервисы,0.0,20.89,,23.75,0.0,13.24,25.25,19.72,22.59,25.25,17.45,21.06,25.25,12.2,19.06,25.25,12.2,18.77,25.25,12.2,18.6,25.25,12.2,18.39,,"USS Co Ltd — японская компания, занимающаяся в основном автомобильными аукционами. Компания работает в двух бизнес-сегментах. Сегмент автоаукционов занимается проведением автоаукционов с участием продавцов подержанных автомобилей, управлением мотоциклетными аукционами с участием продавцов подержанных мотоциклов, предоставлением услуг подключения к автоаукционам через спутниковое телевидение и Интернет, предоставлением информационных услуг по подержанным автомобилям, агентством по наземной транспортировке выставленных автомобилей и успешных автомобилей на автоаукционе, а также предоставлением финансовых услуг для участников автоаукциона. Сегмент купли-продажи подержанных автомобилей занимается покупкой и продажей подержанных автомобилей и транспортных средств, пострадавших в авариях. Другой бизнес занимается переработкой подержанных автомобилей, оказанием агентских услуг подержанным автомобилям, продажей систем генерации солнечной энергии и арендой автомобилей, а также производством и продажей переработанного пластика.",
273,US,BYSD,US0731482073,BYSD.PK,Bayside Corp,0.017124,PNK,23,Технология,4,ИТ-услуги и консалтинг,0.0,1.05,,1.05,0.0,0.58,1.43,0.67,0.95,1.43,0.66,0.93,3.16,0.56,1.31,3.16,0.19,1.03,3.16,0.05,0.69,13.5,0.01,1.65,,"Bayside Corporation специализируется на цифровой трансформации и цифровом маркетинге. Компания специализируется на инвестировании в предприятия и продукты в этих секторах, стремясь использовать большие данные и цифровые достижения для создания новых возможностей и повышения акционерной стоимости. Его основная деятельность сосредоточена на цифровых инновациях. Цифровое подразделение компании, ONECARD Global, предлагает комплексную платформу цифровых визитных карточек, предназначенную для удовлетворения потребностей различных профессиональных секторов. Технология ONECARD Global обеспечивает эффективное продвижение и взаимодействие, позволяя пользователям обмениваться контактной информацией простым касанием, тем самым расширяя свою профессиональную сеть и возможности.",
277,US,RPYTF,IT0005282865,RPYTF.PK,Reply SpA,3.383974,PNK,24,Технология,5,ИТ-услуги и консалтинг,0.0,88.98,,88.98,0.0,12.71,144.02,144.0,144.01,144.02,144.0,144.01,155.69,131.0,143.26,155.69,92.97,123.86,210.0,92.97,134.71,210.0,57.66,119.92,,"Reply SpA — итальянская компания, работающая в секторе информационных и коммуникационных технологий. Специализируется на создании и внедрении решений на основе новых сетей связи и цифровых медиа. Он охватывает три области компетенции: процессы, приложения и технологии. По этим трем направлениям компетенции компания предлагает консультации, системную интеграцию и управление приложениями. Компания работает в различных секторах, включая телекоммуникации, коммунальные услуги, средства массовой информации, промышленность и услуги, банки, страховые компании и финансовые операторы, государственное управление и здравоохранение. Он предоставляет свои услуги в основном через шесть платформ доставки услуг: Click Reply, Discovery Reply, Gaia Reply, TamTamy и SideUp Reply. В ноябре 2013 года она приобрела 76% акций Mind Services Informatica LTDA. В декабре 2013 года она приобрела 100% Solidsoft Ltd. 6 декабря 2013 года она завершила слияние путем включения Reply Deutschland AG в Reply SpA.",
297,US,FUBO,US35953D1046,FUBO.K,FuboTV Inc,0.938618,NYQ,25,Технология,5,Онлайн-сервисы,7.84,8.66,,14.21,1.01,3.3,4.72,2.5,3.55,6.45,1.29,3.46,6.45,1.1,2.54,6.45,0.96,2.44,57.47,0.96,7.99,3750.0,0.32,36.2,,"FuboTV Inc. — компания потокового телевизионного вещания в прямом эфире. Компания предлагает подписчикам доступ к десяткам тысяч спортивных событий в прямом эфире ежегодно, а также к новостям и развлекательному контенту, как в прямом эфире, так и по запросу. Он предлагает потребителям широкий выбор видов спорта, включая более 55 000 прямых трансляций спортивных событий, а также предложения развлекательных программ от Fubo и Hulu + Live TV. Ему принадлежат Hulu + Live TV (развлечения), Fubo (спорт) и Molotov (развлечения и спорт), которые транслируются на рынках по всему миру. FuboTV Inc. является дочерней компанией The Walt Disney Company. Платформа компании предназначена для того, чтобы клиенты могли получать доступ к контенту через потоковые устройства, а также на Smart TV, мобильных телефонах, планшетах и ​​компьютерах. Его платформа предоставляет широкий набор функций и возможностей персонализации, таких как возможности многоканального просмотра, списки избранного и механизм рекомендаций, а также предложения потоковой передачи 4K и облачных видеорегистраторов.",
301,US,MCARY,US5875731060,MCARY.PK,Mercari Inc,3.811682,PNK,26,Технология,6,Онлайн-сервисы,0.0,10.47,,11.39,0.0,5.94,10.6,6.88,8.14,10.6,4.91,7.82,10.6,4.91,7.33,13.42,4.91,8.33,31.97,4.91,14.07,31.97,4.91,14.31,,"Mercari Inc — японская компания, которая в основном занимается эксплуатацией платформ потребитель-потребитель (CtoC). Компания работает в двух сегментах. Сегмент «Японский регион» управляет Marketplace, который управляет приложением блошиного рынка Mercari в Японии, а также предприятиями, связанными с платежами, финансами и криптовалютами, в Японии. Сегмент США управляет приложением блошиного рынка Mercari в США. Компания также занимается спортивным бизнесом и другими видами деятельности.",
323,US,FORTY,US3464141056,FORTY.O,Formula Systems 1985 Ltd,1.731225,NSQ,27,Технология,6,ИТ-услуги и консалтинг,0.0,112.7,,134.88,0.0,114.49,190.56,107.65,138.82,190.56,80.15,114.04,190.56,60.39,96.75,190.56,55.97,87.24,190.56,55.97,91.72,190.56,23.54,74.67,,"Formula Systems (1985) Ltd. (Формула) — глобальная холдинговая компания, занимающаяся решениями и услугами в области информационных технологий (ИТ). Компания через свои дочерние и дочерние компании, находящиеся в непосредственном владении, занимается предоставлением программных решений и услуг, маркетингом и поддержкой программных продуктов, компьютерной инфраструктурой и интеграционными решениями, а также обучением и интеграцией. Компания работает в двух сегментах: услуги по программному обеспечению и профессиональные ИТ-услуги. Сегмент программных услуг развивает рынки, продает и поддерживает платформу приложений, программные приложения, решения для интеграции бизнеса и процессов, а также сопутствующие услуги. Сегмент профессиональных ИТ-услуг предлагает ИТ-услуги в области проектирования и доставки инфраструктуры, разработки приложений, услуг по планированию и внедрению технологий, коммуникационных услуг и решений, а также дополнительные аутсорсинговые услуги.",
341,US,RUMBW,US78137L1136,RUMBW.O,Rumble Inc,0.0,NMQ,28,Технология,7,Онлайн-сервисы,0.01,0.9,,1.4,1.2,1.29,,,,,,,,,,,,,,,,,,,,"Rumble Inc. — платформа для обмена видео и поставщик облачных услуг. Компания состоит из двух подразделений: Rumble Services и Rumble Cloud. Rumble Services состоит из трех основных подразделений: Rumble Video, Rumble Studio и Rumble Advertising Center (RAC). Rumble Video в первую очередь реализуется через свой флагманский продукт Rumble.com, бесплатную платформу для обмена видео и потокового вещания, на которой пользователи могут смотреть, делиться, ставить лайки, комментировать и загружать видео. Используя Rumble Studio, авторы могут устанавливать различные пользовательские настройки для своей прямой трансляции, настраивать, запускать и контролировать свою прямую трансляцию на нескольких социальных платформах. Рекламный центр Rumble — это собственная рекламная площадка и сеть, предназначенная для облегчения транзакций рекламодателям, желающим получить доступ к трафику Rumble.com и трафику других издателей в сети RAC. Rumble Cloud — это предложение «инфраструктура как услуга» (IaaS), состоящее из портфеля предложений по вычислениям, хранению, безопасности и сетям.",
350,US,JAMF,US47074L1052,JAMF.O,Jamf Holding Corp,1.749695,NSQ,29,Технология,8,Программное обеспечение,0.0,13.05,,0.0,0.0,0.0,13.05,7.08,10.59,16.12,7.08,11.46,16.12,7.08,11.46,16.12,7.08,11.46,16.12,7.08,11.46,16.12,7.08,11.46,,"Jamf Holding Corp. занимается продажей решений «программное обеспечение как услуга» по модели подписки, прямым продажам, через Интернет и косвенно через своих торговых партнеров, включая Apple. Компания предоставляет комплексное решение по управлению и безопасности для среды Apple, предназначенной для обеспечения безопасности предприятия, простоты для потребителя и защиты личной конфиденциальности. Он также предоставляет платформу, которая сочетает в себе управление, идентификацию и безопасность Apple для защиты устройств и конфиденциальных данных компании, одновременно упрощая работу и сохраняя конфиденциальность для конечных пользователей. Его многомерная модель выхода на рынок и предложение, развернутое в облаке, позволяют ему охватить своими программными решениями все организации по всему миру, большие и малые. В число ее решений входят Jamf Pro, Jamf Now, Jamf School, Jamf Connect, Jamf Protect и другие. Jamf Pro предлагает надежное программное решение Apple для управления экосистемой для ИТ-сред, обслуживающее крупные предприятия, образовательные учреждения и целые школьные округа.",
351,US,SHCO,US5860011098,SHCO.K,Soho House & Co Inc,1.758889,NYQ,30,Технология,8,Онлайн-сервисы,0.0,8.99,,0.0,0.0,0.0,8.97,6.12,8.38,8.97,4.77,7.56,8.97,4.77,7.56,8.97,4.77,7.56,8.97,4.77,7.56,8.97,4.77,7.56,,"Soho House & Co Inc. — холдинговая компания. Коммерческая деятельность Компании осуществляется через ее дочернюю компанию Soho House Holdings Limited. Он предоставляет глобальную членскую платформу физического и цифрового пространства, которая объединяет различные группы участников со всего мира. Участники используют платформу для работы, общения, общения и творчества по всему миру. Сегменты компании включают Великобританию, Северную Америку, Европу и остальной мир. Члены компании взаимодействуют с компанией через ее глобальное портфолио, которое включает примерно 45 домов Soho Houses, восемь Soho Works, пляжный клуб Scorpios на Миконосе и Бодруме, Soho Home, розничный бренд интерьеров и образа жизни, а также цифровые каналы. Членство в Soho House дает доступ к сети домов в Северной Америке, Великобритании, Европе и Азии. Отели Ned в Лондоне, Нью-Йорке и Дохе, а также отели The LINE и Saguaro в Северной Америке также являются частью ее портфолио.",
359,US,WSHP,VGG1472N1252,WSHP.O,WeShop Holdings Ltd,0.119563,NAQ,31,Технология,9,Онлайн-сервисы,0.22,5.1,,19.49,5.1,12.76,250.0,20.02,114.62,250.0,20.02,114.62,250.0,20.02,114.62,250.0,20.02,114.62,250.0,20.02,114.62,250.0,20.02,114.62,,"WeShop Holdings Limited — это социальная сеть, позволяющая совершать покупки, предлагающая покупателям программу лояльности, в рамках которой им предоставляется возможность зарабатывать WePoints каждый раз, когда они совершают покупку, или приглашать нового пользователя, который зарабатывает WePoints, которые в конечном итоге конвертируются в обыкновенные акции WeShop. Он установил партнерские отношения с влиятельными лицами, спонсировал организацию Salford City и разработал программу основателей для распространения информации о платформе. Ежедневно он предлагает своему сообществу сотни миллионов товаров от более чем 500 розничных торговцев в Соединенном Королевстве, включая eBay, Expedia, Boots, Selfridges и Marks & Spencer. Он установил партнерские отношения с партнерскими сетями, которые обеспечивают доступ к более чем 500 розничным торговцам в США, включая Walgreens, Sams Club, Bloomingdales, Kitchen Aid, Samsung, StubHub и Best Buy. Его платформа позволяет пользователям рекомендовать любой из сотен миллионов продуктов, доступных своим друзьям и в сети, путем написания обзоров и загрузки собственного контента в формате изображений или видео.",
360,US,LZ,US52466B1035,LZ.O,LegalZoom.com Inc,0.983928,NSQ,32,Технология,10,Онлайн-сервисы,2.96,5.69,,6.95,5.44,6.26,12.4,8.3,9.94,12.4,6.47,9.32,13.74,5.33,9.13,15.68,5.33,9.6,40.94,5.33,12.21,40.94,5.33,12.21,,"LegalZoom.com, Inc. предоставляет онлайн-платформу для юридических услуг, меняющую способы навигации частных лиц и малого бизнеса в правовой системе. Компания предлагает людям инструменты и рекомендации, необходимые для уверенного управления всем: от создания бизнеса и соблюдения требований до планирования наследства и постоянной юридической поддержки. Его платформа включает в себя профессиональную экспертизу и другие продукты, как легальные, так и неюридические, для удовлетворения потребностей малого бизнеса. Его предложения включают постоянное соблюдение требований, бизнес-лицензии, бухгалтерский учет, решения для виртуального почтового ящика и электронной подписи, регистрацию товарных знаков и планы наследования. Его транзакционные продукты для малого бизнеса включают создание бизнеса и интеллектуальную собственность. Ее транзакционные продукты для потребителей включают потребительское планирование, планирование недвижимости и другие. Подписки на соответствие требованиям предоставляют помощь в подаче государственных нормативных документов, таких как корпоративные годовые отчеты. Компания работает в 50 штатах и ​​более чем в 3000 округах США.",
361,US,JMIA,US48138M1053,JMIA.K,Jumia Technologies AG,0.795134,NYQ,33,Технология,11,Онлайн-сервисы,1.19,6.42,,8.14,6.29,7.3,13.55,3.92,9.44,13.55,1.6,6.31,15.04,1.6,5.97,15.04,1.6,5.08,69.89,1.6,10.14,69.89,1.6,10.94,,"Jumia Technologies AG — немецкий поставщик платформ электронной коммерции. Платформа Компании состоит из продавцов с потребителями, ее логистической службы, которая позволяет отгружать и доставлять посылки от продавцов потребителям, и ее платежной службы, которая облегчает транзакции между участниками, активными на платформе Компании. Рынок компании состоит из ряда продавцов, предлагающих товары в широком диапазоне категорий, таких как мода и одежда, смартфоны, товары для дома и быта, потребительские товары, косметика и парфюмерия, а также другая электроника. Компания также предоставляет потребителям доступ к различным услугам, таким как доставка еды из ресторана, бронирование отелей и авиабилетов, тематическая реклама и пополнение эфирного времени.",
362,US,CERT,US15687V1098,CERT.O,Certara Inc,0.903913,NSQ,34,Технология,9,Программное обеспечение,4.91,5.68,,7.35,5.61,6.58,13.88,8.02,10.62,15.69,8.02,11.29,19.87,8.02,12.85,24.96,8.02,14.58,45.48,8.02,18.83,45.48,8.02,19.03,,"Certara, Inc. — поставщик технологий биосимуляции и решений для использования разработки лекарств на основе моделей (MIDD) в мировой биофармацевтической промышленности. Он ускоряет медицину, используя программное обеспечение, технологии и услуги для биосимуляции, чтобы преобразовать открытие и разработку традиционных лекарств. Он поставляет клиентам программные продукты и технологические услуги, позволяющие реализовать все преимущества биосимуляции при разработке лекарств, доклинических и клинических исследованиях, подаче документов в регулирующие органы и доступе к рынку. Его программное обеспечение и услуги в области нормативной науки и доступа к рынку, такие как программное обеспечение для подачи нормативных документов, обработка естественного языка и байесовский анализ. Он предлагает как механистические, так и эмпирические решения биосимуляции, предоставляя клиентам комплексное предложение, основанное на их терапевтических целях, механизме действия и доступных источниках данных. В число его клиентов входят 2400 биофармацевтических компаний, академических учреждений и регулирующих органов в 70 странах.",
363,US,ACVA,US00091G1040,ACVA.K,ACV Auctions Inc,0.736323,NYQ,35,Технология,12,Онлайн-сервисы,2.82,4.23,,5.54,4.07,4.85,16.83,4.95,10.45,22.47,4.95,13.63,23.46,4.95,15.88,23.46,4.95,15.35,37.77,4.95,15.6,37.77,4.95,15.6,,"ACV Auctions Inc. предоставляет торговую площадку для оптовых сделок с транспортными средствами и услуг передачи данных, которые предоставляют информацию о транспортных средствах своим клиентам. Его торговая платформа использует аналитические данные и технологии для поддержки своего цифрового рынка и услуг передачи данных, позволяя дилерам и коммерческим партнерам покупать, продавать и оценивать автомобили. Его торговая платформа включает цифровую торговую площадку, центры ремаркетинга, службы данных, а также данные и технологии. Цифровая торговая площадка объединяет покупателей и продавцов оптовых автомобилей. Центры ремаркетинга предоставляют дополнительный канал предоставления дилерам и коммерческим партнерам аукционных услуг. Data Services предлагает информацию о состоянии и стоимости подержанных автомобилей для транзакций как на своем рынке, так и за его пределами. Данные и технологии помогают в проверке транспортных средств, составлении аналитических отчетов о транспортных средствах, цифровом рынке и автоматизации операций. Его предложения включают ACV Auctions, ACV Transportation, ACV Capital, ACV MAX, True360 и ClearCar.",
365,US,VYX,US62886E1082,VYX.N,NCR Voyix Corp,0.867431,NYS,36,Технология,7,ИТ-услуги и консалтинг,0.97,6.24,,8.2,6.07,6.96,14.67,9.44,12.02,14.67,7.56,11.48,17.39,7.56,12.52,19.01,7.56,13.57,30.67,7.56,17.08,30.67,6.48,17.91,,"NCR Voyix Corporation — глобальный поставщик решений цифровой коммерции для розничной торговли и ресторанного бизнеса. Компания трансформирует розничные магазины и ресторанные системы, используя комплексные платформенные возможности программного обеспечения как услуг (SaaS) и услуг. Компания работает в двух сегментах: розничная торговля и ресторанный бизнес. Сегмент розничной торговли предлагает клиентам в сфере розничной торговли программные решения, в том числе технологии, ориентированные на розничную торговлю, такие как комплексные программные платформы и приложения для розничной торговли с API-интерфейсом, аппаратные терминалы, киоски самообслуживания, включая кассы самообслуживания (SCO), решения для обработки платежей и торгового эквайринга, а также сканеры штрих-кода. Сегмент «Рестораны» предлагает технологические решения клиентам ресторанной индустрии, включая аппаратные и программные решения POS, услуги по обработке платежей и торговому эквайрингу, установку, обслуживание, а также управляемые и профессиональные услуги.",
369,US,RZLV,GB00BQH8G337,RZLV.O,Rezolve AI PLC,0.844034,NMQ,37,Технология,8,ИТ-услуги и консалтинг,21.04,2.52,,2.93,2.27,2.64,8.45,2.19,3.86,8.45,1.07,3.03,14.5,1.07,5.75,14.5,1.07,6.84,14.5,1.07,7.52,14.5,1.07,7.52,,"Rezolve AI PLC — британская компания, которая специализируется на коммерции, основанной на искусственном интеллекте (ИИ), предоставляя ритейлерам и брендам технологии, обеспечивающие поиск, персонализацию, оформление заказов и многоканальное взаимодействие. Продукты компании включают Brain Commerce, Brain Checkout и Brainpowa LLM. Brain Commerce трансформирует цифровой шоппинг с помощью персонализированного взаимодействия на основе искусственного интеллекта, которое привлекает клиентов через множество точек соприкосновения. Он использует диалоговую коммерцию для обеспечения человеческого диалога в режиме реального времени, беспрепятственно помогая клиентам пройти через процесс поиска продукта. Brain Checkout обеспечивает удобство оформления заказа, позволяя осуществлять оформление заказа в один клик, диалоговое управление корзиной и поддержку расширенных вариантов оплаты, включая криптовалюту. Brainpowa LLM разработана специально для удовлетворения различных потребностей розничной торговли и электронной коммерции. Subsquid (SQD) компании — это децентрализованная платформа инфраструктуры данных, лежащая в основе Web3 и искусственного интеллекта.",
373,US,MGIC,IL0010823123,MGIC.O,Magic Software Enterprises Ltd,0.891522,NSQ,38,Технология,10,Программное обеспечение,0.0,17.38,,0.0,0.0,0.0,27.44,18.57,21.67,27.44,11.36,17.89,27.44,9.38,14.49,27.44,8.15,13.86,27.44,8.15,15.46,27.44,5.26,12.14,,"Magic Software Enterprises Ltd. — поставщик разработки приложений, платформ интеграции бизнес-процессов, вертикальных программных решений и сопутствующих профессиональных услуг. Компания является поставщиком аутсорсинговых услуг в области информационных технологий (ИТ). Ее программные технологии используются клиентами для разработки, развертывания и интеграции локального, мобильного и облачного бизнеса. Компания работает в двух сегментах: программные решения и профессиональные ИТ-услуги. Сегмент программных услуг включает программные технологии и дополнительные услуги. Сегмент профессиональных ИТ-услуг предлагает ИТ-услуги в области проектирования и доставки инфраструктуры, разработки приложений, услуг по технологическому планированию и внедрению, а также коммуникационных услуг и решений. В портфель продуктов компании входят платформа приложений Magic xpa, платформа приложений AppBuilder и платформа интеграции Magic xpi. Ее вертикальные пакеты программного обеспечения включают Leap, Hermes Solution, HR Pulse и MBS Solution.",
374,US,AMPL,US03213A1043,AMPL.O,Amplitude Inc,0.909341,NAQ,39,Технология,11,Программное обеспечение,1.77,6.8,,8.05,6.36,7.27,14.49,9.31,11.19,14.88,7.55,11.25,14.88,7.37,10.63,16.95,7.37,10.98,87.98,7.37,16.21,87.98,7.37,16.21,,"Amplitude, Inc. предоставляет платформу цифровой аналитики, которая помогает компаниям раскрыть потенциал своих продуктов. Платформа цифровой аналитики компании помогает компаниям понять, как люди используют их продукты, чтобы они могли создавать цифровой опыт. Его платформа включает в себя несколько основных предложений: Amplitude Analytics, Amplitude Session Replay, Amplitude Feature Experimenting, Amplitude Web Experimenting, Amplitude Activation и Amplitude Guides and Surveys. Amplitude Analytics является краеугольным камнем платформы и предоставляет информацию о поведении пользователей в режиме реального времени. Amplitude Activation объединяет данные из нескольких источников, создавая единый расширенный набор данных, который обеспечивает аналитику и персонализацию. Amplitude Guides and Surveys помогает компаниям внедрять внутрипродуктовые руководства, экскурсии и опросы, используя возможности поведенческой аналитики для достижения отличных результатов. В портфолио компании входит InfiniGrow, платформа маркетинговой аналитики с использованием искусственного интеллекта.",
376,US,AEXAY,US04962A2042,AEXAY.PK,Atos SE,0.763451,PNK,40,Технология,9,ИТ-услуги и консалтинг,0.0,9.08,,9.2,0.0,2.03,16.51,4.35,10.23,90.0,3.41,12.6,14717.0,3.41,1943.14,32397.15,3.41,8994.44,184406.95,3.41,46567.39,242539.54,3.41,116497.35,,"Atos SE — французская компания, предоставляющая цифровую трансформацию и ИТ-услуги. Деятельность компании организована вокруг 3-х полюсов, таких как аутсорсинговые услуги, системная интеграция и консалтинговые услуги и транзакционные услуги. Он предлагает обработку электронных платежных транзакций, удаленное управление платежами, разработку платежных решений и т. д. Он предоставляет безопасные и безуглеродные цифровые технологии. Компания предлагает своим клиентам комплексный подход, предлагая им передовые цифровые решения, консалтинговые услуги, а также решения в области цифровой безопасности и декарбонизации. Он предоставляет облачные и цифровые решения для рабочих мест, а также управляемые услуги безопасности.",
377,US,THQQF,SE0023615885,THQQF.PK,Embracer Group AB,1.095057,PNK,41,Технология,12,Программное обеспечение,0.0,5.1,,5.7,0.0,1.46,12.3,6.59,9.48,13.5,6.59,10.11,13.5,4.7,8.12,16.83,4.7,8.41,57.95,4.7,19.88,57.95,4.7,20.2,,"Embracer Group AB, ранее THQ Nordic AB, — шведская компания, занимающаяся разработкой компьютерных игр. Компания специализируется на приобретении, разработке и издании игр для персональных компьютеров (ПК) и консолей для платформ Xbox и PlayStation. Портфель игр компании состоит из принадлежащих ей франшиз интеллектуальной собственности (ИС) и опубликованных игр, включая Saints Row, Goat Simulator, Dead Island, Darksiders, Metro, MX vs ATV, Kingdoms of Amalur, TimeSplitters, Satisfactory и Wreckfest и другие. Он предлагает игры через различные каналы распространения, включая цифровые платформы, такие как Steam, PlayStation Store и Xbox Live, а также игровые конференции и глобальные розничные сети, такие как Walmart, GameStop и Amazon. Компания имеет около 18 внутренних студий разработки игр и работает более чем в 40 странах.",
379,US,SDGR,US80810D1037,SDGR.O,Schrodinger Inc,0.817244,NSQ,42,Технология,13,Программное обеспечение,1.01,11.07,,13.17,10.94,12.2,23.75,15.99,19.53,28.47,15.99,21.06,36.13,15.99,21.87,59.24,15.99,25.15,117.0,15.85,34.04,117.0,15.85,37.9,,"Schrodinger, Inc. управляет основанной на физике вычислительной платформой, которая позволяет открывать молекулы для разработки лекарств и применения материалов. Программную платформу используют биофармацевтические и промышленные компании, академические учреждения и государственные лаборатории по всему миру. Его сегменты включают программное обеспечение и открытие лекарств. Сегмент программного обеспечения ориентирован на продажу своего программного обеспечения для преобразования процесса открытия лекарств в отрасли медико-биологических наук, а также клиентам в области материаловедения. Сегмент «Открытие лекарств» ориентирован на создание разнообразного портфеля доклинических и клинических программ, как внутри компании, так и посредством сотрудничества, которые достигли различных стадий открытия и разработки. В портфель программ компании по разработке лекарств входят SGR-1505 (ингибитор MALT1), SGR-2921 (ингибитор CDC7), SGR-3515 (ингибитор WEE1) и другие. Его программное обеспечение используется исследователями по всему миру в более чем 1818 академических учреждениях.",
381,US,NABL,US62878D1000,NABL.K,N-Able Inc,0.881601,NYQ,43,Технология,14,Программное обеспечение,1.52,4.68,,5.19,4.44,4.83,9.04,6.98,7.82,10.41,6.07,7.99,15.48,6.07,10.37,15.48,6.07,11.18,16.0,6.07,11.15,16.0,6.07,11.15,,"N-able, Inc. — глобальная компания-разработчик программного обеспечения, помогающая поставщикам услуг информационных технологий (ИТ) обеспечивать безопасность, защиту данных как услугу и унифицированное управление конечными точками (UEM). Построенный на масштабируемой платформе, он предлагает безопасную инфраструктуру и инструменты для упрощения сложных экосистем, а также ресурсы для удовлетворения растущих потребностей ИТ. Компания предоставляет платформу интегрированных решений, которая позволяет ее клиентам-поставщикам ИТ-услуг, включая поставщиков управляемых услуг (MSP), управлять и защищать ИТ-среды и активы для своего среднего бизнеса (SMB) и конечных клиентов среднего бизнеса. Ее платформа состоит из трех основных категорий решений: UEM, решения по безопасности и защита данных как услуга. Ее решения UEM предоставляют клиентам возможность наглядного представления и понимания доступности и производительности сетей, инфраструктуры, устройств и приложений своих клиентов с помощью централизованной информационной панели. Ее решения по обеспечению безопасности защищают ИТ-среду и данные.",
382,US,TBLA,IL0011754137,TBLA.O,Taboola.com Ltd,0.835571,NSQ,44,Технология,15,Программное обеспечение,1.56,3.01,,3.43,2.96,3.15,4.65,3.02,3.59,4.65,2.5,3.47,5.0,2.5,3.65,5.0,2.16,3.55,17.2,1.52,4.84,17.2,1.52,5.04,,"Taboola.com Ltd. — технологическая компания, которая предоставляет рекомендации в открытой сети с помощью алгоритмического механизма на основе искусственного интеллекта (ИИ). Он сотрудничает с веб-сайтами, устройствами и мобильными приложениями (совместно называемыми цифровыми ресурсами), чтобы рекомендовать редакционный контент и рекламу в открытой сети. Цифровые объекты используют технологические платформы Компании для достижения своих бизнес-целей, таких как привлечение новой аудитории на свои сайты и приложения или расширение взаимодействия с существующей аудиторией. Он дает рекламодателям возможность использовать свою собственную платформу рекомендаций на базе искусственного интеллекта для охвата целевой аудитории, используя эффективные, нативные форматы рекламы на цифровых объектах. В рамках предложений компании в области электронной коммерции она также объединяет монетизированные списки продуктов и ссылки (кликабельные рекламные объявления) своих розничных рекламодателей на коммерческий контент-ориентированный потребительский опыт как в открытой сети, так и на доминирующих традиционных рекламных платформах.",
383,US,NEGG,VGG6483G2099,NEGG.O,Newegg Commerce Inc,0.791694,NAQ,45,Технология,13,Онлайн-сервисы,0.07,37.76,,48.3,31.29,41.06,137.84,15.0,57.17,137.84,3.32,32.86,137.84,3.32,24.62,137.84,3.32,24.33,1581.4,3.32,85.37,1581.4,3.32,147.31,,"Newegg Commerce, Inc. — глобальный интернет-магазин компьютерного оборудования, бытовой электроники, игровой периферии, бытовой техники, автомобильных технологий и технологий для образа жизни. Компания также обслуживает потребности предприятий в электронной коммерции, предлагая маркетинговые, цепочки поставок и технические решения на единой платформе. Компания разработала онлайн-рынок, который приносит пользу потребителям, брендам и продавцам в секторе технологических продуктов. Кроме того, платформы компании предлагают комплексный набор решений для электронной коммерции, включая листинг продуктов, выполнение, маркетинг, обслуживание клиентов и другие инструменты и услуги с добавленной стоимостью. В число его основных клиентов входят как клиенты в сегменте «бизнес для потребителя» (B2C), так и клиенты в сегменте «бизнес для бизнеса» (B2B). Платформы B2C компании включают Newegg.com, Newegg.ca, Newegg Global и мобильные приложения. NeweggBusiness.com, платформа электронной коммерции B2B, предлагает полный спектр информационных технологий, офисных и промышленных продуктов и решений для различных клиентов.",
385,US,SERV,US81758H1068,SERV.O,Serve Robotics Inc,0.585085,NAQ,46,Технология,10,ИТ-услуги и консалтинг,3.44,7.73,,10.65,7.66,9.39,18.64,8.02,11.49,24.35,4.66,11.21,37.0,1.77,9.51,37.0,1.77,9.51,37.0,1.77,9.51,37.0,1.77,9.51,,"Компания Serve Robotics, Inc. занимается разработкой роботов нового поколения для служб доставки последней мили. Компания проектирует, разрабатывает и эксплуатирует роботов с низким уровнем выбросов на своей мобильной робототехнической платформе с искусственным интеллектом (ИИ), которая обслуживает людей в общественных местах, начиная с доставки еды. Парк компании насчитывает более 100 роботов. Он имеет интеграцию на уровне платформы с Uber Eats, что позволяет обслуживающим роботам предоставлять обновления присутствия и статуса на этих платформах в режиме реального времени, а также получать запросы на выполнение доставок в отношении заказов клиентов, размещенных на этих платформах, по мере необходимости. Его возможности включают автоматическое экстренное торможение, предотвращение столкновений транспортных средств и отказоустойчивое механическое торможение. Он использует методологии искусственного интеллекта для проектирования, обучения и развертывания множества моделей на обслуживающих роботах, и эти модели используются для выполнения множества задач, включая идентификацию тротуарных поверхностей, перекрестков, светофоров, препятствий, пешеходов и транспортных средств и других.",
386,US,MOMO,US4234031049,MOMO.O,Hello Group Inc,0.865166,NSQ,47,Технология,16,Программное обеспечение,0.88,5.7,,6.55,5.69,6.06,9.22,6.42,7.53,9.22,5.05,7.11,9.22,4.53,6.54,9.58,4.53,6.76,14.03,3.11,6.87,34.44,3.11,12.5,,"Hello Group Inc — компания, которая в основном занимается предоставлением онлайн-социальных услуг и развлечений. Компания работает в трех сегментах. Сегмент Momo в основном включает в себя услуги прямого видео, дополнительные услуги, услуги мобильного маркетинга и мобильные игры, созданные на платформе Momo и других приложениях. Сегмент Tantan в основном включает в себя дополнительные услуги и услуги видеотрансляции в реальном времени, предоставляемые на платформе Tantan. Сегмент QOOL в основном включает рекламные услуги, генерируемые Группой в результате трансляции телевизионного контента. Компания также использует другие приложения для удовлетворения различных социальных и развлекательных потребностей своих пользователей.",
387,US,UBSFF,FR0000054470,UBSFF.PK,Ubisoft Entertainment SA,0.616336,PNK,48,Технология,17,Программное обеспечение,0.0,4.5,,5.8,0.0,4.1,11.73,6.5,9.4,16.06,6.5,10.81,26.45,6.5,14.1,33.14,6.5,17.32,103.0,6.5,31.18,121.2,6.5,44.29,,"Ubisoft Entertainment SA — французская компания, работающая в индустрии видеоигр и занимающаяся разработкой, публикацией и распространением видеоигр для консолей, ПК (персональных компьютеров), смартфонов и планшетов как в физическом, так и в цифровом формате. Ему принадлежат несколько брендов и диверсифицированное портфолио франшиз, включая Assassin’s Creed, The Crew, Far Cry, For Honor, Tom Clancy’s Ghost Recon, Tom Clancy’s Rainbow Six Siege, Tom Clancy’s The Division и Watch Dogs. Компания через свои дочерние компании ведет активную деятельность по всему миру.",
388,US,UBSFY,US90348R1023,UBSFY.PK,Ubisoft Entertainment SA,0.616336,PNK,49,Технология,18,Программное обеспечение,0.11,0.85,,0.94,0.8,0.88,2.4,1.27,1.89,3.35,1.27,2.12,5.25,1.27,3.0,6.73,1.27,3.82,21.34,1.27,6.72,24.55,1.27,10.32,,"Ubisoft Entertainment SA — французская компания, работающая в индустрии видеоигр и занимающаяся разработкой, публикацией и распространением видеоигр для консолей, ПК (персональных компьютеров), смартфонов и планшетов как в физическом, так и в цифровом формате. Ему принадлежат несколько брендов и диверсифицированное портфолио франшиз, включая Assassin’s Creed, The Crew, Far Cry, For Honor, Tom Clancy’s Ghost Recon, Tom Clancy’s Rainbow Six Siege, Tom Clancy’s The Division и Watch Dogs. Компания через свои дочерние компании ведет активную деятельность по всему миру.",
389,US,COUR,US22266M1045,COUR.K,Coursera Inc,0.970167,NYQ,50,Технология,14,Онлайн-сервисы,3.77,5.73,,6.53,5.5,6.01,13.56,7.3,9.79,13.56,5.76,8.95,20.73,5.76,9.7,21.26,5.76,11.47,62.53,5.76,16.53,62.53,5.76,16.53,,"Coursera, Inc. предоставляет платформу онлайн-обучения, которая объединяет учащихся, преподавателей и учебные заведения, предоставляя доступный и актуальный образовательный контент. Он предлагает ряд платных предложений, включая отдельные курсы, специализации из нескольких курсов, программы отраслевых сертификатов и университетские степени. Его сегменты включают Consumer, Enterprise и Degrees. Потребительский сегмент ориентирован на отдельных учащихся, стремящихся получить практическое обучение, приобрести ценные профессиональные навыки, получить сертификаты профессионального уровня и иным образом расширить свои знания, чтобы начать или продвинуться по карьерной лестнице. Сегмент Enterprise ориентирован на обслуживание предприятий, государственных организаций и академических учреждений путем предоставления онлайн-платформы с доступом к соответствующему образовательному контенту, позволяющему им обучать, повышать квалификацию и переквалифицировать своих сотрудников, граждан и студентов. Сегмент Degrees участвует в партнерстве с университетами для предоставления полностью онлайн-диплом бакалавра и магистра.",
390,US,YALA,US98459U1034,YALA.K,Yalla Group Ltd,0.953165,NYQ,51,Технология,15,Онлайн-сервисы,0.29,6.03,,7.11,5.96,6.52,9.29,6.6,7.43,9.29,3.82,6.52,9.29,3.71,5.55,9.29,3.41,5.29,41.35,3.0,7.18,41.35,3.0,7.4,,"Yalla Group Ltd — это компания со штаб-квартирой в Объединенных Арабских Эмиратах, действующая как холдинговая компания. Компания через свои дочерние компании работает в одном сегменте — социальных сетях и развлекательных платформах. Компания управляет голосовой социальной сетью и развлекательной платформой в регионе Ближнего Востока и Северной Африки. Мобильное приложение компании Yalla обеспечивает голосовой онлайн-чат между пользователями или прямую голосовую трансляцию, а Yalla Ludo предоставляет платформу для настольных игр, таких как Ludo и Domino. Платформа предоставляет отдельным пользователям бесплатный доступ к основным функциям платформы. Компания осуществляет свою деятельность через Яллу, Объединенные Арабские Эмираты (ОАЭ), Ханчжоу Йель и Шэньчжэнь Моов. Ялла ОАЭ функционирует как основной центр бизнес-операций и занимается продажами, маркетингом, обслуживанием клиентов и другими бизнес-операциями. Ханчжоу Йельский университет выполняет функции по разработке технологий и продукции.",
392,US,PD,US69553P1003,PD.N,PagerDuty Inc,0.522624,NYS,52,Технология,19,Программное обеспечение,0.92,6.15,,8.05,5.92,7.05,18.0,11.12,15.24,20.0,11.12,16.06,26.69,11.12,18.43,35.33,11.12,20.83,58.09,11.12,26.31,59.6,11.12,27.52,,"PagerDuty, Inc. занимается платформой управления цифровыми операциями, которая управляет срочной и критически важной работой для цифрового бизнеса. Компания собирает данные и цифровые сигналы практически из любой программной системы или устройства и использует возможности машинного обучения для корреляции, обработки и прогнозирования возможностей и проблем. Компания использует реагирование на инциденты, управление событиями и автоматизацию. Компания объединяет нужных людей с нужной информацией, чтобы они могли решать проблемы и использовать возможности за считанные минуты или секунды, где бы они ни находились. Облако операций PagerDuty состоит из управления инцидентами PagerDuty, AIOps, автоматизации процессов и операций обслуживания клиентов. PagerDuty Incident Management обеспечивает просмотр состояния цифровой услуги в режиме реального времени, а также включает интеллектуальное шумоподавление для устранения ложных срабатываний. PagerDuty Process Automation обеспечивает централизованную среду разработки и выполнения для организации автоматизированных рабочих процессов.",
414,US,NINOY,US6541112024,NINOY.PK,Nikon Corp,3.95367,PNK,53,Технология,1,Бытовая электроника,0.0,11.73,,12.87,11.45,12.26,12.91,9.09,11.05,12.91,8.5,10.63,13.06,8.5,10.61,13.65,8.5,10.56,13.65,5.99,10.44,21.04,5.82,12.35,,"Nikon Corp — японская компания, которая в основном занимается производством изображений, видео, точного оборудования, здравоохранения, комплектующих и цифрового производства. Компания работает в шести бизнес-сегментах. Бизнес-сегмент обработки изображений предоставляет такие продукты и услуги, как цифровые камеры со сменными объективами, цифровые камеры со встроенным объективом и сменные объективы. Бизнес-сегмент «Прецизионное оборудование» предоставляет продукты и услуги для литографического оборудования с плоскими дисплеями (FPD) и полупроводникового литографического оборудования. Сегмент «Здравоохранение» предоставляет продукцию и услуги в виде биологических микроскопов и сверхширокоугольных сканирующих лазерных офтальмоскопов. Бизнес-сегмент «Компоненты» предоставляет такие продукты и услуги, как оптические компоненты, оптические детали, энкодеры и обработка материалов. Бизнес-сегмент цифрового производства предоставляет продукцию и услуги промышленных микроскопов и измерительных приборов. Сегмент «Другие» занимается другими видами деятельности.",
415,US,PLBL,KYG716041051,PLBL.O,Polibeli Group Ltd,3.273614,NMQ,54,Технология,2,Бытовая электроника,0.0,8.7,,9.5,0.0,7.19,14.31,5.6,9.51,14.31,5.6,9.68,14.31,5.6,9.77,14.31,5.6,9.77,14.31,5.6,9.77,14.31,5.6,9.77,,"Polibeli Group Ltd — поставщик услуг цифровой цепочки поставок и продаж, ведущий бизнес в различных странах, включая Японию, Индонезию, Сингапур, Корею, США, Францию ​​и Италию. Он предлагает комплексные решения, включая закупку продукции, дистрибуцию по каналам, логистические услуги, операции с брендами и услуги цифрового маркетинга как для вышестоящих, так и для нижестоящих деловых партнеров. Работая в сфере услуг цифровых цепочек поставок, компания имеет интегрированную платформу, предлагающую такие продукты, как аксессуары для бытовой электроники, бытовую технику, средства по уходу за кожей, средства по уходу за полостью рта, косметические товары, игрушки и игровые товары, а также товары для здоровья. Для ритейлеров компания предоставляет передовые инструменты цифровизации, в том числе приложение Polibeli, предлагающее универсальное решение для закупок различных продуктов, а также складские и логистические решения. Поставщикам это предоставляет рыночные возможности, каналы сбыта и понимание рынка.",
417,US,GNNDY,US3621ME1050,GNNDY.PK,GN Store Nord A/S,2.260866,PNK,55,Технология,3,Бытовая электроника,0.0,44.82,,50.28,39.78,43.66,57.22,42.07,50.43,64.32,36.83,50.06,98.18,36.83,60.46,98.18,36.83,63.36,286.11,36.83,112.21,286.11,36.83,114.54,,"GN Store Nord A/S — датская компания, предлагающая аудиорешения. Компания специализируется на слуховой системе человека, звуке и речи, беспроводных технологиях и разработке программного обеспечения, объединяя знания и знания как из индустрии слуховых аппаратов, так и из индустрии гарнитур. Сегменты компании включают GN Hearing, GN Audio и Other GN. Сегмент GN Audio занимается продажей коммуникационных решений громкой связи в виде гарнитур для мобильных телефонов и традиционных телефонов. Сегмент GN Hearing работает в индустрии слуховых аппаратов, в основном производя и продавая слуховые аппараты и сопутствующие товары. GN Hearing — оптовый производитель. Он предлагает портфель медицинских, профессиональных и потребительских аудиорешений, а также бренды в области медицинских технологий, наушников и аудио. Ее аудиорешения продаются под брендами ReSound и Jabra. Он предоставляет продукты и решения пользователям в более чем 90 странах мира.",
418,US,FXCNY,US30255D2099,FXCNY.PK,FIH Mobile Ltd,1.991725,PNK,56,Технология,1,Телефоны и портативные устройства,0.0,27.7,,27.7,0.0,3.46,26.0,13.0,18.88,26.0,2.5,14.12,26.0,2.5,11.78,26.0,2.5,11.1,26.0,2.5,12.67,43.25,2.5,15.12,,"FIH Mobile Ltd — компания, которая в основном занимается предоставлением вертикально интегрированных производственных услуг для индустрии мобильных телефонов по всему миру. Компания предоставляет комплексные элементы мобильных телефонов, а также производственные и инжиниринговые услуги, включая разработку и проектирование продукции, обязательные компоненты, компоненты, сборку печатных плат (PCBA) и сборку всей системы, а также предоставляет услуги по цепочке поставок, решения, ремонт и другие послепродажные услуги, доступные в регионах, соседних с клиентами. Компания также производит другие устройства беспроводной связи, электронные потребительские товары и аксессуары, а также устройства для чтения электронных книг, планшеты и голосовые интерактивные продукты. Компания работает в стратегических оперативных базах и центрах Китая, Индии, Вьетнама, Тайваня, Мексики и Америки.",
420,US,CSIOY,US1476182019,CSIOY.PK,Casio Computer Co Ltd,2.132385,PNK,57,Технология,4,Бытовая электроника,0.0,89.73,,96.6,0.0,84.98,89.2,72.17,81.21,89.2,68.08,80.15,92.02,67.46,80.01,106.03,67.46,83.32,202.58,67.46,102.24,228.49,67.46,126.06,,"Casio Computer Co Ltd — японская компания, занимающаяся в основном разработкой и производством потребительских и системных продуктов, а также продажей и обслуживанием. Компания осуществляет свою деятельность в четырех бизнес-сегментах. Сегмент «Часы и часы» занимается поставкой часов. Потребительский сегмент занимается предоставлением электронных словарей, калькуляторов, электронных канцелярских товаров, электронных музыкальных инструментов. Сегмент «Системы» занимается поставкой портативных терминалов, электронных кассовых аппаратов, систем поддержки управления. Сегмент «Прочие» занимается поставкой формованных деталей и пресс-форм.",
430,US,ZTCOF,CNE1000004Y2,ZTCOF.PK,ZTE Corp,21.116512,PNK,58,Технология,1,Коммуникации и сети,0.0,2.93,,3.45,0.0,1.01,5.45,2.68,3.95,5.45,2.23,3.54,5.45,1.74,2.9,5.45,1.74,2.88,5.45,1.7,2.73,5.45,1.18,2.65,,,
443,US,VTKLY,US9289292073,VTKLY.PK,Vtech Holdings Ltd,1.910509,PNK,59,Технология,2,Коммуникации и сети,0.0,7.6,,8.44,0.0,7.2,9.0,6.87,7.8,9.0,5.55,7.31,9.0,5.34,6.93,9.0,5.34,6.63,10.94,5.26,7.14,16.62,5.26,8.98,,"VTech Holdings Limited — это инвестиционная холдинговая компания со штаб-квартирой в Гонконге, которая в основном занимается бизнесом, связанным с электронной продукцией. Ее основной бизнес включает разработку, производство и распространение потребительской электронной продукции, такой как электронные обучающие игрушки и телефоны, среди прочего. Компания работает в четырех географических сегментах, включая Северную Америку, Европу, Азиатско-Тихоокеанский регион и другие.",
447,US,AEVA,US00835Q2021,AEVA.O,Aeva Technologies Inc,0.731452,NSQ,60,Технология,3,Коммуникации и сети,1.46,11.62,,16.71,11.46,14.79,36.25,8.83,16.6,38.8,2.52,13.26,38.8,2.2,8.5,38.8,2.2,7.51,109.17,2.2,18.61,109.17,2.2,22.54,,"Aeva Technologies, Inc. занимается разработкой, производством и продажей сенсорных систем LiDAR и связанных с ними программных решений, обеспечивающих восприятие и автономность, обслуживающих клиентов на автомобильном, промышленном и других рынках. Компания, используя свою технологию измерения непрерывных волн с частотной модуляцией (FMCW), позволяет использовать LiDAR в широком спектре приложений. Его технология восприятия и восприятия объединяет все ключевые компоненты LiDAR на кремниевом фотонике в компактном модуле. Ее продукты включают в себя Aeries II, решение 4D LiDAR, состоящее из сенсорной системы 4D LiDAR со встроенным программным обеспечением, предназначенным для производства легковых автомобилей, грузовых автомобилей и мобильных приложений; Atlas — это FMCW 4D LiDAR с одновременным определением скорости и дальности, предназначенный для автомобильного рынка, а Atlas Ultra — это 4D LiDAR-датчик, созданный для удовлетворения требований к производительности автоматизированных систем вождения SAE уровней 3 и 4 в пассажирских и коммерческих автомобилях.",
448,US,HLIT,US4131601027,HLIT.O,Harmonic Inc,0.975645,NSQ,61,Технология,4,Коммуникации и сети,1.32,8.85,,10.94,8.46,9.53,11.49,7.8,9.75,13.68,7.8,9.9,15.46,7.8,11.26,18.43,7.8,11.87,18.43,6.69,11.04,18.43,2.51,8.06,,"Harmonic Inc. — поставщик виртуализированных широкополосных решений и решений для доставки видео, позволяющий медиакомпаниям и поставщикам услуг доставлять услуги потокового видео и вещания потребителям по всему миру. Он предоставляет услуги вещания и потокового видео для потребительских устройств, включая телевизоры, персональные компьютеры, ноутбуки, планшеты и смартфоны. Компания работает в двух сегментах: видео и широкополосный доступ. Сегмент широкополосной связи предоставляет решения широкополосного доступа и сопутствующие услуги, включая решение широкополосного доступа на базе программного обеспечения COS, операторам широкополосного доступа по всему миру. Сегмент «Видео» предоставляет решения и услуги по обработке, производству и воспроизведению видео по всему миру операторам широкополосного доступа, а также поставщикам услуг спутникового и телекоммуникационного платного телевидения, а также вещательным и медиа-компаниям, включая компании потокового мультимедиа. Ее инфраструктурные решения для видеобизнеса поставляются либо путем поставки продуктов, лицензий на программное обеспечение, либо в виде подписки на программное обеспечение как услугу.",
453,US,DTEGF,DE0005557508,DTEGF.PK,Deutsche Telekom AG,182.104396,PNK,62,Технология,1,Интегрированные телекоммуникационные услуги,0.0,36.8,,40.6,36.11,37.88,37.64,30.0,34.18,39.7,29.26,34.86,39.7,22.22,30.91,39.7,19.92,28.08,39.7,16.31,24.54,39.7,10.99,21.34,,"Deutsche Telekom AG — немецкая компания, предоставляющая информационные технологии (ИТ) и телекоммуникационные услуги. Операционные сегменты компании включают Германию, состоящую из деятельности в сфере фиксированной и мобильной связи в Германии; Соединенные Штаты, включающие мобильную деятельность на рынке США; Европа, состоящая из операторов фиксированной и мобильной связи национальных компаний в различных европейских странах, таких как Греция, Румыния, Венгрия, Польша, Чехия, Хорватия, Словакия, Австрия, Албания, Македония и Черногория; Systems Solutions, которая управляет системами информационных и коммуникационных технологий (ИКТ) для транснациональных корпораций и учреждений государственного сектора; Group Development, в которую входят предприятия T-Mobile Нидерланды и Deutsche Funkturm (DFMG), а также ее инвестиции в акционерный капитал Stroeer SE & Co. KGaA, а также Group Headquarters & Group Services, которая включает в себя операции штаб-квартиры сервисного обслуживания и различных других дочерних компаний Компании.",
460,US,KDDIF,JP3496400007,KDDIF.PK,KDDI Corp,70.768379,PNK,63,Технология,1,Услуги беспроводной связи,0.0,17.06,,17.06,0.0,3.54,18.0,14.18,16.44,19.79,13.45,16.44,19.79,12.46,15.76,19.79,12.46,15.6,19.79,11.89,15.73,19.79,10.7,15.1,,"KDDI Corp — японская телекоммуникационная компания. Компания работает в двух сегментах. Персональный сегмент обслуживает индивидуальных клиентов. В Японии этот сегмент в основном предоставляет услуги связи 5G под мультибрендами au, UQ mobile и povo. За рубежом этот сегмент предоставляет телекоммуникационные услуги, финансовые услуги и развлекательные услуги, такие как видео, для индивидуальных клиентов в Мьянме и Монголии. Бизнес-сегмент предоставляет разнообразные решения для корпоративных клиентов в Японии и за рубежом, включая смартфоны и другие устройства, сети и облачные вычисления, а также услуги центров обработки данных под брендом Telehouse. Компания также предоставляет такие услуги, как строительство и обслуживание объектов связи, а также исследования и разработки информационных и коммуникационных технологий.",
470,US,AVIFY,US00753G1031,AVIFY.PK,Advanced Info Service PCL,33.673733,PNK,64,Технология,2,Услуги беспроводной связи,0.0,10.39,,12.08,0.0,10.47,10.88,7.81,9.48,10.88,7.17,9.12,10.88,5.1,8.05,10.88,5.1,7.63,10.88,4.73,6.68,10.88,3.57,5.97,,"Advanced Info Service Public Company Limited — таиландская компания, которая занимается предоставлением консалтинговых и управленческих услуг своим дочерним компаниям. Компания работает в трех сегментах: услуги мобильной связи, продажа мобильных телефонов и оборудования, а также услуги передачи данных и широкополосного доступа. Дочерние компании Компании включают Advanced Contact Center Company Limited; Цифровая телефонная компания с ограниченной ответственностью; Компания Advanced Magic Card Company Limited; AIN GlobalComm Company Limited; Компания Advanced Wireless Network Company Limited; Super Broadband Network Company Limited и другие. Advanced Wireless Network Company Limited — поставщик услуг сотовых телефонных сетей, дистрибьютор мобильных телефонов и услуг международной телефонной связи, сетевой оператор, оператор телекоммуникационных услуг и Интернета. Super Broadband Network Company Limited — сетевой оператор и оператор телекоммуникационных услуг, в том числе в качестве поставщика услуг сети вещания и услуг телевещания нескольких каналов.",
471,US,VODPF,GB00BH4HKS39,VODPF.PK,Vodafone Group PLC,34.285995,PNK,65,Технология,3,Услуги беспроводной связи,0.0,1.48,,1.51,0.0,0.82,1.45,1.01,1.16,1.45,0.78,1.04,1.45,0.78,0.97,1.45,0.78,0.99,2.03,0.78,1.28,3.43,0.78,1.83,,"Vodafone Group Plc — телекоммуникационная компания. Компания предоставляет услуги мобильной и фиксированной связи более чем 355 миллионам клиентов в 15 странах, сотрудничает с мобильными сетями еще в более чем 40 странах и имеет платформы IoT. В Африке ее подразделения финансовых технологий обслуживают почти 92 миллиона клиентов в семи странах. Ее продукты включают унифицированные коммуникации, мобильное подключение, фиксированное подключение, цифровые приложения, подключение IoT, Cloud & Edge, решения E2E и безопасность. Ее решения для унифицированных коммуникаций включают Microsoft Teams Voice, голосовые службы и службы записи. Его цифровые приложения включают Gemini для Google Workspace, Google Workspace, Microsoft 365 Business и Copilot для Microsoft 365. Его услуги Cloud & Edge включают облачные сервисы, мобильные частные сети и периферийные вычисления с множественным доступом (MEC). Он предоставляет решения для крупного и многонационального бизнеса, малого и среднего бизнеса, международного государственного сектора, а также операторов связи и поставщиков цифровых услуг.",
480,US,TELNF,NO0010063308,TELNF.PK,Telenor ASA,23.661894,PNK,66,Технология,4,Услуги беспроводной связи,0.0,17.21,,18.18,0.0,10.6,17.46,11.73,15.71,17.46,11.24,14.98,17.46,10.75,13.74,17.46,10.0,12.9,18.45,8.45,13.74,24.35,8.45,16.57,,"Telenor ASA — норвежский международный поставщик услуг телесвязи, передачи данных и медиакоммуникаций. Компания имеет мобильные представительства в странах Северной Европы, включая Норвегию, Швецию, Данию, Финляндию, а также в Азии, включая Пакистан, Бангладеш, Таиланд, Малайзию, Мьянму. Основными продуктами и услугами компании являются мобильная связь, фиксированная связь и радиовещание. Бизнес мобильной связи Компании в основном включает в себя передачу голоса, данных, Интернет, контент-услуги, клиентское оборудование и обмен сообщениями. Его фиксированные услуги включают телефонию, Интернет и телевидение, выделенные линии, а также услуги передачи данных и управляемые услуги. Ее вещательная деятельность включает услуги передачи данных через спутник.",
487,US,HKTTY,US4041991013,HKTTY.PK,HKT Trust and HKT Ltd,11.713183,PNK,67,Технология,2,Интегрированные телекоммуникационные услуги,0.0,14.29,,15.9,0.0,10.27,18.06,12.61,14.72,18.06,11.0,14.2,18.06,10.73,13.07,18.06,10.01,12.66,18.06,10.01,12.7,18.06,10.01,13.12,,"HKT Trust и HKT Ltd — инвестиционная холдинговая компания, занимающаяся преимущественно телекоммуникационным бизнесом и сопутствующими услугами. Компания осуществляет свою деятельность через три сегмента. Сегмент телекоммуникационных услуг занимается предоставлением телекоммуникационных и сопутствующих услуг, включая корпоративные решения, интегрированные домашние решения и медиа-развлечения. Мобильный сегмент занимается бизнесом мобильной связи. Сегмент «Другой бизнес» занимается другими новыми направлениями бизнеса, включая платформу членства в Клубе, финансовые услуги HKT и услуги в области медицинских технологий, а также услуги поддержки предприятий.",
490,US,FYBR,US35909D1090,FYBR.O,Frontier Communications Parent Inc,9.63551,NSQ,68,Технология,3,Интегрированные телекоммуникационные услуги,0.0,38.49,,0.0,0.0,0.0,38.31,36.39,37.38,38.31,34.71,36.71,39.21,20.51,32.58,39.21,11.65,28.56,39.21,11.65,28.02,39.21,11.65,28.02,,"Frontier Communications Parent, Inc. — поставщик оптоволоконной связи в США. Компания предлагает портфель коммуникационных и технологических услуг для частных и корпоративных клиентов. Эти услуги предлагаются либо отдельно, либо в комплексном пакете в зависимости от индивидуальных потребностей клиента. Его услуги включают услуги передачи данных и Интернета, голосовые услуги, видеоуслуги, услуги доступа, современное оборудование и сетевые решения, а также пакеты услуг. Он предлагает голосовые услуги, включая передачу голоса по интернет-протоколу (VoIP) на основе данных и унифицированные коммуникации как услугу (UCaaS), услуги междугородной связи и обмена голосовыми сообщениями, для потребителей и бизнес-клиентов на всех своих рынках. Она предоставляет видеоуслуги под брендом Frontier TV на некоторых своих рынках, включая части Калифорнии, Индианы, Техаса, Флориды и Коннектикута. Его услуги коммутируемого доступа позволяют другим операторам связи использовать его возможности для создания и завершения местного и междугороднего голосового трафика.",
496,US,BZQIY,US08861Q1031,BZQIY.PK,Bezeq Israeli Telecommunication Corp Ltd,6.556607,PNK,69,Технология,4,Интегрированные телекоммуникационные услуги,0.0,13.85,,13.85,0.0,1.54,10.99,8.4,9.61,10.99,6.13,8.72,10.99,4.93,7.8,10.99,4.93,7.18,10.99,4.59,7.21,11.9,2.33,6.97,,"Bezeq Israel Telecommunication Corp Ltd — израильский телекоммуникационный провайдер. Компания осуществляет телекоммуникационные операции и услуги, включая услуги внутренней фиксированной, сотовой и международной связи, многоканальное спутниковое телевизионное вещание, инфраструктуру Интернета и услуги доступа, центры обработки вызовов клиентов, обслуживание и развитие инфраструктур связи, услуги связи другим поставщикам услуг связи, теле- и радиовещание, а также поставку и обслуживание оборудования на территории клиентов. Bezeq Israel Telecommunication Corp Ltd управляет тремя дочерними компаниями: Pelephone Communications Ltd, Bezeq International Ltd и Walla! Communications Ltd, а также одну дочернюю компанию, а именно DBS Satellite Services.",
497,US,PCWLF,HK0008011667,PCWLF.PK,PCCW Ltd,5.687575,PNK,70,Технология,5,Интегрированные телекоммуникационные услуги,0.0,0.74,,0.76,0.0,0.66,0.78,0.63,0.71,0.78,0.54,0.66,0.78,0.45,0.59,0.78,0.42,0.56,0.78,0.35,0.54,0.78,0.35,0.55,,"PCCW Ltd — инвестиционная холдинговая компания, занимающаяся преимущественно предоставлением технологических и телекоммуникационных услуг. Компания осуществляет свою деятельность через три сегмента. Сегмент HKT компании в основном занимается корпоративными решениями, мобильными услугами, комплексными решениями для дома и бизнесом медиа-развлечений. Кроме того, сегмент занимается предоставлением платформы лояльности, финансовых услуг и услуг в сфере здравоохранения. Сегмент медиа-бизнеса в основном занимается предоставлением телевизионных услуг и цифровых медиа-развлекательных услуг Over-The-Top (OTT). Сегмент также занимается производством контента, а также артистической деятельностью и организацией мероприятий. Сегмент «Другой бизнес» в основном занимается предоставлением функций корпоративной поддержки и другими ИТ-решениями.",
498,US,PCCWY,US70454G2075,PCCWY.PK,PCCW Ltd,5.687575,PNK,71,Технология,6,Интегрированные телекоммуникационные услуги,0.0,7.56,,7.8,0.0,5.42,8.31,6.41,7.08,8.31,5.07,6.63,8.31,4.67,5.96,8.31,4.3,5.65,8.31,3.8,5.48,8.31,3.8,5.59,,"PCCW Ltd — инвестиционная холдинговая компания, занимающаяся преимущественно предоставлением технологических и телекоммуникационных услуг. Компания осуществляет свою деятельность через три сегмента. Сегмент HKT компании в основном занимается корпоративными решениями, мобильными услугами, комплексными решениями для дома и бизнесом медиа-развлечений. Кроме того, сегмент занимается предоставлением платформы лояльности, финансовых услуг и услуг в сфере здравоохранения. Сегмент медиа-бизнеса в основном занимается предоставлением телевизионных услуг и цифровых медиа-развлекательных услуг Over-The-Top (OTT). Сегмент также занимается производством контента, а также артистической деятельностью и организацией мероприятий. Сегмент «Другой бизнес» в основном занимается предоставлением функций корпоративной поддержки и другими ИТ-решениями.",
502,US,TRKNY,US90011Q1004,TRKNY.PK,Turk Telekomunikasyon AS,4.608622,PNK,72,Технология,7,Интегрированные телекоммуникационные услуги,0.0,2.9,,4.13,0.0,1.9,3.25,2.29,2.65,3.25,2.29,2.74,3.25,1.55,2.61,3.25,1.05,2.39,3.25,0.99,1.99,4.8,0.97,2.61,,"Turk Telekomunikasyon AS — турецкая компания, которая вместе со своими дочерними компаниями занимается телекоммуникационным сектором. Группа предоставляет местные, национальные, международные и мобильные телекоммуникационные услуги, интернет-продукты и услуги, а также колл-центр и управление взаимоотношениями с клиентами, управление технологиями и информацией. Turk Telekomunikasyon AS работает в следующих сегментах: фиксированная и мобильная связь. Услуги фиксированной связи предоставляются компаниями Turk Telekom, TTNET AS, Argela Yazilim ve Bilisim Teknolojileri Sanayi ve Ticaret AS, Innova Bilisim Cozumleri AS, Sebit Egitim ve Bilgi Teknolojileri AS, AssisTT Rehberlik ve Musteri Hizmetleri AS и TTINT Group, тогда как услуги мобильной связи предоставляются Avea Iletisim Hizmetleri AS.",
506,US,PTXKY,US69369R1005,PTXKY.PK,XLSMART Telecom Sejahtera Tbk PT,3.05835,PNK,73,Технология,5,Услуги беспроводной связи,0.0,2.95,,3.55,0.0,2.58,5.09,2.32,3.34,5.09,2.13,2.99,5.09,2.13,2.92,5.09,2.13,2.86,5.09,2.13,3.14,6.33,1.67,3.66,,"PT XLSMART Telecom Sejahtera Tbk, ранее PT XL Axiata Tbk, — телекоммуникационная компания. Компания осуществляет деятельность и управляет бизнесом в одном сегменте, который предоставляет своим клиентам глобальную систему мобильной связи (GSM), услуги мобильной связи и телекоммуникационные сети. Он обеспечивает и расширяет стабильную сеть Интернет с помощью инноваций и технологий для создания цифровой Индонезии. Его сетевые услуги включают расширение сети четвертого поколения (4G), замену карты 4G, ферментацию, обязательства по универсальному обслуживанию (USO) и 5G. Ее бизнес-решения XL Axiata включают мобильную связь, фиксированную связь, облако и центр обработки данных, а также Интернет вещей. Он предоставляет возможности интернет-продуктов и услуг через XL, AXIS, XL Prioritas и XL SATU. XL SATU – это комплексный продукт от XL Axiata, который состоит из услуг фиксированного широкополосного Интернета, а именно Интернет-услуг через оптоволоконные кабели, подключаемые к дому клиента со скоростью до 1 Гбит/с.",
511,US,SGBAF,LU0088087324,SGBAF.PK,SES SA,3.180405,PNK,74,Технология,6,Услуги беспроводной связи,0.0,6.7,,7.32,0.0,2.12,8.19,5.52,6.97,8.19,2.94,5.98,8.19,2.94,5.54,8.19,2.94,5.82,9.89,2.94,6.75,28.8,2.94,10.99,,"SES SA — люксембургский поставщик услуг спутниковой связи и вещания. Вместе со своими многочисленными прямыми и косвенными дочерними компаниями, расположенными в Европе, Америке, Африке и Азии, Компания предоставляет спутниковые услуги для вещания и распространения средств массовой информации, включая теле- и радиопрограммы. Компания управляет многоорбитальной группировкой спутников, включая среднеорбитальную систему O3b. Компания помогает вещателям транслировать свои телевизионные каналы, обеспечивает подключение компаний через сети, предлагает безопасные каналы связи для правительств и международных организаций, а также обеспечивает надежные навигационные услуги. Компания является партнером телекоммуникационных компаний, операторов мобильных сетей, правительств, поставщиков услуг связи и облачных услуг, вещательных компаний, операторов видеоплатформ и владельцев контента. Компания предоставляет медиа-услуги как для линейного, так и для нелинейного контента.",
512,US,IIJIY,US46059T1097,IIJIY.PK,Internet Initiative Japan Inc,2.763577,PNK,75,Технология,8,Интегрированные телекоммуникационные услуги,0.0,29.72,,30.18,0.0,13.28,40.7,33.02,36.56,44.71,32.1,36.52,44.71,27.14,36.25,44.71,27.14,36.78,44.71,19.52,33.94,44.71,6.7,18.93,,"Internet Initiative Japan Inc — японская компания, занимающаяся преимущественно развитием интернет-бизнеса. Компания работает в двух бизнес-сегментах. Сегмент сетевых услуг и системной интеграции (SI) в основном занимается предоставлением комбинации сетевых услуг и услуг системной интеграции, которые в основном состоят из услуг подключения к Интернету, услуг глобальной сети (WAN) и аутсорсинговых услуг, а также предоставления комплексных решений. Сегмент эксплуатации банкоматов (АТМ) занимается эксплуатацией банковских банкоматов и сетевых систем.",
514,US,BGAOY,US74428W1080,BGAOY.PK,Proximus NV,2.722998,PNK,76,Технология,9,Интегрированные телекоммуникационные услуги,0.0,1.53,,1.88,0.0,1.25,2.05,1.54,1.71,2.07,0.94,1.55,2.07,0.93,1.51,2.13,0.93,1.57,4.52,0.93,2.57,7.58,0.93,3.83,,"Proximus NV — бельгийская компания, работающая в сфере телекоммуникаций, информации, связи и технологий (ИКТ). Он предоставляет услуги телефонии, Интернета, телевидения и сетевых ИКТ через бренды Proximus и Scarlet. Кроме того, Компания преобразует в решения ряд технологий, таких как Интернет вещей (IoT), большие данные, облака и безопасность. Proximus NV управляет BICS как дочерней компанией, которая является оператором голосовой связи и поставщиком услуг мобильной передачи данных по всему миру. Также дочерняя компания компании TeleSign предлагает коммуникационную платформу как услугу (CPaaS). Proximus NV работает на внутреннем и международном рынках, предоставляя услуги частным, корпоративным и государственным клиентам.",
518,US,CHRYY,US17040V1070,CHRYY.PK,Chorus Ltd,2.327964,PNK,77,Технология,10,Интегрированные телекоммуникационные услуги,0.0,27.72,,28.63,0.0,14.66,30.0,23.5,26.27,30.0,20.7,24.93,30.0,20.7,24.57,30.0,19.95,24.5,31.9,19.95,24.32,31.9,11.53,19.81,,"Chorus Limited — новозеландская компания, которая обслуживает и строит сеть, состоящую из оптоволоконных и медных кабелей, местных телефонных станций и шкафов. Портфель продуктов компании включает в себя ряд оптовых услуг широкополосного доступа, передачи данных и голосовой связи, а также регулируемые и коммерческие продукты. Работает в сегменте общенациональной инфраструктуры фиксированной связи. Его услуги включают оптоволоконные и медные соединения, обеспечивающие доступ к фиксированной сети для подключения к Интернету. Сетевые услуги с добавленной стоимостью расширяют доступ к сети фиксированной связи, улучшая подключение к Интернету за счет услуг обратной связи и передачи обслуживания, обеспечивая возможность подключения на более широких территориях. Инфраструктурные услуги предлагают варианты аренды физического хранилища и совместного использования площадок для совместного размещения сторонних или общих активов. Услуги на местах включают установку, проводку и консультационную поддержку. The Company’s subsidiary is Chorus New Zealand Limited.",
519,US,CELJF,IL0011015349,CELJF.PK,Cellcom Israel Ltd,1.777864,PNK,78,Технология,7,Услуги беспроводной связи,0.0,11.0,,13.25,0.0,8.94,13.42,3.0,9.81,13.42,3.0,8.58,13.42,3.0,6.28,13.42,2.33,5.27,13.42,2.33,4.93,13.42,1.8,5.68,,"Компания Cellcom Israel Ltd. занимается предоставлением услуг сотовой связи. Компания предлагает услуги фиксированной связи. Компания работает в двух сегментах: сотовой связи и фиксированной связи. Сегмент сотовой связи включает в себя услуги сотовой связи, сотовое оборудование для конечных пользователей и дополнительные услуги. Сегмент фиксированной связи включает услуги фиксированной и междугородной телефонной связи, интернет-инфраструктуру и услуги связи, телевизионные услуги, оборудование фиксированной связи для конечных пользователей и дополнительные услуги. Компания предоставляет ряд услуг сотовой связи через сети второго поколения (2G), третьего поколения (3G) и четвертого поколения (4G). Услуги Компании включают базовые услуги сотовой телефонии, обмен текстовыми и мультимедийными сообщениями, расширенный сотовый контент и услуги передачи данных, а также другие услуги с добавленной стоимостью. Он также предлагает услуги международного роуминга, широкий выбор телефонов от различных производителей, а также услуги по ремонту большинства предлагаемых телефонов.",
525,US,SRHBY,US85528U1079,SRHBY.PK,StarHub Ltd,1.370807,PNK,79,Технология,8,Услуги беспроводной связи,0.0,7.84,,7.88,0.0,1.57,9.86,8.15,8.68,9.86,8.15,8.92,9.86,8.15,8.84,9.86,7.33,8.65,9.89,7.33,8.87,28.56,7.33,13.1,,"StarHub Ltd — сингапурская компания, занимающаяся эксплуатацией и предоставлением телекоммуникационных услуг и других видов деятельности, связанных с инфокоммуникационной отраслью. Компания работает в двух сегментах: телекоммуникации и кибербезопасность. Сегмент телекоммуникаций включает в себя мобильный бизнес, развлекательный, широкополосный, корпоративный бизнес и продажи оборудования в полностью интегрированной сети, которая имеет централизованное обслуживание клиентов, продажи, маркетинг и административную поддержку. В этот сегмент также входят подразделения региональных информационных и коммуникационных технологий (ИКТ), MyRepublic Broadband и JOS. The Cybersecurity segment is engaged in the provision of systems integration activities and the supply of high-security assurance products and technology. Компания разрабатывает и предлагает корпоративным и государственным клиентам решения, включающие искусственный интеллект, кибербезопасность, анализ данных, облачные вычисления, Интернет вещей (IoT) и робототехнику.",
528,US,EUTLF,FR0010221234,EUTLF.PK,Eutelsat Communications SA,2.867936,PNK,80,Технология,9,Услуги беспроводной связи,0.0,2.35,,2.68,1.83,2.35,4.75,1.72,3.55,9.22,1.45,3.88,9.22,1.45,3.9,9.22,1.45,4.44,15.3,1.45,6.21,33.12,1.45,12.98,,"Eutelsat Communications SA — глобальный оператор спутниковой связи со штаб-квартирой во Франции, специализирующийся на предоставлении услуг связи и видеосвязи по всему миру. Компания предоставляет полностью интегрированного спутникового оператора GEO-LEO с парком из 35 геостационарных спутников и низкоорбитальной группировкой (LEO), состоящей из более чем 600 спутников. Он отвечает потребностям своих клиентов, присутствующих в четырех ключевых сегментах рынка: видео, где он распространяет более 6500 телевизионных каналов, а также на быстрорастущих рынках мобильной связи, фиксированной связи и домашних услуг. правительства. Несравненное богатство орбитальных ресурсов и наземной инфраструктуры компании позволяет Eutelsat Communications удовлетворять потребности своих клиентов по всему миру посредством интегрированных решений.",
529,US,CCOI,US19239V3024,CCOI.O,Cogent Communications Holdings Inc,0.874787,NSQ,81,Технология,11,Интегрированные телекоммуникационные услуги,1.37,17.46,,23.5,17.22,20.12,54.37,15.96,35.63,84.06,15.96,48.54,86.76,15.96,59.47,86.76,15.96,61.47,86.76,15.96,63.06,92.96,15.96,57.48,,"Cogent Communications Holdings, Inc. — поставщик услуг доступа в Интернет, услуг частной сети, оптической длины волны, услуг оптического транспорта, а также места и мощности для колокейшн-центров обработки данных. Компания через свои собственные мощности предлагает услуги доступа в Интернет клиентам, расположенным в зданиях, которые физически подключены к ее сети. Его сеть специально разработана и оптимизирована для передачи данных с пакетной маршрутизацией. Его внутрисетевые услуги включают высокоскоростной доступ в Интернет и услуги частной сети, предлагаемые на скоростях от 100 мегабит в секунду (Мбит/с) до 400 гигабит в секунду (Гбит/с). Компания предоставляет свои услуги в своей сети в 56 странах Северной Америки, Европы, Южной Америки, Океании и Африки. Ее корпоративные клиенты расположены в многоквартирных офисных зданиях (MTOB), в число которых входят, среди прочего, юридические фирмы, рекламные и маркетинговые фирмы, а также поставщики медицинских услуг и другие предприятия, предоставляющие профессиональные услуги.",
532,US,BCOMF,IL0011076630,BCOMF.PK,B Communications Ltd,0.97651,PNK,82,Технология,12,Интегрированные телекоммуникационные услуги,0.0,4.3,,4.3,0.0,0.48,7.84,3.28,7.22,7.84,3.28,6.54,7.84,2.98,5.52,7.84,1.0,4.67,7.84,0.04,3.33,31.86,0.04,9.59,,"B Communications Ltd. специализируется на телекоммуникационной отрасли. Основным активом компании является ее доля в Bezeq The Israel Telecommunication Corp. Ltd. (Bezeq), поставщике коммуникационных услуг в Израиле. Bezeq и ее дочерние компании работают через сегменты, включая Bezeq, который предлагает услуги фиксированной телефонной связи и фиксированный широкополосный доступ к инфраструктуре Интернета; Pelephone, предлагающий услуги сотовой связи; Bezeq International, предлагающая услуги интернет-провайдера (ISP) и международной телефонной связи (ILD), и DBS, предлагающая услуги платного телевидения. Безек предлагает широкий спектр телекоммуникационных операций и услуг, включая услуги внутренней фиксированной связи, Интернет-услуги, теле- и радиовещание, спутниковое вещание, обслуживание и развитие коммуникационной инфраструктуры, предоставление услуг связи другим поставщикам услуг связи, а также поставку и обслуживание оборудования на территории клиентов.",
533,US,SIFY,US82655M2061,SIFY.O,Sify Technologies Ltd,0.897868,NAQ,83,Технология,13,Интегрированные телекоммуникационные услуги,0.06,12.41,,15.0,12.2,13.98,17.85,4.48,10.33,17.85,2.85,7.37,17.85,1.82,6.21,20.22,1.82,7.5,35.34,1.82,11.17,35.34,1.82,9.42,,"Sify Technologies Limited — индийский поставщик решений и услуг интегрированных информационно-коммуникационных технологий (ИКТ). Его сегменты включают сетецентрические услуги, услуги центров обработки данных и цифровые услуги. The Network centric services segment consists of domestic data, international data, and wholesale voice. Сегмент услуг центров обработки данных состоит из услуг совместного размещения, кросс-соединения и других сопутствующих управляемых услуг. Сегмент цифровых услуг состоит из облачных и управляемых услуг, услуг сетевого управления, услуг интеграции приложений и услуг интеграции технологий. Ее сетецентрические услуги включают ряд предложений виртуальных частных сетей на основе интернет-протоколов, включая интрасети, экстрасети и приложения удаленного доступа как для малых, так и для крупных корпоративных клиентов. Ее услуги по удаленному и локальному управлению инфраструктурой обеспечивают управление и поддержку клиентских операционных систем, приложений и уровней баз данных.",
549,US,HLMAF,GB0004052071,HLMAF.PK,Halma PLC,18.821728,PNK,84,Технология,1,Электронное оборудование и запчасти,0.0,48.38,,56.22,47.81,51.75,49.59,41.77,45.6,49.59,29.83,41.48,49.59,26.82,36.9,49.59,21.55,34.01,49.59,21.55,33.6,49.59,10.67,28.12,,"Halma plc — глобальная компания, занимающаяся технологиями спасения жизней. Сегменты компании включают безопасность, окружающую среду и здоровье. Сегмент безопасности предлагает продукты, которые защищают людей, имущество и инфраструктуру в коммерческих, промышленных и общественных местах. Решения этого сегмента включают решения в области пожарной безопасности, технологии общественной безопасности, решения по безопасности работников, а также технологии безопасности инфраструктуры и активов. Сегмент «Окружающая среда и анализ» предоставляет решения, которые контролируют окружающую среду и улучшают доступность жизненно важных природных ресурсов, используются в анализе материалов и оптоэлектронных приложениях. Этот сегмент включает в себя оптический анализ, системы анализа и очистки воды, а также технологии мониторинга окружающей среды. Сегменты здравоохранения предоставляют технологии, которые улучшают качество жизни пациентов и улучшают качество медицинской помощи, предоставляемой поставщиками медицинских услуг. Компания также разрабатывает и производит высокопроизводительные устройства оповещения, инициирования и обнаружения.",
568,US,VEMLY,US92326A1016,VEMLY.PK,Venture Corporation Ltd,3.495003,PNK,85,Технология,2,Электронное оборудование и запчасти,0.0,61.1,,61.58,0.0,27.69,60.16,44.0,52.7,60.16,38.07,48.29,60.16,38.07,49.68,67.46,38.07,49.96,80.65,38.07,54.67,105.06,28.72,55.24,,"Venture Corporation Limited — сингапурская компания, предоставляющая технологические услуги, продукты и решения. Он занимается проектированием и разработкой, разработкой продуктов и процессов, проектированием технологичности и управлением цепочками поставок в различных областях технологий. Он специализируется в различных областях технологий, включая науки о жизни, геномику, молекулярную диагностику, медицинские приборы и оборудование, здравоохранение, роскошный образ жизни и оздоровительные технологии, контрольно-измерительные приборы, сети и коммуникации, передовую промышленность, а также компьютерные технологии, технологии печати и обработки изображений. Его возможности включают исследования и разработки, индустриализацию продукции, передовые производственные технологии, выполнение заказов и управление жизненным циклом продукции. Индустриализация продукции, предполагающая переход от стадии проектирования к массовому производству, требует учета многих факторов. Он работает в Юго-Восточной Азии, Северо-Восточной Азии, Америке и Европе.",
571,US,TYOYY,US8740472027,TYOYY.PK,Taiyo Yuden Co Ltd,3.107016,PNK,86,Технология,3,Электронное оборудование и запчасти,0.0,98.4,,125.6,0.0,73.78,113.8,66.58,86.08,113.8,45.35,73.26,129.73,45.35,81.56,141.27,45.35,93.74,283.49,45.35,125.79,283.49,31.7,117.0,,"Taiyo Yuden Co Ltd — японская компания, занимающаяся в основном производством и продажей электронных компонентов. Основная продукция компании включает многослойные керамические конденсаторы, катушки индуктивности, высокочастотные устройства, а также проводящие полимерные гибридные алюминиевые электролитические конденсаторы и другие. Компания продает и поставляет готовую продукцию отечественным и зарубежным производителям наборов и торговым партнерам. Компания также поставляет сырье и полуфабрикаты отечественным и зарубежным производственным филиалам. Компания также предоставляет услуги сотрудникам, подбор временного персонала и консультации по экологическим измерениям.",
572,US,APELY,US0210902047,APELY.PK,Alps Alpine Co Ltd,2.776058,PNK,87,Технология,4,Электронное оборудование и запчасти,0.0,27.65,,28.53,0.0,21.7,26.9,20.22,23.59,26.9,16.21,20.78,26.9,13.45,18.98,26.9,13.45,18.5,30.78,13.45,19.46,68.45,13.45,32.43,,"Alps Alpine Co Ltd — японская компания, которая в основном занимается бизнесом, связанным с компонентами, датчиками и коммуникациями, а также модулями и системами. Компания работает в трех бизнес-сегментах. Бизнес-сегмент «Компоненты» производит и продает электронные компоненты, такие как переключатели, приводы и тактильные устройства. Бизнес-сегмент «Датчики и коммуникации» производит и продает электронные компоненты для датчиков и устройств связи. Бизнес-сегмент «Модули и системы» производит и продает автомобильные модули, информационно-развлекательные, дисплейные и звуковые продукты. Компания также управляет бизнесом, связанным с разработкой систем, офисными услугами, финансами и лизингом, логистикой.",
580,US,SNCPF,JP3336450006,SNCPF.PK,Sun Corp,1.235505,PNK,88,Технология,5,Электронное оборудование и запчасти,0.0,56.7,,0.0,0.0,0.0,55.0,54.3,54.65,55.0,43.0,50.77,55.0,20.45,33.49,55.0,14.16,28.9,55.0,11.2,26.07,55.0,5.6,22.06,,"Sun Corp — японская компания, занимающаяся разработкой, производством и продажей глобальных аналитических данных, развлечений, новых информационных технологий (ИТ) и оздоровительного бизнеса. Он работает через четыре сегмента. Сегмент Global Data Intelligence разрабатывает, производит и продает мобильные устройства передачи данных и сопутствующие услуги для продажи органам уголовного розыска и аналогичным организациям (бизнес цифровой разведки). Сегмент, связанный с развлечениями, разрабатывает, производит и продает компоненты машин для патинко, такие как платы управления, которые в основном продаются производителям машин для патинко. Новый сегмент, связанный с ИТ, в основном разрабатывает, производит и продает устройства межмашинной связи (M2M) и решения Интернета вещей (IoT), а также разрабатывает и продает системы поддержки бизнеса для приложений B2B. Сегмент Wellness разрабатывает и продает продукты и услуги, в первую очередь направленные на улучшение качества сна в сфере цифрового здравоохранения.",
581,US,BCNAY,US06740E1010,BCNAY.PK,Barco NV,1.037742,PNK,89,Технология,6,Электронное оборудование и запчасти,0.0,6.45,,0.0,0.0,0.0,8.46,7.1,7.82,8.46,4.94,7.2,8.94,4.94,7.39,14.73,4.94,8.53,14.73,4.94,8.66,16.96,4.9,9.99,,"Barco NV — бельгийская технологическая компания, специализирующаяся на проектировании и разработке профессионального оборудования и решений для визуализации. Компания предлагает свою продукцию в таких операционных сегментах, как развлечения (в основном в сфере цифрового кино), предприятия (включая диспетчерские и корпоративную деятельность) и здравоохранение (специально предназначенные для сегментов визуализации с высоким разрешением в радиологии и маммографии, а также решения для IP-соединения через Интернет-протокол для хирургического кабинета). В ассортимент продукции компании входят мониторы, проекторы, видеостены, программное обеспечение для обработки изображений, подключения и интерактивности. Компания активно работает в Европе и на Ближнем Востоке, в Северной и Южной Америке, Африке и Азии.",
582,US,DAKT,US2342641097,DAKT.O,Daktronics Inc,0.922977,NSQ,90,Технология,7,Электронное оборудование и запчасти,0.58,19.11,,26.57,18.97,21.31,24.38,14.86,18.53,24.38,10.24,16.52,24.38,7.2,14.26,24.38,2.76,11.8,24.38,1.46,8.97,24.38,1.46,8.28,,"Daktronics, Inc. — мировой разработчик и производитель динамических дисплеев видеосвязи и систем управления для клиентов по всему миру. Коммерческий сегмент состоит из продаж интегрированных систем видеодисплея, цифровых рекламных щитов, линеек продуктов Galaxy и Fuelight, а также систем динамического обмена сообщениями. Сегмент Live Events состоит из продаж интегрированных систем подсчета очков и видеоотображения, а также продаж технологии мобильных дисплеев организациям по прокату видео и другим площадкам для проведения живых мероприятий. Сегмент «Парки и зоны отдыха для средних школ» состоит из продаж систем подсчета очков, дисплеев Galaxy и систем видеодисплея учреждениям начального и среднего образования, а также реселлерам. Транспортный сегмент состоит из продаж интеллектуальных транспортных систем, знаков с динамическими сообщениями для управления дорогами, общественного транспорта, авиационных приложений и других. Производство MicroLED предлагает передовые решения для отображения с шагом пикселя для широкоформатных видеостен и коммерческих дисплеев среднего размера.",
617,US,ABTC,US02462A1043,ABTC.O,American Bitcoin Corp,0.836706,NAQ,91,Технология,1,Блокчейн и криптовалюта,9.55,0.79,,1.2,0.77,1.02,14.52,1.56,5.42,14.65,0.63,3.99,45.0,0.63,6.21,230.0,0.63,24.54,20876.0,0.63,1823.25,145300.0,0.63,6907.77,,"American Bitcoin Corp., ранее Gryphon Digital Mining, Inc., является компанией по накоплению биткойнов. Деятельность компании включает в себя сайты для майнинга биткойнов, пулы для майнинга биткойнов и защиту активов биткойнов. Компания управляет майнерами биткойнов на четырех площадках в соответствии с Генеральным соглашением об услугах колокации (MCSA): Alpha (Ниагара-Фолс, штат Нью-Йорк); Солт-Крик (Орла, Техас); Медисин Хэт (Медицина Хэт, AB) и Вега (Техас Панхандл). Он получает вознаграждение за майнинг биткойнов от своей майнинговой деятельности через сторонних операторов майнинговых пулов, Foundry и Luxor. Пулы для майнинга позволяют майнерам биткойнов объединять свои вычислительные мощности, увеличивая их шансы на решение блока и получение оплаты от сети. Он предоставляет вычислительную мощность пулам майнинга, которые используют эту вычислительную мощность для управления узлами и проверки блоков в блокчейне. Он использует сторонние решения для хранения, в том числе Coinbase Custody и Anchorage Digital Bank N.A., для защиты своих биткойнов, в основном в кошельках холодного хранения.",
619,US,GEMI,US36866J1051,GEMI.O,Gemini Space Station Inc,0.475321,NSQ,92,Технология,2,Блокчейн и криптовалюта,2.25,4.04,,9.68,3.91,6.82,45.89,9.67,17.32,45.89,9.67,17.32,45.89,9.67,17.32,45.89,9.67,17.32,45.89,9.67,17.32,45.89,9.67,17.32,,"Gemini Space Station, Inc. является холдинговой компанией. Компания через свою дочернюю компанию Gemini Space Station, LLC, предлагает мобильную и веб-платформу обмена криптоактивами, собственные решения для инфраструктуры кошельков и депозитарных решений, высокопроизводительные решения для внебиржевой торговли, адаптированные для учреждений и профессионалов, платформу для аукционов цифрового искусства, собственную стейблкоин, обеспеченную долларом США, и продукт кредитной карты, который предлагает вознаграждение за криптоактивы при покупках клиентов. Компания работает по всему миру и предоставляет решения по обеспечению безопасности для всех своих продуктовых предложений. Его платформа упрощает и защищает процесс покупки, продажи, хранения, размещения и сбора цифровых активов. Он предоставляет доступные и простые образовательные ресурсы, которые помогут пользователям понять тонкости криптоактивов. Кредитная карта Gemini, инновационная кредитная карта, предоставленная Gemini, позволяет пользователям зарабатывать и увеличивать криптовалютные вознаграждения каждый раз, когда они проводят пальцем по экрану.",
624,US,RICOY,US7656583074,RICOY.PK,Ricoh Co Ltd,4.700094,PNK,93,Технология,1,Офисное оборудование,0.0,8.38,,9.32,0.0,7.62,10.12,8.09,8.97,11.45,8.09,9.51,12.2,7.21,9.25,12.2,6.96,8.63,12.5,6.5,8.63,12.5,5.76,8.75,,"Ricoh Co Ltd — японская компания, которая в основном занимается разработкой, производством, продажей и обслуживанием цифровых услуг, цифровых продуктов, графических коммуникаций, промышленных решений и т. д. Компания имеет пять бизнес-сегментов. Сегмент цифровых услуг продает оборудование для обработки изображений, такое как офисные многофункциональные устройства и принтеры, а также предоставляет решения, связанные с информационными технологиями (ИТ). Сегмент цифровых продуктов занимается разработкой и производством оборудования для обработки изображений, такого как офисные многофункциональные устройства и принтеры, а также периферийные устройства, поддерживающие цифровую связь. Сегмент графических коммуникаций включает бизнес коммерческой полиграфии и бизнес промышленной полиграфии. Сегмент «Промышленные решения» состоит из термического бизнеса и бизнеса по производству промышленной продукции. Сегмент «Промышленная продукция» предлагает детали прецизионного оборудования. Другой сегмент занимается цифровыми камерами, камерами с обзором на 360 градусов, окружающей средой и здравоохранением.",
625,US,BRTHY,US1148132079,BRTHY.PK,Brother Industries Ltd,4.608929,PNK,94,Технология,2,Офисное оборудование,0.0,36.4,,38.38,0.0,23.4,41.2,31.59,35.73,41.2,28.75,34.65,42.95,28.75,35.66,42.95,27.71,34.21,47.91,27.71,35.88,51.15,19.18,35.17,,"Brother Industries Ltd — японская компания, занимающаяся в основном производством и продажей офисного оборудования и расходных материалов. Компания работает в шести бизнес-сегментах. Сегмент «Печать и решения» производит и продает коммуникационное и печатное оборудование, такое как принтеры, многофункциональные устройства и электронные канцелярские товары, среди прочего. Сегмент «Личное и бытовое» занимается производством и продажей бытовых швейных машин. Сегмент «Машиностроение» производит и продает промышленные швейные машины, швейные принтеры, станки, редукторы и шестерни, среди прочего. Сегмент «Сеть и контент» занимается производством, продажей и обслуживанием коммерческого караоке-оборудования, а также предоставлением услуг по доставке контента. Сегмент Domino занимается производством и продажей промышленного полиграфического оборудования. Сегмент «Другие» занимается бизнесом в сфере недвижимости.",
626,US,KNCAY,US50048B1044,KNCAY.PK,Konica Minolta Inc,1.606043,PNK,95,Технология,3,Офисное оборудование,0.0,6.16,,6.16,0.0,0.77,8.92,5.6,7.41,8.92,5.16,6.86,9.3,4.87,6.62,9.3,4.87,6.81,11.81,4.87,7.85,21.32,4.84,12.55,,"Konica Minolta Inc — японская компания, которая в основном занимается цифровыми рабочими местами, профессиональной печатью, здравоохранением и промышленностью. Компания управляет четырьмя бизнес-сегментами. Сегмент цифровых рабочих мест разрабатывает, производит и продает многофункциональные периферийные устройства и сопутствующие расходные материалы, а также предоставляет услуги и решения в области информационных технологий. Сегмент профессиональной печати разрабатывает, производит и продает системы цифровой печати и сопутствующие расходные материалы для рынков коммерческой и промышленной печати. Сегмент здравоохранения разрабатывает, производит и продает системы диагностической визуализации для медицинского использования, оцифровывает и объединяет в сеть медицинские учреждения, предоставляет диагностические услуги и решения, а также предлагает услуги по генетическому тестированию и поддержке поиска лекарств. Промышленный сегмент разрабатывает, производит и продает измерительные приборы, промышленные и профессиональные линзы, промышленные струйные головки, функциональные пленки, используемые в дисплеях, сетевых камерах и видеооборудовании.",
628,US,PAR,US6988841036,PAR.N,PAR Technology Corp,0.527988,NYS,96,Технология,4,Офисное оборудование,0.4,12.83,,19.58,12.45,15.54,72.1,31.65,45.66,77.53,31.65,54.97,82.01,31.65,53.64,82.01,24.94,47.63,90.35,20.37,49.03,90.35,4.31,33.39,,"PAR Technology Corporation — глобальная технологическая компания в сфере общественного питания, занимающаяся предоставлением омниканальных облачных программных и аппаратных решений для ресторанной индустрии, включая быстрое обслуживание, фаст-кэжуал, обслуживание столиков и розничную торговлю. Компания предлагает набор программных и аппаратных решений, включая точки продаж, взаимодействие с клиентами и обеспечение лояльности, цифровые заказы и доставку, оперативный анализ, обработку платежей, оборудование и сопутствующие технологии, решения и услуги. Ее услуги по подписке сгруппированы в две линейки продуктов: Engagement Cloud, которая включает продукты и услуги Punchh и PAR Retail для лояльности и взаимодействия с клиентами, Plexure для лояльности и взаимодействия с международными клиентами и PAR Ordering для многоканальных цифровых заказов и доставки; и Операторское облако, которое включает PAR POS и TASK для внутренних платежей, PAR Pay для платежей и PAR OPS (Delaget и Data Central) для внутренних платежей.",
640,US,JDCMF,KYG8208B1014,JDCMF.PK,JD.com Inc,45.971791,PNK,1,Потребительские циклические акции,1,Универмаги,0.0,13.9,,15.48,0.0,5.18,19.86,12.68,15.85,25.24,12.68,17.5,25.75,10.26,16.13,33.08,10.26,17.42,51.58,10.26,24.85,51.58,10.26,26.11,,"JD.Com Inc — компания, которая в основном занимается электронной коммерцией, включая онлайн-торговлю и онлайн-рынок, в основном через свои мобильные приложения для розничной торговли и веб-сайт www.jd.com (совместно — JD Platform). Компания осуществляет свою деятельность в четырех сегментах. Сегмент JD Retail, включая JD Health, JD Industrials и другие компоненты, в основном занимается онлайн-торговлей, онлайн-торговыми площадками и маркетинговыми услугами в Китае. Сегмент JD Logistics включает как внутренние, так и внешние логистические направления. Сегмент Dada — это локальная платформа доставки и розничной торговли по запросу в Китае. Сегмент новых предприятий в основном включает в себя JD Property, Jingxi и зарубежные предприятия. Компания в основном ведет свою деятельность на внутреннем рынке и на зарубежных рынках.",
649,US,RYKKY,US78392U1051,RYKKY.PK,Ryohin Keikaku Co Ltd,11.601813,PNK,2,Потребительские циклические акции,2,Универмаги,0.0,11.3,,12.5,0.0,10.68,12.81,8.76,10.48,12.81,5.06,9.53,12.81,3.51,7.34,12.81,2.33,5.52,12.81,1.98,4.73,12.81,1.98,5.28,,"Ryohin Keikaku Co Ltd — японская компания, занимающаяся в основном продажей продукции под брендами Mujirushi Ryohin и MUJI. Компания имеет четыре сегмента, включая внутренний сегмент, сегмент Восточной Азии, сегмент Европы и Америки, а также сегмент Юго-Восточной Азии и Океании. Внутренний сегмент занимается продажей и дополнением, эксплуатацией кемпингов и бизнесом по продаже домов. Сегмент East Asia Business занимается продажей продукции и ресторанным бизнесом в Восточной Азии. Бизнес-сегмент «Юго-Восточная Азия и Океания» занимается продажей продукции и ресторанным бизнесом в Юго-Восточной Азии и Океании. Бизнес-сегмент «Европа и Америка» занимается продажей продукции и ресторанным бизнесом в Европе и Америке. Компания также занимается продажей продуктов питания и напитков под брендом Cafe&Meal MUJI, эксплуатацией турбаз, продажей домов и продажей продукции бренда IDEE.",
657,US,OCDGF,GB00B3MBS747,OCDGF.PK,Ocado Group PLC,2.029342,PNK,3,Потребительские циклические акции,3,Универмаги,0.0,2.36,,2.78,0.0,1.58,4.84,2.25,3.26,4.84,2.25,3.41,9.43,2.25,4.29,12.99,2.25,5.5,39.25,2.25,13.01,39.25,2.25,13.65,,"Ocado Group plc — это глобальная технологическая компания, которая переосмысливает электронную коммерцию, выполнение заказов и логистику в сфере онлайн-продуктов и за ее пределами. Сегменты компании включают логистику и технологические решения. Сегмент логистики предоставляет центры обслуживания клиентов (CFC) и логистические услуги для клиентов в Соединенном Королевстве (Wm Morrison Supermarkets Limited и Ocado Retail Limited). Сегмент технологических решений предоставляет комплексные решения для онлайн-торговли и автоматизированного хранения и поиска товаров общего назначения для корпоративных клиентов как в Соединенном Королевстве, так и за его пределами. Технологические решения включают интеллектуальную автоматизацию Ocado (OIA). Ее интеллектуальная платформа Ocado (OSP) представляет собой настраиваемое комплексное решение для электронной коммерции, выполнения заказов и логистики, созданное для удовлетворения потребностей продуктовой онлайн-торговли. OIA предоставляет технологии автоматизации складов, которые позволяют предприятиям во многих отраслях обеспечить безопасность своих складских операций в будущем.",
658,US,BMRRY,US05590Y1001,BMRRY.PK,B&M European Value Retail SA,2.111649,PNK,4,Потребительские циклические акции,1,Дисконтные магазины,0.0,8.41,,10.11,8.25,9.18,15.79,8.11,11.31,18.47,8.11,13.43,27.27,8.11,18.06,28.47,8.11,20.01,30.84,8.11,21.22,30.84,8.11,18.15,,"B&M European Value Retail SA — холдинговая компания Группы со штаб-квартирой в Люксембурге. Основной деятельностью Группы является розничная торговля разнообразными товарами в Соединенном Королевстве (Великобритания) с 707 магазинами и во Франции. Компания сообщает о трех сегментах: B&M в Великобритании; Великобритания Цапля и Франция Бабу. Магазины компании расположены в современных торговых парках, центрах городов, а также на местных торговых площадках и в торговых центрах. Фирменные магазины компании B&M, Heron Foods и Babou предлагают ограниченный ассортимент каждого из ее продуктов: продуктов питания, бакалейных товаров и товаров общего назначения. В основном продукция поставляется напрямую от производителей. На розничном рынке Великобритании B&M управляет более чем 650 магазинами, а сеть Heron Foods насчитывает около 290 магазинов повседневного спроса. На французском розничном рынке Babou управляет около 100 магазинами товаров общего назначения, одеждой и обувью.",
661,US,REAL,US88339P1012,REAL.O,RealReal Inc,0.96614,NSQ,5,Потребительские циклические акции,4,Универмаги,3.67,8.12,,12.13,8.05,9.97,16.74,4.71,10.23,16.74,4.61,8.42,16.74,1.52,6.01,16.74,1.0,4.61,30.22,1.0,7.26,30.22,1.0,9.29,,"RealReal, Inc. предоставляет онлайн-рынок проверенных и перепродаваемых предметов роскоши. Компания предоставляет потребителям платформу для покупки и продажи предметов роскоши. Компания предлагает продукцию различных категорий, включая женскую и мужскую моду, изысканные ювелирные изделия и часы. Среди дизайнеров роскоши на его онлайн-рынке — Cartier, Chanel, Christian Dior, Gucci, Hermes, Louis Vuitton, Prada, Rolex, Yves Saint Laurent, Tiffany & Co. и Van Cleef & Arpels. Она управляет районными розничными магазинами, площадь которых обычно составляет от 1800 до 3500 квадратных футов, в которых продаются товары, отражающие выбор онлайн-ассортимента Компании. Кроме того, компания управляет несколькими флагманскими магазинами большей площади в Лос-Анджелесе, Калифорния, и Нью-Йорке, Нью-Йорк.",
676,US,VLKAF,DE0007664005,VLKAF.PK,Volkswagen AG,50.49135,PNK,6,Потребительские циклические акции,1,Производители автомобилей и грузовиков,0.0,100.0,,113.07,98.0,104.48,128.99,101.61,113.74,128.99,90.03,110.56,165.46,84.82,117.44,196.25,84.82,129.8,480.0,84.82,182.69,480.0,84.82,174.89,,,
677,US,VLKPF,DE0007664039,VLKPF.PK,Volkswagen AG,50.49135,PNK,7,Потребительские циклические акции,2,Производители автомобилей и грузовиков,0.0,98.0,,113.1,0.0,96.63,128.13,98.7,111.75,128.13,85.0,107.55,139.86,82.37,110.49,152.25,82.37,116.89,299.96,82.37,149.85,299.96,82.37,155.51,,,
687,US,GWLLY,US39137B1098,GWLLY.PK,Great Wall Motor Co Ltd,21.840797,PNK,8,Потребительские циклические акции,3,Производители автомобилей и грузовиков,0.0,15.5,,16.75,0.0,12.29,26.12,15.63,19.97,26.12,13.87,18.38,26.12,9.69,16.77,26.12,9.69,15.5,48.65,9.06,19.72,48.65,4.59,14.64,,"Great Wall Motor Co Ltd — китайская компания, занимающаяся в основном проектированием, исследованиями и разработками, производством и продажей автомобилей и сопутствующих деталей и компонентов, а также предоставлением соответствующих услуг. Компания владеет брендами Haval, WEY, TANK, Great Wall Pickup, ORA и Great Wall SOUO. Портфель продукции компании охватывает различные категории, включая внедорожники (внедорожники), седаны, пикапы, многоцелевые автомобили (MPV) и мотоциклы. Силовые агрегаты включают как традиционные двигатели, так и новые энергетические системы. Компания реализует свою продукцию на внутреннем рынке и на зарубежных рынках.",
688,US,GWLLF,CNE100000338,GWLLF.PK,Great Wall Motor Co Ltd,21.840797,PNK,9,Потребительские циклические акции,4,Производители автомобилей и грузовиков,0.0,1.57,,1.68,0.0,0.95,2.51,1.56,2.02,2.51,1.38,1.83,2.51,1.0,1.64,2.51,1.0,1.51,5.02,0.87,2.15,5.02,0.48,1.61,,"Great Wall Motor Co Ltd — китайская компания, занимающаяся в основном проектированием, исследованиями и разработками, производством и продажей автомобилей и сопутствующих деталей и компонентов, а также предоставлением соответствующих услуг. Компания владеет брендами Haval, WEY, TANK, Great Wall Pickup, ORA и Great Wall SOUO. Портфель продукции компании охватывает различные категории, включая внедорожники (внедорожники), седаны, пикапы, многоцелевые автомобили (MPV) и мотоциклы. Силовые агрегаты включают как традиционные двигатели, так и новые энергетические системы. Компания реализует свою продукцию на внутреннем рынке и на зарубежных рынках.",
698,US,FUJHF,JP3814800003,FUJHF.PK,Subaru Corp,11.065873,PNK,10,Потребительские циклические акции,5,Производители автомобилей и грузовиков,0.0,15.7,,19.46,0.0,15.96,24.15,16.25,20.37,24.15,15.75,19.11,24.15,14.05,19.13,24.15,14.05,18.72,24.15,14.05,18.57,41.8,14.05,22.74,,"Subaru Corp — японская компания, занимающаяся производством автомобилей Subaru. Компания работает в двух бизнес-сегментах. Автомобильный сегмент занимается производством, продажей и ремонтом мини-автомобилей, малолитражных автомобилей, обычных автомобилей и их запчастей. Аэрокосмический сегмент занимается производством, продажей и ремонтом самолетов, космического оборудования и запчастей. Компания также занимается арендой недвижимости.",
701,US,ASEKY,US00956Q1067,ASEKY.PK,Aisin Corp,10.290927,PNK,11,Потребительские циклические акции,1,"Запчасти для автомобилей, грузовиков и мотоциклов",0.0,13.98,,15.75,0.0,9.13,19.39,12.29,15.37,19.39,8.54,13.07,19.39,8.54,12.33,19.39,8.48,11.25,19.39,8.37,11.15,20.03,6.62,11.84,,"Aisin Corp — японская компания, которая в основном производит и продает автомобильные детали. Компания производит и продает автомобильные детали в пяти географических сегментах, включая Японию, Северную Америку, Европу, Китай, а также Ассоциацию стран Юго-Восточной Азии (АСЕАН) и Индию. Японский сегмент также производит и продает оборудование, связанное с энергетическими решениями. Автомобильные детали включают детали, связанные с трансмиссией, включая автоматические коробки передач (AT) и механические коробки передач (MT), детали, связанные с безопасностью вождения, включая главные тормозные цилиндры и дисковые тормоза, детали, связанные с кузовом, включая системы раздвижных дверей с электроприводом и системы задних дверей с электроприводом, а также люки на крыше, а также другие детали, связанные с решениями для подключения и совместного использования (CSS), включая автомобильные навигационные системы. Продукты, связанные с энергетическими решениями, включают, среди прочего, кондиционеры с газовыми тепловыми насосами (GHP), когенерационные системы и унитазы-биде. Компания также занимается бизнесом по производству автомобильных запчастей в Бразилии.",
707,US,DNFGY,US2577382037,DNFGY.PK,Dongfeng Motor Group Co Ltd,10.044999,PNK,12,Потребительские циклические акции,6,Производители автомобилей и грузовиков,0.0,58.0,,58.0,0.0,12.89,63.47,21.07,52.83,63.47,18.01,34.3,63.47,11.36,25.06,63.47,11.36,24.43,63.47,11.36,28.26,66.69,11.36,42.39,,"Dongfeng Motor Group Co Ltd — китайская компания, занимающаяся в основном производством и продажей автомобилей, двигателей и других автозапчастей, а также предоставлением финансовых услуг. Компания осуществляет свою деятельность через четыре сегмента. Сегмент «Коммерческие автомобили» в основном производит и продает коммерческие автомобили, двигатели к ним и другие автомобильные детали. Сегмент «Легковые транспортные средства» в основном производит и продает легковые автомобили, двигатели к ним и другие автомобильные детали. Сегмент финансовых услуг в основном предоставляет финансовые услуги, такие как кредиты. Сегмент «Корпоративный и прочий» в основном производит и продает другую автомобильную продукцию. Компания в основном ведет свою деятельность на внутреннем рынке.",
708,US,DNFGF,CNE100000312,DNFGF.PK,Dongfeng Motor Group Co Ltd,10.044999,PNK,13,Потребительские циклические акции,7,Производители автомобилей и грузовиков,0.0,1.05,,1.36,0.0,0.38,1.58,0.5,1.02,1.58,0.36,0.87,1.58,0.23,0.62,1.58,0.23,0.56,1.58,0.23,0.75,1.58,0.23,0.84,,"Dongfeng Motor Group Co Ltd — китайская компания, занимающаяся в основном автомобильным бизнесом. Компания осуществляет свою деятельность в четырех сегментах. Сегмент «Коммерческие автомобили» в основном производит и продает коммерческие автомобили, а также двигатели и другие автомобильные детали к ним. К коммерческим автомобилям относятся средние и тяжелые грузовики, легкие грузовики, пикапы и автобусы. Сегмент «Легковые транспортные средства» в основном производит и продает легковые автомобили, а также двигатели и другие автомобильные детали к ним. Легковые автомобили включают седаны, внедорожники (внедорожники) и многоцелевые автомобили (MPV). Сегмент финансовых услуг в основном предоставляет финансовые услуги. Сегмент «Корпоративный и прочий» в основном производит и продает другую автомобильную продукцию.",
712,US,NGKSY,US62913J1043,NGKSY.PK,Niterra Co Ltd,9.109142,PNK,14,Потребительские циклические акции,2,"Запчасти для автомобилей, грузовиков и мотоциклов",0.0,21.7,,25.91,0.0,9.93,21.4,14.95,17.7,21.4,12.18,16.72,21.4,11.85,15.17,21.4,9.33,13.08,21.4,7.1,10.08,21.4,6.57,10.25,,"Niterra Co Ltd — японская компания, занимающаяся в основном производством и продажей автомобильной продукции, керамических изделий и продукции, связанной с новым бизнесом. Компания управляет тремя бизнес-сегментами. Сегмент, связанный с автомобилем, занимается производством и продажей деталей, которые в основном собираются в автомобили, таких как свечи зажигания и датчики выхлопных газов. Сегмент «Керамика» производит и продает режущие инструменты, компоненты промышленного оборудования, компоненты оборудования для производства полупроводников, полупроводниковые корпуса и концентраторы кислорода для медицинского использования. Сегмент «Новый бизнес» занимается производством и продажей продукции, связанной с новыми видами деятельности, такими как экологическая энергетика. Он также продает материалы и предоставляет социальные услуги.",
714,US,FOVSY,US3454091063,FOVSY.PK,Ford Otomotiv Sanayi AS,7.898469,PNK,15,Потребительские циклические акции,8,Производители автомобилей и грузовиков,0.0,12.22,,13.9,0.0,5.72,15.8,10.5,12.11,15.8,10.5,11.83,17.0,10.5,12.8,17.0,10.5,13.18,17.0,6.99,11.65,17.0,3.82,6.61,,"Ford Otomotiv Sanayi AS — турецкая компания, занимающаяся производством автомобилей и автозапчастей. Он производит, собирает и продает автомобили, в первую очередь коммерческие автомобили; импортирует и продает легковые автомобили, а также производит, импортирует и продает запасные части для этих автомобилей. Ford Otomotiv Sanayi AS действует как совместное предприятие Ford Motor Company и группы компаний Koc. На территории Коджаэли компания имеет завод в Гёльчуке, на котором производятся транзитные и транзитные нестандартные автомобили, и завод в Еникёе, на котором производятся транзитные курьерские автомобили. На территории Эскишехир-Инену компания имеет завод по производству грузовых автомобилей, а также завод по производству двигателей и силовых передач, который производит грузовики и транзитные транспортные средства. Кроме того, компания имеет склад запасных частей, отделы продаж и маркетинга, а также центр исследований и разработок (R&D), расположенный в Санджактепе, Стамбул.",
717,US,YORUY,US98600R1086,YORUY.PK,Yokohama Rubber Co Ltd,6.121925,PNK,16,Потребительские циклические акции,1,Шины и резиновые изделия,0.0,36.85,,0.0,0.0,0.0,36.85,36.85,36.85,36.85,24.01,27.13,36.85,19.0,25.25,36.85,15.48,23.57,36.85,12.76,19.92,36.85,12.2,18.57,,"Yokohama Rubber Co Ltd — японская компания, занимающаяся в основном производством и продажей автомобильных шин и другой автомобильной продукции. Компания работает в двух бизнес-сегментах. Сегмент шинного бизнеса занимается производством и продажей шин, камер, алюминиевых колес и автомобильных аксессуаров для легковых автомобилей, грузовых автомобилей и автобусов, легких грузовиков, сельскохозяйственной техники, строительной техники, промышленной техники и лесозаготовительной техники. Сегмент множественного бизнеса (MB) занимается производством и продажей конвейерных лент, различных шлангов, крыльев, маслозаборников, морских шлангов и авиационных запчастей. Компания также занимается поставками спортивных товаров и услугами по обработке информации.",
724,US,KOTMY,US5002751023,KOTMY.PK,Koito Manufacturing Co Ltd,4.70362,PNK,17,Потребительские циклические акции,3,"Запчасти для автомобилей, грузовиков и мотоциклов",0.0,15.71,,16.77,0.0,10.36,16.0,11.9,14.16,16.0,10.43,13.08,16.69,10.43,13.51,20.3,10.43,14.89,38.7,10.43,18.92,38.7,10.43,20.08,,"Koito Manufacturing Co Ltd — японская компания, которая в основном занимается производством и продажей автомобильного осветительного оборудования, деталей самолетов, запчастей для железнодорожных транспортных средств и различного электрооборудования, а также сопутствующей логистикой. Он работает через пять сегментов в зависимости от региона. Японский сегмент занимается производством светодиодных (LED) фар, фар и вспомогательных фонарей, сигнальных огней, высоких стоп-сигналов, галогенных лампочек, различных других небольших лампочек, других осветительных приборов, оборудования управления железнодорожным транспортом, сигналов дорожного движения, систем управления движением, освещения дорог и туннелей, освещения объектов, бытового оборудования, оборудования для контроля окружающей среды, деталей самолетов и электронных компонентов, очистителей фар, сенсорных систем (LiDAR), сидений для железнодорожных транспортных средств, транспортных услуг и страховых услуг. Сегменты Северной и Южной Америки, Китая, Азии и Европы занимаются производством светодиодных фар, фар, вспомогательных фонарей и т. д.",
729,US,MMTOF,JP3899800001,MMTOF.PK,Mitsubishi Motors Corp,2.805981,PNK,18,Потребительские циклические акции,9,Производители автомобилей и грузовиков,0.0,2.5,,2.74,0.0,0.52,3.11,2.38,2.67,3.55,2.38,2.82,3.66,2.36,2.89,4.45,2.36,3.15,4.51,2.12,3.04,8.3,1.79,4.41,,"Mitsubishi Motors Corp занимается разработкой, производством и продажей автомобилей и запчастей к ним, а также финансовым бизнесом. Компания работает в двух бизнес-сегментах. Автомобильный сегмент занимается производством легковых и легковых автомобилей общего и малого размера, продажей запчастей, проверкой новых автомобилей, техническим обслуживанием и логистикой запчастей на внутренних рынках, а также производством и продажей на зарубежных рынках. Основная продукция компании включает электромобили, внедорожники и пикапы, легковые автомобили и минивэны, а также легковые автомобили. Финансовый сегмент занимается лизингом автомобилей и финансированием продаж.",
730,US,VLEEY,US9191343048,VLEEY.PK,Valeo SE,2.819671,PNK,19,Потребительские циклические акции,4,"Запчасти для автомобилей, грузовиков и мотоциклов",0.0,5.63,,6.82,5.62,6.04,7.35,5.29,6.23,7.35,3.75,5.7,7.84,3.75,5.68,12.21,3.75,6.98,20.1,3.75,9.42,40.44,3.75,16.44,,"Valeo SE — глобальный поставщик автомобилей со штаб-квартирой во Франции. Компания является технологической компанией, которая занимается разработкой, производством и продажей компонентов, интегрированных систем, модулей и услуг для автомобильного сектора. В его сегменты входят системы комфорта и помощи при вождении, системы трансмиссии, тепловые системы и системы обзора. Сегмент систем комфорта и помощи при вождении включает три группы продуктов, включая системы помощи при вождении, элементы управления салоном и подключенные автомобили. Он предлагает интеллектуальные датчики и функции, повышающие безопасность автомобиля, а также автоматизированную систему вождения. Сегмент «Системы силовых агрегатов» включает четыре группы продуктов, включая электрические системы, системы трансмиссии, системы двигателей внутреннего сгорания и электронику. Сегмент «Тепловые системы» включает пять групп продуктов, включая тепловой климат-контроль, тепловую трансмиссию, тепловые компрессоры, тепловые передние части и системы тепловых шин. Сегмент систем видимости включает системы освещения и системы стеклоочистителей.",
739,US,NKRKY,US65528V1070,NKRKY.PK,Nokian Renkaat Oyj,1.454029,PNK,20,Потребительские циклические акции,2,Шины и резиновые изделия,0.0,5.27,,5.82,0.0,4.14,5.51,3.59,4.61,5.51,3.16,4.09,5.51,3.16,4.26,6.24,3.16,4.36,21.19,3.16,7.99,25.09,3.16,11.78,,"Nokian Tyres plc — финская компания, занимающаяся производством шин. Компания диверсифицирует свою деятельность на три основных бизнес-сегмента: шины для легковых автомобилей, тяжелые шины и Vianor. Бизнес-сегмент «Шины для легковых автомобилей» включает разработку и производство летних и зимних шин для легковых автомобилей и микроавтобусов. Бизнес-сегмент «Тяжелые шины» включает шины для лесозаготовительной техники, специальные шины и сельскохозяйственную технику, тракторы и промышленную технику. Бизнес-сегмент Vianor специализируется на техническом обслуживании автомобилей и шиномонтаже. Шинная продукция охватывает все виды шин для легковых автомобилей, фургонов и грузовиков, а также тяжелой специальной техники. Помимо продукции Nokian Tyres, Vianor также представляет и продает шины других брендов. Компания диверсифицирует свою деятельность по географическим сегментам: Финляндия, Швеция, Норвегия, Прочая Европа и Северная Америка.",
744,US,JVCZY,US46636X1028,JVCZY.PK,JVCKENWOOD Corp,1.120237,PNK,21,Потребительские циклические акции,5,"Запчасти для автомобилей, грузовиков и мотоциклов",0.0,29.5,,30.12,0.0,3.69,36.1,30.0,33.05,46.62,30.0,37.0,46.62,30.0,34.91,46.62,11.94,21.73,46.62,5.29,15.04,46.62,5.29,12.64,,"JVCKENWOOD Corp — японская компания, которая в основном занимается производством и продажей продукции, связанной с мобильностью и телематическими услугами, сферой общественных услуг и сферой медиа-услуг. Компания работает в трех бизнес-сегментах. Сегмент обслуживания мобильности и телематики занимается производством и продажей аудио/визуальных (AV) систем, автомобильных навигационных систем, записывающих устройств и бортовых устройств. Сегмент сферы государственных услуг занимается производством и продажей коммерческого беспроводного оборудования, профессионального оборудования для видеонаблюдения, профессионального аудиооборудования и мониторов для отображения медицинских изображений. Сегмент Media Service Field занимается производством и продажей профессиональных видеокамер, проекторов, наушников, потребительских видеокамер, домашнего аудио, а также контрактным бизнесом в отношении такого контента, как аудио- и видеопрограммное обеспечение. Компания также предлагает запасные части и многое другое.",
745,US,THRM,US37253A1034,THRM.O,Gentherm Inc,0.830625,NSQ,22,Потребительские циклические акции,6,"Запчасти для автомобилей, грузовиков и мотоциклов",0.29,27.21,,32.3,27.0,28.91,38.55,27.83,34.92,41.09,22.75,32.87,62.93,22.75,40.85,76.12,22.75,46.5,99.0,22.75,57.07,99.0,22.75,48.02,,"Gentherm Incorporated — поставщик технологий терморегулирования и пневматического комфорта. Компания работает в двух сегментах: автомобильном и медицинском. Сегмент автомобильной отчетности включает глобальные автомобильные предприятия, включая проектирование, разработку, производство и продажу решений для автомобильного климата и комфорта (включая сиденья с климат-контролем, интерьеры с климат-контролем, решения для комфорта поясницы и массажа, а также электронные решения для технологий климата и комфорта), решения для клапанных систем и другие автомобильные продукты. Сегмент медицинской отчетности включает бизнес по управлению температурой пациентов в медицинской отрасли. Управление температурой пациента включает в себя системы управления температурой для нескольких категорий продуктов, отвечающие потребностям терапии гипергипотермии в интенсивной терапии, нормотермии при хирургических процедурах, а также дополнительных методов согревания/охлаждения, используемых в отделениях неотложной и хронической помощи, а также в внебольничных учреждениях.",
746,US,SLDP,US83422N1054,SLDP.O,Solid Power Inc,0.622031,NSQ,23,Потребительские циклические акции,7,"Запчасти для автомобилей, грузовиков и мотоциклов",3.85,2.82,,3.54,2.78,3.16,8.86,2.05,4.65,8.86,0.68,3.06,8.86,0.68,2.28,8.86,0.68,2.29,14.85,0.68,4.3,14.85,0.68,4.3,,"Solid Power, Inc. занимается разработкой технологии твердотельных аккумуляторов для электромобилей (EV) и других рынков. Компания занимается производством и распространением твердых электролитов на основе сульфидов для питания электромобилей и других применений. Его основной технологией является материал электролита. Его основной технологией является твердый электролит на основе сульфидов, который заменяет жидкий или гелеобразный электролит, используемый в традиционных литий-ионных аккумуляторных элементах. Планируемая бизнес-модель компании заключается в продаже электролитов и лицензировании конструкции элементов и производственных процессов. Он занимается производством твердотельных элементов емкостью от 0,2 Ач до 60 Ач на линиях по производству предпилотных и пилотных элементов. Компания самостоятельно производит все конструкции своих аккумуляторов, включая катоды и аноды, используя материалы, полученные от внешних поставщиков. Производимые ею клетки используются для улучшения эффективности электролитов и поддержки программ развития клеток ее партнеров.",
762,US,NXGPY,US65337A1043,NXGPY.PK,Next PLC,19.990907,PNK,24,Потребительские циклические акции,1,Розничная торговля одеждой и аксессуарами,0.0,82.54,,90.9,0.0,59.71,94.26,76.76,83.02,94.26,55.86,77.55,94.26,49.86,66.84,94.26,37.56,60.82,94.26,23.83,52.52,94.26,19.52,43.67,,"NEXT plc — британский розничный торговец одеждой, товарами для дома и косметическими товарами. Сегменты компании включают NEXT Online, NEXT Finance, розничные магазины, Total Platform и другие виды деятельности. Сегмент NEXT Online включает NEXT Online (Великобритания) и NEXT Online (международный). Ее бренды Total Platform включают Reiss, FatFace и Joules. Прочая деятельность (все остальные сегменты), включающая сегмент «Управление недвижимостью», включающий недвижимость и аренду недвижимости. В число дочерних компаний компании входят Agratech Limited, Bridgetown Holdco Limited, Lipsy Limited, Next Beauty Limited, Next Brand Limited, Next Distribution Limited, Next Holdings Limited, Next Manufacturing Limited, Next Near East Limited, Next Properties Limited, Next Retail Limited, The Next Directory Limited, Project Norwich Limited и другие.",
793,US,JUMSY,US48138V1052,JUMSY.PK,Jumbo SA,3.395631,PNK,25,Потребительские циклические акции,1,Разные специализированные магазины,0.0,28.59,,30.39,0.0,26.34,39.81,29.21,33.63,39.81,23.49,33.27,39.81,23.49,32.27,39.81,14.35,31.23,39.81,11.6,29.4,39.81,7.2,16.57,,"Jumbo SA — греческая компания, которая занимается розничной торговлей новинками в специализированных магазинах. В основном занимается розничной продажей игрушек, детских товаров, сезонных товаров, предметов декора, книг и канцелярских товаров. Кроме того, небольшую часть деятельности Компании составляет оптовая торговля игрушками и аналогичными товарами третьим лицам. Компания работает в следующих сегментах: Греция, Кипр, Болгария и Румыния. Дочерние компании компании включают: Jumbo ECR SRL, расположенную в Румынии; Jumbo Trading Ltd, базирующаяся на Кипре, а также Jumbo EC.B EOOD Sofia, базирующаяся в Болгарии. Компания управляет более чем 70 магазинами в Греции, Кипре, Болгарии и Румынии, а также интернет-магазином e-jumbo.",
796,US,ZSHGY,US98952D1037,ZSHGY.PK,Zhongsheng Group Holdings Ltd,2.498378,PNK,26,Потребительские циклические акции,1,"Розничная торговля автомобилями, запчастями и услугами",0.0,10.54,,13.67,0.0,10.59,22.0,13.31,17.05,22.0,13.31,16.43,22.88,10.99,17.0,62.57,10.99,26.17,98.97,10.99,43.59,98.97,5.68,43.29,,"Zhongsheng Group Holdings Ltd — компания, занимающаяся в основном дистрибуцией автомобилей. Основными направлениями деятельности компании являются продажа автомобилей и сопутствующих товаров, а также предоставление автомобильных услуг. Продукция компании, связанная с автомобилем, включает автомобильные компоненты, автомобильные аксессуары и другие. Услуги компании включают услуги по ремонту и техническому обслуживанию, а также услуги по детализации, бизнес по продаже подержанных автомобилей и другие услуги. Компания также занимается финансовыми услугами, связанными с автомобилями. Компания имеет дилерские центры Mercedes-Benz, Lexus, Audi, Porsche и Land Rover и других марок. Компания в основном ведет бизнес в Китае.",
801,US,MRPLY,US62476L2079,MRPLY.PK,Mr Price Group Ltd,2.273384,PNK,27,Потребительские циклические акции,2,Розничная торговля одеждой и аксессуарами,0.0,8.82,,11.3,0.0,8.44,13.29,10.19,12.03,15.58,10.01,12.45,17.0,7.78,11.92,17.0,6.08,10.05,17.94,6.08,11.37,25.65,5.53,12.43,,"Mr Price Group Limited — омниканальная розничная дистрибьюторская компания. Компания работает в пяти сегментах: одежда, дом, финансовые услуги, телекоммуникации и центральные услуги. Сегмент «Одежда» включает розничную торговлю одеждой, спортивной одеждой, обувью, спортивным инвентарем и аксессуарами. Сегмент «Дом» включает розничную торговлю товарами для дома и мебелью. В этот сегмент входят Mr Price Home, Sheet Street и Yuppiechef. Сегмент финансовых услуг управляет торговой дебиторской задолженностью Компании и продает продукты финансовых услуг. Сегмент «Телекоммуникации» продает продукты и услуги сотовой связи. Сегмент «Центральные услуги» предоставляет платные и бесплатные услуги торговым сегментам. Географические сегменты компании включают Южную Африку и международные рынки. Компания управляет более чем 2702 корпоративными магазинами, восемью франчайзинговыми магазинами в остальной части Африки и своими онлайн-каналами. Розничная сеть ориентирована на одежду, обувь, спортивную одежду, спортивные товары, аксессуары и товары для дома.",
803,US,DNLMY,US26543P1030,DNLMY.PK,Dunelm Group PLC,2.081236,PNK,28,Потребительские циклические акции,1,Розничная торговля мебелью для дома,0.0,11.0,,13.52,0.0,7.31,16.1,14.13,15.64,17.25,11.63,15.27,17.25,11.63,14.71,17.25,11.63,14.15,19.81,7.33,13.68,19.81,6.16,11.44,,"Dunelm Group plc — розничный продавец товаров для дома. Он предлагает широкий спектр продуктов, охватывающий несколько категорий товаров для дома и мебели, а также услуги, такие как оформление окон на заказ. Три основных направления деятельности компании — расширение предложения продуктов, привлечение большего количества клиентов и использование своих операционных возможностей. Он предлагает клиентам множество услуг, в том числе изготовление на заказ, «нажми и забери», а также ряд услуг по возврату. Он предлагает различные бренды, в том числе Dorma, Fogarty и Elements. У компании более 184 магазинов по всей Великобритании, а также разработано онлайн-предложение на сайте dunelm.com, которое включает доставку на дом и возможность «нажми и забери». В 155 магазинах есть кофейни Pausa. Компания разработала комплексное предложение под названием «Дом домов», включая мебель, кухонную утварь, столовую, освещение, уличную отделку, отделку и изделия своими руками. Бренд Home Focus at Hickeys предлагает широкий ассортимент тканей, готовых штор, карнизов, жалюзи, постельного белья, галантереи и товаров для рукоделия.",
804,US,MTTRY,US1500421094,MTTRY.PK,CECONOMY AG,2.378754,PNK,29,Потребительские циклические акции,1,Розничная торговля компьютерами и электроникой,0.0,0.96,,1.06,0.0,0.73,1.09,0.66,0.93,1.09,0.45,0.8,1.09,0.31,0.64,1.09,0.31,0.57,1.35,0.19,0.58,6.92,0.19,2.36,,"CECONOMY AG — немецкая компания, занимающаяся преимущественно розничной торговлей бытовой электроникой. Компания управляет тремя брендами, включая MediaMarkt, Saturn и Deutsche Technikberatung. Под торговыми марками MediaMarkt и Saturn работают розничные сети по продаже телевизоров, персональных компьютеров и планшетов, смартфонов, приставок, компьютерных игр, музыкальных плееров, бытовой техники, мелкой кухонной техники, уличного оборудования, дронов и навигационных устройств как в магазинах MediaMarkt, так и в интернет-магазине MediaMarkt, а также мобильных покупок через приложение. Бренд Deutsche Technikberatung предлагает профессиональную помощь по установке, подключению и устранению неисправностей электронных устройств.",
810,US,ARHS,US04035M1027,ARHS.O,Arhaus Inc,0.918706,NSQ,30,Потребительские циклические акции,2,Розничная торговля мебелью для дома,1.12,6.51,,8.09,6.43,7.19,12.98,7.92,10.45,13.02,6.61,9.99,19.81,6.61,11.5,19.81,6.52,10.9,19.81,4.09,10.05,19.81,4.09,10.05,,"Arhaus, Inc. — это бренд образа жизни и многоканальный розничный продавец товаров для дома премиум-класса. Компания, используя свою запатентованную модель, разрабатывает и закупает продукцию у производителей и ремесленников со всего мира. У нее около 100 выставочных залов и дизайнерских центров по всей территории Соединенных Штатов. Он предлагает товары в различных категориях, включая мебель, предметы интерьера, освещение, текстиль и декор. Предложения компании по производству мебели включают в себя мебель для спальни, столовой, гостиной и домашнего офиса, а также диваны, обеденные столы и стулья и многое другое. В ассортимент продукции для улицы входят обеденные столы, стулья, шезлонги и другая мебель, освещение и многое другое. Предложение осветительной продукции включает в себя множество оригинальных и художественных осветительных приборов. В ассортимент текстильной продукции входят ковры ручной работы для дома и улицы, постельное белье, подушки и пледы. Декор варьируется от настенных рисунков до зеркал, ваз, свечей и многих других декоративных аксессуаров.",
814,US,CWH,US13462K1097,CWH.N,Camping World Holdings Inc,0.677653,NYS,31,Потребительские циклические акции,2,"Розничная торговля автомобилями, запчастями и услугами",1.01,6.58,,8.08,5.7,6.88,19.37,9.49,14.75,24.34,9.49,16.32,28.68,9.49,19.56,32.88,9.49,21.02,49.19,9.49,26.1,49.19,3.27,24.38,,"Camping World Holdings, Inc. — розничный продавец транспортных средств для отдыха (домов на колесах) и сопутствующих товаров и услуг. Компания работает в двух сегментах: Good Sam Services and Plans и RV и Outdoor Retail. Его сегмент услуг и планов Good Sam состоит из программ, планов и услуг, направленных на защиту, страхование и продвижение образа жизни на колесах и в путешествиях, и включает в себя такие услуги, как расширенные контракты на обслуживание транспортных средств, помощь на дороге, страхование имущества и страхование от несчастных случаев, защиту путешествий, планирование поездок и каталоги, а также публикации. Сегмент розничной торговли домами на колесах и на открытом воздухе включает все аспекты дилерской деятельности на колесах, включая продажу новых и подержанных домов на колесах, помощь в финансировании новых и подержанных домов на колесах, продажу услуг и планов, связанных с защитой и страхованием для домов на колесах, обслуживание и ремонт новых и подержанных домов на колесах, установку запчастей и аксессуаров для автодомов, а также продажу товаров, запчастей и аксессуаров для автодомов и товаров для активного отдыха на открытом воздухе.",
818,US,HESAF,FR0000052292,HESAF.PK,Hermes International SCA,197.055775,PNK,32,Потребительские циклические акции,1,Одежда и аксессуары,0.0,1846.98,,2357.43,1800.5,2119.63,2909.0,2330.0,2520.45,3015.81,2200.0,2610.75,3015.81,1948.76,2463.97,3015.81,1561.2,2310.0,3015.81,982.88,1933.34,3015.81,316.0,1390.51,,"Hermes International SCA — французская компания. Компания преимущественно специализируется на проектировании, производстве и маркетинге предметов роскоши. Его продукция разделена на кожаные и шорные изделия, такие как кошельки, чемоданы, небольшие кожаные изделия, ежедневники, письменные принадлежности, седла, уздечки, предметы для верховой езды и одежда и многое другое; одежда, обувь и аксессуары; шелковые и текстильные изделия; часы и часовые изделия; парфюмерия и косметическая продукция; и другие продукты в основном включают в себя ювелирные изделия и предметы интерьера. Дочерними компаниями компании являются Castille Investissements, Compagnie Hermes de Participations, Comptoir Nouveau de la Parfumerie и Grafton Immobilier и другие. Компания работает через магазины по всему миру.",
820,US,CHDRY,US1707151064,CHDRY.PK,Christian Dior SE,91.358872,PNK,33,Потребительские циклические акции,2,Одежда и аксессуары,0.0,123.88,,148.65,0.0,121.07,179.98,121.0,149.23,210.8,118.78,147.6,232.03,118.78,165.31,243.35,118.78,178.88,243.35,118.78,177.04,243.35,38.21,143.44,,"Christian Dior SE — французская холдинговая компания, занимающаяся производством и распространением товаров народного потребления. Компания имеет шесть основных линий продукции: Christian Dior Couture, продаваемая под брендом Christian Dior; Вина и спиртные напитки, в том числе бренды Moet & Chandon, Veuve Clicquot, Hennessy и Dom Perignon и другие; Мода и изделия из кожи, в том числе бренды Louis Vuitton, Fendi, Marc Jacobs и Kenzo; Парфюмерия и косметика, включая бренды Guerlain, Живанши и Кристиан Диор и другие; Часы и ювелирные изделия, в том числе бренды TAG Heuer, Chaumet и Zenith и другие, а также селективная розничная торговля, такая как бренды Sephora, DFS и Le Bon Marche и другие. Компания распространяет свою продукцию через собственные магазины и лицензированных дистрибьюторов в Европе, США, Японии и Азиатско-Тихоокеанском регионе. Christian Dior SA имеет более 400 дочерних компаний по всему миру.",
821,US,CHDRF,FR0000130403,CHDRF.PK,Christian Dior SE,91.358872,PNK,34,Потребительские циклические акции,3,Одежда и аксессуары,0.0,568.0,,580.0,0.0,258.13,708.37,502.87,614.65,725.5,484.53,596.18,880.0,484.53,660.03,962.1,484.53,712.99,962.1,484.53,710.83,962.1,151.52,615.6,,"Christian Dior SE — французская холдинговая компания, занимающаяся производством и распространением товаров народного потребления. Компания имеет шесть основных линий продукции: Christian Dior Couture, продаваемая под брендом Christian Dior; Вина и спиртные напитки, в том числе бренды Moet & Chandon, Veuve Clicquot, Hennessy и Dom Perignon и другие; Мода и изделия из кожи, в том числе бренды Louis Vuitton, Fendi, Marc Jacobs и Kenzo; Парфюмерия и косметика, включая бренды Guerlain, Живанши и Кристиан Диор и другие; Часы и ювелирные изделия, в том числе бренды TAG Heuer, Chaumet и Zenith и другие, а также селективная розничная торговля, такая как бренды Sephora, DFS и Le Bon Marche и другие. Компания распространяет свою продукцию через собственные магазины и лицензированных дистрибьюторов в Европе, США, Японии и Азиатско-Тихоокеанском регионе. Christian Dior SA имеет более 400 дочерних компаний по всему миру.",
825,US,ADDDF,DE000A1EWWW0,ADDDF.PK,Adidas AG,27.684819,PNK,35,Потребительские циклические акции,1,Обувь,0.0,155.24,,176.51,145.65,159.64,251.0,169.5,205.1,274.6,169.5,224.68,274.6,169.5,227.96,274.6,137.46,211.78,406.19,90.01,231.59,406.19,90.01,234.67,,"Adidas AG — немецкая компания, которая проектирует, разрабатывает, производит и продает широкий спектр товаров для спорта и образа жизни. Сегменты компании включают Европу, Северную Америку, Азиатско-Тихоокеанский регион, Россию/СНГ, Латинскую Америку; Emerging Markets, Adidas Golf, Runtastic и другие предприятия с централизованным управлением. Его сегмент включает оптовую, розничную и электронную коммерцию, связанную с распространением и продажей продукции бренда Adidas розничным покупателям и конечным потребителям. Компания имеет более 2500 собственных розничных магазинов, монобрендовых франчайзинговых магазинов, магазинов в магазинах, совместных предприятий с розничными партнерами и кобрендинговых магазинов, а также канал электронной коммерции, доступный покупателям в более чем 50 странах мира. Продукция под брендом Adidas включает обувь, одежду и аксессуары, такие как сумки и мячи.",
826,US,ANPDF,KYG040111059,ANPDF.PK,ANTA Sports Products Ltd,26.716889,PNK,36,Потребительские циклические акции,4,Одежда и аксессуары,0.0,9.64,,11.15,0.0,6.88,13.5,10.01,11.27,13.5,9.44,11.0,13.97,8.05,10.42,15.67,8.05,11.17,24.92,8.05,13.33,24.92,1.89,11.44,,"ANTA Sports Products Ltd — компания, занимающаяся производством и продажей спортивных товаров. Основными направлениями деятельности компании являются бренд-маркетинг, производство, дизайн, закупки, управление цепочками поставок, оптовая и розничная торговля брендовыми спортивными товарами, включая обувь, одежду и аксессуары. Компания изучает потенциал рынка спортивных товаров через диверсифицированные бренды, включая ANTA, FILA, DESCENTE и KOLON SPORT. Продукция компании реализуется на внутреннем и международном рынках.",
827,US,ANPDY,US03662P1075,ANPDY.PK,ANTA Sports Products Ltd,26.716889,PNK,37,Потребительские циклические акции,5,Одежда и аксессуары,0.0,237.79,,266.91,237.78,249.73,347.15,254.7,285.02,347.15,231.87,285.12,349.44,203.2,269.65,396.8,203.2,278.55,615.99,203.2,320.3,615.99,57.47,254.65,,"ANTA Sports Products Ltd — компания, занимающаяся производством и продажей спортивных товаров. Основными направлениями деятельности компании являются бренд-маркетинг, производство, дизайн, закупки, управление цепочками поставок, оптовая и розничная торговля брендовыми спортивными товарами, включая обувь, одежду и аксессуары. Компания изучает потенциал рынка спортивных товаров через диверсифицированные бренды, включая ANTA, FILA, DESCENTE и KOLON SPORT. Продукция компании реализуется на внутреннем и международном рынках.",
831,US,CJEWF,KYG211461085,CJEWF.PK,Chow Tai Fook Jewellery Group Ltd,13.627145,PNK,38,Потребительские циклические акции,6,Одежда и аксессуары,0.0,1.9,,0.0,0.0,0.0,2.17,1.59,1.88,2.17,0.85,1.58,2.17,0.81,1.46,2.17,0.81,1.55,2.2,0.81,1.65,2.2,0.5,1.07,,"Chow Tai Fook Jewellery Group Ltd — инвестиционная холдинговая компания, занимающаяся в основном производством и продажей ювелирной продукции. Компания в основном занимается производством и продажей ювелирных изделий из драгоценных камней, платины и золота, а также ювелирных изделий и изделий из золота. Компания также занимается дистрибуцией часов различных марок. Компания осуществляет свой бизнес через два сегмента: бизнес в сегменте материкового Китая и бизнес в Гонконге и Макао в Китае и сегменте других рынков.",
832,US,CJEWY,US17044P1066,CJEWY.PK,Chow Tai Fook Jewellery Group Ltd,13.627145,PNK,39,Потребительские циклические акции,7,Одежда и аксессуары,0.0,14.58,,15.7,0.0,4.07,21.0,15.6,17.94,21.0,8.4,14.6,21.0,7.76,12.67,21.3,7.76,14.34,22.25,7.76,15.95,22.25,5.1,11.54,,"Chow Tai Fook Jewellery Group Ltd — инвестиционная холдинговая компания, занимающаяся в основном производством и продажей ювелирной продукции. Компания в основном занимается производством и продажей ювелирных изделий из драгоценных камней, платины и золота, а также ювелирных изделий и изделий из золота. Компания также занимается дистрибуцией часов различных марок. Компания осуществляет свой бизнес через два сегмента: бизнес в сегменте материкового Китая и бизнес в Гонконге и Макао в Китае и сегменте других рынков.",
843,US,BSDGY,US10010U1007,BSDGY.PK,Bosideng International Holdings Ltd,5.890145,PNK,40,Потребительские циклические акции,8,Одежда и аксессуары,0.0,24.96,,28.08,0.0,8.79,33.25,26.95,29.68,33.25,23.15,27.16,33.25,22.96,26.98,33.25,19.11,26.29,35.21,19.11,26.36,35.21,3.52,9.47,,"Bosideng International Holdings Ltd — холдинговая компания, занимающаяся в основном развитием и управлением портфелем своих брендов пуховой одежды. Компания осуществляет свою деятельность через четыре сегмента. Сегмент пуховой одежды занимается поиском и распространением фирменной пуховой и сопутствующей одежды, а также определенной авторизацией бренда. Сегмент управления производством оригинального оборудования (OEM) занимается поиском и распространением OEM-продукции. Сегмент женской одежды занимается поиском и распространением фирменной женской одежды. Диверсифицированный сегмент одежды занимается поиском и распространением несезонной одежды, включая школьную форму и детскую одежду.",
846,US,PMMAF,DE0006969603,PMMAF.PK,Puma SE,3.675671,PNK,41,Потребительские циклические акции,2,Обувь,0.0,24.49,,26.96,0.0,18.9,28.9,17.41,23.8,47.47,17.41,25.99,56.91,17.41,35.09,75.21,17.41,43.59,131.35,17.41,64.12,609.55,17.41,62.79,,"PUMA SE — немецкая компания, занимающаяся проектированием, разработкой, продажей и маркетингом спортивной обуви, одежды и аксессуаров. Сегменты компании включают Европу, Ближний Восток и Африку (EMEA), Америку (Северную и Латинскую Америку) и Азиатско-Тихоокеанский регион. Компания предлагает продукцию для спортивного стиля и производительности в шести бизнес-подразделениях: командный спорт, бег и тренировки, баскетбол, гольф, автоспорт, спортивный стиль, аксессуары и лицензирование. Компания занимается реализацией продукции брендов PUMA и COBRA Golf через оптовую и розничную торговлю, а также от продаж напрямую потребителям в своих розничных магазинах и интернет-магазинах. Компания продает и распространяет свою продукцию по всему миру, в основном через свои дочерние компании примерно в 120 странах. Для различных сегментов продукции, таких как парфюмерия, очки и часы, Компания выдает лицензии, разрешающие независимым партнерам проектировать, разрабатывать и продавать эту продукцию.",
853,US,BOSSY,US4445601069,BOSSY.PK,Hugo Boss AG,2.952237,PNK,42,Потребительские циклические акции,9,Одежда и аксессуары,0.0,8.31,,8.87,0.0,5.67,10.21,8.02,9.33,10.21,6.92,9.02,14.7,6.59,9.48,16.93,6.59,10.47,16.93,6.25,10.52,19.35,4.1,11.87,,"Hugo Boss AG — немецкий разработчик и продавец мужской и женской одежды и аксессуаров для международного рынка моды. В портфель ее продукции входят одежда, вечерняя и спортивная одежда, а также обувь и кожаные аксессуары, лицензированные парфюмерные изделия, очки, часы, детская мода, домашний текстиль и письменные принадлежности. В портфель брендов компании входят BOSS, BOSS Orange, Camel, Green, Black, Blue, HUGO и другие: BOSS включает деловую одежду, одежду для отдыха и вечернюю одежду, а также часы, очки и парфюмерию; BOSS Orange и BOSS Camel специализируются на женской одежде; BOSS Green – это спортивная одежда, BOSS Black – современный пошив одежды, BOSS Blue – джинсовая одежда, HUGO предлагает одежду для бизнеса и отдыха, а также обувь, аксессуары и лицензированные ароматы.",
858,US,XTEPY,US9841561098,XTEPY.PK,Xtep International Holdings Ltd,1.615217,PNK,43,Потребительские циклические акции,3,Обувь,0.0,57.89,,60.77,0.0,14.83,84.94,66.26,74.51,84.94,61.67,73.0,85.81,42.79,62.59,129.09,42.79,74.79,173.13,42.79,75.71,173.13,31.36,72.96,,"Xtep International Holdings Ltd — компания, которая в основном занимается проектированием, разработкой, производством, продажей, маркетингом и бренд-менеджментом спортивной продукции. Компания управляет тремя сегментами. В сегмент массового рынка входит фирменный бренд Xtep. В сегмент Athleisure входят фирменные бренды K0SWISS и Palladium. Сегмент профессионального спорта включает фирменные бренды Saucony и Merrell. Продукция компании включает обувь, одежду и аксессуары для взрослых и детей. Компания управляет магазинами в Азиатско-Тихоокеанском регионе, Северной Америке, на Ближнем Востоке и в Африке.",
860,US,SFRGY,US79584E1073,SFRGY.PK,Salvatore Ferragamo SpA,1.341253,PNK,44,Потребительские циклические акции,10,Одежда и аксессуары,0.0,3.94,,4.06,0.0,3.52,5.19,2.54,3.56,5.19,2.54,3.5,7.13,2.54,4.13,10.2,2.54,5.44,13.42,2.54,7.17,15.17,2.54,8.2,,"Salvatore Ferragamo SpA — итальянская компания, работающая в индустрии моды. Компания в основном создает, разрабатывает и производит текстильные изделия и обувь. Категории продукции компании отвечают за производство и продажу обуви, изделий из кожи, одежды и аксессуаров для мужчин и женщин. Продукция компании включает также парфюмерию и очки под брендом Salvatore Ferragamo и лицензионным брендом Ungaro. Продукция Компании распространяется преимущественно через сетевые фирменные магазины, управляемые как напрямую, так и через третьих лиц, а также универмаги и мультибрендовые специализированные магазины. Деятельность компании также включает лицензирование бренда Ferragamo, услуги по аренде, управлению недвижимостью и технические консультации с Zegna Group. Salvatore Ferragamo SpA работает в Европе, Северной Америке, Японии, Азиатско-Тихоокеанском регионе, Центральной и Южной Америке.",
861,US,WACLY,US9300043042,WACLY.PK,Wacoal Holdings Corp,1.300792,PNK,45,Потребительские циклические акции,11,Одежда и аксессуары,0.0,115.5,,144.62,0.0,123.67,203.51,134.85,164.69,203.51,134.85,165.15,203.51,115.3,157.37,203.51,88.0,145.28,203.51,72.29,128.09,203.51,72.29,123.22,,"Wacoal Holdings Corp — японская компания, занимающаяся в основном производством, оптовой и розничной торговлей внутренней, верхней и спортивной одеждой, а также другой текстильной и сопутствующей продукцией. Компания работает в трех бизнес-сегментах. Сегмент Wacoal Business (Внутренний рынок) занимается планированием, разработкой продукции, закупкой сырья, а также поставкой продукции конечным потребителям через отечественные универмаги, магазины массовой розничной торговли и другие магазины розничной торговли, магазины прямого управления, сайты электронной коммерции, а также внутренние и зарубежные торговые компании. Сегмент Wacoal Business (Overseas) производит и продает такую ​​продукцию, как нижнее белье. Бизнес-сегмент Peach John занимается розничной продажей продукции. Другой бизнес включает производство и продажу женского нижнего белья, кружев и товаров для рукоделия, а также занимается другим бизнесом, связанным с текстилем, арендой недвижимости и другим бизнесом.",
883,US,ARLUF,AU000000ALL7,ARLUF.PK,Aristocrat Leisure Ltd,18.839975,PNK,46,Потребительские циклические акции,1,Казино и игры,0.0,33.9,,33.9,0.0,18.13,47.56,36.15,42.06,49.34,32.84,42.56,49.34,25.06,37.69,49.34,22.14,34.26,49.34,20.11,31.66,49.34,3.98,24.77,,"Aristocrat Leisure Limited — австралийская глобальная компания по созданию развлекательного и игрового контента. Компания предлагает широкий спектр продуктов и услуг, включая электронные игровые автоматы, системы управления казино, бесплатные мобильные игры и онлайн-игры на реальные деньги. В бизнес компании входят Aristocrat Gaming, Product Madness и Aristocrat Interactive. Aristocrat Gaming — разработчик, производитель и дистрибьютор наземных игровых автоматов по всему миру. Контент Aristocrat Gaming включает в себя Dollar Storm, Buffalo Gold Revolution, Choy’s Kingdom, Aristocrat Legends, Dragon Link и Wild Wild. Product Madness включает в себя направления Product Madness (бизнес социальных слотов) и Big Fish Games. Big Fish управляет портфолио игр разных жанров, включая Cooking Craze, Gummy Drop, Big Fish Casino, JackpotMagic Slots и Fairway Solitaire. Aristocrat Interactive объединяет NeoGames, Roxor Gaming и устаревший бизнес Aristocrat Anaxi.",
910,US,SDXOF,FR0000121220,SDXOF.PK,Sodexo SA,7.500352,PNK,47,Потребительские циклические акции,1,Рестораны и бары,0.0,51.3,,51.3,0.0,5.7,63.05,49.74,56.5,81.42,49.74,62.51,89.21,49.74,71.04,89.21,49.74,71.54,89.21,48.0,63.92,96.76,37.54,70.47,,"Sodexo SA — французская компания-поставщик услуг. Компания работает в трех основных сегментах: услуги на месте, услуги по льготам и вознаграждениям и личные и домашние услуги. Его услуги на месте предоставляют настраиваемые услуги на месте, такие как общественное питание, проектирование рабочих мест, стерилизация медицинского оборудования, услуги по приему и уборке для предприятий бизнеса и администрации, здравоохранения и пожилых людей, а также образования. Услуги компании по льготам и вознаграждениям предоставляют бизнес-клиентам индивидуальные услуги для улучшения взаимодействия, признания, баланса между работой и личной жизнью, управления поездками и расходами, здоровья и благополучия. Его персональные услуги и услуги на дому охватывают три области: услуги по уходу за детьми, предназначенные для ухода за самыми маленькими детьми; консьерж-услуги, способствующие развитию и благополучию сотрудников клиентов на рабочих местах; услуги по уходу на дому для пожилых людей и взрослых, которые хотят сохранить свою независимость, наслаждаясь комфортом своего дома. Он активен по всему миру",
914,US,GIGNY,US37251T1043,GIGNY.PK,Genting Singapore Ltd,6.335637,PNK,48,Потребительские циклические акции,2,Казино и игры,0.0,26.26,,26.26,0.0,3.75,32.79,24.65,28.67,32.79,24.65,27.96,38.13,24.65,29.39,43.55,24.65,31.07,43.55,24.65,30.09,50.71,16.98,30.76,,"Genting Singapore Limited — сингапурская инвестиционная холдинговая компания. Основная деятельность Компании и ее дочерних компаний включает строительство, развитие и эксплуатацию комплексных курортов, эксплуатацию казино, предоставление услуг по продаже и маркетинговой поддержке предприятий, связанных с отдыхом и гостеприимством, а также инвестиции. Сегмент компании включает в себя «Отдых и гостиничный бизнес» и «Инвестиции». Компания владеет Resorts World Sentosa (RWS) в Сингапуре, который является курортом и комплексным курортным направлением в Азии, предлагая казино, Сингапурский океанариум, научно-исследовательский и учебный центр, аквапарк Adventure Cove, Universal Studios Singapore, отели, помещения для совещаний, мероприятий, конференций и выставок (MICE), рестораны со знаменитыми шеф-поварами и специализированные магазины розничной торговли. RWS включает в себя шесть тематических отелей примерно с 1375 гостиничными номерами.",
920,US,MCHVY,US55300R1014,MCHVY.PK,MGM China Holdings Ltd,5.355994,PNK,49,Потребительские циклические акции,3,Казино и игры,0.0,18.21,,19.89,0.0,8.45,24.13,20.21,22.14,24.13,14.17,17.75,24.13,14.17,17.1,24.13,11.54,16.02,24.13,4.46,12.24,37.79,4.46,19.98,,"MGM China Holdings Ltd — компания, которая в основном занимается деятельностью в сфере азартных игр на базе казино. Компания в основном занимается эксплуатацией казино на базе казино и связанных с ними гостиничных и курортных объектов, а также развитием комплексных курортов. Кроме того, компания занимается ресторанной и розничной торговлей.",
929,US,JBFCY,US4798301010,JBFCY.PK,Jollibee Foods Corp,3.280724,PNK,50,Потребительские циклические акции,2,Рестораны и бары,0.0,12.3,,14.54,11.65,13.03,17.99,10.95,14.57,19.0,10.95,15.35,19.74,10.95,16.1,19.74,10.95,16.25,20.85,10.95,16.26,25.56,7.65,16.69,,"Jollibee Foods Corporation — филиппинская компания, которая занимается в основном разработкой, эксплуатацией и франчайзингом ресторанов быстрого обслуживания (QSR) под торговыми названиями Jollibee, Chowking, Greenwich, Red Ribbon, Yong He King, Hong Zhuang Yuan, Mang Inasal, Burger King, Highlands Coffee, Smashburger, Tim Ho Wan, Tortazo, The Coffee Bean & Tea Leaf, Panda Express, Yoshinoya, Кофе-обжарщики Milksha и Common Man. Его сегменты включают общественное питание, франчайзинг и вспомогательные услуги. The food service segment is involved in the operations of QSRs and the manufacture of food products to be sold to Company-owned and franchised QSR outlets. Сегмент франчайзинга занимается франчайзингом концепций магазинов QSR компании. Сегмент вспомогательных услуг предоставляет услуги независимым франчайзи Компании, такие как ремонт и обслуживание торгового оборудования, подбор персонала, услуги службы поддержки и другие виды деятельности по поддержке систем QSR.",
931,US,WYNMY,US98313R1068,WYNMY.PK,Wynn Macau Ltd,3.708405,PNK,51,Потребительские циклические акции,4,Казино и игры,0.0,7.14,,7.42,6.72,7.08,9.8,7.05,8.4,9.8,5.83,7.63,10.79,5.83,7.9,13.0,5.83,8.5,21.33,3.84,9.31,39.64,3.84,15.52,,"Wynn Macau Ltd — холдинговая компания, занимающаяся в основном управлением казино-курортами. Компания осуществляет свою деятельность через два сегмента. Сегмент Wynn Macau занимается управлением казино-курортами, общественными развлекательными заведениями, отелями, ресторанами и напитками, местами отдыха и развлечений, игровыми устройствами и другим бизнесом в Макао. Сегмент Wynn Palace занимается управлением курортами-казино, общественными достопримечательностями и развлекательными предложениями, отелями, ресторанами и барами, местами отдыха и развлечений, игровыми устройствами и другим бизнесом в Макао.",
932,US,WYNMF,KYG981491007,WYNMF.PK,Wynn Macau Ltd,3.708405,PNK,52,Потребительские циклические акции,5,Казино и игры,0.0,0.7,,0.75,0.0,0.46,0.97,0.69,0.84,0.97,0.61,0.78,1.05,0.6,0.79,1.33,0.6,0.86,2.17,0.39,0.98,3.98,0.39,1.68,,"Wynn Macau Ltd — холдинговая компания, занимающаяся в основном управлением казино-курортами. Компания осуществляет свою деятельность через два сегмента. Сегмент Wynn Macau занимается управлением казино-курортами, общественными развлекательными заведениями, отелями, ресторанами и напитками, местами отдыха и развлечений, игровыми устройствами и другим бизнесом в Макао. Сегмент Wynn Palace занимается управлением курортами-казино, общественными достопримечательностями и развлекательными предложениями, отелями, ресторанами и барами, местами отдыха и развлечений, игровыми устройствами и другим бизнесом в Макао.",
933,US,MNOIY,US5626003041,MNOIY.PK,Mandarin Oriental International Ltd,3.462837,PNK,53,Потребительские циклические акции,1,"Отели, мотели и круизные линии",0.0,33.0,,0.0,0.0,0.0,,,,,,,,,,,,,,,,,,,,"Mandarin Oriental International Ltd — компания, занимающаяся главным образом инвестициями, управлением и эксплуатацией отелей и курортов. Компания осуществляет свою деятельность через три сегмента. Сегмент «Владение гостиницами» занимается арендой номеров, продажей продуктов питания и напитков, а также предоставлением других вспомогательных услуг. Сегмент брендинга и управления отелями и резиденциями занимается брендингом и управлением отелями и резиденциями. Сегмент девелопмента недвижимости занимается реконструкцией коммерческой недвижимости.",
941,US,NGCRY,US6297211012,NGCRY.PK,Nagacorp Ltd,2.190298,PNK,54,Потребительские циклические акции,6,Казино и игры,0.0,33.51,,33.51,0.0,3.72,40.0,33.1,37.25,40.0,20.04,31.44,40.0,20.04,29.34,56.56,20.04,32.24,77.82,20.04,39.79,91.74,20.04,46.46,,"NagaCorp Ltd. — камбоджийский оператор отелей, игр и развлечений. Компания в основном занимается управлением и эксплуатацией гостинично-казино комплекса NagaWorld, который представляет собой интегрированный гостинично-развлекательный комплекс. Компания имеет лицензию на казино, а также права на управление казино в радиусе 200 километров от Пномпеня (за исключением приграничной зоны Камбоджи и Вьетнама, Бокора, гор Кириром и Сиануквиля). Компания работает в двух сегментах: деятельность казино и деятельность отелей и развлечений. Сегмент деятельности казино включает всю игровую деятельность как в Naga 1, так и в Naga 2 (объединённый комплекс NagaWorld), Naga 3 и в России. Сегмент гостинично-развлекательной деятельности включает в себя деятельность в сфере отдыха, гостиничного бизнеса и развлекательных мероприятий. В ее бизнес входят Nagaworld, общественные залы, прогулка в Нагасити, отель и другие. Дочерними компаниями Компании являются NagaCorp (HK) Limited, Naga Russia Limited и другие.",
942,US,ALSSF,MXP001391012,ALSSF.PK,Alsea SAB de CV,2.537537,PNK,55,Потребительские циклические акции,3,Рестораны и бары,0.0,3.22,,3.3,0.0,1.8,3.37,2.52,2.84,3.37,1.89,2.43,4.95,1.89,2.89,4.95,1.85,2.93,4.95,1.1,2.43,4.95,0.57,2.69,,"Alsea SAB de CV — мексиканская компания, занимающаяся преимущественно сектором общественного питания. Основная деятельность компании включает в себя работу таких известных франшиз, как сети ресторанов быстрого питания Domino’s Pizza, Burger King, California Pizza Kitchen, Chili’s Grill & Bar, Italianni’s, Pei Wei Asian Diner и PF Chang’s China Bistro, а также сеть кофеен Starbucks Coffee. Кроме того, через Distribuidora e Importadora Alsea SA de CV Компания предоставляет услуги логистики и распределения продуктов питания для своих ресторанов, расположенных в Мексике. Компания осуществляет свою деятельность через многочисленные дочерние компании, такие как Cafe Sirena S de RL de CV, Operadora de Franquicias Alsea SA de CV, Operadora y Procesadora de Productos de Panificacion SA de CV, Gastrosur SA de CV и Especialistas en Restaurantes de Comida Estilo Asiatica SA de CV и другие. В мае 2014 года Компания приобрела 100% акций сети ресторанов VIPs, ранее принадлежавшей Wal Mart de Mexico SAB de CV.",
944,US,HBNB,KYG461271093,HBNB.O,Hotel101 Global Holdings Corp,1.817023,NAQ,56,Потребительские циклические акции,2,"Отели, мотели и круизные линии",0.0,7.76,,8.25,0.0,7.59,8.31,1.55,4.19,8.31,1.55,4.19,8.31,1.55,4.19,8.31,1.55,4.19,8.31,1.55,4.19,8.31,1.55,4.19,,"Hotel101 Global Holdings Corp. предоставляет высокотехнологичную платформу для гостиничного бизнеса, ориентированную на быстрый глобальный рост. У компании девять отелей под брендом Hotel101 на Филиппинах, находящихся на разных стадиях эксплуатации и развития, а также три проекта, находящихся в разработке за рубежом: на Хоккайдо (Япония), Мадриде (Испания) и Лос-Анджелесе (США). Он управляет 1 миллионом номеров в 100 странах мира, причем на среднесрочную перспективу первоначально определены 25 стран. В число его отелей/проектов входят Hotel101-Manila; Отель101-Форт; Отель 101 – Аэропорт Себу Мактан; Башня Инджап и другие. Услуги отеля Hotel101-Manila включают ежедневную уборку, круглосуточную охрану, обслуживание в аэропорту и круглосуточный резервный электрогенератор. Hotel101-Fort — это 33-этажный отель для бизнеса и отдыха, расположенный на углу C5 Road, Target Street, Taguig City, Metro Manila. Отель расположен на участке площадью 1224 квадратных метра и располагает современными удобствами, специализированными розничными магазинами и ресторанами, которые обеспечивают непревзойденное гостеприимство.",
946,US,SJMHY,US78428L1035,SJMHY.PK,SJM Holdings Ltd,1.894951,PNK,57,Потребительские циклические акции,7,Казино и игры,0.0,1.28,,1.28,0.0,0.26,1.59,0.98,1.31,1.59,0.93,1.18,1.7,0.93,1.28,2.55,0.93,1.52,5.22,0.93,2.41,5.27,0.93,2.81,,"SJM Holdings Limited — это инвестиционная холдинговая компания со штаб-квартирой в Гонконге, которая в основном занимается игровым бизнесом. Компания в основном работает в двух сегментах. Сегмент игровых операций занимается эксплуатацией казино и связанных с ними объектов. В этот сегмент входят, среди прочего, предприятия очень важных персон (VIP), предприятия массового рынка и предприятия по производству игровых автоматов. Он управляет казино Babylon, Casino Casa Real, Casino Diamond и Casino Emperor Palace и другими. Сегмент «Операции гостиничного и общественного питания» занимается эксплуатацией гостиниц, а также предоставлением общественного питания и сопутствующих услуг. В число его отелей входит, среди прочего, отель Grand Lisboa.",
947,US,SJMHF,HK0880043028,SJMHF.PK,SJM Holdings Ltd,1.894951,PNK,58,Потребительские циклические акции,8,Казино и игры,0.0,0.26,,0.29,0.0,0.13,0.43,0.3,0.36,0.43,0.27,0.34,0.43,0.27,0.33,0.64,0.27,0.38,1.48,0.27,0.64,1.48,0.27,0.81,,"SJM Holdings Limited — это инвестиционная холдинговая компания со штаб-квартирой в Гонконге, которая в основном занимается игровым бизнесом. Компания в основном работает в двух сегментах. Сегмент игровых операций занимается эксплуатацией казино и связанных с ними объектов. В этот сегмент входят, среди прочего, предприятия очень важных персон (VIP), предприятия массового рынка и предприятия по производству игровых автоматов. Он управляет казино Babylon, Casino Casa Real, Casino Diamond и Casino Emperor Palace и другими. Сегмент «Операции гостиничного и общественного питания» занимается эксплуатацией гостиниц, а также предоставлением общественного питания и сопутствующих услуг. В число его отелей входит, среди прочего, отель Grand Lisboa.",
950,US,SSPPF,GB00BGBN7C04,SSPPF.PK,SSP Group PLC,1.798392,PNK,59,Потребительские циклические акции,4,Рестораны и бары,0.0,2.51,,0.0,0.0,0.0,2.5,1.71,2.26,2.5,1.71,2.22,2.91,1.71,2.45,3.39,1.71,2.78,5.5,1.71,3.22,8.44,1.71,3.99,,"SSP Group plc — британский оператор точек питания и напитков в туристических местах. Компания специализируется на проектировании, создании и эксплуатации ряда точек питания и напитков в аэропортах, вокзалах и других туристических центрах шести форматов: рестораны с сидячими местами и быстрого обслуживания, бары, кафе, комнаты отдыха и магазины товаров повседневного спроса. В его обширном портфолио брендов представлены международные, национальные и местные бренды. Его сегменты включают Северную Америку, континентальную Европу, Великобританию, Азиатско-Тихоокеанский регион и EEME. Сегмент Северной Америки включает операции в США, Канаде и Бермудских островах. Сегмент континентальной Европы включает операции в странах Северной Европы, а также в Западной и Южной Европе. Сегмент Великобритании включает операции в Великобритании и Ирландии. Сегмент APAC и EEME включает операции в Азиатско-Тихоокеанском регионе, Индии, Восточной Европе и на Ближнем Востоке, а также в Южной Америке. Компания работает примерно в 38 странах.",
958,US,DMZPY,US25754L1089,DMZPY.PK,Domino's Pizza Enterprises Ltd,1.049993,PNK,60,Потребительские циклические акции,5,Рестораны и бары,0.0,6.35,,8.62,0.0,4.16,7.39,3.96,5.73,12.46,3.96,7.29,19.29,3.96,9.32,25.85,3.96,10.44,59.9,3.96,17.3,59.9,3.96,17.92,,"Domino's Pizza Enterprises Limited — австралийская компания, которая занимается управлением розничными точками питания и оказанием франчайзинговых услуг. Компания работает в трех сегментах: Австралия/Новая Зеландия (ANZ), Европа и Азия. Меню компании состоит из пиццы Domino's, в том числе пиццы премиум-класса, традиционной пиццы, максимальной стоимости, ценовой категории, пиццы ценовой категории, веганской линейки, «Сделай сам», Meltzz, загруженного картофеля фри, пиццы-пасты, гарниров, курицы, напитков и десертов. Его гарниры включают пикантные гарниры и куриные гарниры. Его загруженный картофель фри включает в себя картофель фри с мясом для барбекю, картофель фри с огнедышащим, картофель фри с беконом и сыром и картофель фри с сыром. Его паста-пицца включает макароны со свиной грудинкой в ​​коптильне, макароны The Lot, макароны с курицей «Баффало» и беконом, макароны «Просто макароны с сыром», макароны «Просто макароны с беконом и сыром». Напитки компании включают солодовый ванильный густой коктейль, шоколадно-солодовый густой коктейль и шоколадно-солодовый густой коктейль со сливками.",
959,US,BH.A,US08986R4083,BHa.N,Biglari Holdings Inc,0.998701,NYS,61,Потребительские циклические акции,6,Рестораны и бары,0.0,1658.03,,1817.83,1570.0,1688.36,1897.52,1346.39,1579.05,1897.52,999.01,1380.02,1897.52,746.2,1215.87,1897.52,687.51,1102.3,1897.52,525.01,939.67,1897.52,254.99,812.81,,"Biglari Holdings Inc. — холдинговая компания, владеющая дочерними компаниями, занимающимися различными видами деятельности, включая страхование и перестрахование имущества и от несчастных случаев, лицензирование и средства массовой информации, рестораны, а также нефть и газ. Ресторанная деятельность Компании осуществляется через две дочерние компании: Steak n Shake Inc. (Steak n Shake) и Western Sizzlin Corporation (Western Sizzlin). Деятельность по страхованию и перестрахованию осуществляется через дочерние компании, а именно: «Страховую компанию «Первая гвардия»» и ее дочернее агентство «1-я гвардейская корпорация» («Первая гвардия»); компания Southern Pioneer по страхованию имущества и от несчастных случаев и ее дочернее агентство Southern Pioneer Insurance Agency, Inc. (Southern Pioneer); и Biglari Reinsurance Ltd. Ее нефтегазовые операции осуществляются через две компании: Southern Oil Company (Southern Oil) и Abraxas Petroleum Corporation (Abraxas Petroleum). Компания Southern Oil управляет месторождениями нефти и природного газа на шельфе в водах штата Луизиана.",
960,US,BH,US08986R3093,BH.N,Biglari Holdings Inc,0.998701,NYS,62,Потребительские циклические акции,7,Рестораны и бары,0.03,311.34,,346.02,294.0,316.23,379.24,269.77,320.52,379.24,196.69,279.0,379.24,147.0,232.99,379.24,137.01,213.28,379.24,106.1,184.63,379.24,38.49,186.01,,"Biglari Holdings Inc. — холдинговая компания, владеющая дочерними компаниями, занимающимися различными видами деятельности, включая страхование и перестрахование имущества и от несчастных случаев, лицензирование и средства массовой информации, рестораны, а также нефть и газ. Ресторанная деятельность Компании осуществляется через две дочерние компании: Steak n Shake Inc. (Steak n Shake) и Western Sizzlin Corporation (Western Sizzlin). Деятельность по страхованию и перестрахованию осуществляется через дочерние компании, а именно: «Страховую компанию «Первая гвардия»» и ее дочернее агентство «1-я гвардейская корпорация» («Первая гвардия»); компания Southern Pioneer по страхованию имущества и от несчастных случаев и ее дочернее агентство Southern Pioneer Insurance Agency, Inc. (Southern Pioneer); и Biglari Reinsurance Ltd. Ее нефтегазовые операции осуществляются через две компании: Southern Oil Company (Southern Oil) и Abraxas Petroleum Corporation (Abraxas Petroleum). Компания Southern Oil управляет месторождениями нефти и природного газа на шельфе в водах штата Луизиана.",
961,US,HKSHY,US43858X1000,HKSHY.PK,Hongkong and Shanghai Hotels Ltd,1.283276,PNK,63,Потребительские циклические акции,3,"Отели, мотели и круизные линии",0.0,15.92,,17.5,0.0,4.18,17.93,12.83,15.06,17.93,12.01,14.45,18.78,12.01,14.8,21.7,12.01,16.53,21.7,12.01,17.16,40.52,12.01,22.45,,"Hongkong and Shanghai Hotels Ltd — инвестиционная холдинговая компания, занимающаяся главным образом гостиничным бизнесом. Компания осуществляет свою деятельность через три сегмента. Сегмент «Отели» занимается управлением гостиницами, сдачей в аренду коммерческих торговых залов. Сегмент коммерческой недвижимости занимается строительством, сдачей в аренду и продажей жилых квартир, сдачей в аренду торговых и офисных помещений, а также открытием в таких помещениях точек питания и напитков. Сегмент «Клубы и услуги» занимается эксплуатацией полей для гольфа, трамвая Peak Tram, розничной торговлей продуктами питания и напитками, услугами прачечной, а также предоставлением управленческих и консультационных услуг для клубов.",
964,US,HDL,US86803S1069,HDL.O,Super Hi International Holding Ltd,0.977175,NMQ,64,Потребительские циклические акции,8,Рестораны и бары,0.0,14.98,,17.08,0.0,14.99,21.21,16.06,18.54,29.94,16.06,20.91,30.0,13.94,19.62,30.0,13.94,19.62,30.0,13.94,19.62,30.0,13.94,19.62,,"Super Hi International Holding Ltd. — инвестиционная холдинговая компания со штаб-квартирой в Сингапуре. Компания управляет ресторанным брендом китайской кухни и управляет рестораном Haidilao с горячими блюдами на международном рынке. У компании около 122 ресторанов самообслуживания в 14 странах на четырех континентах, таких как Азия, Северная Америка, Европа и Океания. Его рестораны предлагают практически все фирменные позиции меню Haidilao, в том числе четыре фирменные суповые основы, а именно основу для супа в сычуаньском стиле с пряным растительным маслом, основу для томатного супа, основу для грибного супа и основу для пикантного костного супа, а также фирменные блюда Лаопай, в том числе классические ингредиенты для горячего в сычуаньском стиле, такие как говяжий рубец, паста из креветок и лапша, приготовленная вручную. Кроме того, в его ресторанах также есть фирменный бар с соусами и приправами самообслуживания Haidilao, позволяющий гостям смешивать и сочетать различные соусы для макания и гарниры по своему вкусу. Рестораны компании в Японии предлагают традиционные суповые основы в японском стиле.",
965,US,PYTCY,US72814K1007,PYTCY.PK,Playtech PLC,1.337594,PNK,65,Потребительские циклические акции,9,Казино и игры,0.0,8.74,,9.68,0.0,7.29,10.0,6.23,7.77,36.0,6.23,16.19,36.0,6.23,16.15,36.0,6.23,15.85,36.0,6.23,14.76,36.0,4.52,15.02,,"Playtech plc — технологическая компания, специализирующаяся на поставке программного обеспечения, услуг, контента и платформенных технологий для азартных игр на основе бизнес-аналитики по всем вертикалям продуктов, включая казино, живое казино, ставки на спорт, бинго и покер. Сегменты компании включают B2B и B2C. Сегмент B2B предоставляет технологии операторам азартных игр. В сегмент B2C входят Sun Bingo и Other B2C. Платформа управления учетными записями игроков (PAM+) компании предлагает надежное универсальное омниканальное решение для полной прозрачности и контроля жизненного цикла игрока, позволяя игрокам беспрепятственно переходить между играми и платформами с помощью одной учетной записи и кошелька. Платформа PAM+ также включает инструменты взаимодействия и продвижения игроков, управление взаимоотношениями с клиентами (CRM), поддержку нескольких юрисдикций, расширенную сегментацию на основе данных, данные об игроках в реальном времени, эффективное обнаружение и предотвращение оттока, мощные функции ответственной игры и готовые интеграции.",
966,US,FWRG,US33748L1017,FWRG.O,First Watch Restaurant Group Inc,0.618107,NSQ,66,Потребительские циклические акции,9,Рестораны и бары,1.99,10.11,,13.16,10.09,11.97,19.53,14.82,17.14,22.71,12.9,17.56,25.98,12.9,18.4,25.98,12.9,17.99,25.98,11.57,17.37,25.98,11.57,17.37,,"First Watch Restaurant Group, Inc. — компания, занимающаяся концепцией дневного питания. Компания занимается подачей завтраков, бранчей и обедов на заказ из свежих ингредиентов. В его меню входят изысканные классические блюда, а также такие фирменные блюда, как киноа Power Bowl, лимонные блины с рикоттой, чикичанга, свежевыжатый сок «Утренняя медитация» и фирменный бекон на миллион долларов. Она управляет и предоставляет франшизу ресторанам в 29 штатах, работающих под торговой маркой First Watch, которые ориентированы на приготовление завтраков, поздних завтраков и обедов на заказ. Он использует различные маркетинговые каналы, включая партнерские отношения, взаимодействие в социальных сетях, цифровой маркетинг, прямую почтовую рассылку, инициативы по связям с общественностью и спонсорство местных сообществ, общение по электронной почте, рекламные акции и партнерские отношения. Компания управляет ресторанами через свою дочернюю компанию First Watch Restaurants, Inc. и является франчайзером через свою дочернюю компанию First Watch Franchise Development Co.",
987,US,RGLXY,US74973Y1038,RGLXY.PK,RTL Group SA,6.508757,PNK,67,Потребительские циклические акции,1,Вещание,0.0,3.55,,4.54,0.0,1.92,5.27,3.24,4.05,5.27,3.2,3.98,5.27,2.44,3.66,5.43,2.44,3.79,6.71,2.44,4.33,9.2,2.44,6.14,,"RTL Group SA — медиа-группа со штаб-квартирой в Люксембурге, занимающаяся оказанием услуг теле- и радиовещания, производством и распространением телевизионного контента. Он разделен на шесть сегментов, включая Media Group RTL Germany, Groupe MSix, FremantleMedia, RTL Нидерланды, RTL Бельгия и Французское радио. Ей принадлежат телеканалы и радиостанции в Германии, Франции, Бельгии, Нидерландах, Люксембурге, Испании, Венгрии и Хорватии. Через свои дочерние компании и радиостанции RTL Group SA занимается производством телевизионного контента, теле- и радиовещанием в таких форматах, как шоу талантов и игровые шоу, драматические и ежедневные мыльные оперы, спорт и новости, среди других. Он инвестирует в канадскую компанию BroadbandTV и владеет контрольным пакетом акций. Он также работает через United Screens и веб-сайт Girls.fr. FremantleMedia владеет 75% контрольного пакета акций 495 Productions.",
993,US,DNTUY,US2490341094,DNTUY.PK,Dentsu Group Inc,4.431105,PNK,68,Потребительские циклические акции,1,Реклама и маркетинг,0.0,16.45,,18.25,16.38,17.32,23.56,18.37,20.83,24.39,18.01,21.29,32.7,18.01,24.43,36.91,18.01,26.75,41.5,18.01,28.97,49.5,16.85,30.09,,"Dentsu Group Inc — японская компания, занимающаяся преимущественно предоставлением коммуникационных услуг с упором на рекламу. Компания работает в четырех бизнес-сегментах, включая Японию, Америку, Европу, Ближний Восток и Африку (EMEA) и Азиатско-Тихоокеанский регион (APAC). Рекламный бизнес Компании включает в себя выполнение рекламной работы для газет, журналов, радио, телевидения, Интернета, стимулирования сбыта, кино, наружной рекламы, транспорта и других областей, а также планирование, производство и маркетинг рекламных выражений, связей с общественностью (PR) и контент-услуг. Деятельность Компании в области информационных услуг включает продажу информационных услуг и информационных продуктов. Другие виды деятельности включают предоставление специализированных функций в корпоративной сфере, аренду офисов и строительные услуги. Через свои дочерние компании Компания занимается рекламой и услугами, связанными с рекламой, информационными услугами и другими услугами.",
994,US,DNTUF,JP3551520004,DNTUF.PK,Dentsu Group Inc,4.431105,PNK,69,Потребительские циклические акции,2,Реклама и маркетинг,0.0,18.0,,18.0,0.0,2.57,24.07,17.07,21.47,26.51,17.07,22.41,34.0,17.07,24.45,36.45,17.07,26.03,38.76,17.07,27.87,54.92,16.82,30.17,,"Dentsu Group Inc — японская компания, занимающаяся преимущественно предоставлением коммуникационных услуг с упором на рекламу. Компания работает в четырех бизнес-сегментах, включая Японию, Америку, Европу, Ближний Восток и Африку (EMEA) и Азиатско-Тихоокеанский регион (APAC). Рекламный бизнес Компании включает в себя выполнение рекламной работы для газет, журналов, радио, телевидения, Интернета, стимулирования сбыта, кино, наружной рекламы, транспорта и других областей, а также планирование, производство и маркетинг рекламных выражений, связей с общественностью (PR) и контент-услуг. Деятельность Компании в области информационных услуг включает продажу информационных услуг и информационных продуктов. Другие виды деятельности включают предоставление специализированных функций в корпоративной сфере, аренду офисов и строительные услуги. Через свои дочерние компании Компания занимается рекламой и услугами, связанными с рекламой, информационными услугами и другими услугами.",
996,US,CYGIY,US23248D1054,CYGIY.PK,CyberAgent Inc,4.179945,PNK,70,Потребительские циклические акции,3,Реклама и маркетинг,0.0,4.55,,4.7,0.0,3.32,6.25,4.75,5.34,6.25,3.12,4.17,6.25,2.88,3.66,6.25,2.54,3.65,11.1,2.54,5.66,11.1,2.44,5.6,,"CyberAgent Inc — японская компания, которая в основном занимается медиа-бизнесом, интернет-рекламой, игровым бизнесом, инвестиционным бизнесом и другими. Компания работает в пяти бизнес-сегментах. Медиа-сегмент занимается работой ABEMA, нового телевидения (ТВ) будущего, WINTICKET, сервиса интернет-голосования, который позволяет пользователям смотреть прямые трансляции вело- и автогонок и делать ставки онлайн, сервиса блогов Ameba и Tapple, приложения для знакомств, которое объединяет людей посредством хобби. Сегмент интернет-рекламы занимается рекламным бизнесом, искусственным интеллектом (ИИ) и другими. Игровой сегмент занимается игровым бизнесом для смартфонов. Сегмент «Инвестиционное развитие» занимается венчурным бизнесом. Сегмент «Другое» занимается бизнесом по управлению краудфандингом.",
998,US,ITVPY,US45069P1075,ITVPY.PK,ITV PLC,3.74351,PNK,71,Потребительские циклические акции,2,Вещание,0.0,9.74,,11.53,9.74,10.58,12.04,8.67,10.63,12.04,8.36,10.22,12.04,7.02,9.73,12.04,7.02,9.52,19.79,5.98,10.91,40.38,5.98,15.66,,"ITV plc — вертикально интегрированный продюсер, вещательная компания и стример, в состав которого входят ITV Studios и Media & Entertainment (M&E). Компания работает в двух сегментах: Media & Entertainment и ITV Studios. ITV Studios — создатель, владелец и дистрибьютор контента, работающий в более чем 13 странах и на 60 лейблах; диверсифицированный по жанрам, географии и клиентам на ключевых рынках по всему миру. ITV имеет портфолио лейблов в Великобритании, США и за рубежом, которые создают и производят высококачественный контент, имеющий глобальную привлекательность как для вещателей бесплатного вещания (FTA), так и для потоковых платформ. Посредством M&E Компания предоставляет зрителям контент через ITVX, свой бесплатный потоковый сервис, финансируемый рекламодателями, а также свои бесплатные линейные телеканалы и сторонних партнеров. ITV также предлагает рекламодателям сочетание массового охвата, целевой рекламы, а также коммерческого и творческого партнерства.",
1000,US,SGAMY,US8157941027,SGAMY.PK,Sega Sammy Holdings Inc,3.323065,PNK,72,Потребительские циклические акции,1,Развлекательное производство,0.0,3.84,,4.42,3.65,4.07,6.16,3.65,4.94,6.16,3.65,4.94,6.16,2.89,4.41,6.16,2.89,4.43,6.16,2.89,4.18,6.16,2.18,3.75,,"Sega Sammy Holdings Inc — японская компания, занимающаяся производством игровых автоматов, развлекательным контентом и курортным бизнесом. Компания работает в трех бизнес-сегментах. Сегмент игровых автоматов занимается разработкой, производством и продажей автоматов пачисло и автоматов пачинко. Сегмент развлекательного контента занимается разработкой и продажей упакованных игр и развлекательного оборудования, ориентированного на цифровые игры, разработкой и эксплуатацией развлекательных заведений, планированием, производством и продажей анимационных фильмов, а также разработкой, производством и продажей игрушек. Курортный сегмент занимается строительством и эксплуатацией отелей и полей для гольфа в комплексном курортном бизнесе и других объектах бизнеса.",
1006,US,HKUOY,US4053281055,HKUOY.PK,Hakuhodo DY Holdings Inc,2.492673,PNK,73,Потребительские циклические акции,4,Реклама и маркетинг,0.0,12.74,,13.77,0.0,5.9,16.95,14.08,15.41,16.95,14.08,15.34,18.69,14.08,15.95,23.57,13.88,17.2,35.29,13.73,18.97,35.29,13.73,20.96,,"Hakuhodo DY Holdings Inc — японская компания, занимающаяся преимущественно маркетинговыми услугами. Компания занимается предоставлением специализированных маркетинговых услуг, включая разработку маркетинговых стратегий компаний-клиентов и различных маркетинговых планов, работу с рекламными средствами, такими как газеты, журналы, радио, телевидение, Интернет и наружная реклама, производство рекламы, консалтинг, исследования, стимулирование продаж, связи с общественностью и организацию мероприятий на внутреннем и зарубежных рынках.",
1013,US,WLYB,US9682233054,WLYB.K,John Wiley & Sons Inc,1.953433,NYQ,74,Потребительские циклические акции,1,Потребительское издательство,0.0,38.56,,38.56,0.0,29.35,44.16,30.1,36.98,46.81,30.1,39.4,52.9,30.1,40.59,52.9,28.35,39.06,65.63,28.35,43.89,71.4,28.35,47.61,,"John Wiley & Sons, Inc. — издатель. Контент, услуги, платформы и сети знаний Компании созданы с учетом потребностей ее клиентов и партнеров, включая исследователей, студентов, преподавателей, специалистов, учреждения и корпорации. Его сегменты включают исследования, обучение и выставление на продажу или продажу. Сегмент исследований предоставляет рецензируемые научные, технические и медицинские (STM) публикации, контент-платформы и сопутствующие услуги академическим, корпоративным и государственным клиентам, академическим обществам и отдельным исследователям. Категории публикаций журналов включают социальные и гуманитарные науки, а также науки о жизни. Сегмент обучения предоставляет научные, профессиональные и образовательные печатные и цифровые книги, цифровые учебные материалы для библиотек, корпораций, студентов, специалистов и исследователей, а также услуги по оценке для предприятий и специалистов. Ее предприятия расположены в США, Великобритании, Индии, Шри-Ланке и Германии.",
1015,US,PBSFY,US7434762024,PBSFY.PK,Prosiebensat 1 Media SE,1.071474,PNK,75,Потребительские циклические акции,3,Вещание,0.0,1.1,,1.28,0.0,0.76,2.3,1.28,1.65,2.3,1.19,1.64,2.3,1.14,1.61,2.69,1.14,1.75,5.61,1.14,2.79,13.22,1.14,5.36,,"Prosiebensat 1 Media SE — немецкая компания. Компания в основном занимается развлечениями и информационно-развлекательными мероприятиями. Ее бизнес-сегменты включают сегмент развлечений, который управляет бесплатным телевидением, станциями платного телевидения и потоковой платформой Joyn, финансируемой за счет рекламы. Сегмент Commerce & Ventures, который инвестирует рекламное время в компании цифровой коммерции с бизнес-моделями, ориентированными на потребителя, и сегмент Dating & Video, который охватывает широкий спектр предложений от онлайн-знакомств до социальных развлечений.",
1017,US,SBGI,US8292421067,SBGI.O,Sinclair Inc,0.943939,NSQ,76,Потребительские циклические акции,4,Вещание,0.54,13.18,,15.96,12.78,14.09,17.88,11.89,14.6,17.88,11.89,14.64,18.45,11.13,14.56,22.41,9.39,14.62,39.6,9.39,19.41,66.57,9.39,25.67,,"Sinclair, Inc. — диверсифицированная медиакомпания, поставщик местных новостей и спорта. Компания работает в двух сегментах: местные СМИ и теннис. Сегмент местных СМИ состоит в основном из вещательных телевизионных станций, которыми Компания владеет, управляет или которым Компания предоставляет услуги, и включает сети многоадресной передачи и оригинальный контент. Сегмент тенниса состоит в основном из Tennis Channel, кабельной сети, которая включает в себя освещение большинства ведущих теннисных турниров, а также оригинальные профессиональные передачи о спорте и теннисе; служба подписки и потокового вещания Tennis Channel International; потоковый сервис Tennis Channel; TennisChannel 2, круглосуточный бесплатный потоковый телеканал с рекламной поддержкой, и Tennis.com. Компания владеет, управляет и/или предоставляет услуги примерно 185 телевизионным станциям на 85 рынках, связанным со всеми основными вещательными сетями. В число его многоадресных сетей входят CHARGE, Comet, ROAR и The Nest.",
1018,US,NMAX,US65250K1051,NMAX.K,Newsmax Inc,0.666354,NYQ,77,Потребительские циклические акции,5,Вещание,1.25,5.16,,7.85,5.15,6.77,15.98,7.31,11.55,265.0,7.31,16.68,265.0,7.31,16.68,265.0,7.31,16.68,265.0,7.31,16.68,265.0,7.31,16.68,,"Newsmax, Inc. — холдинговая компания, владеющая 100% акций своей операционной компании Newsmax Media, Inc. (Newsmax Media). Newsmax Media — телекомпания и издатель мультиплатформенного контента. Сегмент вещания компании производит и лицензирует новости, деловые новости и контент, посвященный образу жизни, для распространения в первую очередь через дистрибьюторов многоканальных видеопрограмм (MVPD), включая системы кабельного телевидения, операторов спутникового вещания прямого вещания и телекоммуникационные компании, в основном в Соединенных Штатах. Цифровой сегмент включает онлайн-рекламу, включая онлайн-дисплей, рекламу по электронной почте, другие онлайн-размещения и печатную рекламу, подписки, включая сборник специализированных медицинских и финансовых информационных бюллетеней, журнал Newsmax Magazine и четыре онлайн-программы членства, а также электронную коммерцию через свои дочерние компании, которые продают нутрицевтики и научно-популярные книги на политические, финансовые и связанные со здоровьем темы.",
1019,US,CRTO,US2267181046,CRTO.O,Criteo SA,0.87054,NSQ,78,Потребительские циклические акции,5,Реклама и маркетинг,0.31,17.46,,19.79,16.71,18.11,26.52,19.0,22.05,47.26,19.0,27.6,49.93,19.0,32.67,49.93,19.0,31.76,49.93,17.64,31.68,56.0,5.89,30.27,,"Criteo SA — французская компания, специализирующаяся на цифровом перформанс-маркетинге. Его решение состоит из Criteo Engine, информационных ресурсов компании, доступа к инвентарю, а также платформ рекламодателей и издателей. Criteo Engine состоит из различных алгоритмов машинного обучения, таких как алгоритмы прогнозирования, рекомендаций, ставок и креатива, а также глобальной аппаратной и программной инфраструктуры. Criteo Engine доставляет рекламу через множество маркетинговых каналов и форматов, включая медийные рекламные баннеры, собственные рекламные баннеры и маркетинговые сообщения, доставляемые на указанные адреса электронной почты. Рекламные объявления доставляются на все устройства и экраны, включая веб-браузеры настольных компьютеров и ноутбуков, мобильные веб-браузеры смартфонов и планшетов, а также мобильные приложения. Компания работает примерно в 90 странах через сеть из более чем 30 международных офисов, расположенных в Европе, Америке и Азиатско-Тихоокеанском регионе.",
1024,US,GMWKF,GB0003718474,GMWKF.PK,Games Workshop Group PLC,7.831948,PNK,79,Потребительские циклические акции,1,Игрушки и детские товары,0.0,238.2,,256.6,223.0,236.32,274.73,185.0,220.42,274.73,155.0,212.98,274.73,117.04,188.74,274.73,100.79,176.97,274.73,63.71,161.17,274.73,5.72,111.97,,"Games Workshop Group PLC разрабатывает и производит миниатюрные фигурки и игры и распространяет их через собственную сеть розничных магазинов, независимых розничных продавцов и через Интернет через глобальные интернет-магазины. Компания ведет производственную деятельность в Великобритании и продает в основном в Великобритании, континентальной Европе, Северной Америке, Австралии, Новой Зеландии и Азии. Компания также предоставляет лицензии третьим лицам на разработку видеоигр, игр для персональных компьютеров, мультимедиа и других продуктов, использующих интеллектуальную собственность Компании. Его сегменты включают ядро ​​и лицензирование. Ее основной сегмент занимается разработкой, производством и продажей фэнтезийных миниатюр и сопутствующих товаров. Сюда также входят доходы и расходы, связанные с Warhammer+. Его основной сегмент разделен на каналы, такие как торговля; Розничная торговля; Онлайн; Проектирование, производство, логистика и операции, а также Группа. В число ее продуктов входят, среди прочего, вселенные Warhammer 40,000 и Warhammer: Age of Sigmar.",
1031,US,YAMCY,US9846271099,YAMCY.PK,Yamaha Corp,3.456314,PNK,80,Потребительские циклические акции,1,Рекреационные товары,0.0,7.01,,7.76,0.0,5.77,7.36,6.33,6.78,8.29,6.23,6.95,9.03,6.02,7.22,13.97,6.02,8.59,23.15,6.02,11.77,23.15,6.02,13.0,,"Yamaha Corp — японская компания, занимающаяся в основном производством музыкальных инструментов, аудиооборудования и другими видами деятельности. Компания работает в двух бизнес-сегментах. Бизнес-сегмент «Музыкальные инструменты» производит и продает музыкальные инструменты, управляет музыкальными школами и другими учреждениями, а также производит и продает программное обеспечение для музыки и видео. Бизнес-сегмент аудиооборудования предлагает различные решения как для потребительского, так и для коммерческого использования. Он состоит из широкого спектра продукции: от домашнего аудиооборудования, оборудования для производства и распространения музыки, профессионального аудиооборудования и сетевого оборудования. Компания также занимается бизнесом по производству компонентов и оборудования, включая электронные устройства, компоненты автомобильного интерьера и оборудование для автоматизации производства (FA), а также бизнесом по продаже товаров для гольфа и курортным бизнесом.",
1035,US,WGO,US9746371007,WGO.N,Winnebago Industries Inc,0.891786,NYS,81,Потребительские циклические акции,2,Рекреационные товары,0.35,31.55,,38.99,31.18,34.62,47.74,28.48,34.73,50.78,28.0,36.09,74.09,28.0,48.49,75.39,28.0,53.13,87.53,28.0,57.84,87.53,15.41,47.7,,"Winnebago Industries, Inc. производит автомобили для отдыха (дома на колесах) и морскую продукцию с диверсифицированным портфолио, используемое в основном для туристических путешествий и активного отдыха. Компания также разрабатывает и производит передовые аккумуляторные решения, которые обеспечивают электроэнергию в доме, поддерживают внутренние электрические функции и устройства для различных уличных устройств, включая автодома, лодки, специальные и другие низкоскоростные транспортные средства, а также для других промышленных применений. В ее сегменты входят буксируемые буксиры Grand Design, буксируемые Winnebago, автодома Winnebago, автодома Newmar, морские пехотинцы Chris-Craft, морские пехотинцы Barletta, специальные автомобили Winnebago и Lithionics. Компания производит буксируемые автодома в Индиане; ее подразделения автодомов в Айове и Индиане; ее подразделения морской пехоты в Индиане и Флориде; и ее решения для аккумуляторов во Флориде. Компания распространяет свою продукцию для автодомов и морского транспорта в основном через независимых дилеров на всей территории США и Канады, которые затем продают продукцию конечному потребителю.",
1061,US,SKSUY,US81607R1077,SKSUY.PK,Sekisui Chemical Co Ltd,6.96476,PNK,82,Потребительские циклические акции,1,Домостроение,0.0,78.89,,90.0,0.0,42.58,97.95,80.16,88.7,97.95,78.1,86.1,97.95,69.95,80.8,97.95,69.85,79.54,97.95,58.27,76.02,103.12,55.9,75.07,,"Sekisui Chemical Co Ltd в основном занимается жилищным бизнесом, охраной окружающей среды и жизнеобеспечением, производством высокопроизводительных пластмасс и медицинским бизнесом. Компания работает в четырех сегментах. Жилищный сегмент занимается производством, строительством и продажей модульных домов со стальным и деревянным каркасом, продажей земель на продажу, ремонтом, посредничеством в сфере недвижимости, управлением арендой, продажей и строительством внутренних и внешних помещений. Сегмент Environment & Life Line занимается производством, продажей и строительством поливинилхлоридных труб и фитингов, полиэтиленовых труб и фитингов, пластиковых клапанов и других. Сегмент высокопроизводительных пластмасс производит и продает частицы жидких кристаллов и светочувствительные материалы. Медицинский сегмент производит и продает клинические диагностические реагенты, автоматические анализаторы и пробирки для взятия крови. Другие виды деятельности включают предоставление услуг по литий-ионным батареям и изделиям пленочного типа.",
1064,US,PSMMF,GB0006825383,PSMMF.PK,Persimmon PLC,4.560057,PNK,83,Потребительские циклические акции,2,Домостроение,0.0,16.44,,16.44,0.0,2.06,17.39,13.98,15.72,17.75,13.88,15.6,22.58,13.88,16.67,22.58,12.33,15.97,48.71,12.33,29.3,48.71,12.33,29.57,,"Persimmon Plc — британская жилищно-строительная компания, обслуживающая местные рынки, имеющая 30 офисов по всей стране и три производственных предприятия за пределами предприятия. Компания имеет 30 региональных офисов по всей Великобритании и торгует под торговыми марками Persimmon Homes, Charles Church и Westbury Partnerships. Компания управляет тремя внешними производственными мощностями: Space4, Brickworks и Tileworks. Ее бренд Persimmon Homes предлагает широкий выбор традиционного семейного жилья по всей территории Соединенного Королевства в местах, где клиенты хотят жить и работать. Бренд Charles Church дополняет и отличает себя от бренда Persimmon, предлагая дома более высокого качества в различных точках Соединенного Королевства. Под этим брендом компания строит дома с учетом местных рынков. Партнерство Westbury Partnerships специализируется на доступном социальном жилье. Подразделение Space4 управляет внешним заводом по производству деревянных каркасов, изолированных стеновых панелей и кровельных кассет.",
1072,US,XYIGY,US98418R1005,XYIGY.PK,Xinyi Glass Holdings Ltd,5.704665,PNK,84,Потребительские циклические акции,1,Строительные материалы и приспособления,0.0,27.22,,29.06,0.0,15.96,25.36,19.92,22.04,25.36,16.1,19.79,29.66,15.59,20.36,45.29,15.59,24.78,85.45,15.59,31.6,85.45,9.37,28.79,,"XiNY Glass Holdings Ltd — инвестиционная холдинговая компания, занимающаяся в основном производством и продажей стекла. Компания осуществляет свою деятельность через три сегмента. Сегмент флоат-стекла занимается производством и продажей прозрачного стекла, F-зеленого стекла и европейского серого стекла. Сегмент «Автомобильное стекло» занимается производством и продажей автомобильных стекол. Сегмент строительного стекла занимается производством и продажей строительного стекла, такого как закаленное стекло и многослойное стекло, среди прочего. Компания также занимается производством и продажей резиновых и пластиковых изделий и оказанием логистических услуг.",
1078,US,JSGRY,US53931R1032,JSGRY.PK,LIXIL Corp,2.912634,PNK,85,Потребительские циклические акции,2,Строительные материалы и приспособления,0.0,20.28,,23.25,0.0,19.84,26.68,20.62,23.41,26.68,20.35,22.77,27.03,20.35,23.18,35.17,20.35,24.9,61.89,20.35,31.73,61.89,18.8,35.35,,"LIXIL Corp — японская компания, которая в основном занимается водными технологиями, жилищными технологиями, строительными технологиями, жилищным бизнесом и услугами. Компания осуществляет свою деятельность в четырех бизнес-сегментах. Сегмент «Водные технологии» занимается производством и продажей сантехнического оборудования, смесительной арматуры, сантехники, системных кухонь. Сегмент «Жилищные технологии» занимается производством и продажей створок, дверей, ставен, внутренних строительных материалов. Сегмент строительных технологий занимается производством и продажей навесных стен. Сегмент жилья и услуг занимается предоставлением жилищных решений, продажей и управлением недвижимостью, а также предоставлением ипотечных кредитов.",
1089,US,LGIH,US50187T1060,LGIH.O,LGI Homes Inc,0.873274,NSQ,86,Потребительские циклические акции,3,Домостроение,0.77,37.75,,50.1,33.55,41.37,69.5,39.7,52.6,97.25,39.7,59.89,132.23,39.7,83.11,141.91,39.7,94.01,188.0,39.7,106.25,188.0,18.74,82.32,,"LGI Homes, Inc. специализируется на жилищном строительстве. Компания занимается проектированием, строительством и продажей домов примерно на 36 рынках в 21 штате. Компания предлагает несколько линеек продуктов, включая пристроенные и отдельно стоящие дома начального уровня, а также предложения для активных взрослых, которые продаются под брендом LGI Homes, а также роскошные дома, которые продаются под брендом Terrata Homes. Ее операции по жилищному строительству организованы и управляются семью операционными сегментами: Западным, Северо-Западным, Центральным, Среднего Запада, Флоридским, Юго-восточным и Среднеатлантическим. На определенных рынках Компания предлагает пристроенные таунхаусы. Пакеты CompleteHome и CompleteHome Plus предлагают покупателям готовые к заселению дома. Каждый из этих пакетов включает предварительно выбранные обновленные функции, в том числе приборы из нержавеющей стали, шкафы и многое другое. Ее оптовый бизнес строит и продает дома в первую очередь учреждениям, заинтересованным в приобретении сдаваемой в аренду недвижимости на одну семью посредством договоров оптовой продажи.",
1090,US,SDHC,US83207R1077,SDHC.K,Smith Douglas Homes Corp,0.626599,NYQ,87,Потребительские циклические акции,4,Домостроение,0.24,12.17,,15.36,11.13,12.97,23.5,15.0,18.82,26.23,15.0,19.72,39.5,15.0,24.87,39.5,15.0,24.87,39.5,15.0,24.87,39.5,15.0,24.87,,"Smith Douglas Homes Corp. — холдинговая компания. Компания является частным застройщиком, занимающимся проектированием, строительством и продажей домов на одну семью в общинах на определенных рынках юго-востока США. Его сегменты: юго-восточный сегмент состоит из подразделений Атланты, Центральной Джорджии, Шарлотты, Гринвилля и Роли, а центральный сегмент состоит из подразделений Алабамы, Хьюстона и Нэшвилла. Компания использует бизнес-модель Land Light, согласно которой Компания приобретает готовые участки по опционным контрактам у различных сторонних застройщиков или земельных банкиров. Компания проектирует, продает и строит ряд домов на одну семью на каждом из своих рынков, уделяя основное внимание сегментам покупателей жилья начального уровня и пустующих домов. Он также предлагает различные планы этажей площадью от 1100 квадратных футов до более 3000 квадратных футов. В его библиотеку планов входят дома открытой планировки с одноуровневыми жилыми помещениями, современные виллы и таунхаусы, а также функциональные двух- и трехэтажные дома.",
1096,US,MAWHY,US5616531068,MAWHY.PK,Man Wah Holdings Ltd,2.138867,PNK,88,Потребительские циклические акции,1,Мебель для дома,0.0,11.56,,12.99,0.0,5.91,13.0,9.83,11.53,13.3,8.45,11.3,18.82,8.45,12.13,23.05,8.45,12.58,54.67,8.45,17.17,54.67,7.24,14.74,,"Man Wah Holdings Ltd — инвестиционная холдинговая компания, занимающаяся производством и продажей диванов и сопутствующих товаров. Компания осуществляет свою деятельность через четыре сегмента. Сегмент «Диваны и сопутствующие товары» занимается производством и продажей диванов и сопутствующих товаров. Сегмент «Другие продукты» занимается производством и продажей сидений и другой продукции, матрасов, компонентов «умной» мебели и железных каркасов для функциональных диванов. Сегмент «Другой бизнес» занимается продажей жилой недвижимости, эксплуатацией гостиниц, мебельными торговыми центрами и сдачей в аренду недвижимости. Бизнес-сегмент Home Group занимается производством и распространением диванов и сопутствующих товаров Home Group.",
1097,US,ELUXY,US0101982082,ELUXY.PK,Electrolux AB,1.67064,PNK,89,Потребительские циклические акции,1,"Бытовая техника, инструменты и товары для дома",0.0,12.12,,15.71,11.92,13.78,15.6,10.8,12.48,20.11,10.8,13.99,21.31,10.8,15.87,34.64,10.8,18.77,55.74,10.8,27.1,58.3,10.8,34.16,,"Electrolux AB — шведская компания, занимающаяся преимущественно сектором потребительских товаров. Бизнес-цель компании сосредоточена на производстве различных видов бытовой техники, включая холодильники, плиты, морозильники, стиральные машины, сушилки, микроволновые печи, кондиционеры, посудомоечные машины, пылесосы, а также другую мелкую бытовую технику. Все производственные услуги фирмы осуществляются в трех бизнес-сегментах, которые различаются по географическому признаку. Указанные бизнес-сегменты включают: Европу, Азиатско-Тихоокеанский регион, Ближний Восток и Африку; Северная Америка, а также Латинская Америка. Более того, компания управляет такими брендами, как Electrolux, AEG, а также Frigidaire, каждый из которых связан с соответствующей производимой продукцией.",
1099,US,ACKAY,US03937X1090,ACKAY.PK,Arcelik AS,1.642642,PNK,90,Потребительские циклические акции,2,"Бытовая техника, инструменты и товары для дома",0.0,12.69,,12.69,0.0,1.59,17.92,12.5,13.86,19.0,12.5,14.73,28.49,12.5,18.3,33.4,12.5,21.79,33.4,12.5,20.51,38.25,8.74,20.7,,"Arcelik AS — турецкая компания, специализирующаяся на производстве бытовых и небольших электроприборов, а также оказании послепродажных услуг в сфере потребительских товаров длительного пользования и бытовой электроники. Компания управляет более чем 28 производственными предприятиями в Турции, Румынии, России, Китае, Южно-Африканской Республике, Таиланде, Пакистане и Бангладеш. Компания работает в бизнес-сегментах: Бытовая техника, Бытовая электроника и другие. Сегмент «Бытовая техника» включает стиральные машины, сушилки, посудомоечные машины, холодильники, духовки, плиты, а также услуги, предоставляемые для этой продукции. Сегмент потребительских товаров включает в себя телевизоры, в основном с плоскими экранами, компьютеры, кассовые аппараты, другие электронные устройства и услуги, предоставляемые потребителям для этих продуктов. Сегмент «Прочие» включает выручку от кондиционеров, бытовой техники, мебели и кухонных гаджетов, за исключением товаров, включенных в разделы «Бытовая техника» и «Бытовая электроника».",
1101,US,BRK.A,US0846701086,BRKa.N,Berkshire Hathaway Inc,1024.143224,NYS,1,Потребительские нециклические товары,1,Конгломераты потребительских товаров,0.0,712700.0,,750749.9,701589.0,728357.28,775000.0,685260.0,736670.45,812855.0,661614.5,741139.68,812855.0,541080.01,691559.69,812855.0,442765.0,631065.03,812855.0,340850.0,552253.72,812855.0,186921.0,416393.3,,"Berkshire Hathaway Inc. и ее дочерние компании занимаются разнообразной деятельностью, включая страхование и перестрахование, коммунальные услуги и энергетику, грузовые железнодорожные перевозки, производство, услуги и розничную торговлю. В ее сегменты входят страхование, Burlington Northern Santa Fe (BNSF), Berkshire Hathaway Energy (BHE), пилотные туристические центры (Pilot), производство, McLane Company (McLane), а также обслуживание и розничная торговля. В сегмент страхования входят GEICO, Berkshire Hathaway Primary Group и Berkshire Hathaway Reinsurance Group. Сегмент BNSF включает эксплуатацию железнодорожных систем в Северной Америке. Сегмент BHE предлагает регулируемые электроэнергетические и газовые услуги, а также брокерскую деятельность в сфере недвижимости. Производственный сегмент производит различную продукцию, например, промышленную, потребительскую и строительную продукцию. Сегмент McLane занимается оптовой торговлей продовольственными и непродовольственными товарами. Пилотный сегмент — оператор туристических центров в Северной Америке и оптовый продавец топлива.",
1116,US,KPELY,US4920513052,KPELY.PK,Keppel Ltd,16.672551,PNK,2,Потребительские нециклические товары,2,Конгломераты потребительских товаров,0.0,18.35,,20.11,17.84,19.25,16.2,11.23,14.14,16.2,7.93,12.27,16.2,7.93,11.19,16.2,5.71,10.53,16.2,4.79,8.66,16.2,3.89,7.25,,"Keppel Ltd. — глобальная компания по управлению активами и оператору, предоставляющая критически важную инфраструктуру и услуги для возобновляемых источников энергии, чистой энергии, декарбонизации, устойчивого обновления городов и цифровых подключений. Сегмент «Инфраструктура» компании предоставляет решения и услуги в области энергетики и окружающей среды, необходимые для устойчивого развития. Ее бизнес в сегменте недвижимости предоставляет устойчивые решения для городского пространства, уделяя особое внимание устойчивому обновлению городов и жизни пожилых людей. Основная деятельность сегмента подключений включает разработку и эксплуатацию центров обработки данных, предоставление телекоммуникационных услуг, продажу телекоммуникационного и информационно-технологического оборудования, а также предоставление решений и услуг системной интеграции. Сегмент корпоративной деятельности состоит в основном из казначейских операций, исследований и разработок, инвестиционных холдингов, предоставления управленческих и других вспомогательных услуг.",
1119,US,BDVSF,ZAE000117321,BDVSF.PK,Bidvest Group Ltd,4.47323,PNK,3,Потребительские нециклические товары,3,Конгломераты потребительских товаров,0.0,13.1,,0.0,0.0,0.0,14.05,13.1,13.43,14.05,13.1,13.48,14.15,12.9,13.58,14.25,12.9,13.52,15.43,11.3,13.16,20.85,5.01,11.0,,"Bidvest Group Limited — южноафриканская компания, занимающаяся услугами B2B, торговлей и дистрибуцией. Его сегментами являются International Services, Freight, Services South Africa, Branded Products, Commercial Products, Automotive и Adcock Ingram. Сегмент Adcock Ingram производит, продает и распространяет широкий спектр продуктов здравоохранения. Services International предлагает широкий спектр корпоративных аутсорсинговых услуг. Branded Products предлагает широкий ассортимент фирменной продукции, включая офисную продукцию, офисную мебель, решения для автоматизации офиса и потребительские товары, а также широкий спектр услуг печати, упаковки, маркировки и печати и отправки по почте. Подразделение грузовых перевозок занимается хранением, обработкой и перемещением грузов морскими, воздушными, автомобильными и железнодорожными перевозками. Автомобильное подразделение занимается онлайн-торговлей автомобилями и разработкой сложных систем для повышения качества обслуживания клиентов. Компания Automotive также работает в секторе аукционов по продаже автомобилей.",
1122,US,ALGGY,US01861B1017,ALGGY.PK,Alliance Global Group Inc,1.301767,PNK,4,Потребительские нециклические товары,4,Конгломераты потребительских товаров,0.0,7.22,,7.31,0.0,3.92,7.5,5.51,6.4,7.5,4.77,6.17,10.64,4.77,6.99,12.35,4.77,8.14,12.4,4.77,8.62,18.95,4.77,12.63,,"Alliance Global Group, Inc. — филиппинская конгломератная компания. Компания занимается деятельностью, включая девелопмент недвижимости, производство и распространение продуктов питания и напитков, развитие туризма и инфраструктурные проекты. В число ее дочерних компаний входят Megaworld, Emperador Inc., Travelers International и Infracorp. Ее сегмент Megaworld состоит из развития недвижимости, комплексных курортов, сдачи в аренду недвижимости и гостиничного бизнеса. Сегмент Emperador занимается производством и распространением спиртных напитков, включая производство стеклянной тары. Его сегмент «Путешественники» относится к ориентированному на туризм бизнесу, который объединяет развлечения, гостиничный бизнес и досуг, включая игры, как и у Newport World Resorts. Emperador Inc. — компания по производству спиртных напитков. Ее местные и приобретенные мировые бренды спиртных напитков и других алкогольных напитков доступны в 55 странах и в 300 розничных магазинах в аэропортах по всему миру.",
1130,US,AHODF,NL0011794037,AHODF.PK,Koninklijke Ahold Delhaize NV,41.203246,PNK,5,Потребительские нециклические товары,1,Розничная торговля и дистрибуция продуктов питания,0.0,45.82,,49.02,0.0,30.68,42.75,39.0,40.46,43.04,32.25,39.28,43.04,27.05,35.4,43.04,27.05,33.95,43.04,24.88,32.04,43.04,17.81,28.44,,"Koninklijke Ahold Delhaize N.V., ранее Koninklijke Ahold N.V., занимается управлением розничными магазинами в Европе и США. Сегментами компании являются Ahold USA, Delhaize America, Нидерланды, Бельгия, а также Центральная и Юго-Восточная Европа (CSE). Кроме того, в подразделение «Прочая розничная торговля» входят неконсолидированные совместные предприятия Ahold Delhaize JMR - Gestao de Empresas de Retalho, SGPS, S.A. (JMR) и P.T. Lion Super Indo, LLC (Super Indo) и офис глобальной поддержки Ahold Delhaize. JMR управляет розничными магазинами продуктов питания в Португалии под торговой маркой Pingo Doce. Сегмент компании Ahold USA включает Stop & Shop New England, Stop & Shop New York Metro, Giant Landover, Giant Carlisle и Peapod. В сегмент Delhaize America компании входят такие бренды, как Food Lion и Hannaford. Рыночные регионы бренда Food Lion включают Делавэр, Джорджию, Мэриленд, Пенсильванию, Теннесси, Западную Вирджинию, Кентукки, Северную Каролину, Южную Каролину и Вирджинию.",
1131,US,SVNDF,JP3422950000,SVNDF.PK,Seven & i Holdings Co Ltd,34.703582,PNK,6,Потребительские нециклические товары,2,Розничная торговля и дистрибуция продуктов питания,0.0,12.78,,14.0,0.0,8.2,15.02,12.1,13.56,17.3,11.3,13.98,19.08,6.67,14.03,19.08,6.67,14.05,19.08,6.67,14.11,19.08,6.67,13.53,,"Seven & i Holdings Co Ltd — японская компания, занимающаяся в основном дистрибьюторским бизнесом, в первую очередь операциями магазинов повседневного спроса внутри страны, операциями магазинов повседневного спроса за рубежом, операциями супермаркетов и операциями, связанными с финансами. Компания работает в четырех бизнес-сегментах. Сегмент «Домашние круглосуточные магазины» занимается деятельностью магазинов повседневного спроса посредством прямого управления и системы франчайзинга. Сегмент зарубежных круглосуточных магазинов занимается операциями мини-маркетов как через магазины с прямым управлением, так и через магазины, работающие по франшизе. Сегмент супермаркетов занимается розничной торговлей, которая предоставляет широкий ассортимент товаров повседневного спроса, таких как продукты питания и предметы первой необходимости. Финансовый сегмент занимается банковским делом, кредитными картами, лизингом и другими видами деятельности. Компания также управляет бизнесом, связанным с универмагами, специализированными магазинами и недвижимостью.",
1136,US,CLEGF,AU0000030678,CLEGF.PK,Coles Group Ltd,20.192213,PNK,7,Потребительские нециклические товары,3,Розничная торговля и дистрибуция продуктов питания,0.0,14.96,,14.96,0.0,1.87,16.8,13.0,14.46,16.8,9.97,13.57,16.8,7.69,12.27,16.8,7.69,11.21,16.8,7.69,11.81,16.8,7.69,11.6,,"Coles Group Limited — австралийская компания, занимающаяся розничной торговлей. Компания работает в двух сегментах: супермаркеты и алкоголь. Сегмент супермаркетов включает розничную торговлю свежими продуктами, бакалейными товарами и товарами общего назначения, включая Coles Online, Coles Financial Services и розничные медиа-услуги Coles 360. Сегмент «Алкогольные напитки» включает розничную торговлю спиртными напитками, включая онлайн-сервис. В число его предприятий входят супермаркеты Coles, Coles Online, Coles Liquor, Flybuys и Coles Financial Services. Coles Supermarkets — национальный розничный супермаркет с полным спектром услуг. Бизнес Coles Liquor включает три торговых баннера: Liquorland, Liquorland Cellars и Liquorland Warehouse. Coles Online предоставляет своим клиентам выбор доставки на дом, включая услуги доставки в тот же день и в ночное время, или самовывоз в пунктах «нажми и забери». Coles Liquor offers a range of wines, spirits, beers, and ready-to-drink products. Компания также управляет предприятиями по переработке свежего молока.",
1139,US,CPPCY,US12623Y1073,CPPCY.PK,CP All PCL,12.232191,PNK,8,Потребительские нециклические товары,4,Розничная торговля и дистрибуция продуктов питания,0.0,13.38,,0.0,0.0,0.0,14.73,12.0,13.51,15.64,12.0,13.88,19.52,12.0,15.65,24.99,12.0,16.22,28.45,12.0,17.43,37.11,12.0,21.83,,"CP All Public Company Limited занимается управлением магазинами повседневного спроса, оптовой торговлей, розничной торговлей и торговыми центрами, платежными центрами и сопутствующими вспомогательными услугами. Она управляет магазинами повседневного спроса под торговой маркой 7-Eleven и предоставляет франшизы другим ритейлерам на территории Таиланда. Его сегментами являются круглосуточные магазины, оптовый бизнес, розничный бизнес и торговые центры, а также другие виды бизнеса. Его бизнес включает в себя бизнес-группу розничной торговли магазинами повседневного спроса, оптовую и розничную бизнес-группу потребительских товаров, финансовые услуги, производство и распространение хлебобулочных изделий, готовых к употреблению продуктов питания, замороженных продуктов, образовательные услуги, информационные услуги, услуги маркетинговых коммуникаций и услуги по управлению логистикой. Другие ее направления деятельности включают услуги по оплате счетов, банковских агентов, производство и продажу готовых к употреблению продуктов питания, распространение и обслуживание торгового оборудования, а также другие виды деятельности, которые в основном поддерживают бизнес магазинов повседневного спроса.",
1156,US,SURRY,US8666331009,SURRY.PK,Sun Art Retail Group Ltd,1.91173,PNK,9,Потребительские нециклические товары,5,Розничная торговля и дистрибуция продуктов питания,0.0,1.9,,0.0,0.0,0.0,3.06,1.97,2.41,3.52,1.87,2.41,3.52,1.29,2.34,4.29,1.29,2.47,10.65,1.29,3.6,17.0,1.29,6.64,,"Sun Art Retail Group Ltd — компания, занимающаяся преимущественно деятельностью обычных магазинов и каналов онлайн-продаж. Компания стратегически обслуживает разнообразные сегменты клиентов через гипермаркеты как универсальные центры образа жизни, общественные супермаркеты с предметами первой необходимости и магазины по членству, предлагающие повышение уровня жизни и услуги премиум-класса. Компания продает продукты питания, бакалейные товары, текстиль и товары общего назначения через обычные магазины и каналы онлайн-продаж.",
1161,US,VITL,US92847W1036,VITL.O,Vital Farms Inc,0.591322,NMQ,10,Потребительские нециклические товары,6,Розничная торговля и дистрибуция продуктов питания,2.92,13.2,,20.3,12.64,16.52,53.12,30.0,39.31,53.12,28.87,37.13,53.12,14.16,33.98,53.12,10.0,27.16,53.12,7.89,23.05,53.12,7.89,23.91,,"Vital Farms, Inc. предлагает широкий выбор продуктов питания, произведенных с соблюдением этических норм, по всей стране. Компания является национальным потребительским брендом, который работает с более чем 575 семейными фермами и является брендом яиц, выращенных на пастбищах в США. Компания уделяет особое внимание гуманному обращению с сельскохозяйственными животными и устойчивым методам ведения сельского хозяйства. Компания упаковывает, продает и распространяет яйца в скорлупе, масло и другие продукты. Ее продукция, в том числе яйца в скорлупе, сливочное масло, яйца вкрутую и жидкие цельные яйца, продается примерно в 23 500 магазинах по всей стране. Розничные сорта яиц в скорлупе основаны на типе дополнительного корма, размере яиц и размере упаковки. Упаковка яиц состоит в основном из гофроящиков и картонных коробок для яиц. Компания предлагает несоленые и соленые сорта сливочного масла, которые продаются в упаковках по две и четыре палочки. Продукция компании в основном продается под названием Vital Farms в дополнение к другим торговым наименованиям, в первую очередь через каналы розничной торговли и общественного питания в Соединенных Штатах.",
1166,US,RBGPF,GB00BSZBP530,RBGPF.PK,Reckitt Benckiser Group PLC,43.554021,PNK,11,Потребительские нециклические товары,1,Товары для дома,0.0,67.77,,81.74,0.0,57.85,82.13,65.7,75.65,82.13,58.2,70.34,82.13,58.2,70.34,82.13,58.2,70.34,82.13,58.2,70.34,82.13,58.2,70.34,,"Reckitt Benckiser Group PLC (Reckitt) — британская глобальная компания по производству потребительских товаров. Операционные сегменты Компании включают направления «Гигиена», «Здоровье» и «Питание». Портфель продуктов Hygiene направлен на устранение грязи, микробов, вредителей и запахов с помощью таких продуктов, как Lysol, Finish, Air Wick, Harpic и Mortein. Портфолио компании Health предлагает различные решения, обеспечивающие облегчение боли, защиту, гигиену и личный уход для домохозяйств по всему миру с помощью таких брендов, как Dettol, Durex, Gaviscon, Nurofen, Mucinex, Strepsils и Veet. Бизнес по питанию включает в себя питание для младенцев и детей, питание для взрослых и ассортимент витаминов, минералов и добавок (VMS). Бренды, работающие в сфере питания, включают Enfa, Enfamil, Nutramigen, Airborne, Move Free и Neuriva. Бренды компании также включают Dettol, Lysol, Harpic, Finish, Durex, Mucinex, Enfamil и Move Free и другие.",
1182,US,UNLRY,US69367Q1040,UNLRY.PK,Unilever Indonesia Tbk PT,4.127668,PNK,12,Потребительские нециклические товары,2,Товары для дома,0.0,2.24,,2.3,0.0,1.27,3.2,1.77,2.6,3.2,1.3,2.07,4.5,1.3,2.61,6.28,1.3,3.0,10.7,1.3,4.26,16.71,1.3,5.88,,"PT Unilever Indonesia Tbk — индонезийская компания, которая занимается производством, маркетингом и распространением потребительских товаров, включая мыло, моющие средства, молочные продукты, косметические продукты, напитки на основе чая и фруктовые соки, а также сдачей в аренду офисных помещений. Его сегменты включают товары для дома и личной гигиены, а также продукты питания и напитки. Сегменты товаров для дома и личной гигиены относятся к чистящим средствам, которые используются в бытовой и косметической продукции. Сегмент «Продукты питания и напитки» относится к продуктам питания и напиткам. Сегменты компании включают Axe, Squirt, Buavita, Cif, Clear Men, Closeup, Cornetto, Dove, Feast, Glow & Lovely, Hellmann's, Jawara, Knorr, Lifebuoy, Love Beauty & Planet, LUX, Molto, Paddle Pop, Pepsodent, PONDS, Pond's Men, Rexona, Rinso, Royco, SquirrelSquirt, Exciting, Simple, Sunlight, Sunsilk, Superpell, TRESeme, Unilever Professional, Vaseline Men, Viennetta, Vixal, Walls, Wipol и Switzerland.",
1186,US,HEGIF,KYG4402L1510,HEGIF.PK,Hengan International Group Co Ltd,4.100972,PNK,13,Потребительские нециклические товары,1,Личные продукты,0.0,3.54,,3.59,0.0,0.79,3.9,2.9,3.32,3.9,2.37,3.16,3.9,2.37,3.2,5.2,2.37,3.45,7.38,2.37,4.32,11.19,2.37,7.13,,"Hengan International Group Co Ltd — инвестиционная холдинговая компания, занимающаяся в основном производством, распространением и продажей средств личной гигиены. Компания в основном управляет тремя сегментами. Сегмент «Товары гигиены» занимается производством и продажей гигиенических прокладок, прокладок, ночных трусов и средств женской интимной гигиены под брендами SPACE 7 и ANERLE, а также одноразовых подгузников под брендами ANERLE и ELDERJOY. Сегмент «Продукция из папиросной бумаги» занимается производством и продажей карманных носовых платков, коробочной и мягкой папиросной бумаги, а также кухонных полотенец или бумажных изделий под брендами HEARTTEX и PINO. Сегмент «Другие» занимается производством и реализацией товаров для дома под брендами H’YEAS и HOMELINE. Компания ведет свою деятельность на внутреннем и зарубежном рынках.",
1193,US,ODD,IL0011974909,ODD.O,Oddity Tech Ltd,0.729172,NMQ,14,Потребительские нециклические товары,2,Личные продукты,1.36,12.87,,14.8,12.1,13.46,77.83,35.76,55.08,79.18,35.3,53.99,79.18,30.34,47.2,79.18,24.12,45.42,79.18,24.12,45.42,79.18,24.12,45.42,,"Oddity Tech Ltd — израильская компания, работающая в сфере красоты и здоровья на молекулярном уровне. Компания управляет технологической платформой под собственным брендом в Интернете, целью которой является поддержка портфеля брендов и услуг, связанных с рынком красоты и здоровья, а также разработка продуктов, адаптированных к пожеланиям клиентов Компании. Компания использует алгоритмы и модели машинного обучения для сопоставления соответствующего физического продукта. Передовые биологические модели и инструменты машинного обучения используются для поиска новых молекул для красоты и здоровья. Компания активно занимается исследованиями и разработками в таких областях, как наука о данных, машинное обучение и компьютерное зрение, чтобы совершенствовать свою продукцию.",
1195,US,KSRYY,US5006791058,KSRYY.PK,Kose Holdings Corp,2.231919,PNK,15,Потребительские нециклические товары,3,Личные продукты,0.0,7.07,,7.79,0.0,4.02,8.2,5.93,7.43,9.24,5.93,7.99,14.94,5.93,10.31,24.56,5.93,13.87,35.49,5.93,18.53,47.63,5.93,23.9,,"Kose Corp — японская компания, занимающаяся в основном производством и продажей косметики. Компания работает в двух бизнес-сегментах. Основная продукция косметического бизнес-сегмента включает продукцию таких брендов, как Kose, SEKKISEI, ESPRIQUE, LECHERI, ONE BY KOSE, Cosme Decorte, Predia, INFINITY, JILLSTUART, ADDICTION и tarte. Основная продукция сегмента косметического бизнеса включает продукцию таких брендов, как Visee, FASIO, MAKE KEEP, NAILHOLIC, softymo, SUNCUT, CLEAR TURN и STEPHEN KNOLL NEW YORK. Компания также занимается продажей товаров для дома и арендой недвижимости.",
1196,US,PGENY,US7210061047,PGENY.PK,Pigeon Corp,1.228221,PNK,16,Потребительские нециклические товары,4,Личные продукты,0.0,2.6,,2.6,0.0,0.96,3.5,2.24,2.81,3.5,2.07,2.82,3.5,1.99,2.52,4.14,1.99,2.92,11.56,1.99,4.12,14.38,1.99,6.98,,"Pigeon Corp — японская компания, занимающаяся в основном производством, покупкой и продажей товаров для ухода за детьми и ухода за ними. Он имеет шесть бизнес-сегментов. Сегмент Domestic Baby and Mom производит и продает товары для ухода за детьми и товары для женщин. В основном это товары для прикорма, средства по уходу за кожей, влажные салфетки, детское питание и товары для прогулок. Китайский сегмент производит и реализует продукцию в Китае, Южной Корее, Гонконге, Тайване, России. Сегмент Lansinoh производит и продает продукцию в США, Германии, Великобритании, Турции, Китае. Сингапурский сегмент производит и продает продукцию в странах АСЕАН, таких как Сингапур, Индонезия, Таиланд и Малайзия, а также в Индии, Австралии и на Ближнем Востоке. Сегмент «Здравоохранение и уход за больными» производит и продает продукцию, а также предоставляет услуги по уходу. Продукты - это продукты, используемые при недержании, продукты для ухода за больными. Сегмент поддержки детей управляет учреждениями по уходу за детьми и классами для младенцев, а также предоставляет услуги по присмотру за детьми.",
1216,US,KNBWF,JP3258000003,KNBWF.PK,Kirin Holdings Co Ltd,12.73298,PNK,17,Потребительские нециклические товары,1,Пивовары,0.0,15.92,,0.0,0.0,0.0,16.42,13.64,15.01,16.42,12.85,14.49,16.42,12.85,13.98,16.64,12.85,14.54,22.82,12.85,16.07,28.75,12.85,17.73,,"Kirin Holdings Co Ltd — японская компания, занимающаяся в основном интегрированным бизнесом по производству напитков и фармацевтическим бизнесом. Компания работает в четырех бизнес-сегментах. Сегмент «Домашнее пиво и спиртные напитки» занимается производством и продажей пива, низкосолодового пива, продукции нового жанра, вин и другой ликеро-водочной продукции в Японии. Сегмент «Домашние напитки» занимается производством и продажей безалкогольных напитков в Японии. Сегмент алкогольных напитков Океании производит и продает пиво и спиртные напитки в западном стиле в Океании и других регионах. Сегмент «Фармацевтика» занимается производством и продажей фармацевтической продукции. Компания также занимается производством отечественного вина, производством напитков в Северной Америке и биохимическим бизнесом.",
1218,US,SWRBY,US8707944018,SWRBY.PK,Swire Pacific Ltd,13.146128,PNK,18,Потребительские нециклические товары,1,Безалкогольные напитки,0.0,8.55,,9.1,0.0,5.83,8.25,7.0,7.6,8.25,5.71,7.28,8.25,5.71,6.94,8.25,4.47,6.36,8.25,3.82,5.14,9.09,3.36,5.89,,"Swire Pacific Ltd — инвестиционная холдинговая компания, занимающаяся в основном производством и продажей напитков. Компания осуществляет свою деятельность в пяти сегментах. Сегмент «Напитки» занимается производством и распространением The Coca-Cola Company (TCCC), в том числе газированной воды и воды. Авиационный сегмент включает ассоциированную долю в авиакомпаниях, предоставляющих пассажирские и грузовые перевозки, а также в бизнесе по техническому обслуживанию и ремонту авиации. Сегмент недвижимости занимается инвестициями в недвижимость, инвестициями и управлением гостиницами, а также торговлей недвижимостью, при этом инвестиционный портфель включает офисные и торговые помещения, отели, апартаменты с обслуживанием и другие жилые помещения. Торгово-промышленный сегмент занимается розничной торговлей и дистрибуцией обуви, одежды и сопутствующих аксессуаров, фасует и продает сахар, управляет сетями пекарен, а также продает легковые автомобили, коммерческий транспорт, мотоциклы и скутеры. Сегмент «Головной офис», «Здравоохранение» и другие занимаются инвестициями в здравоохранение.",
1221,US,TSGTY,US8985291025,TSGTY.PK,Tsingtao Brewery Co Ltd,10.416176,PNK,19,Потребительские нециклические товары,2,Пивовары,0.0,29.83,,33.95,0.0,25.19,36.69,30.5,32.74,38.7,30.42,33.71,42.19,25.05,32.79,54.88,25.05,37.64,57.57,25.05,41.03,57.57,16.25,34.43,,"Tsingtao Brewery Co Ltd — китайская компания, занимающаяся в основном производством и продажей пива. Компания осуществляет свою деятельность в семи сегментах. Сегмент региона Шаньдун занимается производством и распространением в Шаньдуне и прилегающих регионах. Сегмент Южно-Китайского региона занимается производством и распространением в Южном Китае. Сегмент Северо-Китайского региона занимается производством и распространением в Северном Китае. Сегмент Восточно-Китайского региона занимается производством и распространением в Восточном Китае. Сегмент региона Юго-Восточного Китая занимается производством и распространением в Юго-Восточном Китае. Сегмент Гонконга, Макао и других зарубежных регионов занимается дистрибуцией пива в Гонконге, Макао и других зарубежных регионах. Сегмент финансовой компании занимается финансовым бизнесом по управлению активами, а также агентским сбором и выплатами своим членам. Компания в основном осуществляет свою деятельность на внутреннем и зарубежных рынках.",
1225,US,TAP.A,US60871R1005,TAPa.N,Molson Coors Beverage Co,7.664004,NYS,20,Потребительские нециклические товары,3,Пивовары,0.0,48.99,,51.82,0.0,39.23,54.78,43.89,48.68,65.82,43.89,53.33,68.6,43.89,56.62,84.0,43.89,60.14,88.0,43.89,60.89,108.0,42.0,64.44,,"Molson Coors Beverage Company — холдинговая компания. Компания работает в двух сегментах: Америка и Европа, Ближний Восток и Африка и Азиатско-Тихоокеанский регион. Сегмент Америки состоит из производства, импорта, маркетинга, распространения и продаж собственных брендов, партнерских брендов и лицензированных брендов в США, Канаде и различных странах Латинской Америки. Компания управляет девятью первичными пивоваренными заводами, тремя крафтовыми пивоварнями и двумя контейнерными предприятиями. Он также включает в себя партнерские соглашения по распространению пива в Онтарио и западных провинциях Канады. Сегмент EMEA и APAC состоит из производства, маркетинга и продаж своих основных брендов, а также других собственных и лицензированных брендов в Болгарии, Хорватии, Чехии, Венгрии, Черногории, Ирландии, Румынии, Сербии, Великобритании, различных других европейских странах и некоторых странах Ближнего Востока, Африки и Азиатско-Тихоокеанского региона. В его состав входят около 11 основных пивоваренных заводов, четыре крафтовых пивоварни и одна сидроваренная фабрика.",
1226,US,TBVPY,US88321L1008,TBVPY.PK,Thai Beverage PCL,8.372037,PNK,21,Потребительские нециклические товары,1,Дистилляторы и винодельни,0.0,33.46,,33.46,0.0,4.78,38.7,33.56,36.18,40.66,32.88,36.74,40.66,32.88,36.72,52.8,32.88,38.79,61.81,32.88,42.94,71.77,32.88,51.43,,"Thai Beverage Public Company Limited — производитель и дистрибьютор напитков в Таиланде. Компания работает в четырех сегментах: спиртные напитки, пиво, безалкогольные напитки и продукты питания. Сегмент «Спиртные напитки» занимается производством и реализацией фирменной алкогольной продукции и газированных напитков. Сегмент «Пиво» занимается производством и реализацией сырья, фирменной пивной продукции, газировки «Чанг» и воды «Чанг». Сегмент «Безалкогольные напитки» компании занимается производством и реализацией фирменной воды, готового кофе, энергетических напитков, зеленого чая и фруктово-ароматизированных напитков. Сегмент Food занимается производством и продажей продуктов питания и напитков. В число ее продуктов входят Mekhong, SangSom, BLEND 285, CROWN 99, Old Pulteney 12 лет, MacArthur’s, Grand Royal Black, est Cola, est PLAY Strawberry, est Salty Lychee Plus B, Crystal Drinking Water, газированная вода Rock Mountain и другие.",
1228,US,UPCHY,US90458K1034,UPCHY.PK,Uni-President China Holdings Ltd,4.344086,PNK,22,Потребительские нециклические товары,2,Безалкогольные напитки,0.0,97.51,,98.99,0.0,24.56,127.25,101.07,110.88,127.25,92.48,111.27,127.25,54.28,91.67,127.25,54.28,89.94,132.0,54.28,93.14,132.0,54.28,92.81,,"Uni-President China Holdings Ltd — инвестиционная холдинговая компания, занимающаяся преимущественно производством и продажей напитков и продуктов питания. Компания управляет четырьмя сегментами. Сегмент продуктов питания в основном занимается производством и продажей лапши быстрого приготовления, вонтонов и замороженных продуктов, таких как рыба на гриле. Сегмент «Напитки» в основном занимается производством и продажей чайных напитков, соков, чая с молоком, кофе и воды в бутылках. Сегмент «Прочие» в основном занимается производством и продажей бутилированной воды, вина, косметической продукции и других ненапиточных или непродовольственных товаров. Компания также управляет Нераспределенным сегментом. Бренды компании в первую очередь включают Soup Daren, Uni, The King of Tomato, Imperial Big Meal, Kai Xiao Zao, Classmate Xiaomiming, Chai Li Won, Haizhiyan, Vitality Awakening и A-Ha. Компания в основном осуществляет свою деятельность на внутреннем рынке.",
1230,US,AKO.B,US29081P3038,AKOb.N,Embotelladora Andina SA,3.769601,NYS,23,Потребительские нециклические товары,3,Безалкогольные напитки,0.0,24.6,,27.86,24.6,26.52,28.75,21.72,24.94,28.75,17.82,23.83,28.75,13.74,20.61,28.75,11.59,18.68,28.75,9.65,16.38,31.8,9.65,18.82,,"Embotelladora Andina SA (Coca-Cola Andina) — чилийская компания по производству напитков. Основной деятельностью фирмы является производство, розлив, маркетинг и распространение продукции, зарегистрированной под названием The Coca-Cola Company (TCCC), а также маркетинг и распространение некоторых брендов других компаний, таких как Monster, Heineken, AB Inbev, Diageo и Capel и других. Операционные сегменты Компании были определены по географическим регионам, в которых она осуществляет свою деятельность и имеет лицензии на производство, маркетинг и распространение продукции: Чили, Бразилия, Аргентина и Парагвай. Четыре выявленных сегмента развивают свой бизнес за счет производства и продажи безалкогольных напитков, других напитков и упаковки.",
1231,US,AKO.A,US29081P2048,AKOa.N,Embotelladora Andina SA,3.769601,NYS,24,Потребительские нециклические товары,4,Безалкогольные напитки,0.0,22.15,,24.26,0.0,17.58,24.48,17.3,20.52,24.48,14.1,18.8,24.48,11.4,16.09,24.48,8.95,14.72,24.48,8.45,13.13,28.25,8.45,15.49,,"Embotelladora Andina SA (Coca-Cola Andina) — чилийская компания по производству напитков. Основной деятельностью фирмы является производство, розлив, маркетинг и распространение продукции, зарегистрированной под названием The Coca-Cola Company (TCCC), а также маркетинг и распространение некоторых брендов других компаний, таких как Monster, Heineken, AB Inbev, Diageo и Capel и других. Операционные сегменты Компании были определены по географическим регионам, в которых она осуществляет свою деятельность и имеет лицензии на производство, маркетинг и распространение продукции: Чили, Бразилия, Аргентина и Парагвай. Четыре выявленных сегмента развивают свой бизнес за счет производства и продажи безалкогольных напитков, других напитков и упаковки.",
1232,US,CCOJY,US1912351004,CCOJY.PK,Coca-Cola Bottlers Japan Holdings Inc,3.857843,PNK,25,Потребительские нециклические товары,5,Безалкогольные напитки,0.0,11.36,,13.91,0.0,5.49,11.05,7.15,8.75,11.05,7.14,8.39,11.05,5.66,7.55,11.05,4.92,6.88,11.05,4.3,6.61,22.33,4.3,9.71,,"Coca-Cola Bottlers Japan Holdings Inc — японская компания, занимающаяся в основном бизнесом по производству напитков. Компания работает в двух бизнес-сегментах. Сегмент «Напитки» занимается закупкой, производством, продажей, розливом, упаковкой, распространением и маркетингом газированных напитков, таких как кока и кола, кофейные и чайные напитки, а также минеральная вода в Японии, а также бизнесом, связанным с торговыми автоматами, бизнесом с недвижимостью, страховым агентством, закупками сырья и материалов, разработкой и обслуживанием информационных систем. Сегмент «Здравоохранение и уход за кожей» занимается производством и продажей зеленого сока из капусты, продуктов здорового питания, косметики и сопутствующих товаров, а также инвестиционным бизнесом.",
1248,US,JAPAF,JP3726800000,JAPAF.PK,Japan Tobacco Inc,75.553615,PNK,26,Потребительские нециклические товары,1,Табак,0.0,34.98,,35.8,0.0,13.85,39.79,26.96,33.29,39.79,23.9,30.72,39.79,23.9,29.33,39.79,19.73,26.82,39.79,15.91,22.84,44.5,15.91,26.99,,"Japan Tobacco Inc — японская компания, занимающаяся в основном табачным бизнесом, фармацевтическим бизнесом и переработкой пищевых продуктов. Компания работает в трех бизнес-сегментах. Сегмент «Табак» производит и продает сигареты промышленного производства в Японии и за рубежом. Сегмент «Фармацевтика» занимается исследованиями, разработкой, производством и продажей рецептурных фармацевтических препаратов. Сегмент «Обработанные пищевые продукты» производит и продает замороженные и обработанные при комнатной температуре пищевые продукты и приправы. Кроме того, Компания также занимается арендой недвижимости и другими видами деятельности. Портфель табачных брендов компании включает бренды Winston, Camel, Mevius и LD.",
1257,US,AJINY,US0097073086,AJINY.PK,Ajinomoto Co Inc,0.0,PNK,27,Потребительские нециклические товары,1,Пищевая промышленность,0.05,0.0,,31.2,27.36,28.76,30.49,20.58,26.18,30.49,16.5,23.9,30.49,16.5,21.53,30.49,14.49,20.49,30.49,9.75,17.62,30.49,7.26,14.34,,"Ajinomoto Co Inc — японская компания, занимающаяся преимущественно продовольственным бизнесом. Компания работает в трех бизнес-сегментах. Сегмент «Приправы и продукты питания» занимается поставкой приправ, питательных и обработанных пищевых продуктов, а также растворов и ингредиентов. Сегмент «Замороженные продукты» занимается поставкой замороженных продуктов. Сегмент «Здравоохранение и прочее» занимается поставкой аминокислот для фармацевтического и пищевого использования, биофармацевтических услуг, функциональных материалов и других продуктов и услуг.",
1266,US,GRBMF,MXP495211262,GRBMF.PK,Grupo Bimbo SAB de CV,14.253528,PNK,28,Потребительские нециклические товары,2,Пищевая промышленность,0.0,3.6,,3.6,0.0,2.11,3.86,2.56,3.27,3.86,2.39,3.03,5.25,2.39,3.42,5.85,2.39,4.01,5.85,1.74,3.45,5.85,1.16,2.82,,"Grupo Bimbo SAB de CV — мексиканская компания, работающая в секторе пищевой промышленности. Компания специализируется на производстве, распространении и продаже хлеба, кексов и бубликов для завтрака, замороженного хлеба, тортов и пирожных меньшего размера, сладкого и несладкого печенья, лепешек, лаваша, хлеба для пиццы, тостад и лепешек, закусок, салатов и конфет, среди прочего. Его сегменты включают Мексику; Северная Америка, включая США и Канаду; Организация Латинской Америки (OLA), включая Центральную и Южную Америку и Европу. Компания работает более чем в 20 странах и имеет около 100 брендов. Компания предлагает более 10 000 продуктов под различными торговыми марками, такими как Bimbo, Barcel, Sara Lee, Oroweat, Marinela, Arnold, Entenmann's, Ricolino, Dempster' и Thomas'. Он действует через Groupe Adghal.",
1267,US,BMBOY,US40052V1044,BMBOY.PK,Grupo Bimbo SAB de CV,14.253528,PNK,29,Потребительские нециклические товары,3,Пищевая промышленность,0.0,13.22,,14.53,0.0,11.91,14.88,10.6,12.89,14.88,9.68,12.05,20.9,9.68,13.28,22.76,9.68,14.83,22.76,7.3,13.92,22.76,5.25,11.85,,"Grupo Bimbo SAB de CV — мексиканская компания, работающая в секторе пищевой промышленности. Компания специализируется на производстве, распространении и продаже хлеба, кексов и бубликов для завтрака, замороженного хлеба, тортов и пирожных меньшего размера, сладкого и несладкого печенья, лепешек, лаваша, хлеба для пиццы, тостад и лепешек, закусок, салатов и конфет, среди прочего. Его сегменты включают Мексику; Северная Америка, включая США и Канаду; Организация Латинской Америки (OLA), включая Центральную и Южную Америку и Европу. Компания работает более чем в 20 странах и имеет около 100 брендов. Компания предлагает более 10 000 продуктов под различными торговыми марками, такими как Bimbo, Barcel, Sara Lee, Oroweat, Marinela, Arnold, Entenmann's, Ricolino, Dempster' и Thomas'. Он действует через Groupe Adghal.",
1272,US,MNHVF,NO0003054108,MNHVF.PK,Mowi ASA,11.735646,PNK,30,Потребительские нециклические товары,4,Пищевая промышленность,0.0,21.35,,22.81,0.0,7.38,24.2,18.32,21.26,24.2,16.86,20.02,24.2,15.75,18.71,24.2,15.72,18.22,30.0,12.15,20.56,30.0,12.15,19.9,,"Mowi ASA — норвежская компания по производству морепродуктов. Это производитель рыбы, в первую очередь лосося. Деятельность компании структурирована по трем направлениям: корма, сельское хозяйство и продажи и маркетинг. В состав кормового направления входят комбикормовые заводы Компании в Норвегии и Шотландии; Область «Сельское хозяйство» включает сельскохозяйственные предприятия Mowi, а также некоторые виды деятельности по первичной переработке и филетированию в Норвегии, Шотландии, Канаде, Чили, Ирландии и на Фарерских островах; в то время как область продаж и маркетинга включает в себя операции по вторичной переработке и добавлению стоимости Компании в Европе, США и Азии, а также продажу и доставку продукции. Mowi ASA осуществляет свою деятельность в 25 странах и имеет несколько дочерних компаний, в том числе Mowi Minority Holding AS, Nothern Harvest Sea Farms Newfoundland Inc, Morpol Holdings Singapore Pte Ltd и Mowi Germany Verwaltungs GmbH.",
1278,US,KIKOY,US49387U1034,KIKOY.PK,Kikkoman Corp,8.695778,PNK,31,Потребительские нециклические товары,5,Пищевая промышленность,0.0,17.52,,18.5,0.0,12.99,20.35,15.73,17.78,22.54,15.73,18.62,26.9,15.73,21.51,26.9,15.73,21.89,33.51,15.73,22.38,33.51,11.73,20.6,,"Kikkoman Corp — японская компания, занимающаяся в основном производством и продажей соевых соусов, приправ, напитков, вин и других продуктов питания. Компания работает в четырех бизнес-сегментах. Сегмент «Домашнее производство и продажа продуктов питания» занимается производством и продажей соевых соусов и приправ, продуктов переработки томатов под торговой маркой Del Monte, банок, овощных и фруктовых соков, напитков из соевого молока, вин, сладких кулинарных рисовых вин, коммерческих пищевых продуктов и т. д. Сегмент «Прочие товары для внутреннего рынка» занимается производством и продажей лекарств и химической продукции, а также недвижимостью, логистикой и косвенным бизнесом. Сегмент производства и продажи продуктов питания за рубежом занимается производством и продажей соевых соусов, переработанных томатных продуктов под торговой маркой Del Monte, банок и продуктов здорового питания на зарубежных рынках. Сегмент «Оптовая продажа продуктов питания за рубежом» занимается закупкой и продажей продуктов питания восточной кухни.",
1283,US,TSUKY,US8923062009,TSUKY.PK,Toyo Suisan Kaisha Ltd,7.539164,PNK,32,Потребительские нециклические товары,6,Пищевая промышленность,0.0,66.04,,79.99,58.14,70.15,82.26,59.32,68.61,82.26,50.0,66.1,82.26,49.57,64.57,82.26,35.83,57.86,82.26,29.69,51.13,82.26,20.0,46.79,,"Toyo Suisan Kaisha Ltd — японская компания по производству продуктов питания. Компания осуществляет свою деятельность в шести бизнес-сегментах. Сегмент «Морепродукты» занимается закупкой, переработкой и реализацией морепродуктов на внутреннем и внешнем рынках. Сегмент лапши быстрого приготовления за рубежом предлагает лапшу в чашках и пакетах в основном в США и Мексике. Сегмент домашней лапши быстрого приготовления предлагает в Японии лапшу в чашках и пакетах. Сегмент низкотемпературных продуктов питания производит и продает приготовленную на пару и жареную гречневую лапшу, сырой рамэн, вареную лапшу, замороженную лапшу и коммерческие продукты для приготовления коктейлей. Сегмент обработанных пищевых продуктов занимается производством и продажей обработанных пищевых продуктов, таких как асептический упакованный рис, ретортный рис, суп, даси-но-мото, хлопья скумбрии и пастообразные продукты в Японии. Сегмент замороженного и холодильного хранения занимается предоставлением услуг по хранению и заморозке. Компания также занимается бизнесом по производству упакованных обедов и готовых продуктов питания.",
1284,US,WWNTY,US93370R1077,WWNTY.PK,Want Want China Holdings Ltd,6.839216,PNK,33,Потребительские нециклические товары,7,Пищевая промышленность,0.0,27.76,,30.15,0.0,11.67,38.05,28.47,33.8,38.05,28.47,32.86,38.05,26.44,30.95,38.05,26.44,31.09,50.18,26.44,34.77,50.18,26.44,34.92,,"Want Want China Holdings Ltd — китайская инвестиционная холдинговая компания, которая в основном занимается бизнесом, связанным с продуктами питания. Компания осуществляет свою деятельность в четырех сегментах. Сегмент «Рисовые крекеры» занимается производством и продажей крекеров в сахарной глазури, пикантных крекеров, жареных крекеров и подарочных упаковок. Сегмент «Молочные продукты и напитки» занимается производством и продажей ароматизированного молока, йогуртовых напитков, готового кофе, сокосодержащих напитков, спортивных напитков, травяного чая и сухого молока. Сегмент закусок занимается производством и продажей конфет, фруктового мороженого и желе, пирожных, фасоли и орехов, среди прочего. Сегмент «Прочие продукты» занимается производством и продажей вина и другой продукции.",
1286,US,MEJHY,US5852651018,MEJHY.PK,Meiji Holdings Co Ltd,6.826596,PNK,34,Потребительские нециклические товары,8,Пищевая промышленность,0.0,11.15,,13.15,0.0,9.32,12.92,9.12,10.55,14.81,8.51,10.77,14.81,8.51,11.12,14.81,8.51,11.35,18.64,8.51,11.63,26.46,8.51,13.1,,"Meiji Holdings Co Ltd — японская холдинговая компания, занимающаяся управлением дочерними компаниями, производящими и продающими продукты питания и лекарства. Компания осуществляет свою деятельность через два бизнес-сегмента. Сегмент продуктов питания занимается производством и продажей йогурта, молока, напитков, сыра, масла, маргарина, сливок, мороженого, замороженных продуктов, шоколада, жевательной резинки, спортивного питания, сухого молока, жидких продуктов питания, косметической еды, лекарств общего назначения, сахара, осахаренной муки и других. Сегмент «Фармацевтика» занимается производством и продажей этических фармацевтических препаратов и лекарств для животных.",
1287,US,GPAGF,MXP4948K1056,GPAGF.PK,Gruma SAB de CV,6.144629,PNK,35,Потребительские нециклические товары,9,Пищевая промышленность,0.0,18.55,,0.0,0.0,0.0,20.62,14.96,17.45,20.62,14.16,17.47,21.81,14.16,17.97,21.81,12.85,17.25,21.81,9.04,14.05,21.81,7.32,12.78,,"Грума, С.А.Б. де К.В. — мексиканская продовольственная холдинговая компания. Компания занимается производством лепешек из кукурузной и муки по всему миру. Компания производит пшеничную муку и ее производные, такие как лепешки, обертки, чапати и основы для пиццы, а также другие продукты питания. В ее сегменты входят: подразделение кукурузной муки и упакованных лепешек, которое производит и распространяет около 20 сортов кукурузной муки, которые используются в основном для производства и распространения различных типов лепешек и продуктов с чипсами из тортильи в Соединенных Штатах; Подразделение кукурузной муки, которое занимается в основном производством, распространением и продажей кукурузной муки в Мексике под брендом MASECA; и другие сегменты, в которых основное внимание уделяется кукурузной муке, сердцевинам пальм, рису и другим продуктам. Компания осуществляет свою деятельность в Северной и Южной Америке, Европе, Азии и Океании.",
1289,US,PIFFY,US69369U1034,PIFFY.PK,Indofood CBP Sukses Makmur Tbk PT,4.968,PNK,36,Потребительские нециклические товары,10,Пищевая промышленность,0.0,8.37,,9.0,0.0,2.17,11.51,9.85,10.44,14.5,9.85,10.89,16.29,9.85,12.74,16.29,9.85,13.57,16.29,9.85,12.54,17.25,9.85,12.84,,"PT Indofood CBP Sukses Makmur Tbk — компания по производству потребительских товаров, которая предлагает широкий спектр категорий продуктов, включая лапшу, молочные продукты, закуски, пищевые приправы, пищевые и специальные продукты, а также напитки. Компания также управляет упаковочным бизнесом, который производит гибкую и гофрированную упаковку для своей продукции. Подразделение Noodles занимается производством лапши быстрого приготовления. Молочное подразделение предлагает молочные продукты: от сгущенного молока с сахаром, жидкого молока и сухого молока до мороженого, сливочного масла и других. Подразделение Snack Foods предлагает закуски из картофеля, маниоки, кукурузы и соевых бобов. Подразделение напитков производит широкий ассортимент напитков, включая готовые чаи, упакованную воду и напитки с фруктовым вкусом, продаваемые под брендами Ichi Ocha, Club и Fruitamin. Подразделение пищевых приправ предлагает кулинарные продукты, в том числе соевый соус, соус чили, томатный соус и бульонный суп. Подразделение Nutrition and Special Foods предлагает детские каши, последующие каши и детское печенье.",
1292,US,YKLTY,US9845411027,YKLTY.PK,Yakult Honsha Co Ltd,5.113408,PNK,37,Потребительские нециклические товары,11,Пищевая промышленность,0.0,8.03,,8.98,0.0,7.54,9.72,7.02,8.17,11.7,7.02,8.92,12.7,7.02,9.54,19.16,7.02,11.0,19.16,7.02,11.31,20.72,7.02,11.89,,"Yakult Honsha Co Ltd — японская компания, занимающаяся производством и продажей напитков и продуктов питания. Он ведет бизнес через региональные сегменты в Японии, Америке, Азии, Океании и Европе. Подразделение по производству и продаже напитков и пищевых продуктов (Япония) в основном производит и продает молочные продукты и лапшу, а также продает безалкогольные напитки. Подразделение по производству и продаже напитков и пищевых продуктов (Америка) в основном производит и продает молочные продукты. Подразделение по производству и продаже напитков и пищевых продуктов (Азия и Океания) в основном производит и продает молочные продукты. Бизнес по производству и продаже напитков и пищевых продуктов (Европа) занимается производством и реализацией молочных продуктов. Другие виды деятельности включают производство и продажу косметики, фармацевтическое производство и продажу, а также профессиональные бейсбольные операции.",
1294,US,SEB,US8115431079,SEB.N,Seaboard Corp,5.282234,NYS,38,Потребительские нециклические товары,12,Пищевая промышленность,0.0,5565.13,,5565.71,0.0,4859.16,4725.66,2889.37,3642.5,4725.66,2407.47,3111.41,4725.66,2369.0,3119.43,4725.66,2369.0,3307.74,4725.66,2369.0,3522.98,4725.66,2369.0,3535.38,,"Seaboard Corporation в основном занимается свиноводством и переработкой свинины; товароторговля и переработка зерна; услуги по доставке грузов; производство сахара и спирта, производство электроэнергии. В его сегменты входят свинина, жидкое топливо, торговля сырьевыми товарами и мукомольное производство (CT&M), морское судоходство, энергетика и индейка. Сегмент свиноводства в основном производит свиней для переработки и продает продукты из свинины переработчикам, операторам общественного питания, дистрибьюторам и продуктовым магазинам. Сегмент «Жидкое топливо» производит возобновляемое дизельное топливо и биодизель из свиного жира, других животных жиров и растительных масел. Сегмент CT&M представляет собой интегрированную деятельность по торговле, переработке и логистике сельскохозяйственной продукции. Морской сегмент предоставляет услуги по доставке грузов в США, Карибский бассейн, Центральную и Южную Америку. «Энергетический сегмент» — независимый производитель электроэнергии в Доминиканской Республике, владеющий двумя энергетическими баржами. Сегмент индейки владеет инвестициями по методу долевого участия, которые производят и перерабатывают продукты из индейки.",
1295,US,GLAPY,US3767881051,GLAPY.PK,Glanbia PLC,4.757695,PNK,39,Потребительские нециклические товары,13,Пищевая промышленность,0.0,98.24,,0.0,0.0,0.0,86.47,79.41,82.29,86.47,52.4,74.78,94.75,52.4,77.7,94.75,52.4,76.93,94.75,51.96,72.09,107.19,45.48,76.1,,"Glanbia plc — ирландская компания по производству продуктов питания. Сегменты компании включают Performance Nutrition, Health and Nutrition и Dairy Nutrition. Сегмент Performance Nutrition производит и продает продукты для спортивного питания и питания для образа жизни через различные каналы, включая специализированные, онлайн, продукты питания, лекарства, массовые, клубные (FDMC), а также дистрибьюторов в различных форматах, включая порошки, готовые к употреблению (батончики и закуски) и готовые к употреблению напитки. Сегмент «Здоровье и питание» — это глобальный бизнес, занимающийся решениями в области питания, предлагающий ингредиенты с добавленной стоимостью и вкусовые решения. Сегмент Dairy Nutrition является производителем изолята сывороточного белка и сыра чеддер в американском стиле и предлагает широкий ассортимент молочных и функциональных белковых растворов. В портфель брендов компании входят Optimum Nutrition, Isopure, Nutramino, think! и другие.",
1296,US,ACOPY,US0022011011,ACOPY.PK,A2 Milk Company Ltd,4.792605,PNK,40,Потребительские нециклические товары,14,Пищевая промышленность,0.0,6.62,,6.75,0.0,1.67,6.5,4.26,5.71,6.5,3.1,5.23,6.5,2.58,4.51,6.5,2.36,4.11,9.0,2.36,4.49,15.26,2.36,6.57,,"A2 Milk Company Limited — компания по производству молочных продуктов. Основной деятельностью компании является реализация на целевых рынках фирменной продукции, изготовленной из молока, естественно содержащего белок типа А2. В сегменте Китая и других стран Азии продаются детские молочные смеси (IMF) с маркировкой в ​​Китае и на английском языке, простые и обогащенные сухие молочные продукты, жидкое молоко и другие питательные продукты в офлайн-магазинах, а также через внутренние и международные каналы электронной коммерции. Сегмент компании в Австралии и Новой Зеландии включает продажи под английской маркой IMF, простых и обогащенных сухих молочных продуктов для детей, взрослых и беременных женщин через реселлеров и розничные каналы, а также производство и продажу жидкого молока через розничные каналы в Австралии и Новой Зеландии. Сегмент в Северной Америке включает продажи жидкого молока и IMF в Соединенных Штатах Америки, а также жидкого молока в Канаде. Сегмент Mataura Valley Milk включает производство пищевых продуктов и ингредиентов для a2MC и других внешних клиентов на зарубежных рынках.",
1301,US,LYSFY,US52681J1051,LYSFY.PK,Leroy Seafood Group ASA,2.99324,PNK,41,Потребительские нециклические товары,15,Пищевая промышленность,0.0,9.8,,9.8,0.0,2.79,11.0,8.88,9.76,11.0,8.5,9.55,11.0,7.67,9.14,11.6,7.46,9.19,18.6,7.46,11.15,18.6,1.66,11.69,,"Leroy Seafood Group ASA — норвежская компания, работающая в индустрии морепродуктов. Он активно участвует на всех этапах производства лосося и форели, а также в вылове и переработке сига и моллюсков. Компания занимается выращиванием, переработкой, упаковкой и реализацией морепродуктов. Деятельность компании разделена на три бизнес-сегмента: сегмент «Дикий улов» включает предприятия, приобретенные в 2016 году, когда Lery Seafood Group стала единоличным владельцем как Havfisk AS, так и Норвегии Seafoods Group AS; Сегмент «Сельское хозяйство» включает производство Группой лосося, форели и рыбы-чистильщика до момента вылова; и сегмент VAP, продажи и дистрибуция, который в основном занимается переработкой лосося и форели. Компания имеет производственные и упаковочные предприятия в Норвегии, Швеции, Дании, Финляндии, Франции, Нидерландах, Португалии, Испании, Италии, Турции и на Шетландских островах.",
1304,US,GARPY,US3807872003,GARPY.PK,Golden Agri-Resources Ltd,2.983626,PNK,42,Потребительские нециклические товары,16,Пищевая промышленность,0.0,23.94,,23.94,0.0,3.42,25.04,18.29,21.21,25.04,17.15,20.24,25.04,17.15,20.19,25.04,17.15,19.87,25.68,13.03,19.27,32.3,10.07,20.61,,"Golden Agri-Resources Ltd — полностью интегрированная агробизнес-компания, специализирующаяся на технологичном производстве и распространении продукции из пальмового дерева. Его сегменты включают плантации и заводы по производству пальмового масла; и пальмовые, лауриновые и другие. Сегмент «Плантации и заводы по производству пальмового масла» включает продукцию добывающего бизнеса. Сегмент «Пальма, лауриновые и другие продукты» включает переработку и глобальную торговлю продуктами из пальмовых и масличных культур, включая оптовые и фирменные продукты, олеохимические продукты, сахар и другие растительные масла. Деятельность компании включает выращивание и сбор масличных пальм; извлечение гроздей свежих фруктов в сырое пальмовое масло и пальмовые ядра; переработка их в продукты с добавленной стоимостью, такие как растительное масло, маргарин, шортенинг, биодизель и олеохимические продукты. У него также есть дополнительные предприятия, такие как производство продуктов на основе сои в Китае, продуктов на основе подсолнечника в Индии и производство сахара.",
1306,US,UVRBY,US9138032019,UVRBY.PK,Universal Robina Corp,2.297453,PNK,43,Потребительские нециклические товары,17,Пищевая промышленность,0.0,10.35,,0.0,0.0,0.0,11.7,9.1,10.62,17.01,9.1,12.92,20.53,9.1,14.67,26.44,9.1,17.35,31.78,9.1,20.97,44.31,9.1,27.0,,"Universal Robina Corporation — компания по производству продуктов питания и напитков, которая занимается рядом предприятий, связанных с пищевыми продуктами, включая производство и распространение фирменных потребительских продуктов питания, производство свиней и птицы, производство кормов для животных и ветеринарных продуктов, мукомольное производство, а также производство и рафинирование сахара. Компания также решила заняться возобновляемым бизнесом в целях устойчивого развития через свои подразделения ликеро-водочного завода и когенерации. Компания работает в трех сегментах: фирменные потребительские продукты питания (BCF), питание и здоровье животных (ANH) и сырьевые товары. Сегмент BCF производит, распространяет, продает и реализует широкий ассортимент продуктов питания и напитков. Сегмент ANH фокусируется на питании животных посредством своего основного бизнеса по производству кормов для животных. Сегмент сырьевых товаров работает через три подразделения: SURE, в которое входят сахарный, ликеро-водочный завод и когенерационный завод; Компания Flour занимается мукомольным производством и производством макаронных изделий, а также компания Others, которая включает в себя упаковку и фермы.",
1308,US,SUEZY,US8646801030,SUEZY.PK,Suedzucker AG,2.852588,PNK,44,Потребительские нециклические товары,18,Пищевая промышленность,0.0,5.7,,5.78,0.0,0.81,5.9,5.5,5.75,6.64,5.05,5.78,7.85,5.05,6.47,9.58,5.05,6.56,9.58,5.05,6.87,9.68,5.05,7.21,,"Suedzucker AG — немецкая компания, занимающаяся переработкой сельскохозяйственного сырья. Компания вместе со своими дочерними компаниями разделена на пять сегментов: сахар, специальные продукты, энергия растениеводства, крахмал и фрукты. Ее деятельность в сахарных сегментах включает сахар, сахар AGRANA, сельское хозяйство; специальная продукция BENEO, которая производит и реализует ингредиенты из натурального сырья для продуктов питания и кормов для животных; Freiberger — производитель охлажденной и замороженной пиццы, замороженных макаронных изделий и закусок; PortionPack специализируется на порционных упаковках, а в подразделение крахмала входят крахмальные компании; Corp Energy для топлива, а также этанола; крахмал пищевой, непищевой, а также возобновляемый этанол; фрукты для аграны и ингредиентов для напитков и другие. В ее продуктовый портфель входят сахар, специальные сахарные продукты, глюкозные сиропы, функциональные ингредиенты, замороженная и охлажденная пицца, изделия для порционной упаковки, этанол, корма для животных, крахмал, а также фруктовые продукты и многое другое.",
1309,US,NISUY,US6546202028,NISUY.PK,Nissui Corp,2.614467,PNK,45,Потребительские нециклические товары,19,Пищевая промышленность,0.0,86.8,,91.85,0.0,26.84,75.22,75.22,75.22,75.22,75.22,75.22,75.22,75.22,75.22,75.22,75.22,75.22,75.22,42.8,52.08,75.22,42.4,57.54,,"Nissui Corp — японская компания, которая в основном занимается бизнесом по производству морепродуктов, продуктов питания, изысканного бизнеса и логистики, а также исследованиями и услугами, связанными с каждым бизнесом. Компания осуществляет свою деятельность в четырех бизнес-сегментах. Бизнес-сегмент морских продуктов занимается рыбным бизнесом, аквакультурой, а также переработкой и торговлей. Сегмент пищевого бизнеса занимается переработкой и охлаждением. Сегмент Fine Business занимается производством и реализацией фармацевтического сырья, функционального сырья и функциональных продуктов питания. Сегмент логистического бизнеса занимается холодильными складами, доставкой и таможенным оформлением. Компания также занимается строительством, ремонтом, эксплуатацией и проектированием судов.",
1311,US,TATYY,US8765707067,TATYY.PK,Tate & Lyle PLC,2.118644,PNK,46,Потребительские нециклические товары,20,Пищевая промышленность,0.0,18.49,,19.92,0.0,15.78,30.37,18.66,23.87,33.6,18.66,26.75,44.76,18.66,29.88,44.76,18.66,31.57,62.97,18.66,34.64,62.97,18.66,35.32,,"Tate & Lyle PLC — компания, специализирующаяся на производстве продуктов питания и напитков. Компания занимается поставкой ингредиентов и решений для пищевой промышленности, производства напитков и других отраслей промышленности. Компания работает в трех сегментах: Америка, Европа, Ближний Восток и Африка (EMEA) и Азиатско-Тихоокеанский регион. Категория его применения включает напитки, молочные продукты, супы, соусы и заправки, хлебобулочные изделия и закуски, кондитерские изделия, бытовое, лечебное питание, промышленное производство, мясо и морепродукты, а также средства личной гигиены. Портфель ингредиентов включает подсластители, клетчатку, стабилизаторы и функциональные системы, гидроколлоиды, крахмалы, белки и функциональную муку. Решения компании включают в себя функциональный крахмал с чистой этикеткой CLARIA, подсластитель TASTEVA Stevia, растворимую клетчатку PROMITOR, кристаллическую фруктозу KRYSTAR, сукралозу SPLENDA, аллулозу DOLCIA PRIMA, PUREFRUIT Monk Fruit и другие.",
1312,US,PRRFY,US74051J2006,PRRFY.PK,Premier Foods PLC,2.093734,PNK,47,Потребительские нециклические товары,21,Пищевая промышленность,0.0,13.07,,13.08,0.0,3.47,13.52,11.11,12.49,14.85,10.45,12.63,14.85,8.48,11.93,14.85,6.6,10.72,14.85,5.03,9.04,14.85,1.02,4.2,,"Premier Foods plc — британская компания-производитель продуктов питания. Сегменты компании включают бакалею, сладости и международные товары. В продуктовом сегменте в основном продаются пикантные продукты питания. В сегменте Sweet Treats продаются преимущественно сладкие продукты питания. Компания работает примерно на 15 объектах по всей стране. Он обеспечивает широкий спектр розничных, оптовых, общественного питания и других клиентов своими брендами. Она работает в основном в секторе экологически чистых продуктов питания на продуктовом рынке Соединенного Королевства. Он работает в четырех продуктовых категориях: «Ароматы и приправы»; Быстрые блюда, закуски и супы; Окружающие десерты, кулинарные соусы и аксессуары. Кроме того, компания имеет портфель других фирменных продуктов питания и небрендовый пищевой бизнес, который производит такие продукты, как торты и десерты, от имени различных розничных продавцов продуктов питания в Соединенном Королевстве, а также бизнес-бизнес (B2B) бизнес по поставке продуктов питания и ингредиентов.",
1317,US,HUIHY,US44330E1082,HUIHY.PK,Huabao International Holdings Ltd,1.771803,PNK,48,Потребительские нециклические товары,22,Пищевая промышленность,0.0,25.0,,0.0,0.0,0.0,25.0,25.0,25.0,25.0,25.0,25.0,25.0,13.63,19.32,25.0,13.63,18.75,115.21,13.63,45.17,115.21,13.63,29.83,,"Huabao International Holdings Ltd — инвестиционная холдинговая компания, занимающаяся в основном бизнесом по производству ароматизаторов и ароматизаторов (F&F), а также пищевых ингредиентов. Компания осуществляет свою деятельность через четыре сегмента. Сегмент F&F и пищевых ингредиентов в основном занимается исследованиями и разработками, производством и продажей вкусоароматических продуктов и пищевых ингредиентов. Сегмент приправ в основном занимается производством, продажей, маркетингом и распространением приправ. Сегмент Aroma Raw Materials в основном занимается исследованиями и разработками, производством и продажей продуктов из ароматического сырья. Сегмент табачного сырья в основном занимается исследованиями и разработками, производством и продажей восстановленных табачных листьев для изготовления бумаги и продуктов из новых материалов, которые применимы в табачной промышленности.",
1318,US,TUFBY,US88322X1037,TUFBY.PK,THAI Union Group PCL,1.458307,PNK,49,Потребительские нециклические товары,23,Пищевая промышленность,0.0,6.95,,7.77,0.0,4.96,8.54,6.0,6.85,8.54,5.91,6.66,10.0,5.91,7.82,12.94,5.91,8.03,16.0,5.91,9.94,16.0,5.91,10.04,,"Thai Union Group Public Company Limited — компания со штаб-квартирой в Таиланде. Основной деятельностью Компании и ее тайских дочерних компаний является производство и продажа замороженных, охлажденных и консервированных морепродуктов. Сегмент компании включает в себя экологически чистые морепродукты, замороженные и охлажденные морепродукты и сопутствующие виды деятельности, корма для домашних животных, а также предприятия с добавленной стоимостью и другие виды деятельности. Дочерние компании компании также занимаются производством упаковки, полиграфии, кормов для домашних животных, пищевых ингредиентов и пищевых добавок. Ее дочерние компании в США распространяют корм для домашних животных, омаров и другие морепродукты, а также импортируют креветки и другие замороженные морепродукты для продажи сетям ресторанов, розничным и оптовым торговцам. Ее дочерние компании в Европе производят и распространяют охлажденные и охлажденные морепродукты в странах Европы, США и Австралии под своими торговыми марками. Ее дочерние компании в Азии производят и продают морепродукты во Вьетнаме и Китае. Компания имеет более 17 филиалов в Бангкоке и Самутсакорне.",
1326,US,CLOEF,SE0002626861,CLOEF.PK,Cloetta AB,1.554801,PNK,50,Потребительские нециклические товары,24,Пищевая промышленность,0.0,5.79,,5.79,0.0,0.64,4.45,3.51,3.76,4.45,3.51,3.75,4.45,1.54,3.04,4.45,1.54,2.57,4.45,1.0,2.59,4.45,1.0,2.88,,"Cloetta AB — шведская компания, работающая на рынке шоколада и сахарных кондитерских изделий. Основным ингредиентом продукции является какао. Компания использует какао-массу, полученную из семян плодов какао-деревьев, растущих вдоль экватора. Компания производит и продает продукцию трех основных категорий, а именно: шоколад, в который входят шоколадные вафли, тарелки, пралине и драже; Сахарные кондитерские изделия, которые содержат пену, винные жевательные резинки, лакрицу, ириски, карамели, жевательные конфеты, ириски/помадки/карамель и леденцы, а также закуски, которые включают пастилки и жевательную резинку. Компании принадлежат такие бренды, как Lakerol, Cloetta, Jenkki, Kexchoklad, Malaco, Sportlife, Saila, Red Band и Sperlari. Компания имеет 12 производственных подразделений в шести странах. В январе 2014 года она приобрела Alrifai Nutisal AB. В мае 2014 года она приобрела 75% акций Aran Candy Ltd и бренда The Jelly Bean Factory, ирландской компании, производящей и продающей деликатесные мармеладные бобы.",
1327,US,THS,US89469A1043,THS.N,TreeHouse Foods Inc,1.233368,NYS,51,Потребительские нециклические товары,25,Пищевая промышленность,0.0,24.43,,0.0,0.0,0.0,,,,,,,,,,,,,,,,,,,,"TreeHouse Foods, Inc. — производитель продуктов питания и напитков под частной торговой маркой в ​​Северной Америке. В портфолио компании входят предложения закусок (крекеры, крендели, магазинная выпечка, замороженные блюда на сковородке, печенье и конфеты), напитки и смеси напитков (немолочные сливки, кофе, бульоны/бульоны, порошкообразные напитки и другие смеси, а также чай), а также другие продуктовые предложения (соленые огурцы, охлажденное тесто, горячие хлопья, сыр и пудинг). Компания продает свою продукцию по различным каналам, включая розничную продуктовую торговлю, совместное производство и доставку продуктов питания вдали от дома в стабильном, охлажденном и замороженном форматах. Он также предлагает своим клиентам ряд ценных и питательных решений, включая натуральные, органические и безглютеновые продукты, предоставляя каждому возможность удовлетворить потребности своих потребителей.",
1328,US,UELKY,US9037421040,UELKY.PK,Ulker Biskuvi Sanayi AS,0.935084,PNK,52,Потребительские нециклические товары,26,Пищевая промышленность,0.0,27.0,,27.0,0.0,3.0,29.12,25.15,26.41,35.0,25.15,28.72,53.5,25.15,36.82,53.5,13.75,29.44,53.5,8.0,20.4,53.5,8.0,24.41,,"Ulker Biskuvi Sanayi AS, ранее Ulker Gida Sanayi ve Ticaret AS, — турецкий производитель продуктов питания, специализирующийся на производстве печенья, крекеров, печенья в шоколадной глазури и вафель. Компания предлагает продукцию под такими торговыми марками, как Potibor, Cizi, Krispi, Haylayf, Mavi Yesil, Hanimeller, Bebe Biscuits, Biskrem, Krim Kraker, Probis, Cokoprens, As Kraker, Basak, Ikram и Canpare и многими другими. Продукция Ulker Biskuvi Sanayi AS в основном экспортируется на Ближний Восток, в Россию и республики Центральной Азии, а также в Европу. Дочерними компаниями компании являются Istanbul Gida Dis Ticaret AS, Atlas Gida Pazarlama Sanayi ve Ticaret AS, Birlesik Dis Ticaret AS, Ulker Cikolata Sanayi AS, Reform Gida Pazarlama Sanayi ve Ticaret AS и Sabourne Investments Ltd.",
1330,US,MRVSY,US60342R1014,MRVSY.PK,Minerva SA,0.788694,PNK,53,Потребительские нециклические товары,27,Пищевая промышленность,0.02,3.4,,4.08,0.0,3.06,5.39,3.55,4.45,6.64,3.24,4.49,6.64,3.24,4.58,11.41,3.24,5.06,17.88,3.24,6.03,17.88,1.8,7.26,,"Minerva SA — бразильская компания, занимающаяся в основном производством и продажей говядины. Деятельность Компании разделена на два бизнес-сегмента: Мясо и Животноводство. Мясной дивизион занимается производством и реализацией свежей говядины. Этот сегмент включает переработку говядины, свинины и птицы, а также производство и продажу побочных продуктов животноводства, таких как шкуры и потроха. Подразделение «Животноводство» специализируется на экспорте живого скота. Компания управляет бойнями в Бразилии, Парагвае, Уругвае, Колумбии и Аргентине, мясоперерабатывающим заводом в Бразилии и двумя заводами по переработке белков в Аргентине. Фирма владеет многочисленными дочерними компаниями, такими как Minerva Dawn Farms Industria e Comercio de Proteinas SA, CSAP Companhia Sul Americana de Pecuaria SA и Athena Foods SA и другими.",
1335,US,RHHVF,CH0012032048,RHHVF.PK,Roche Holding AG,319.614967,PNK,1,Здравоохранение,1,Фармацевтика,0.0,381.48,,470.6,357.3,417.0,424.4,300.15,347.64,424.4,273.1,333.77,424.4,233.12,308.82,424.4,233.12,304.29,430.0,233.12,325.42,430.0,209.55,298.58,,"Roche Holding AG (Roche) — исследовательская компания в сфере здравоохранения. Операционная деятельность компании разделена на два подразделения: фармацевтическое и диагностическое. Фармацевтическое подразделение состоит из двух бизнес-сегментов: Roche Pharmaceuticals и Chugai. Подразделение диагностики состоит из четырех бизнес-направлений: лечение диабета, молекулярная диагностика, профессиональная диагностика и диагностика тканей. Компания разрабатывает лекарства для различных областей заболеваний, включая онкологию, иммунологию, инфекционные заболевания, офтальмологию и нейробиологию. Ее фармацевтические продукты включают Анапрокс, Авастин, Бактрим, Бондронат, Селлсепт, Котеллик, Дилатренд, Дормикум, Инвираза, Кадсила, Китрил (кеватрил), Лариам, Мабтера, Мадопар, Нейпоген, Пегасис, Перьета, Пульмозим, Рокальтрол, Роцефин и Роферон-А. Компания предлагает продукты для исследователей, включая клеточный анализ, экспрессию генов, секвенирование генома и очистку нуклеиновых кислот.",
1349,US,GLAXF,GB00BN7SWP63,GLAXF.PK,GSK plc,111.049092,PNK,2,Здравоохранение,2,Фармацевтика,0.0,27.25,,28.53,0.0,21.66,25.0,17.15,20.93,25.0,15.54,19.66,25.0,15.54,19.75,25.0,15.54,19.05,29.34,13.48,20.78,30.25,13.48,22.96,,"GSK plc — биофармацевтическая компания. Сегменты компании включают коммерческую деятельность и исследования и разработки. Ее портфолио и портфолио сосредоточены на разработке лекарств и вакцин в четырех основных терапевтических областях, которые представляют собой области здоровья человека, на которых она фокусируется для профилактики и лечения заболеваний: респираторные заболевания, иммунология и воспаление; онкология; вирус иммунодефицита человека (ВИЧ) и инфекционные заболевания. Его специализированные лекарства предотвращают и лечат заболевания, от ВИЧ до респираторных заболеваний, иммуноопосредованных состояний, таких как волчанка, и рака. Ее портфель вакцин включает более 20 вакцин для защиты людей от болезней и инфекций на протяжении всей их жизни. Лекарства общего назначения включают ингаляционные лекарства от астмы и ХОБЛ и антибиотики. Компания разрабатывает и коммерциализирует доклинический конъюгат антитело-лекарственное средство для лечения метастатического рака простаты, резистентного к кастрации. В портфель компании также входит эфимосфермин, терапевтический аналог фактора роста фибробластов 21 (FGF21), находящийся в стадии клинической разработки.",
1365,US,SDZXF,CH1243598427,SDZXF.PK,Sandoz Group AG,33.315466,PNK,3,Здравоохранение,3,Фармацевтика,0.0,75.25,,79.9,0.0,39.04,73.45,55.5,62.45,73.45,36.68,51.55,73.45,27.31,42.6,73.45,25.75,40.45,73.45,25.75,40.45,73.45,25.75,40.45,,"Sandoz Group AG — швейцарская компания, работающая в сфере медицинских технологий. Компания работает в двух направлениях: дженерики и биосимиляры. Подразделение дженериков разрабатывает, производит и продает активные ингредиенты и готовые лекарственные формы низкомолекулярных фармацевтических препаратов, готовые лекарственные формы противоинфекционных препаратов, а также активные фармацевтические ингредиенты и промежуточные продукты. Бизнес по производству биосимиляров занимается разработкой, производством и продажей белковых и других биологических продуктов, аналогичных другим уже одобренным биологическим лекарствам. Портфель продуктов компании, включающий дженерики и биосимиляры, охватывает все терапевтические области лечения пациентов, такие как сердечно-сосудистые заболевания, центральная нервная система, онкология, противоинфекционные препараты, боли и респираторные заболевания. Компания обслуживает клиентов по всему миру.",
1375,US,SBHMY,US82937X1037,SBHMY.PK,Sino Biopharmaceutical Ltd,14.007504,PNK,4,Здравоохранение,4,Фармацевтика,0.0,15.89,,0.0,0.0,0.0,20.16,13.92,17.75,20.16,7.15,11.93,20.16,6.69,10.44,20.16,6.68,10.09,23.66,6.68,12.88,26.43,6.68,14.73,,"Sino Biopharmaceutical Ltd — инвестиционная холдинговая компания, занимающаяся преимущественно фармацевтическим бизнесом. Компания осуществляет свою деятельность через три сегмента. Сегмент модернизированных китайских лекарств и химических лекарств в основном занимается производством, продажей и распространением модернизированных продуктов китайской медицины и продуктов западной медицины. Инвестиционный сегмент в основном занимается долгосрочными инвестициями. Сегмент «Прочие» в основном занимается сопутствующим здравоохранением и больничным бизнесом.",
1378,US,CHJTF,HK1093012172,CHJTF.PK,CSPC Pharmaceutical Group Ltd,13.64735,PNK,5,Здравоохранение,5,Фармацевтика,0.0,1.02,,1.17,0.0,0.24,1.28,0.95,1.13,1.28,0.54,0.99,1.28,0.54,0.84,1.28,0.54,0.88,1.42,0.54,0.95,1.74,0.41,1.01,,"CSPC Pharmaceutical Group Ltd — инвестиционная холдинговая компания, занимающаяся преимущественно производством и продажей фармацевтической продукции. Компания осуществляет свою деятельность через три сегмента. Сегмент готовых лекарств занимается исследованиями и разработками, производством и продажей фармацевтической продукции и лицензированием. Сегмент сыпучих продуктов занимается производством и продажей витамина С и антибиотиков в виде порошка. Сегмент «Функциональное питание и другие» занимается производством и продажей функциональных продуктов питания (включая пищевые добавки с кофеином, безводную глюкозу, акарбозу и буккальные таблетки витамина С), оказанием медицинских услуг и другим. Терапевтические области продукции компании включают нервную систему, онкологию, противоинфекционные препараты, сердечно-сосудистую систему, дыхательную систему, пищеварение и обмен веществ и другие. Компания ведет свою деятельность на внутреннем и зарубежном рынках.",
1380,US,IPSEY,US4626292050,IPSEY.PK,Ipsen SA,15.046799,PNK,6,Здравоохранение,6,Фармацевтика,0.0,44.01,,45.9,0.0,28.68,38.95,30.01,33.91,38.95,25.11,31.11,38.95,25.11,30.35,38.95,25.11,30.09,38.95,19.35,28.01,44.6,9.1,27.8,,"Ipsen SA — французская биофармацевтическая группа, специализирующаяся на специализированной медицинской помощи. Компания работает по всему миру в двух сегментах: специализированная медицина и здравоохранение для потребителей. В сфере специализированной помощи компания специализируется на различных терапевтических областях, включая онкологию, нейробиологию и редкие заболевания. В его портфель онкологических препаратов входят соматулин, декапептил, кабометикс и онивид. В ее портфолио в области нейробиологии входит Dysport, а ключевыми продуктами для лечения редких заболеваний являются NutropinAq и Increlex. В его портфель первичной медицинской помощи входят Смекта, Форлакс, Фортранс, Эзиклен и Танакан. В онкологии Ipsen специализируется на ряде областей заболеваний, включая нейроэндокринные опухоли, почечно-клеточный рак, гепатоцеллюлярный рак и рак поджелудочной железы. Кроме того, компания специализируется на исследованиях нейротоксинов и управляет тремя центрами исследований и разработок, расположенными во Франции, Великобритании и США.",
1381,US,SWOBY,US8703212055,SWOBY.PK,Swedish Orphan Biovitrum AB (publ),14.491445,PNK,7,Здравоохранение,7,Фармацевтика,0.0,19.63,,20.97,0.0,9.88,18.2,13.57,15.84,18.2,12.9,15.36,18.2,12.1,14.6,18.2,9.27,14.05,18.2,9.27,14.05,18.2,9.27,14.05,,"Шведская Orphan Biovitrum AB (publ) — шведская фармацевтическая компания. Компания разрабатывает, производит и продает лекарства для лечения гемофилии, аутоиммунных заболеваний, метаболических заболеваний и поддерживающей терапии рака. Портфель продуктов компании разделен на три бизнес-сегмента: сегмент «Основные продукты» предлагает фармацевтические препараты в области воспалений, а также в области генетики и метаболической терапии; сегмент «Партнерские продукты» предлагает около 40 фармацевтических препаратов в области гематологии, онкологии и лекарств для неотложной помощи, а также сегмент «Производство ReFacto». Компания имеет дочерние компании в Швеции, Дании, Финляндии, Норвегии, Великобритании и Франции, среди других.",
1383,US,ORINY,US68628Y1047,ORINY.PK,Orion Oyj,11.044387,PNK,8,Здравоохранение,8,Фармацевтика,0.0,37.99,,41.04,0.0,12.99,41.6,30.89,37.9,41.6,22.57,32.69,41.6,17.5,29.63,41.6,17.5,28.97,41.6,17.5,28.11,41.6,15.0,26.36,,"Orion Oyj, ранее Orion Corporation, — финская компания, работающая в фармацевтической промышленности. Компания занимается исследованиями, разработками, производством и маркетингом фармацевтических препаратов для людей и животных, а также активных фармацевтических ингредиентов. Основными направлениями фармацевтических исследований и разработок компании являются заболевания центральной нервной системы (ЦНС), онкология и респираторные заболевания.",
1384,US,RNA,US04965N1046,RNA.O,Atrium Therapeutics Inc,0.2319,NSQ,1,,1,,0.61,13.55,,16.54,11.95,14.05,72.61,27.7,52.51,72.61,21.51,41.75,72.61,8.86,37.16,72.61,4.82,28.94,72.61,4.82,25.32,72.61,4.82,25.69,,,
1398,US,HKMPY,US4312881091,HKMPY.PK,Hikma Pharmaceuticals PLC,3.6151,PNK,9,Здравоохранение,9,Фармацевтика,0.0,33.22,,34.88,0.0,31.32,55.33,39.93,46.18,59.26,39.93,48.55,59.26,39.93,48.89,59.26,38.6,47.87,75.81,25.12,47.61,75.81,24.6,47.47,,"Hikma Pharmaceuticals PLC — многонациональная фармацевтическая компания, занимающаяся разработкой, производством и маркетингом широкого спектра непатентованных, фирменных и нелицензированных фармацевтических продуктов. Фармацевтическая деятельность компании осуществляется в трех бизнес-сегментах: инъекционные препараты, фирменные препараты и дженерики. Компания снабжает больницы на своих рынках непатентованными и специализированными инъекционными препаратами при поддержке своих производственных мощностей в США (США), Европе и на Ближнем Востоке/Северной Африке (MENA). Компания поставляет фирменные дженерики и лицензированные запатентованные продукты со своих местных производственных предприятий розничным и больничным клиентам по всему региону MENA. Она поставляет пероральные, респираторные и другие непатентованные и специальные препараты на розничный рынок Северной Америки. Производственные мощности компании в США поставляют на рынки США и Канады дженерики и специальные препараты в широком спектре терапевтических областей, включая респираторные заболевания, онкологию и обезболивание.",
1404,US,MAHLY,US58502T1079,MAHLY.PK,Medipal Holdings Corp,3.908999,PNK,10,Здравоохранение,10,Фармацевтика,0.0,17.68,,18.84,0.0,9.05,18.4,14.6,17.13,18.4,14.02,16.09,19.07,14.02,16.13,19.07,13.0,15.98,20.86,12.06,16.71,24.02,12.06,18.62,,"Medipal Holdings Corp — японская компания, занимающаяся в основном оптовой торговлей фармацевтическими препаратами, косметикой, товарами повседневного спроса и ветеринарными лекарствами. Компания работает в трех сегментах. Сегмент оптовой продажи рецептурных препаратов занимается оптовой торговлей, ориентируясь на таких клиентов, как больницы, клиники и аптеки. Сегмент оптовой торговли косметикой, товарами повседневного спроса и фармацевтическими товарами общего назначения занимается оптовой торговлей, ориентируясь на таких клиентов, как аптеки, центры ремонта дома, магазины повседневного спроса и супермаркеты. Сегмент оптовой торговли сырьем для ветеринарных препаратов и пищевой промышленности занимается оптовой торговлей, ориентированной на таких клиентов, как ветеринарные больницы, производители животноводческой и рыбной продукции, а также производители обработанных пищевых продуктов. Компания также занимается профилактической медициной, исследованиями и разработками передовых медицинских технологий, агентскими услугами по страхованию, кроме страхования жизни, и другим.",
1406,US,SNPHY,US80287P1003,SNPHY.PK,Santen Pharmaceutical Co Ltd,3.55022,PNK,11,Здравоохранение,11,Фармацевтика,0.0,10.84,,11.48,10.0,10.55,11.83,9.22,10.61,12.04,8.65,10.35,13.0,8.65,10.56,13.0,7.13,9.91,17.11,6.2,10.49,20.93,6.2,13.27,,"Santen Pharmaceutical Co Ltd — японская компания, занимающаяся в основном исследованиями, разработками, производством и продажей фармацевтических препаратов. Компания занимается глобальными исследованиями и разработками, производством, продажей и маркетингом фармацевтических препаратов в области офтальмологии. Компания занимается фармацевтическими препаратами, отпускаемыми по рецепту, безрецептурными лекарствами, медицинским оборудованием и другим бизнесом. Компания работает в Японии, Азии, Европе, на Ближнем Востоке и в Африке (EMEA), Китае и других регионах.",
1408,US,APNHY,US04530Y1064,APNHY.PK,Aspen Pharmacare Holdings Ltd,3.340603,PNK,12,Здравоохранение,12,Фармацевтика,0.0,7.63,,8.86,0.0,5.63,7.02,5.24,5.95,10.14,5.24,6.85,13.68,5.24,8.64,13.68,5.24,8.82,18.79,5.24,9.99,28.6,4.14,12.85,,"Aspen Pharmacare Holdings Limited — это международная специализированная фармацевтическая компания со штаб-квартирой в Южной Африке. Компания специализируется на маркетинге и производстве ряда постпатентных, фирменных лекарств и отечественных брендов, охватывающих как больничный, так и потребительский рынки. Его сегменты включают рецептурные, безрецептурные (OTC), инъекционные препараты, активные фармацевтические ингредиенты (API), готовую дозированную форму (FDF) и гепарин. Он предлагает стерильные продукты в инъекционной форме, которые в основном назначаются в больницах, а также те, которые назначаются и назначаются врачами или в розничных аптеках. Ее ключевые бренды включают Arixtra, Diprivan, Fraxiparine, Marcaine, Sustanon и Xylocaine (инъекционные препараты). Его безрецептурный сегмент включает продукты, которые не требуют рецепта и продаются в основном в розничной аптеке и в секторе потребительских товаров с быстрым оборотом. В сегмент «Рецепты» входят продукты, для которых обычно требуется рецепт от медицинского работника.",
1409,US,PTKFY,US69368A1088,PTKFY.PK,Kalbe Farma Tbk PT,2.59461,PNK,13,Здравоохранение,13,Фармацевтика,0.0,10.88,,12.3,0.0,5.66,19.5,12.0,15.27,21.16,11.44,15.27,23.73,11.44,16.67,29.77,11.44,17.27,29.77,11.44,18.28,29.77,10.68,20.79,,"PT Kalbe Farma Tbk — индонезийская компания, которая занимается разработкой, производством и торговлей фармацевтической продукцией, включая лекарства для человека и потребительские товары для здоровья. В состав его бизнес-подразделений входят фармацевтические препараты по рецептам, отделы по охране здоровья потребителей, подразделения по питанию, а также подразделения по дистрибуции и логистике. Подразделение Prescription Pharmaceuticals предлагает широкий спектр продуктов для всех групп: от небрендовых дженериков для сегмента массового рынка до фирменных дженериков и лицензированных препаратов. Портфель продуктов подразделения Consumer Health простирается от безрецептурных лекарств и энергетических напитков до выбора готовых к употреблению здоровых напитков. Подразделение по питанию предлагает широкий выбор пищевых продуктов, включая сухие молочные продукты, для всех возрастных групп. Он также предлагает широкий выбор немолочных пищевых продуктов. Подразделение дистрибуции и логистики осуществляет дистрибуцию фармацевтической продукции в Индонезии.",
1415,US,HAWPY,US4196641074,HAWPY.PK,Haw Par Corporation Ltd,2.894881,PNK,14,Здравоохранение,14,Фармацевтика,0.0,53.5,,0.0,0.0,0.0,50.8,43.82,47.31,50.8,43.82,47.31,50.8,43.82,47.31,50.8,25.55,40.06,50.8,25.55,35.63,50.8,18.29,29.92,,"Haw Par Corporation Limited — сингапурская холдинговая компания. Основной деятельностью компании является лицензирование торговых марок Tiger, а также владение и удержание инвестиций на долгосрочную перспективу. Его сегменты включают товары для здравоохранения, инвестиции и другие. Сегмент продукции для здравоохранения занимается производством и распространением анальгетиков для местного применения под брендами Tiger Balm и Kwan Loong. Его инвестиционный сегмент занимается долгосрочным инвестированием, в основном в котируемые ценные бумаги в Азии. Его сегмент «Другие» включает подразделение недвижимости, которое владеет и сдает в аренду несколько инвестиционных объектов в Азии, и подразделение досуга, которое обеспечивает семейный и туристический досуг в форме океанариумов. Ее бренд Tiger Balm предлагает такие продукты, как белая мазь Tiger Balm, растирание мышц Tiger Balm, пластырь от боли в спине Tiger Balm и растирание мышц Tiger Balm. Ее бренд Kwan Loong предлагает такие продукты, как Kwan Loong Medicated Oil и Kwan Loong Refresher.",
1422,US,BVNRY,US0717711099,BVNRY.PK,Bavarian Nordic A/S,2.348261,PNK,15,Здравоохранение,15,Фармацевтика,0.0,9.77,,10.02,9.11,9.57,13.0,8.73,11.1,13.0,6.6,9.74,14.6,6.6,9.42,14.6,5.95,9.19,19.31,5.85,10.01,20.27,4.95,10.2,,"Bavarian Nordic A/S — датская биотехнологическая компания, занимающаяся производством фармацевтических препаратов. Компания занимается научно-исследовательскими и инновационными разработками, производством и коммерциализацией жизненно важных вакцин на основе вирусных векторов для доставки антигенов, направленных против инфекционных заболеваний. Bavarian Nordic A/S предлагает туристические товары для здоровья, включая вакцины против холеры, бешенства, клещевого энцефалита и брюшного тифа, а также вакцины, которые продаются и распространяются на отдельных рынках от имени третьих сторон. Компания занимается вакцинами, направленными на улучшение здоровья и готовности населения. Bavarian Nordic A/S специализируется на решениях в области вакцин, которые помогают справиться с угрозой инфекционных заболеваний. Компания работает по всему миру.",
1424,US,NPPNY,US65461U1088,NPPNY.PK,Nippon Shinyaku Co Ltd,2.26342,PNK,16,Здравоохранение,16,Фармацевтика,0.0,7.4,,8.62,0.0,4.46,15.21,5.03,6.45,15.21,5.03,6.24,15.21,4.9,6.34,15.21,4.9,8.18,22.23,4.9,9.21,22.84,4.9,12.87,,"Nippon Shinyaku Co Ltd — японская компания, занимающаяся в основном производством и продажей фармацевтических препаратов и функциональных продуктов питания. Компания имеет два бизнес-сегмента. Сегмент «Фармацевтический бизнес» проводит исследования и разработки по трем профильным направлениям: гематология, трудноизлечимые и редкие заболевания (легочная артериальная гипертензия, мышечная дистрофия и др.), урологические и гинекологические заболевания. Сегмент функционального питания проводит исследования и разработки в основном в трех категориях: ингредиенты для здоровой пищи, консерванты, стабилизирующие качество, и белковые препараты. Другие виды деятельности включают поддержку бизнеса, агентство по страхованию, кроме страхования жизни, и предложение по страхованию жизни, аренду недвижимости и услуги по поддержке образования.",
1428,US,AVDL,IE00BDGMC594,AVDL.O,Avadel Pharmaceuticals PLC,2.124041,NMQ,17,Здравоохранение,17,Фармацевтика,0.0,21.64,,0.0,0.0,0.0,23.57,8.52,16.21,23.57,6.38,12.49,23.57,6.38,13.57,23.57,6.35,12.91,23.57,1.05,10.57,23.57,1.03,9.03,,"Avadel Pharmaceuticals PLC — биофармацевтическая компания. Продукт компании, LUMRYZ, представляет собой препарат оксибата натрия пролонгированного действия, который рекомендуется принимать однократно перед сном для лечения катаплексии или чрезмерной дневной сонливости (EDS) у взрослых, страдающих нарколепсией. Его подход включает применение решений для разработки лекарств, которые решают проблемы, с которыми пациенты сталкиваются при выборе вариантов лечения. Ее технологии доставки лекарств включают MICROPUMP, LIQUITIME и MEDUSA. Технология MICROPUMP позволяет разрабатывать твердые лекарственные формы с модифицированным высвобождением для перорального применения. Ее технология LIQUITIME позволяет разрабатывать пероральные продукты с модифицированным высвобождением в виде жидкой суспензии, что может сделать такие препараты особенно подходящими для детей и/или пациентов, имеющих проблемы с глотанием таблеток или капсул. Технология MEDUSA позволяет разрабатывать инъекционные лекарственные формы с модифицированным высвобождением.",
1435,US,NBY,US66987P5089,NBY.N,NovaBay Pharmaceuticals Inc,0.035944,NYS,18,Здравоохранение,18,Фармацевтика,0.0,1.34,,1.78,1.12,1.35,6.47,0.44,1.75,6.47,0.32,1.31,6.47,0.24,1.85,56.22,0.24,5.73,1433.25,0.24,227.06,3255.18,0.24,403.61,,"NovaBay Pharmaceuticals, Inc. занимается производством средств по уходу за ранами. Компания производит и продает свою запатентованную форму хлорноватистой кислоты для рынка средств по уходу за ранами через продукты под торговыми марками NeutroPhase и PhaseOne. NeutroPhase и PhaseOne используются для очищения и орошения в рамках хирургических процедур, а также при лечении ран, ожогов, язв и других повреждений.",
1440,US,PHMMF,ES0169501022,PHMMF.PK,Pharma Mar SA,1.790761,PNK,19,Здравоохранение,19,Фармацевтика,0.0,92.19,,92.19,0.0,10.24,110.4,84.94,95.36,110.4,80.91,95.39,110.4,26.85,72.21,110.4,26.85,60.32,145.25,26.85,82.84,158.75,12.24,50.49,,"Pharma Mar SA — испанская интегрированная биофармацевтическая компания, специализирующаяся на онкологии и занимающаяся исследованиями и разработками (НИОКР) противоопухолевых препаратов морского происхождения. Компания через свои дочерние компании управляет тремя бизнес-сегментами: онкология, диагностика и РНК-интерференция. Сегмент онкологии охватывает исследования, разработку и продажу противоопухолевых препаратов. Сегмент «Диагностика» включает разработку и маркетинг диагностических наборов. Сегмент РНК-интерференции состоит из разработки лекарств с терапевтической активностью, основанной на снижении или подавлении экспрессии генов. В портфель продуктов компании входят Yondelis и ZEPZELCA. Йонделис (трабектедин) показан для лечения запущенной саркомы мягких тканей, а также для лечения рецидива чувствительного к платине рака яичников. ЗЕПЗЕЛКА (лурбинектин) показан для лечения метастатического мелкоклеточного рака легких (МРЛ) с прогрессированием заболевания. Компания активна по всему миру.",
1443,US,TCNNF,CA89788C1041,TCNNF.PK,Trulieve Cannabis Corp,0.975932,PNK,20,Здравоохранение,20,Фармацевтика,0.2,5.07,,7.14,5.0,6.15,11.83,3.54,6.81,11.83,3.02,5.56,14.5,3.02,7.59,14.5,3.02,6.83,53.73,3.02,14.2,53.73,3.02,13.95,,"Trulieve Cannabis Corp. — вертикально интегрированная компания по производству каннабиса. Компания наладила производство каннабиса в трех центрах: Юго-востоке, Северо-востоке и Юго-западе. Каждый из трех региональных центров опирается на рыночные позиции в краеугольных штатах Флорида, Пенсильвания и Аризона. Компания работает на регулируемых рынках, где требуется опыт в выращивании, производстве и розничной торговле. Компания использует различные методы экстракции, включая сверхкритическую экстракцию этанолом, экстракцию углекислого газа, экстракцию углеводородов и механическое разделение. Кроме того, компания использует технологии дистилляции, очистки и производства для дальнейшей очистки экстрактов и преобразования их в широкий спектр готовой продукции. В число ее брендов входят бренды премиум-класса Avenue, Cultivar Collection и Muse; бренды среднего уровня Modern Flower, Alchemy, Momenta и Sweet Talk, а также бренды бюджетного уровня Co2lors, Loveli, Roll One и Trekkers.",
1447,US,XERS,US98422E1038,XERS.O,Xeris Biopharma Holdings Inc,0.965615,NSQ,21,Здравоохранение,21,Фармацевтика,2.12,5.6,,6.07,5.25,5.63,10.08,4.52,7.26,10.08,3.14,5.82,10.08,1.69,4.2,10.08,0.97,3.47,10.08,0.97,3.17,27.98,0.97,5.54,,"Xeris Biopharma Holdings, Inc. — биофармацевтическая компания, деятельность которой направлена ​​на улучшение жизни пациентов путем разработки и коммерциализации продуктов для широкого спектра методов лечения. На рынке имеется три продукта: Рекорлев, Гвоке и Кевейис. Рекорлев предназначен для лечения эндогенного синдрома Кушинга. Гвоке — готовый к использованию жидкий глюкагон для лечения тяжелой гипогликемии. Keveyis – это терапия первичного периодического паралича. У компании также есть ряд программ разработки, возглавляемых XP-8121, готовой к III фазе подкожной инъекции для лечения гипотиреоза один раз в неделю. Компания поддерживает партнерские отношения в области разработки и разработки, чтобы применять свои технологии разработки XeriSol и XeriJect для улучшения доставки лекарств и клинического профиля запатентованных лекарств и биологических препаратов других компаний. Рекорлев — ингибитор синтеза кортизола, одобренный для лечения эндогенной гиперкортизолемии у взрослых с синдромом Кушинга, для которых хирургическое вмешательство невозможно или не дало излечения.",
1448,US,EYPT,US30233G2093,EYPT.O,EyePoint Inc,0.988669,NMQ,22,Здравоохранение,22,Фармацевтика,0.81,11.85,,18.34,11.82,14.44,19.11,8.96,12.84,19.11,3.91,9.97,30.99,3.91,12.03,30.99,2.21,10.68,30.99,2.19,10.34,48.2,2.19,14.34,,"EyePoint, Inc., ранее называвшаяся EyePoint Pharmaceuticals, Inc., является биофармацевтической компанией, работающей на клинической стадии. Компания сосредоточена на разработке и коммерциализации терапевтических средств для улучшения жизни пациентов с серьезными заболеваниями сетчатки. Ведущий кандидат на продукт компании, DURAVYU, представляет собой экспериментальное лекарственное средство для лечения серьезных заболеваний сетчатки, сочетающее вороланиб, селективный и запатентованный ингибитор тирозинкиназы, с биоразрушаемой технологией Durasert E. Вороланиб обладает новым мультимеханизмом действия, поскольку он воздействует как на проницаемость сосудов, опосредованную фактором роста эндотелия сосудов (VEGF), так и на воспаление, опосредованное IL-6, посредством ингибирования всех рецепторов VEGF и провоспалительной передачи сигналов IL-6/JAK1. DURAVYU находится на этапе III основных исследований по лечению влажной возрастной дегенерации желтого пятна. DURAVYU также разрабатывается для лечения диабетического макулярного отека (ДМО) с введением первой дозы пациенту в исследованиях фазы III.",
1449,US,BIOGY,US09072J1025,BIOGY.PK,Biogaia AB,1.221194,PNK,23,Здравоохранение,23,Фармацевтика,0.0,11.0,,0.0,0.0,0.0,11.46,8.79,10.21,11.46,8.79,10.1,12.09,8.79,10.37,12.09,8.38,9.94,17.14,7.5,10.15,17.14,4.67,10.05,,"Biogaia AB — шведская медицинская компания, занимающаяся разработкой и продажей пробиотических продуктов. Компания разрабатывает, продвигает на рынок и продает пробиотические продукты с доказанной пользой для здоровья. В основе продуктов преимущественно лежат различные штаммы молочнокислой бактерии Limosilactobacillus reuteri. Деятельность компании разделена на три сегмента: сегмент «Педиатрия» - капли, таблетки для здоровья кишечника, растворы для пероральной регидратации (ПРС) и культуры, которые будут использоваться в качестве ингредиентов в лицензиатских продуктах; Сегмент «Здоровье взрослых» (таблетки для здоровья кишечника, пастилки для здоровья полости рта и культуры в качестве ингредиента молочных продуктов лицензиата) и «Другое» (роялти в отношении проектов развития, доходы от упаковочных решений в дочерней компании CapAble и т. д.). Компания работает по всему миру.",
1450,US,AMPH,US03209R1032,AMPH.O,Amphastar Pharmaceuticals Inc,0.872015,NSQ,24,Здравоохранение,24,Фармацевтика,0.48,19.22,,21.01,17.8,19.36,31.26,20.39,25.79,39.01,20.39,27.02,65.92,20.39,36.36,67.66,20.39,39.6,67.66,16.91,33.91,67.66,10.5,26.01,,"Amphastar Pharmaceuticals, Inc. — биофармацевтическая компания, специализирующаяся в первую очередь на разработке, производстве, маркетинге и продаже непатентованных и запатентованных инъекционных, ингаляционных и интраназальных препаратов. Кроме того, он продает инсулиновые API. Большая часть готовой продукции используется в больницах или клиниках неотложной помощи и в основном закупается и распространяется через групповые закупочные организации и оптовых торговцев лекарствами. Компания производит и продает более 25 продуктов, таких как назальный порошок BAQSIMI (глюкагон) 3 мг, Primatene MIST, набор для экстренной помощи с глюкагоном для инъекций, эноксапарин, налоксон и другие продаваемые продукты, включая кортрозин (косинтропин для инъекций), амфадазу, адреналин для инъекций, желе с лидокаином, раствор лидокаина для местного применения, фитонадион для инъекций и другие. Компания производит и продает два продукта API: рекомбинантный человеческий инсулин (RHI API) и API свиного инсулина для рынка инъекционного инсулина.",
1451,US,PHAT,US71722W1071,PHAT.O,Phathom Pharmaceuticals Inc,0.82975,NSQ,25,Здравоохранение,25,Фармацевтика,1.29,10.53,,11.9,10.0,10.79,18.31,7.61,12.3,18.31,2.21,9.13,19.71,2.21,10.23,19.71,2.21,10.38,50.78,2.21,15.25,64.54,2.21,19.05,,"Pathom Pharmaceuticals, Inc. — биофармацевтическая компания. Компания занимается разработкой и коммерциализацией новых методов лечения желудочно-кишечных заболеваний. В число продуктов-кандидатов компании входят VOQUEZNA, VOQUEZNA TRIPLE PAK и VOQUEZNA DUAL PAK. Ее кандидат на продукт, VOQUEZNA, содержит вонопразан, пероральный низкомолекулярный блокатор калий-конкурентной кислоты или блокатор калий-конкурентной кислоты (PCAB). ПХАБ — новый класс лекарств, блокирующих секрецию кислоты в желудке. Вонопразан также продемонстрировал клинические преимущества при лечении эрозивной гастроэзофагеальной рефлюксной болезни (эрозивной ГЭРБ) и в сочетании с антибиотиками для лечения инфекции Helicobacter pylori (H. pylori). ГЭРБ и инфекция H. pylori являются двумя наиболее распространенными заболеваниями желудочно-кишечного тракта, связанными с кислотой. ГЭРБ – это заболевание, которое развивается, когда рефлюкс кислого содержимого желудка вызывает неприятные симптомы и/или осложнения. H. pylori является бактериальным патогеном.",
1452,US,TLRY,US88688T2096,TLRY.O,Tilray Brands Inc,0.697876,NSQ,26,Здравоохранение,26,Фармацевтика,2.43,5.99,,7.6,5.93,6.88,23.2,4.07,10.88,23.2,3.51,8.92,29.7,3.51,13.36,35.9,3.51,16.63,670.0,3.51,51.27,3000.0,3.51,161.21,,"Tilray Brands, Inc. — глобальная компания по производству потребительских товаров и образа жизни. Компания работает в четырех сегментах: производство каннабиса, дистрибуция, производство алкогольных напитков и оздоровительный бизнес. Деятельность по каннабису, которая включает в себя производство, распространение, продажу, совместное производство и консультативные услуги как каннабиса в медицинских целях, так и для употребления взрослыми. Деятельность по производству алкогольных напитков, которая включает в себя производство, маркетинг и продажу алкогольной продукции. Дистрибьюторская деятельность, которая включает в себя покупку и перепродажу фармацевтической продукции клиентам. Продукция Wellness, в которую входят продукты из конопли и продукты с каннабидиолом (КБД). Компания предлагает портфель брендов и продуктов для употребления взрослыми и расширяет свой портфель, включив в него новые продукты и форматы каннабиса. В число ее брендов входят Good Supply, RIFF, Broken Coast, Solei, Canaca, HEXO, Redecan, Original Stash, Hop Valley, Revolver, Bake Sale, XMG, Mollo и другие.",
1454,US,TBPH,KYG8807B1068,TBPH.O,Theravance Biopharma Inc,0.785782,NMQ,27,Здравоохранение,27,Фармацевтика,0.72,15.26,,18.95,13.28,14.46,20.33,10.82,14.61,20.33,7.9,12.13,20.33,7.44,10.56,20.33,7.44,10.48,22.74,6.1,11.11,43.44,6.1,18.25,,"Theravance Biopharma, Inc. — биофармацевтическая компания, занимающаяся разработкой и коммерциализацией лекарств для лечения респираторных и неврологических заболеваний. Компания работает в одном сегменте, а именно, разработка и коммерциализация терапевтических средств для человека. Ее продукт, раствор для ингаляций ЮПЕЛРИ (ревефенацин), представляет собой распыляемый антагонист мускариновых кислот длительного действия, используемый для лечения пациентов с хронической обструктивной болезнью легких (ХОБЛ). ХОБЛ — это хроническое заболевание легких, которое включает хронический бронхит, эмфизему или то и другое. ЮПЕЛРИ — это антихолинергическое лекарство, которое помогает мышцам дыхательных путей в легких оставаться расслабленными, чтобы предотвратить такие симптомы, как свистящее дыхание, одышка и другие. Ампрелоксетин — это исследуемый ингибитор обратного захвата норадреналина поздней стадии разработки для лечения симптоматической нейрогенной ортостатической гипотензии у пациентов с множественной системной атрофией.",
1472,US,BDUUY,US05989Q1067,BDUUY.PK,Bangkok Dusit Medical Services PCL,8.947761,PNK,28,Здравоохранение,1,Медицинские учреждения и услуги,0.0,25.24,,0.0,0.0,0.0,28.23,24.41,26.32,28.23,24.41,26.32,32.49,24.41,30.1,32.49,24.41,30.1,32.49,24.41,29.69,32.49,22.73,27.15,,"Bangkok Dusit Medical Services Public Company Limited — таиландская компания, занимающаяся предоставлением медицинских услуг. Компания работает через два сегмента, которые состоят из больничной деятельности и других предприятий, которые поддерживают больницы, других предприятий, таких как медицинские лаборатории, производство и распространение фармацевтической продукции, аптеки, управление активами в сфере здравоохранения, бухгалтерские услуги, технологические и информационные услуги, учебный бизнес и страховой брокер. В состав компании входят более шести основных групп больниц: группа больниц Бангкока, группа больниц Самитивей, больница BNH, группа больниц Пьятай, группа больниц Паоло и группа больниц Роял, всего около 47 больниц. Компания участвует в деятельности, связанной с профилактикой, реабилитацией и медицинским обслуживанием, через свои дочерние компании, такие как BDMS Wellness Clinic Company Limited и BDMS Wellness Resort Company Limited.",
1481,US,RMYHY,US75158L1052,RMYHY.PK,Ramsay Health Care Ltd,6.169104,PNK,29,Здравоохранение,2,Медицинские учреждения и услуги,0.0,6.98,,7.18,0.0,1.77,6.23,4.31,5.34,6.23,4.31,5.34,9.22,4.31,6.98,11.86,4.31,8.04,14.94,4.31,9.85,15.88,4.31,10.72,,"Ramsay Health Care Limited — поставщик больничных и медицинских услуг в Австралии, Европе и Великобритании. Его сегменты включают Австралию, Великобританию, Францию ​​и страны Северной Европы. В число ее предприятий входят Ramsay Australia, Ramsay Sante, Ramsay UK и Elysium Healthcare. Ramsay Health Care — оператор частных больниц в Австралии, располагающий более чем 70 современными больницами, клиниками и хирургическими центрами в городах и поселках по всей стране. Рамзи Санте — частное учреждение здравоохранения в Европе, имеющее сотни современных больниц, клиник, центров первичной медико-санитарной помощи и визуализационных центров во Франции, Швеции, Норвегии, Дании и Италии. Ramsay UK имеет сеть больниц и дневных кабинетов по всей Великобритании, предоставляющих широкий спектр клинических специальностей частным пациентам и пациентам, застрахованным самостоятельно. Elysium Healthcare — независимый поставщик специализированных медицинских услуг. Четыре основных направления услуг Elysium — это психическое здоровье и благополучие, проблемы с обучаемостью и аутизмом, неврология, а также дети и образование.",
1485,US,BUGDF,TH0168010R13,BUGDF.PK,Bumrungrad Hospital PCL,4.002012,PNK,30,Здравоохранение,3,Медицинские учреждения и услуги,0.0,4.75,,0.0,0.0,0.0,5.4,3.95,4.63,5.4,3.95,4.63,7.91,3.95,6.14,7.91,3.95,6.23,7.91,3.95,5.81,7.91,3.15,5.32,,"Bumrungrad Hospital Public Company Limited — это таиландская компания, которая управляет частной больницей, а именно Международной больницей Бумрунград в Бангкоке, которая обслуживает как местные, так и международные отделения. Компания предоставляет полный спектр медицинских услуг как амбулаторным, так и стационарным пациентам, а также инвестирует в сопутствующие медицинские услуги. Его служба телемедицины предоставляет консультации с помощью информационных технологий для поддержки консультаций с удаленным доступом. Его службы профилактической геномики и семейного обследования обеспечивают диагностику, лечение и консультации, включая оценку риска и скрининг заболеваний, вызванных генетическими аномалиями. Служба Bumrungrad@Home предоставляет медицинские услуги. Его маммологический центр предоставляет комплексные медицинские услуги по здоровью груди для всех полов. Его центр спортивной медицины и суставов предлагает комплексный подход к лечению проблем опорно-двигательного аппарата.",
1492,US,NHC,US6359061008,NHC.N,National Healthcare Corp,2.523753,NYS,31,Здравоохранение,4,Медицинские учреждения и услуги,0.0,162.12,,163.51,154.87,159.97,142.17,95.36,118.91,142.17,89.58,109.78,142.17,87.99,107.91,142.17,52.02,92.19,142.17,52.02,83.06,142.17,52.02,80.16,,"National HealthCare Corporation — крупнейшая медицинская компания. Основной деятельностью компании является управление учреждениями квалифицированного сестринского ухода, учреждениями престарелых, независимыми учреждениями проживания, агентствами по уходу на дому и хосписами, а также больницами поведенческого здоровья. Его коммерческая деятельность включает предоставление квалифицированного сестринского ухода в подостром и послеостром периоде, промежуточный сестринский уход, реабилитационный уход, уход за памятью и болезнью Альцгеймера, услуги проживания для пожилых людей, услуги медицинского ухода на дому, хосписные услуги и услуги по поведенческому здоровью. Кроме того, он предоставляет управленческие, бухгалтерские и финансовые услуги, а также страховые услуги сторонним операторам медицинских учреждений. Компания управляет или управляет более чем 80 учреждениями квалифицированного сестринского ухода с 10 341 лицензированной койкой, 26 учреждениями престарелых с 1 413 единицами, девятью независимыми учреждениями проживания, тремя психиатрическими больницами, 34 агентствами по уходу на дому и 33 хосписными агентствами, расположенными в девяти штатах.",
1499,US,RYHTY,US78391Y1082,RYHTY.PK,Ryman Healthcare Ltd,1.231715,PNK,32,Здравоохранение,5,Медицинские учреждения и услуги,0.0,6.11,,6.33,0.0,0.87,8.38,6.81,7.66,12.5,6.68,8.18,18.54,6.68,11.36,30.51,6.68,14.17,57.12,6.68,24.27,57.12,6.68,29.8,,"Ryman Healthcare Limited — новозеландская компания. Компания разрабатывает, владеет и управляет комплексными пенсионными деревнями, домами отдыха и больницами для пожилых людей в Новой Зеландии и Австралии. Он предлагает широкий выбор вариантов проживания для пенсионеров, включая квартиры и таунхаусы, а также проживание для престарелых в квартирах с обслуживанием. Его предложение по уходу за престарелыми включает дома престарелых, больницы и уход за деменцией. Компания по престарелым предлагает широкий спектр услуг, включая регулярные транспортные услуги и экскурсии, управление и администрацию деревни, поддержание и эксплуатацию общественных удобств, а также садоводство и уход за землей и другие. Квартиры и таунхаусы с одной, двумя и тремя спальнями оформлены в нейтральной цветовой палитре. Он также предлагает музыкальные развлечения, показы мод, декоративно-прикладное искусство и регулярные прогулки. Она владеет и управляет примерно 48 деревнями (включая девять строящихся деревень) в Новой Зеландии и восемью в Австралии.",
1500,US,NEO,US64049M2098,NEO.O,Neogenomics Inc,0.934648,NAQ,33,Здравоохранение,6,Медицинские учреждения и услуги,1.59,7.2,,9.54,7.06,8.32,12.63,4.72,8.9,19.11,4.72,9.55,19.11,4.72,12.39,21.22,4.72,13.42,61.57,4.72,19.64,61.57,4.72,18.37,,"NeoGenomics, Inc. — компания по диагностике рака, специализирующаяся на тестировании генетики рака и информационных услугах. Компания предлагает комплексное меню тестов, ориентированных на онкологию, по всему континууму рака, обслуживая онкологов, патологов, больничные системы, академические центры и фармацевтические фирмы с помощью диагностических и прогностических тестов, чтобы помочь им диагностировать и лечить рак. Его услуги включают клиническое тестирование на рак; устные и консультационные услуги; молекулярное и NGS-тестирование; комплексное предложение технических и профессиональных услуг; клинические испытания и исследования; услуги лабораторий по проверке и решения для обработки онкологических данных. Он управляет сетью лабораторий с полным спектром услуг по обработке и анализу проб на всей территории Соединенных Штатов, а также лабораторией с полным спектром услуг по обработке проб в Кембридже, Соединенное Королевство. Его услуги по тестированию включают цитогенетику (анализ кариотипа), флуоресцентную гибридизацию in-situ (FISH), проточную цитометрию и другие.",
1501,US,EXETF,CA30224T8639,EXETF.PK,Extendicare Inc,1.753191,PNK,34,Здравоохранение,7,Медицинские учреждения и услуги,0.0,18.81,,19.89,0.0,18.06,16.59,8.62,11.62,16.59,6.72,10.37,16.59,4.74,8.37,16.59,4.1,7.27,16.59,4.1,6.66,16.59,3.45,6.44,,"Extendicare Inc. — поставщик ухода и услуг для пожилых людей по всей Канаде. Компания работает под брендами Extendicare, ParaMed, Extendicare Assist и SGP Purchasing Network. Компания управляет сетью из примерно 99 домов престарелых (59 в собственности, 40 по контрактам на управление), ежегодно предоставляет около 11,2 миллиона часов медицинских услуг на дому и предоставляет услуги групповых закупок третьим лицам, что составляет около 148 200 коек по всей Канаде. Его сегменты включают долгосрочный уход, медицинское обслуживание на дому и управляемые услуги. Компания предоставляет медицинские услуги на дому через компанию ParaMed, которая занимается предоставлением комплексного сестринского ухода, трудовой, физической и логопедической терапии, а также помощью в повседневной деятельности для размещения клиентов всех возрастов, живущих дома. Сегмент «Управляемые услуги» включает в себя контракты на управление, консалтинговые и другие услуги, а также услуги по групповым закупкам.",
1502,US,LMRI,US5502491062,LMRI.O,Lumexa Imaging Holdings Inc,0.765996,NSQ,35,Здравоохранение,8,Медицинские учреждения и услуги,2.21,7.97,,15.87,7.23,12.58,19.45,15.81,18.05,19.45,15.81,18.05,19.45,15.81,18.05,19.45,15.81,18.05,19.45,15.81,18.05,19.45,15.81,18.05,,"Lumexa Imaging Holdings, Inc. — национальный поставщик услуг диагностической визуализации. Компания предлагает ряд передовых услуг визуализации (МРТ, КТ и ПЭТ), а также рутинные диагностические и скрининговые услуги визуализации (рентгенография, УЗИ и маммография). Сегменты компании включают центры амбулаторной визуализации (амбулаторные) и профессиональные услуги (профессиональные). Сегмент амбулаторного лечения состоит из центров визуализации, которые принадлежат ему или управляются им (либо полностью, либо через неконсолидированное дочернее предприятие), где он выполняет визуализационное сканирование и предоставляет услуги интерпретации радиолога. Профессиональный сегмент состоит из профессиональных услуг по устному переводу, при которых сканирование изображений выполняется в больнице или пункте оказания медицинской помощи, а не ею или ее неконсолидированными филиалами. Компания и ее дочерние компании управляют амбулаторными центрами визуализации в Соединенных Штатах, охватывающими 184 центра в 13 штатах и ​​включающими восемь совместных предприятий с системами здравоохранения.",
1505,US,CLOV,US18914F1030,CLOV.O,Clover Health Investments Corp,0.902428,NSQ,36,Здравоохранение,1,Управляемое здравоохранение,5.07,1.72,,2.16,1.7,1.93,3.92,2.12,2.79,4.87,2.12,3.21,4.87,0.61,2.57,4.87,0.61,2.06,28.85,0.61,3.5,28.85,0.61,4.26,,"Clover Health Investments, Corp. — технологическая компания, предоставляющая услуги врачам. Компания ориентирована на обеспечение доступа к здравоохранению для всех участников Medicare. Это включает в себя акцент на принципах справедливости в отношении здоровья для пожилых людей, которые исторически не имели доступа к доступному медицинскому обслуживанию. Ее программная платформа Clover Assistant предназначена для агрегирования данных о пациентах из всей экосистемы здравоохранения для поддержки принятия клинических решений и улучшения результатов в отношении здоровья за счет раннего выявления и лечения хронических заболеваний. Компания через свой страховой сегмент предоставляет планы Организации предпочтительного поставщика услуг (PPO) и Организации медицинского обслуживания (HMO) членам Medicare Advantage (MA) в нескольких штатах, уделяя особое внимание своим флагманским планам PPO с широкой сетью и широким выбором. Для поставщиков медицинских услуг, не входящих в план MA, компания фокусируется на распространении преимуществ своей технологической платформы, основанной на данных, на более широкую аудиторию через свою дочернюю компанию Counterpart Health, Inc.",
1507,US,TDOC,US87918A1051,TDOC.K,Teladoc Health Inc,0.916958,NYQ,37,Здравоохранение,9,Медицинские учреждения и услуги,4.46,5.14,,6.09,4.95,5.34,9.77,6.58,7.82,15.21,6.35,8.23,22.54,6.35,10.12,34.36,6.35,14.54,308.0,6.35,50.44,308.0,6.35,59.45,,"Teladoc Health, Inc. предоставляет услуги виртуального здравоохранения. В его сегменты входят Teladoc Health Integrated Care (Комплексное обслуживание) и BetterHelp. Сегмент Integrated Care включает в себя набор глобальных виртуальных медицинских услуг, включая общие медицинские услуги, экспертные медицинские услуги, специализированные медицинские услуги, лечение хронических заболеваний, психическое здоровье, а также передовые технологии и корпоративные телемедицинские решения для больниц и систем здравоохранения. Услуги в этом сегменте распространяются по принципу B2B. Сегмент BetterHelp включает платформу психического здоровья, ориентированную непосредственно на потребителя. Услуги онлайн-консультирования и терапии предоставляются через сеть, состоящую из более чем 35 000 лицензированных врачей, использующих платформу для взаимодействия через Интернет, мобильные приложения, телефон и текстовые сообщения. Семейство брендов Teladoc Health, включая Teladoc и BetterHelp, обеспечивает доступ к советам и решениям для широкого спектра медицинских потребностей. Ее бренд Telecare — это высокотехнологичный поставщик специализированной и сопутствующей медицинской помощи посредством виртуальной доставки.",
1509,US,NUTX,US67079U3068,NUTX.O,Nutex Health Inc,0.633423,NAQ,38,Здравоохранение,10,Медицинские учреждения и услуги,0.22,90.9,,117.6,83.99,96.86,193.07,77.21,115.35,193.07,28.82,102.8,193.07,4.16,60.02,318.0,4.16,70.48,7920.0,4.16,240.77,30000.0,4.16,1610.79,,"Nutex Health Inc. — компания по управлению и эксплуатации здравоохранения. Компания работает в трех сегментах: подразделение больниц, подразделение управления здоровьем населения (PHM) и подразделение недвижимости. Подразделение больниц владеет, разрабатывает и управляет моделями здравоохранения, включая микробольницы, специализированные больницы и амбулаторные отделения больниц (HOPD). Это подразделение владеет и управляет 24 объектами в 11 штатах. Кроме того, он имеет финансовые и операционные отношения со многими профессиональными организациями и организациями, занимающимися недвижимостью. Подразделение управления здоровьем населения владеет и управляет сетями поставщиков услуг, такими как независимые ассоциации врачей (IPA). Через свою Организацию управленческих услуг (MSO) она предоставляет управленческие, административные и другие вспомогательные услуги своим дочерним больницам и группам врачей. В состав подразделения недвижимости входят компании, занимающиеся недвижимостью, которые владеют землей и больничными зданиями, которые сдаются в аренду больничным предприятиям.",
1527,US,RSMDF,AU000000RMD6,RSMDF.PK,Resmed Inc,32.053619,PNK,39,Здравоохранение,1,Передовое медицинское оборудование и технологии,0.0,19.45,,25.67,0.0,21.39,27.69,16.57,24.57,30.0,11.91,24.05,30.0,11.91,23.58,30.0,11.91,21.69,30.0,1.9,21.89,30.0,1.9,18.71,,"ResMed Inc. — холдинговая компания. Компания через свои дочерние компании занимается разработкой, производством, распространением и маркетингом медицинского оборудования и облачных программных приложений, которые диагностируют, лечат и контролируют респираторные заболевания, включая нарушения дыхания во сне (SDB), хроническую обструктивную болезнь легких, нервно-мышечные заболевания и другие хронические заболевания. Его сегменты включают сегмент здоровья сна и дыхания и сегмент программного обеспечения для ухода за жилыми помещениями. Компания также управляет бизнесом «Программное обеспечение как услуга» (SaaS) в США и Германии, который включает внебольничные программные платформы, предназначенные для поддержки специалистов и лиц, осуществляющих уход, которые помогают людям оставаться здоровыми дома или в условиях ухода по их выбору. Ее продукты и решения предназначены для улучшения качества жизни пациентов и снижения последствий хронических заболеваний. Ее облачные программные приложения для цифрового здравоохранения, а также ее устройства предназначены для обеспечения онлайновой медицинской помощи.",
1562,US,WILYY,US24803R1095,WILYY.PK,Demant A/S,6.154899,PNK,40,Здравоохранение,1,"Медицинское оборудование, расходные материалы и распространение",0.0,13.45,,13.45,0.0,1.68,20.98,15.8,18.07,21.93,15.03,18.56,27.06,15.03,21.28,27.06,13.95,20.6,30.02,11.19,21.51,30.02,8.02,19.43,,"Demant A/S, ранее называвшаяся William Demant Holding A/S, — датская компания, работающая в сфере здравоохранения. Она разрабатывает, производит и продает продукты и оборудование, предназначенные для улучшения слуха и общения людей. Группа специализируется на четырех направлениях бизнеса: Слуховые устройства, включая такие бренды, как Bernafon, Oticon, Frontrow, Phonic Ear и Sonic; Слуховые имплантаты, включая Oticon Medical; Diagnostic Instruments, объединяющая операции таких компаний, производящих аудиометры, как Interacoustics, Grason-Stadler, Amplivox, Maico и MedRx, а также Personal Communication, в которую входит бизнес Sennheiser Communications, производителя гарнитур. Компания работает по всему миру, имея более 90 дочерних компаний и партнеров по всему миру.",
1578,US,CZMWY,US14218T1051,CZMWY.PK,Carl Zeiss Meditec AG,2.503216,PNK,41,Здравоохранение,2,Передовое медицинское оборудование и технологии,0.0,27.64,,30.22,26.65,28.2,66.74,44.74,52.22,76.28,44.74,57.5,134.6,44.74,72.08,153.84,44.74,86.28,235.5,44.74,110.27,235.5,28.43,99.2,,"Carl Zeiss Meditec AG — немецкая компания в области медицинских технологий и оборудования. Компания предлагает комплексные решения для диагностики и лечения офтальмологических заболеваний, решения для визуализации для микрохирургии и другие технологии, такие как интраоперационная лучевая терапия. Компания работает в двух сегментах: офтальмологические устройства и микрохирургия. Сегмент «Офтальмологические устройства» включает в себя деятельность в области офтальмологии, такую ​​как интраокулярные линзы, решения для хирургической визуализации, а также медицинские лазерные и диагностические системы. Сегмент «Микрохирургия» включает в себя деятельность в области нейрохирургии, хирургии уха, носа и горла, а также деятельность в области интраоперационной радиации. В число ее продуктов входят, среди прочего, фотографы роговицы Zeiss, щелевые лампы и аксессуары, программное обеспечение для управления данными, интраокулярные линзы Zeiss, оптические биометры, системы оптической когерентной томографии, офтальмологические микроскопы, рефракционные лазеры. Компания предлагает сопутствующие услуги поддержки.",
1582,US,ANSLY,US03634M2089,ANSLY.PK,Ansell Ltd,2.764338,PNK,42,Здравоохранение,2,"Медицинское оборудование, расходные материалы и распространение",0.0,76.76,,84.18,0.0,20.12,96.27,79.0,88.98,96.27,71.79,84.88,96.27,53.43,74.16,96.27,52.59,68.29,131.05,52.59,82.22,131.05,41.95,76.15,,"Ansell Limited предлагает глобальные решения в области безопасности. Компания является комплексным производителем средств индивидуальной защиты для медицинских и промышленных предприятий. Ее бренды включают HyFlex, Ringers, MICROFLEX, TouchNTuff, GAMMEX, Kimtech, KleenGuard и AlphaTec. Она занимается проектированием, разработкой и производством широкого спектра решений и одежды для защиты рук, рук и тела. Сегмент здравоохранения производит и продает инновационные решения для широкого круга клиентов, включая больницы, хирургические центры, стоматологические кабинеты, ветеринарные клиники, службы экстренного реагирования, производители, авторемонтные мастерские, химические заводы, лаборатории, а также компании, занимающиеся медико-биологическими науками и фармацевтическими компаниями. Ассортимент продукции включает хирургические перчатки и другие расходные материалы для операционных, одноразовые и смотровые перчатки, а также продукцию для медико-биологических компаний. Промышленный сегмент производит и продает высокоэффективную одежду для защиты рук, глаз и химикатов для широкого спектра промышленных применений.",
1584,US,SHWGY,US81941W1018,SHWGY.PK,Shandong Weigao Group Medical Polymer Co Ltd,2.185015,PNK,43,Здравоохранение,3,"Медицинское оборудование, расходные материалы и распространение",0.0,2.19,,2.56,0.0,2.08,3.51,2.29,2.93,3.51,2.06,2.72,3.51,1.82,2.54,6.84,1.82,3.08,9.92,1.82,4.67,11.28,1.82,4.86,,"Shandong Weigao Group Medical Polymer Co Ltd — китайская компания, занимающаяся исследованиями, разработками, производством и продажей медицинского оборудования. Компания осуществляет свою деятельность в шести сегментах. Сегмент медицинского оборудования производит и продает продукцию для клинического ухода, медицинских исследований, анестезии и хирургических операций, а также другие расходные материалы. Сегмент «Ортопедические изделия» производит и продает ортопедические изделия, включая линейку продуктов для восстановления тканей. Сегмент «Интервенционная продукция» производит и продает интервенционные инструменты для лечения опухолей и кровеносных сосудов. Сегмент фармацевтической упаковки производит и продает предварительно наполненные шприцы и шприцы для промывки. Сегмент «Продукты для управления кровью» производит и продает продукты для сбора, облучения, хранения, разделения и стерилизации крови. Сегмент «Прочие» занимается финансовой арендой и факторингом. Компания в основном осуществляет свою деятельность на внутреннем и зарубежных рынках.",
1588,US,EKTAY,US28617Y1010,EKTAY.PK,Elekta AB (publ),2.17584,PNK,44,Здравоохранение,3,Передовое медицинское оборудование и технологии,0.0,5.76,,6.69,0.0,5.42,6.17,4.35,5.14,6.29,4.35,5.25,8.36,4.35,6.01,8.65,4.35,6.52,15.56,4.35,8.0,15.56,4.35,9.28,,"Elekta AB (publ) — шведская компания медицинских технологий, целью которой является улучшение, продление и спасение жизней с помощью клинических решений для лечения рака и заболеваний головного мозга. Компания предлагает и разрабатывает системы лучевой терапии и радиохирургии, а также программные комплексы, повышающие эффективность рабочего процесса по всему спектру онкологической помощи. Elekta AB (publ) разрабатывает клинические решения для лучевой терапии и радиохирургии, а также программные системы, улучшающие рабочий процесс, по всему спектру лечения рака. Компания предоставляет клинические решения для лучевой терапии под визуальным контролем и стереотаксической радиохирургии, предоставляя онкологам и нейрохирургам непревзойденные возможности лечения опухолей и функциональных целей со сверхвысокой точностью, сохраняя при этом здоровые ткани.",
1610,US,TGLVY,US8905341009,TGLVY.PK,Top Glove Corporation Bhd,1.290421,PNK,45,Здравоохранение,4,"Медицинское оборудование, расходные материалы и распространение",0.0,0.63,,0.63,0.0,0.35,0.73,0.46,0.57,1.18,0.46,0.67,1.18,0.46,0.74,1.18,0.46,0.74,8.67,0.45,1.85,9.9,0.44,2.31,,"Top Glove Corporation Bhd. — производитель перчаток из Малайзии. Основными видами деятельности Компании являются инвестиционный холдинг и предоставление управленческих услуг. Он предлагает широкий ассортимент продукции, в том числе зубные коффердамы, ленты для упражнений, латексные простыни, жгуты, презервативы, фартуки из литого полиэтилена (CPE) и маски для лица. Категории перчаток включают перчатки для медицинских, хирургических процедур, продуктов питания и услуг, чистых помещений и промышленных перчаток. Категории продуктов, не связанных с перчатками, включают медицинскую помощь, средства личной гигиены, средства ухода за полостью рта, средства ухода на дому и средства промышленной гигиены. Ее продукция включает в себя нитриловые перчатки с возможностью обнаружения металлов, нитриловые перчатки с алмазной пескоструйной обработкой и другие. Компания работает в трех географических сегментах: Малайзия, Таиланд и другие. Компания имеет около 51 завода, из которых 45 находятся в Малайзии, пять в Таиланде и один во Вьетнаме. Дочерние компании компании включают Top Glove Sdn. Bhd., TG Medical Sdn. Bhd., Great Glove (Малайзия) Sdn. Бхд. и другие.",
1611,US,BLFS,US09062W2044,BLFS.O,BioLife Solutions Inc,0.907074,NAQ,46,Здравоохранение,5,"Медицинское оборудование, расходные материалы и распространение",0.41,18.78,,22.52,17.86,19.48,29.62,20.14,24.94,29.62,19.1,24.68,29.62,14.5,23.04,29.62,8.92,21.36,60.67,8.92,25.29,60.67,1.43,18.13,,"BioLife Solutions, Inc. — разработчик и поставщик инструментов и услуг по обработке клеток для рынка клеточной и генной терапии (CGT). Компания способствует коммерциализации новых методов лечения, предоставляя решения, которые поддерживают здоровье и функциональность биологических материалов во время сбора, разработки, производства и распространения. Ее замораживающие среды CryoStor и гипотермические среды хранения HypoThermosol оптимизированы для сохранения клеток на рынке регенеративной медицины. Линия продуктов для обработки клеток Sexton включает лизаты тромбоцитов человека (hPL) для размножения клеток. Криогенные флаконы CellSeal, представляющие собой жесткие контейнеры, используемые в клеточной и генной терапии (CGT). Ее криосовместимые прозрачные жесткие контейнеры CryoCase предназначены для наполнения и извлечения закрытых систем, а также для автоматизированных машин по обработке клеток. Линейка продуктов ThawSTAR компании состоит из семейства автоматических устройств для размораживания замороженных клеток и генной терапии, упакованных в криопробирки и криопакеты.",
1612,US,CSTL,US14843C1053,CSTL.O,Castle Biosciences Inc,0.70017,NMQ,47,Здравоохранение,6,"Медицинское оборудование, расходные материалы и распространение",0.3,23.55,,28.17,23.24,25.98,42.18,14.59,26.28,42.18,14.59,23.99,42.18,14.59,24.51,42.18,9.26,22.99,107.69,9.26,32.78,107.69,9.26,33.41,,"Castle Biosciences, Inc. — компания по молекулярной диагностике, предлагающая тестовые решения для помощи врачам в диагностике и лечении дерматологического рака, пищевода Барретта (ПБ), увеальной меланомы (УМ), а также в лечении психических заболеваний. Компания предлагает пять коммерчески доступных запатентованных мультианалитных тестов с алгоритмическим анализом (MAAA) для использования в областях дерматологии, гастроэнтерологии и офтальмологии. Он также предлагает запатентованный фармакогеномный тест (PGx) для определения оптимального медикаментозного лечения пациентов с диагнозом депрессии, тревоги и других психических заболеваний. Ее продукты включают DecisionDx-Melanoma, DecisionDx-SCC, MyPath Melanoma, TissueCypher, IDgenetix и DecisionDx-UM. DecisionDx-SCC — это запатентованный тест профиля экспрессии генов (GEP), предназначенный для использования у пациентов с плоскоклеточным раком кожи (SCC). Он также сосредоточился на заболеваниях, связанных с хроническим кислотным рефлюксом, включая рак пищевода.",
1613,US,BFLY,US1241551027,BFLY.K,Butterfly Network Inc,0.975244,NYQ,48,Здравоохранение,4,Передовое медицинское оборудование и технологии,4.59,3.83,,4.42,3.45,3.92,4.03,1.32,2.21,4.98,1.32,2.56,4.98,0.67,2.01,4.98,0.67,1.97,29.13,0.67,4.75,29.13,0.67,5.33,,"Butterfly Network, Inc. — медицинская компания, специализирующаяся на медицинской визуализации с помощью полупроводниковой технологии «Ультразвук на чипе» и программных решений для ультразвуковой диагностики. Решение компании, использующее технологию «Ультразвук на чипе», обеспечивает практическое применение ультразвуковой информации в клиническом рабочем процессе. Портфель продуктов компании включает в себя сочетание аппаратного и программного обеспечения, в том числе устройства Butterfly iQ3, Butterfly iQ+, Butterfly iQ+ Bladder и Butterfly iQ+ Vet, подписки на программное обеспечение и профессиональные услуги. Он предлагает облачные программные решения для систем здравоохранения, теленаведение, образовательные учебные пособия в приложениях, а также приложение ScanLab, предназначенное только для образовательных целей, формальные образовательные программы с помощью программного обеспечения Butterfly Academy и сертифицированных курсов Butterfly, а также профессиональные услуги для крупномасштабных развертываний. Ее устройства коммерчески доступны обученным практикующим врачам в регионах, включая, помимо прочего, некоторые части Африки, Азии и Австралии.",
1614,US,STAA,US8523123052,STAA.O,STAAR Surgical Co,0.908064,NMQ,49,Здравоохранение,7,"Медицинское оборудование, расходные материалы и распространение",1.5,18.34,,19.36,16.83,18.37,30.81,16.4,24.81,30.81,13.5,21.89,52.68,13.5,28.75,81.81,13.5,36.52,163.08,13.5,60.35,163.08,4.98,43.32,,"Компания STAAR Surgical проектирует, разрабатывает, производит и продает имплантируемые линзы для глаз и системы доставки аксессуаров, используемые для доставки линз в глаз. Компания продвигает и продает свои ICL для рефракционной хирургии для лечения близорукости (близорукости) как линзы семейства EVO. Семейство линз EVO включает EVO ICL, EVO+ ICL и EVO Visian ICL. Новейшее предложение компании, EVO Viva, имеет оптику с расширенной глубиной резкости (EDoF), которая предназначена для лечения близорукости с пресбиопией (возрастная потеря способности фокусироваться). Компания также продает линзы ICL для лечения дальнозоркости (дальнозоркости), называемые Visian ICL. Компания предлагает свои продукты ICL в различных моделях, с различной мощностью и длиной, в том числе с торическими версиями ICL (TICL) для коррекции астигматизма (затуманенное зрение). Основной продукцией компании являются линзы ICL, используемые в рефракционной хирургии, включая семейство линз EVO.",
1622,US,WXIBF,KYG970081173,WXIBF.PK,WuXi Biologics (Cayman) Inc,16.560515,PNK,50,Здравоохранение,1,Биотехнологии и медицинские исследования,0.0,4.6,,4.6,0.0,0.58,5.61,3.22,4.41,5.61,2.19,3.81,5.61,1.3,2.91,9.2,1.3,3.86,20.35,1.3,9.11,34.25,1.3,8.79,,"WuXi Biologics (Cayman) Inc — инвестиционная холдинговая компания, которая в основном занимается предоставлением комплексных решений и услуг для открытия, разработки и производства биологических препаратов для клиентов, работающих в биологической промышленности. Компания в основном осуществляет свою деятельность через два сегмента. Сегмент биологических препаратов в основном занимается открытием, разработкой и производством биологических препаратов. Сегмент WuXi XDC (XDC) в основном занимается предоставлением услуг по контрактным исследованиям, разработкам и производству (CRDMO) конъюгатов антитело-лекарственное средство (ADC) и различных биоконъюгатов. Компания в основном ведет свою деятельность на внутреннем и зарубежных рынках.",
1691,US,GLPGF,BE0003818359,GLPGF.PK,Galapagos NV,1.926194,PNK,51,Здравоохранение,2,Биотехнологии и медицинские исследования,0.0,33.27,,0.0,0.0,0.0,33.45,28.63,31.12,33.45,22.39,26.62,36.21,22.39,27.71,41.75,22.39,32.05,110.1,22.39,62.02,268.65,22.39,112.37,,"Galapagos NV — бельгийская биотехнологическая компания клинического этапа. Компания занимается открытием и разработкой низкомолекулярных лекарств с различными механизмами действия. В его портфолио входят фазы 3, 2, 1, доклинические исследования и программы открытия низкомолекулярных препаратов и антител при муковисцидозе, воспалении и других показаниях. Компания фокусируется на разработке портфеля методов лечения на клиническом этапе для улучшения существующих парадигм лечения. Он разрабатывает трансформационные лекарства в областях с высокими неудовлетворенными потребностями, объединяя внутренние и внешние научные исследования с целью увеличить продолжительность жизни и улучшить жизнь пациентов по всему миру. Он обнаруживает, какие белки участвуют в возникновении таких заболеваний, как ревматоидный артрит, артрит, воспалительные заболевания кишечника и фиброз. Компания приобрела CellPoint и AboundBio с целью разработки клеточной терапии, которая может стать потенциальным преобразовательным методом лечения различных типов рака.",
1693,US,MEOBF,AU000000MSB8,MEOBF.PK,Mesoblast Ltd,1.909411,PNK,52,Здравоохранение,3,Биотехнологии и медицинские исследования,0.0,1.6,,1.6,0.0,0.53,2.59,1.35,1.65,5.34,0.96,1.75,5.34,0.19,1.37,5.34,0.1,1.19,5.34,0.1,1.23,9.47,0.01,1.51,,"Mesoblast Limited — австралийская компания. Компания занимается разработкой аллогенных (готовых) клеточных препаратов для лечения тяжелых и опасных для жизни воспалительных состояний. Компания разрабатывает ряд продуктов-кандидатов поздней стадии, созданных на основе запатентованных технологических платформ мезенхимальной клеточной терапии первого и второго поколений для различных показаний. Ryoncil компании (remestemcel-L-rknd) представляет собой аллогенную терапию мезенхимальными стромальными клетками (МСК) костномозгового происхождения. Другой кандидат на продукт — Реваскор (рекслеместроцел-L). Рекслеместроцел-L представляет собой платформу продукта клеток-предшественников мезенхимального клона второго поколения и находится на поздней стадии разработки для лечения: хронической сердечной недостаточности (ХСН) и хронической боли в пояснице (ХБП), вызванной дегенеративным заболеванием дисков. Эти два продукта были коммерциализированы в Японии и Европе лицензиатами компании.",
1696,US,SMNR,US81686G1058,SMNR.PK,Semnur Pharmaceuticals Inc,1.841673,PNK,53,Здравоохранение,4,Биотехнологии и медицинские исследования,0.0,8.0,,0.0,0.0,0.0,23.0,9.0,17.23,23.0,9.0,13.58,23.0,4.05,9.39,23.0,4.05,9.98,23.0,4.05,10.0,23.0,4.05,10.0,,"Semnur Pharmaceuticals, Inc. — специализированная фармацевтическая компания поздней клинической стадии, специализирующаяся на разработке и коммерциализации неопиоидных обезболивающих средств. Ведущая программа компании, SP-102, представляет собой неопиоидный гель, который вводится эпидурально в стадии разработки для пациентов с умеренной и тяжелой хронической корешковой болью/ишиасом. Компания разрабатывает SP-102 для решения проблем, связанных с кортикостероидными препаратами, которые используются на практике, но не одобрены для эпидуральных инъекций или лечения ишиаса. SP-102 представляет собой стерильную вязкую гелевую форму дексаметазона III фазы, содержащую 10 мг дексаметазона в концентрации 5 мг/мл в предварительно заполненном стеклянном шприце для доставки посредством эпидуральной инъекции. SP-102 позволяет использовать сильнодействующий дексаметазон и обеспечивает более длительное время пребывания в месте инъекции за счет использования вязкого наполнителя вместо частиц. Продукт изготовлен без использования консервантов и упакован в предварительно заполненный шприц.",
1702,US,AZTA,US1143401024,AZTA.O,Azenta Inc,0.932746,NSQ,54,Здравоохранение,5,Биотехнологии и медицинские исследования,0.98,20.25,,25.84,19.87,22.22,38.22,26.46,31.84,55.64,23.91,34.33,69.16,23.91,44.02,69.16,23.91,45.83,124.79,23.91,59.9,124.79,8.33,44.85,,"Azenta, Inc. — поставщик решений в области медико-биологических наук по всему миру. Компания предоставляет полный набор решений для управления образцами в холодовой цепи и услуг мультиомики в таких областях, как разработка лекарств, клинические исследования и передовая клеточная терапия для фармацевтических, биотехнологических, академических и медицинских учреждений по всему миру. Сегменты компании включают решения для управления образцами и мультиомику. Сегмент «Решения для управления пробами» предлагает комплексные продукты и услуги для управления пробами, включая услуги по хранению проб и основные продукты (автоматические хранилища, криогенные системы, автоматизированные пробирки для проб, расходные материалы и инструменты, а также устройства для размораживания с контролируемой скоростью). Сегмент компании Multiomics включает в себя бизнес по оказанию геномных услуг, который продвигает научно-исследовательскую деятельность, предоставляя секвенирование, синтез, редактирование генов и сопутствующие услуги. Бренды компании включают GENEWIZ, FluidX, Ziath, 4titude, Limfinity, Freezer Pro и Barkey.",
1705,US,DVAX,US2681582019,DVAX.O,Dynavax Technologies Corp,1.762103,NSQ,55,Здравоохранение,6,Биотехнологии и медицинские исследования,0.0,15.5,,0.0,0.0,0.0,,,,,,,,,,,,,,,,,,,,"Dynavax Technologies Corporation — биофармацевтическая компания на коммерческой стадии, разрабатывающая и коммерциализирующая вакцины для защиты от инфекционных заболеваний. Компания имеет два коммерческих продукта: вакцину HEPLISAV-B (вакцина против гепатита B (рекомбинантная), адъювантная) и адъювант CpG 1018. Вакцина HEPLISAV-B применяется для профилактики инфекций, вызванных всеми известными подтипами вируса гепатита В, у взрослых от 18 лет и старше. HEPLISAV-B — это вакцина против гепатита В для взрослых, вводимая двумя дозами в течение одного месяца. Адъювант CpG 1018 используется в HEPLISAV-B и вакцинах против COVID-19 с несколькими адъювантами. Компания продвигает линейку дифференцированных продуктов-кандидатов, которые используют свой адъювант CpG 1018 для разработки улучшенных вакцин по показаниям, при которых неудовлетворены медицинские потребности. В число его разрабатываемых программ входят программа вакцинации против опоясывающего лишая (Z-1018) и программа вакцинации от чумы. Z-1018 — это экспериментальная вакцина-кандидат, разрабатываемая для профилактики опоясывающего лишая у взрослых в возрасте 50 лет и старше.",
1711,US,UPB,US91678A1079,UPB.O,Upstream Bio Inc,0.477807,NSQ,56,Здравоохранение,7,Биотехнологии и медицинские исследования,1.12,8.78,,10.43,7.36,8.62,33.0,10.54,20.21,33.0,5.14,14.93,33.0,5.14,16.29,33.0,5.14,16.29,33.0,5.14,16.29,33.0,5.14,16.29,,"Upstream Bio, Inc. — биотехнологическая компания клинического этапа, разрабатывающая методы лечения воспалительных заболеваний с первоначальным упором на тяжелые респираторные заболевания. Компания разрабатывает верекитуг, единственный известный антагонист, находящийся в клинической разработке, который нацелен на рецептор стромального лимфопоэтина тимуса (TSLP), цитокина, который является клинически подтвержденным драйвером воспалительной реакции, расположенным выше нескольких сигнальных каскадов, которые влияют на различные иммуноопосредованные заболевания. Это высокоэффективное моноклональное антитело было включено в отдельные исследования фазы II для лечения тяжелой астмы и хронического риносинусита с полипами в носу, а также планирует инициировать разработку препарата при хронической обструктивной болезни легких. TSLP является членом класса эпителиальных цитокинов, в который также входят IL-25 и IL-33, обычно называемые аларминами. TSLP в основном продуцируется эпителиальными клетками, особенно в легких, желудочно-кишечном тракте и коже.",
1717,US,MNKD,US56400P7069,MNKD.O,MannKind Corp,0.730198,NMQ,57,Здравоохранение,8,Биотехнологии и медицинские исследования,9.04,2.37,,3.04,2.23,2.62,6.24,3.38,4.95,6.68,3.38,4.97,7.63,3.17,5.11,7.63,3.17,4.85,7.63,2.49,4.55,11.2,0.67,3.48,,"MannKind Corporation — биофармацевтическая компания, занимающаяся преобразованием лечения хронических заболеваний с помощью решений, ориентированных на пациента. Сосредоточившись на кардиометаболических и орфанных заболеваниях легких, он разрабатывает и коммерциализирует методы лечения, направленные на удовлетворение серьезных неудовлетворенных медицинских потребностей, включая диабет, легочную гипертензию и перегрузку жидкостью при сердечной недостаточности и хронической болезни почек. В его коммерческие активы входят Afrezza, FUROSCIX и V-Go, а также Tyvaso DPI. Компания занимается коммерциализацией ингаляционного порошка Afrezza (человеческий инсулин) — ингаляционного инсулина сверхбыстрого действия, предназначенного для улучшения гликемического контроля у взрослых с диабетом, а также носимого устройства для доставки инсулина V-Go, которое обеспечивает непрерывную подкожную инфузию инсулина взрослым, нуждающимся в инсулине. Ее продукт для лечения орфанных заболеваний легких, порошок для ингаляций Tyvaso DPI (трепростинил), используется при лечении легочной артериальной гипертензии (ЛАГ) и легочной гипертензии, связанной с интерстициальным заболеванием легких (ПГ-ИЗЛ).",
1723,US,FTRE,US34965K1079,FTRE.O,Fortrea Holdings Inc,0.829345,NSQ,58,Здравоохранение,9,Биотехнологии и медицинские исследования,1.16,8.87,,10.56,8.59,9.6,18.29,4.36,10.0,20.26,3.97,9.85,41.02,3.97,18.49,41.02,3.97,20.99,41.02,3.97,20.99,41.02,3.97,20.99,,"Fortrea Holdings Inc. — это глобальная контрактная исследовательская организация (CRO), которая предоставляет решения в области клинических разработок для отрасли медико-биологических наук. Компания занимается предоставлением услуг по разработке биофармацевтической продукции и медицинского оборудования клиентам в области фармацевтики, биотехнологий и медицинского оборудования. Компания предлагает клиентам гибкие модели доставки, включающие полный спектр услуг, поставщиков функциональных услуг и гибридные структуры обслуживания. Он обеспечивает управление клиническими исследованиями фаз I-IV, клиническую фармакологию и консультационные услуги. Компания управляет своим бизнесом через единый сегмент «Клинические услуги», который предоставляет услуги по всему спектру клинической фармакологии и клинических разработок. Компания имеет доступ ко всем ключевым рынкам мира благодаря своим основным офисам в пяти странах (США, Великобритании, Китае, Индии и Сингапуре), а также представительствам в других юрисдикциях по всему миру.",
1727,US,QURE,NL0010696654,QURE.O,Uniqure NV,0.921058,NSQ,59,Здравоохранение,10,Биотехнологии и медицинские исследования,2.2,14.73,,19.22,9.03,14.76,71.5,12.33,28.37,71.5,7.76,21.23,71.5,3.73,13.81,71.5,3.73,13.82,71.5,3.73,18.52,82.49,3.73,24.68,,"Uniqure NV — компания, базирующаяся в Нидерландах, специализирующаяся на генной терапии. Целью проекта является разработка одноразовых методов лечения с потенциально излечивающими результатами для пациентов, страдающих генетическими и другими разрушительными заболеваниями. Он разрабатывает, как внутри компании, так и через партнерства, линию генной терапии. Компания производит генную терапию на основе аденоассоциированных вирусов или AAV на своих собственных объектах с использованием запатентованной, коммерческой, современной надлежащей производственной практики, соответствующего требованиям производственного процесса. AMT-061, ведущий кандидат на продукт компании для пациентов с гемофилией B, проходит фазу дозирования в рамках основного исследования. AMT-130, продукт-кандидат для лечения пациентов с болезнью Гентингтона, находится в фазе клинических исследований I/II.",
1733,US,EVO,US30050E1055,EVO.O,Evotec SE,0.874077,NSQ,60,Здравоохранение,11,Биотехнологии и медицинские исследования,0.1,2.36,,3.28,2.31,2.64,4.42,2.86,3.62,4.8,2.84,3.8,11.66,2.84,4.6,13.49,2.84,6.54,26.57,2.84,9.82,26.57,1.64,9.44,,"Evotec SE — немецкая компания по открытию и разработке лекарств. Компания занимается разработкой новых фармацевтических продуктов посредством исследовательских альянсов и партнерств по развитию с фармацевтическими и биотехнологическими компаниями, академическими учреждениями, организациями пациентов и компаниями венчурного капитала. Решения по поиску лекарств предоставляются в форме платных услуг, интегрированных альянсов по открытию лекарств, партнерств по развитию, лицензирования кандидатов на лекарства и консультационных соглашений. Evotec SE работает в ряде областей, включая нейробиологию, диабет и осложнения диабета, боль и воспаление, онкологию, инфекционные заболевания, респираторные заболевания и фиброз. Его портфолио охватывает ряд терапевтических областей, таких как бессонница ЦНС, хронический кашель, иммунология и воспаление, женское здоровье, эндометриоз, нефрология, дерматологические заболевания, фиброзные заболевания и противовирусные препараты и другие.",
1741,US,ABCL,CA00288U1066,ABCL.O,Abcellera Biologics Inc,0.994366,NSQ,61,Здравоохранение,12,Биотехнологии и медицинские исследования,2.21,3.28,,3.82,3.23,3.5,6.52,3.28,4.44,6.52,1.89,3.58,6.52,1.89,3.58,11.38,1.89,4.6,55.22,1.89,9.78,71.91,1.89,10.18,,"AbCellera Biologics Inc. обнаруживает и разрабатывает лекарства на основе антител для показаний в различных терапевтических областях, включая рак, метаболические и эндокринные заболевания, а также аутоиммунные расстройства. Его платформа объединяет технологии, науку о данных, инфраструктуру и междисциплинарные команды для решения сложных проблем обнаружения антител. Он сосредоточен на продвижении внутреннего портфеля программ и сотрудничестве с партнерами по программам разработки лекарств. Первые две внутренние программы, ABCL635 и ABCL575, находятся на поздних доклинических исследованиях. ABCL635 является кандидатом на лекарственное средство на основе антител для лечения метаболических и эндокринных заболеваний, а ABCL575 является кандидатом на лекарственное средство на основе антител с широким потенциалом при воспалительных состояниях и аутоиммунных заболеваниях и является начальным показанием при атопическом дерматите. ABCL575 связывается с OX40L, нарушая передачу сигналов OX40/OX40L, регулятора воспалительных путей при AD. Помимо ABCL635 и ABCL575, компания разрабатывает более 20 программ внутреннего обнаружения.",
1742,US,SANA,US7995661045,SANA.O,Sana Biotechnology Inc,0.715203,NSQ,62,Здравоохранение,13,Биотехнологии и медицинские исследования,3.75,2.68,,4.15,2.66,3.25,6.55,2.6,4.05,7.3,1.26,3.25,12.0,1.26,4.58,12.0,1.26,4.62,44.6,1.26,8.45,44.6,1.26,8.45,,"Sana Biotechnology, Inc. — биотехнологическая компания, специализирующаяся на использовании модифицированных клеток в качестве лекарств. Компания занимается разработкой платформ клеточной инженерии ex vivo и in vivo, призванных революционизировать лечение во множестве терапевтических областей с неудовлетворенными потребностями в лечении, включая диабет 1 типа (СД1), аутоиммунные заболевания, опосредованные В-клетками, и онкологию. Компания разрабатывает ряд потенциальных клинических продуктов, ориентированных на создание преобразующих методов лечения ex vivo в ряде терапевтических областей. В его конвейер входят SC451, SC291, SC262, SG299 и UP421. SC451 представляет собой продукт гипоиммунных островковых клеток поджелудочной железы, полученный из плюрипотентных стволовых клеток (PSC), для лечения диабета с первоначальным акцентом на СД1. Компания разрабатывает SC262, свою гипоиммунно-модифицированную CD22-направленную аллогенную программу CAR T, первоначально как потенциальное средство лечения пациентов с рецидивирующими и/или рефрактерными В-клеточными злокачественными новообразованиями, которые ранее получали CD19-направленную CAR T-терапию при неходжкинской лимфоме.",
1747,US,SSII,US05453U2033,SSII.O,SS Innovations International Inc,0.956235,NAQ,63,Здравоохранение,14,Биотехнологии и медицинские исследования,0.04,4.92,,5.2,4.2,4.79,10.0,4.39,6.66,22.42,3.02,7.43,22.42,0.32,6.18,22.42,0.32,7.5,23.6,0.0,7.79,32.5,0.0,8.06,,"SS Innovations International, Inc. — разработчик хирургических робототехнических технологий. Ассортимент продукции компании включает в себя запатентованную хирургическую роботизированную систему SSi Mantra и полный набор хирургических инструментов SSi Mudra, которые поддерживают различные хирургические процедуры, включая роботизированную кардиохирургию. Хирургическая роботизированная система SSi Mantra предназначена для того, чтобы хирурги могли выполнять широкий спектр хирургических процедур, включая сердечно-сосудистые, торакальные, операции на голове и шее, гинекологические, урологические, онкологические и общие операции. SSi Mantra 3 состоит из таких компонентов, как хирургическая консоль, роботизированная тележка со стороны пациента и тележка Vision. В число разрабатываемых инструментов входят автоматический коронарный анастомотический соединитель NADI, устройство для наложения клипс SSi Multi-Fire, ультразвуковое хирургическое устройство SSi, предоперационный симулятор SSi Maya-XR, голографическая анатомия SSi, SSi Yog-Tele Proctor, средство просмотра SSi Chitrasa-Advanced DICOM Viewer и гарнитура смешанной реальности SSi.",
1749,US,SPRY,US82835W1080,SPRY.O,ARS Pharmaceuticals Inc,0.776008,NMQ,64,Здравоохранение,15,Биотехнологии и медицинские исследования,2.12,7.82,,9.65,7.2,8.48,18.63,6.66,12.04,18.9,6.66,12.63,18.9,5.19,11.61,18.9,2.55,9.86,63.41,2.55,12.45,63.41,2.55,12.77,,"ARS Pharmaceuticals, Inc. — биофармацевтическая компания. Компания сосредоточена на коммерциализации и разработке препарата Неффи для безыгольной интраназальной доставки адреналина для неотложной терапии аллергических реакций I типа, включая анафилаксию. neffy — это запатентованная композиция адреналина с инновационным усилителем абсорбции под названием Intravail, который позволяет neffy безопасно обеспечивать интраназальную доставку адреналина в низкой дозе при воздействии одобренных инъекционных препаратов в различных условиях дозирования. Аллергические реакции I типа — это потенциально опасные для жизни реакции гиперчувствительности, которые могут возникнуть в течение нескольких минут после воздействия аллергена и требуют немедленного лечения для облегчения симптомов и предотвращения дальнейшего прогрессирования.",
1750,US,GHRS,IE000GID8VI0,GHRS.O,GH Research PLC,0.808243,NMQ,65,Здравоохранение,16,Биотехнологии и медицинские исследования,0.16,13.03,,16.48,12.77,14.79,19.51,11.32,13.81,20.5,7.2,12.47,20.5,5.12,11.01,20.5,5.05,10.52,30.43,5.05,12.41,30.43,5.05,12.41,,"GH Research PLC — биофармацевтическая компания клинической стадии. Компания занимается лечением психических и неврологических расстройств. В портфель компании входят GH001, GH002 и GH003. Компания специализируется на разработке методов лечения 5-метокси-N, N-диметилтриптамина (5-MeO-DMT) для лечения пациентов с резистентной к лечению депрессией (TRD). Его продукт-кандидат, GH001, разработан для введения 5-MeO-DMT ингаляционным способом. С GH001 компания завершила два клинических исследования фазы 1 на здоровых добровольцах и клиническое исследование фазы 1/2 на пациентах с резистентной к лечению депрессией (TRD). GH002 представляет собой кандидат на продукт 5-MeO-DMT, разработанный для введения инъекционным способом. GH002 завершил доклиническую разработку для поддержки ранних клинических испытаний. GH003 представляет собой кандидат на продукт 5-MeO-DMT, разработанный для введения интраназально.",
1751,US,INBX,US45720N1037,INBX.O,Inhibrx Biosciences Inc,0.874669,NSQ,66,Здравоохранение,17,Биотехнологии и медицинские исследования,0.3,59.88,,77.49,57.3,68.24,94.56,13.97,46.38,94.56,10.8,30.21,94.56,10.8,24.43,94.56,10.8,24.43,94.56,10.8,24.43,94.56,10.8,24.43,,"Inhibrx Biosciences, Inc. — биофармацевтическая компания, работающая на клинической стадии и занимающаяся разработкой широкого спектра новых потенциальных биологических терапевтических средств. Компания использует разнообразные методы белковой инженерии для удовлетворения конкретных требований сложной биологии мишеней и заболеваний, включая свои собственные платформы белковой инженерии. В число клинических кандидатов на терапевтическое лечение входят озекибарт (INBRX-109) и INBRX-106. INBRX-109 представляет собой четырехвалентный агонист рецептора смерти 5 (DR5), который компания разработала на основе своей запатентованной платформы однодоменных антител (sdAb) для управления селективной в отношении рака запрограммированной гибелью клеток и максимизации эффективности при минимизации целевой токсичности для печени, возникающей в результате апоптоза гепатоцитов. INBRX-106 — шестивалентный агонист OX40, который исследуется в качестве монотерапии и в комбинации с КЕЙТРУДА (пембролизумаб), ингибитором контрольной точки, блокирующим PD-1, у пациентов с местно-распространенными или метастатическими солидными опухолями.",
1753,US,AKTS,US01021M1045,AKTS.O,Aktis Oncology Inc,0.837742,NSQ,67,Здравоохранение,18,Биотехнологии и медицинские исследования,0.93,16.54,,20.85,14.72,18.71,,,,,,,,,,,,,,,,,,,,"Aktis Oncology Inc — биотехнологическая компания со штаб-квартирой в США. Компания специализируется на разработке таргетных радиофармпрепаратов для лечения солидных опухолей. Целью проекта также является доставка высоких доз радиации непосредственно к опухолям, сводя к минимуму вред здоровым тканям. Он трансформирует лечение рака с помощью новых платформенных технологий, которые позволяют проектировать и разрабатывать точные радиофармацевтические препараты. Его лекарства предназначены для связывания со специфическими белками раковых клеток, доставляя радиацию непосредственно к опухоли.",
1754,US,CDNA,US14167L1035,CDNA.O,CareDx Inc,0.841485,NMQ,68,Здравоохранение,19,Биотехнологии и медицинские исследования,0.71,16.43,,19.06,16.24,17.61,20.92,10.96,15.5,25.95,10.96,17.51,34.84,7.42,17.73,34.84,4.8,15.04,99.83,4.8,28.45,99.83,0.76,22.9,,"CareDx, Inc. — компания, занимающаяся разработкой точных медицинских решений. Компания сосредоточена на открытии, разработке и коммерциализации клинически дифференцированных медицинских решений для пациентов, перенесших трансплантацию, и лиц, осуществляющих уход. Он предлагает услуги по тестированию, продукты и решения в области цифрового здравоохранения на протяжении всего пути пациента до и после трансплантации, а также является поставщиком геномной информации для пациентов, перенесших трансплантацию. Его коммерчески доступные услуги по тестированию после трансплантации включают AlloSure Kidney, бесклеточную ДНК донорского происхождения или dd-cfDNA, раствор для пациентов, перенесших трансплантацию почки, AlloMap Heart, решение для профилирования экспрессии генов для пациентов, перенесших трансплантацию сердца, AlloSure Heart, раствор dd-cfDNA для пациентов, перенесших трансплантацию сердца, и AlloSure Lung, раствор dd-cfDNA для пациентов, перенесших трансплантацию легких. В портфель ее лабораторных продуктов входят QTYPE, Olerup SSP и SBT, AlloSeq Tx, AlloSeq HCT и AlloSeq cfDNA. Он также предлагает разнообразный портфель цифровых решений для центров трансплантации.",
1755,US,CMPX,US20454B1044,CMPX.O,Compass Therapeutics Inc.,0.918448,NAQ,69,Здравоохранение,20,Биотехнологии и медицинские исследования,2.04,5.1,,5.78,4.87,5.39,5.86,2.5,3.89,5.86,1.33,3.14,5.86,0.76,2.33,5.86,0.76,2.49,11.0,0.76,2.77,11.0,0.76,2.77,,"Compass Therapeutics, Inc. — биофармацевтическая компания, занимающаяся клинической деятельностью в области онкологии. Компания разрабатывает запатентованные препараты на основе антител для лечения множества заболеваний человека. Его портфолио новых продуктов-кандидатов предназначено для воздействия на несколько важнейших биологических путей, необходимых для эффективного противоопухолевого ответа. Его ведущий кандидат на продукт, товечимиг, представляет собой биспецифическое антитело, нацеленное на Дельта-подобный лиганд 4 (DLL4), лиганд Notch-1 и фактор роста эндотелия сосудов А (VEGF-A). Его вторая программа, CTX-471, представляет собой агонистическое антитело, нацеленное на члена 9 суперсемейства рецепторов фактора некроза опухоли (TNFRSF9), также известного как CD-137, костимулирующего рецептора, который в основном экспрессируется на активированных, но не на покоящихся Т-клетках и NK-клетках. Третья программа компании, CTX-8371, представляет собой биспецифическое антитело, нацеленное на белок запрограммированной гибели клеток-1 (PD-1), рецептор ингибирующей иммунной контрольной точки, и его лиганд PD-L1, две проверенные мишени иммуноонкологии.",
1756,US,MRVI,US56600D1072,MRVI.O,Maravai LifeSciences Holdings Inc,0.740354,NSQ,70,Здравоохранение,21,Биотехнологии и медицинские исследования,1.9,2.88,,3.84,2.82,3.28,3.95,1.99,2.96,6.21,1.66,2.99,11.56,1.66,5.31,16.9,1.66,7.31,63.55,1.66,17.78,63.55,1.66,18.0,,"Maravai LifeSciences Holdings, Inc. — медико-биологическая компания, поставляющая важнейшие продукты для разработки лекарственной терапии, диагностики и новых вакцин, а также для поддержки исследований заболеваний человека. Его сегменты включают сегмент производства нуклеиновых кислот и сегмент тестирования безопасности биологических препаратов. Сегмент производства нуклеиновых кислот ориентирован на производство и продажу продуктов с высокомодифицированными нуклеиновыми кислотами для удовлетворения потребностей клиентов в исследовательских, терапевтических и вакцинных программах. Бизнес-подразделения этого сегмента включают TriLink Discovery, TriLink GMP, Glen Research и Alphazyme. Сегмент тестирования безопасности биологических препаратов ориентирован на производство и продажу тестов на безопасность биологических препаратов и примесей, а также услуги по разработке анализов, которые используются его клиентами в их деятельности по производству биологических лекарств. Бизнес этого сегмента включает Cygnus Technologies. Он обслуживает различные компании, в том числе биофармацевтические, вакцинные, диагностические, а также клеточную и генную терапию.",
1768,US,BAC PR L,US0605056821,BAC_pl.N,Bank of America Corp,337.491845,NYS,1,Финансы,1,Банки,0.0,1190.23,,1241.0,1187.29,1214.16,1297.88,1195.31,1250.19,1297.88,1150.0,1227.31,1297.88,1148.15,1219.25,1297.88,1036.88,1200.19,1520.0,1036.88,1258.17,1610.0,1036.88,1282.87,,,
1796,US,BNPQF,FR0000131104,BNPQF.PK,BNP Paribas SA,102.584148,PNK,2,Финансы,2,Банки,0.0,93.0,,110.61,91.85,98.43,99.0,73.01,88.47,99.0,60.46,83.41,99.0,57.04,74.84,99.0,53.96,71.03,99.0,39.96,65.52,99.0,26.58,60.8,,,
1806,US,BCMXY,US0616051019,BCMXY.PK,Bank of Communications Co Ltd,85.172236,PNK,3,Финансы,3,Банки,0.0,20.71,,0.0,0.0,0.0,25.0,20.59,22.2,25.0,19.7,21.6,25.0,15.39,19.86,25.0,13.81,18.4,25.0,12.25,16.89,25.0,12.0,17.11,,"Bank of Communications Co Ltd — китайская компания, занимающаяся преимущественно банковской и связанной с ней финансовой деятельностью. Компания в основном работает в четырех сферах деятельности. Корпоративный банковский бизнес в основном включает корпоративные кредиты, векселя, торговое финансирование, корпоративные депозиты и денежные переводы. Персональный банковский бизнес в основном включает потребительские кредиты, личные депозиты, кредитные карты и денежные переводы. Казначейский бизнес в основном включает размещения и поступления на денежном рынке, финансовые инвестиции и ценные бумаги, проданные по соглашениям РЕПО. Прочая деятельность в основном включает в себя прочие банковские и сопутствующие финансовые услуги. Компания в основном ведет свою деятельность на внутреннем и зарубежных рынках.",
1808,US,NAUBF,AU000000NAB4,NAUBF.PK,National Australia Bank Ltd,87.090802,PNK,4,Финансы,4,Банки,0.0,32.14,,32.14,0.0,4.59,28.65,24.53,26.67,28.65,18.84,24.42,28.65,18.84,23.72,28.65,16.68,21.7,28.65,16.68,21.14,28.65,7.38,19.72,,"National Australia Bank Limited — компания, предоставляющая финансовые услуги. Его сегменты включают корпоративное и частное банковское обслуживание, личное банковское обслуживание, корпоративное и институциональное банковское обслуживание, банковское дело Новой Зеландии, корпоративные функции и другие. Бизнес и частное банковское обслуживание ориентировано на сегменты клиентов малого и среднего бизнеса. Сюда входят диверсифицированные предприятия, а также специализированное сельское хозяйство, здравоохранение и профессиональные услуги. Personal Banking предоставляет клиентам банковские продукты и услуги, включая получение ипотечного кредита и управление личными финансами посредством депозитов, кредитных карт или потребительских кредитов. Корпоративное и институциональное банковское обслуживание сотрудничает с клиентами по всему миру, чтобы удовлетворить их финансовые потребности, посредством ряда продуктов и услуг, включая покрытие клиентов, корпоративные финансы, рынки, корпоративные платежи и обслуживание активов. Банковское дело Новой Зеландии обслуживает клиентов по всей Новой Зеландии, предоставляя личные и бизнес-банковские услуги через общенациональную сеть клиентских центров.",
1816,US,PSTVY,US73757Q1040,PSTVY.PK,Postal Savings Bank of China Co Ltd,86.1659,PNK,5,Финансы,5,Банки,0.0,12.1,,13.1,0.0,7.86,14.95,12.23,13.91,14.95,10.9,13.01,14.95,8.6,11.56,14.95,8.6,11.61,23.1,8.6,12.43,23.1,8.6,12.43,,"Postal Savings Bank of China Co Ltd — китайская компания, занимающаяся преимущественно банковским и связанным с ним финансовым бизнесом. Банк специализируется на технологическом финансировании, зеленом финансировании, инклюзивном финансировании, пенсионном финансировании и цифровом финансировании. Основные направления деятельности Банка включают розничное финансирование, корпоративное финансирование, управление активами фондов, инклюзивное финансирование и другие. Розничное финансирование в основном предоставляет услуги по стратификации клиентов, услуги для специальных групп клиентов, пенсионное финансирование, финансирование пенсионных услуг и финансовые услуги пенсионной индустрии. Корпоративные финансы обеспечивают управление казначейством и канальные услуги, финансирование, кредит и консультационные услуги. Бизнес по управлению активами фонда включает в себя межбанковские инвестиции и финансирование, вексельный бизнес, депозитарный бизнес, рыночную торговлю, инвестиционный бизнес в облигации и бизнес по хранению активов. Инклюзивный финансовый бизнес предоставляет кредитные услуги для бедных районов, услуги промышленной помощи и услуги по обучению.",
1826,US,CHCJY,US1693892028,CHCJY.PK,China Citic Bank Corp Ltd,63.762961,PNK,6,Финансы,6,Банки,0.0,21.7,,21.7,0.0,16.64,21.68,15.92,18.55,21.68,11.98,17.44,21.68,9.07,15.18,21.68,8.56,13.45,21.68,7.44,10.9,21.68,7.44,10.98,,"CHINA CITIC BANK CORPORATION LIMITED — коммерческий банк. Банк предоставляет банковский бизнес, международный бизнес, бизнес на финансовом рынке, институциональный бизнес, инвестиционно-банковский бизнес, факторинговый бизнес, депозитарный бизнес и другие комплексные финансовые решения для предприятий и клиентов учреждений; а также предоставляет розничные банковские услуги, кредитные карты, потребительские финансовые услуги, управление активами, персональные банковские услуги, зарубежные финансовые и другие сопутствующие продукты и услуги для индивидуальных клиентов. Компания в основном ведет свою деятельность на внутреннем рынке.",
1829,US,SCBFF,GB0004082847,SCBFF.PK,Standard Chartered PLC,45.393234,PNK,7,Финансы,7,Банки,0.0,19.84,,23.91,19.53,21.45,25.04,15.91,19.71,25.04,10.65,17.61,25.04,7.06,14.3,25.04,7.06,12.73,25.04,5.41,10.28,25.04,4.3,9.09,,"Standard Chartered PLC — международная банковская группа. В число его сфер деятельности входят корпоративные и инвестиционные банковские услуги (CIB), Wealth & Retail Banking (WRB) и Ventures. CIB поддерживает крупные корпорации, организации развития, правительства, банки и инвесторов в доступе к возможностям трансграничной торговли и инвестиций. CIB предлагает транзакционный банкинг, исламский банкинг, аналитику и многое другое. WRB обслуживает местные и международные банковские потребности клиентов разного уровня благосостояния – от личного до приоритетного и частного банковского обслуживания, а также малых и средних предприятий. WRB предлагает международные банковские услуги, глобальные частные банковские услуги, приоритетные частные услуги, приоритетные банковские услуги, банковские услуги для малого и среднего бизнеса и решения для благосостояния. Ventures инвестирует в революционные финансовые технологии и создает альтернативные бизнес-модели финансовых услуг, а также развивает свои цифровые банки Mox и Trust. Mox — это цифровой банк, который позволяет клиентам тратить, экономить, брать взаймы, инвестировать и получать доступ к преимуществам образа жизни в одном приложении.",
1836,US,FNMAL,US3135868368,FNMAL.PK,Federal National Mortgage Association,8.511944,PNK,8,Финансы,1,Корпоративные финансовые услуги,0.0,14.2,,17.75,0.0,12.1,27.04,19.76,24.18,27.04,14.86,21.23,27.04,4.6,13.9,27.04,2.22,10.4,27.04,2.22,7.89,27.04,2.22,10.35,,"Федеральная национальная ипотечная ассоциация занимается предоставлением источника финансирования жилищной ипотеки в Соединенных Штатах. Это спонсируемая правительством корпорация, принадлежащая акционерам, учрежденная Конгрессом для обеспечения ликвидности и стабильности рынка жилья США, а также для содействия доступу к ипотечным кредитам. Его сегменты включают односемейные и многоквартирные дома. Бизнес на одну семью работает на вторичном ипотечном рынке, предоставляя кредиты, обеспеченные недвижимостью, состоящей из четырех или менее жилых единиц. Бизнес «Многосемейный» работает на вторичном ипотечном рынке, предоставляя кредиты под залог недвижимости, состоящей из пяти и более жилых квартир. Категории операций по секьюритизации ипотечных кредитов включают операции свопа кредиторов, операции секьюритизации портфеля и операции структурированной секьюритизации. Он финансирует свой бизнес за счет выпуска краткосрочных и долгосрочных долговых ценных бумаг на внутреннем и международном рынках капитала.",
1837,US,FNMAO,US3135868020,FNMAO.PK,Federal National Mortgage Association,8.511944,PNK,9,Финансы,2,Корпоративные финансовые услуги,0.0,13.5,,17.5,12.33,14.96,26.36,16.25,21.16,26.36,14.42,19.49,26.36,4.48,14.1,26.36,2.0,10.33,26.36,1.75,8.08,26.36,1.75,9.91,,"Федеральная национальная ипотечная ассоциация занимается предоставлением источника финансирования жилищной ипотеки в Соединенных Штатах. Это спонсируемая правительством корпорация, принадлежащая акционерам, учрежденная Конгрессом для обеспечения ликвидности и стабильности рынка жилья США, а также для содействия доступу к ипотечным кредитам. Его сегменты включают односемейные и многоквартирные дома. Бизнес на одну семью работает на вторичном ипотечном рынке, предоставляя кредиты, обеспеченные недвижимостью, состоящей из четырех или менее жилых единиц. Бизнес «Многосемейный» работает на вторичном ипотечном рынке, предоставляя кредиты под залог недвижимости, состоящей из пяти и более жилых квартир. Категории операций по секьюритизации ипотечных кредитов включают операции свопа кредиторов, операции секьюритизации портфеля и операции структурированной секьюритизации. Он финансирует свой бизнес за счет выпуска краткосрочных и долгосрочных долговых ценных бумаг на внутреннем и международном рынках капитала.",
1839,US,FNMAK,US3135868285,FNMAK.PK,Federal National Mortgage Association,8.511944,PNK,10,Финансы,3,Корпоративные финансовые услуги,0.0,15.84,,18.88,0.0,15.52,27.5,15.35,24.69,27.5,15.35,21.74,27.5,4.4,15.18,27.5,2.04,11.16,27.5,2.04,8.79,27.5,2.04,10.77,,"Федеральная национальная ипотечная ассоциация занимается предоставлением источника финансирования жилищной ипотеки в Соединенных Штатах. Это спонсируемая правительством корпорация, принадлежащая акционерам, учрежденная Конгрессом для обеспечения ликвидности и стабильности рынка жилья США, а также для содействия доступу к ипотечным кредитам. Его сегменты включают односемейные и многоквартирные дома. Бизнес на одну семью работает на вторичном ипотечном рынке, предоставляя кредиты, обеспеченные недвижимостью, состоящей из четырех или менее жилых единиц. Бизнес «Многосемейный» работает на вторичном ипотечном рынке, предоставляя кредиты под залог недвижимости, состоящей из пяти и более жилых квартир. Категории операций по секьюритизации ипотечных кредитов включают операции свопа кредиторов, операции секьюритизации портфеля и операции структурированной секьюритизации. Он финансирует свой бизнес за счет выпуска краткосрочных и долгосрочных долговых ценных бумаг на внутреннем и международном рынках капитала.",
1842,US,FNMAG,US3135868772,FNMAG.PK,Federal National Mortgage Association,8.511944,PNK,11,Финансы,4,Корпоративные финансовые услуги,0.0,16.39,,19.42,0.0,15.17,28.33,20.25,25.48,28.33,16.25,22.48,28.33,4.5,14.97,28.33,2.31,11.12,28.33,2.31,8.59,28.33,2.31,10.82,,"Федеральная национальная ипотечная ассоциация занимается предоставлением источника финансирования жилищной ипотеки в Соединенных Штатах. Это спонсируемая правительством корпорация, принадлежащая акционерам, учрежденная Конгрессом для обеспечения ликвидности и стабильности рынка жилья США, а также для содействия доступу к ипотечным кредитам. Его сегменты включают односемейные и многоквартирные дома. Бизнес на одну семью работает на вторичном ипотечном рынке, предоставляя кредиты, обеспеченные недвижимостью, состоящей из четырех или менее жилых единиц. Бизнес «Многосемейный» работает на вторичном ипотечном рынке, предоставляя кредиты под залог недвижимости, состоящей из пяти и более жилых квартир. Категории операций по секьюритизации ипотечных кредитов включают операции свопа кредиторов, операции секьюритизации портфеля и операции структурированной секьюритизации. Он финансирует свой бизнес за счет выпуска краткосрочных и долгосрочных долговых ценных бумаг на внутреннем и международном рынках капитала.",
1844,US,FNMAM,US3135868855,FNMAM.PK,Federal National Mortgage Association,8.511944,PNK,12,Финансы,5,Корпоративные финансовые услуги,0.0,16.3,,20.57,14.54,17.66,28.85,20.79,25.58,28.85,15.69,22.19,28.85,4.5,15.48,28.85,2.26,12.13,28.85,2.26,9.23,28.85,2.26,10.94,,"Федеральная национальная ипотечная ассоциация занимается предоставлением источника финансирования жилищной ипотеки в Соединенных Штатах. Это спонсируемая правительством корпорация, принадлежащая акционерам, учрежденная Конгрессом для обеспечения ликвидности и стабильности рынка жилья США, а также для содействия доступу к ипотечным кредитам. Его сегменты включают односемейные и многоквартирные дома. Бизнес на одну семью работает на вторичном ипотечном рынке, предоставляя кредиты, обеспеченные недвижимостью, состоящей из четырех или менее жилых единиц. Бизнес «Многосемейный» работает на вторичном ипотечном рынке, предоставляя кредиты под залог недвижимости, состоящей из пяти и более жилых квартир. Категории операций по секьюритизации ипотечных кредитов включают операции свопа кредиторов, операции секьюритизации портфеля и операции структурированной секьюритизации. Он финансирует свой бизнес за счет выпуска краткосрочных и долгосрочных долговых ценных бумаг на внутреннем и международном рынках капитала.",
1850,US,CTPCY,US17304K1025,CTPCY.PK,CITIC Ltd,43.82406,PNK,13,Финансы,8,Банки,0.0,7.32,,7.75,0.0,2.96,8.49,6.54,7.46,8.49,5.27,6.47,8.49,4.27,5.95,8.49,4.08,5.76,8.49,3.61,5.46,8.67,3.42,6.03,,"CITIC Ltd — инвестиционная холдинговая компания, занимающаяся преимущественно финансовым бизнесом. Компания работает в пяти сегментах. Сегмент комплексных финансовых услуг в основном занимается комплексными финансовыми услугами, такими как банковское дело, ценные бумаги, траст, страхование и управление активами. Сегмент Advanced Intelligent Manufacturing в основном занимается производством тяжелой техники, специальных роботов, алюминиевых колес и алюминиевых отливок. Сегмент Advanced Materials в основном занимается добычей, переработкой и торговлей такими ресурсами, как железная руда, медь и сырая нефть, а также производством специальной стали. Подразделение «Новое потребление» в основном занимается автомобилями, потреблением продуктов питания, современным сельским хозяйством и другими видами деятельности. Подразделение урбанизации нового типа в основном занимается девелопментом и продажей недвижимости, а также инжиниринговыми контрактами, проектированием и другими видами деятельности.",
1852,US,SVKEF,SE0000148884,SVKEF.PK,Skandinaviska Enskilda Banken AB,36.868879,PNK,14,Финансы,9,Банки,0.0,18.08,,20.64,0.0,4.3,21.11,17.29,18.72,21.11,12.59,16.64,21.11,12.59,15.35,21.11,10.64,14.62,21.11,9.35,13.4,21.11,6.04,11.61,,"Skandinaviska Enskilda Banken AB (SEB) — шведский банк. Деятельность Банка разделена на четыре бизнес-сегмента. Сегмент коммерческого банкинга предлагает коммерческие и инвестиционно-банковские услуги крупным корпоративным и институциональным клиентам, главным образом в Скандинавском регионе и Германии. Сегмент розничных банковских услуг предлагает банковские и консультационные услуги частным лицам, а также малым и средним корпоративным клиентам в Швеции, а также операции с картами в странах Северной Европы. Сегмент управления активами предлагает управление активами, управление инвестициями, взаимные фонды и частные банковские услуги институциональным клиентам и состоятельным частным лицам. Сегмент «Жизнь» предлагает продукты страхования жизни для частных лиц и корпоративных клиентов. Компания имеет дочерние предприятия в Швеции, остальной Европе, США и Китае.",
1856,US,HSNGY,US41043C3043,HSNGY.PK,Hang Seng Bank Ltd,36.999562,PNK,15,Финансы,10,Банки,0.0,19.7,,0.0,0.0,0.0,,,,,,,,,,,,,,,,,,,,"Hang Seng Bank Ltd — компания, занимающаяся в основном банковским и связанным с ним финансовым бизнесом. Компания осуществляет свою деятельность через четыре сегмента. Сегмент управления активами и личного банковского обслуживания обеспечивает банковское обслуживание физических лиц, потребительские кредиты, срочные депозиты, ипотечные и потребительские кредиты, кредитные карты, страхование, а также услуги по инвестициям и управлению активами. Сегмент коммерческого банковского обслуживания занимается корпоративным кредитованием, финансированием торговли и дебиторской задолженности, платежами и управлением денежными средствами, казначейством и иностранной валютой, распространением страхования, не связанного с жизнью, и страхованием ключей, инвестиционными услугами, а также управлением корпоративным капиталом. Сегмент Global Banking предоставляет общие банковские услуги, транзакционные банковские операции, корпоративный кредит, депозиты и управление денежными средствами. Сегмент глобального рынка предоставляет услуги по финансированию иностранной валюты, золота, акций, фиксированного дохода и ценных бумаг. Сегмент «Прочие» в основном занимается инвестициями в недвижимость, инвестициями в акции и субординированным долговым финансированием.",
1861,US,MLYBY,US56108H1059,MLYBY.PK,Malayan Banking Bhd,33.725917,PNK,16,Финансы,11,Банки,0.0,7.45,,7.56,0.0,6.56,6.0,4.08,4.59,6.13,4.08,4.89,6.8,3.82,4.93,9.1,3.2,4.72,12.71,3.2,4.84,13.79,2.89,4.57,,"Malayan Banking Berhad — холдинговая компания со штаб-квартирой в Малайзии, занимающаяся предоставлением финансовых продуктов и услуг. В его сегмент входят Group Community Financial Service (CFS), Group Global Banking (GB), а также Group Insurance и Takaful. Сегмент CFS включает потребительское банковское обслуживание, которое предлагает продукты и услуги, предлагаемые физическим лицам, такие как сбережения и срочные депозиты, потребительские кредиты и другие; Банковское дело малого и среднего бизнеса (МСП), которое предлагает продукты и услуги, такие как долгосрочные кредиты, такие как проектное финансирование, краткосрочные кредиты, такие как овердрафты и торговое финансирование; Бизнес-банкинг, который предлагает продукты и услуги, такие как платные услуги, такие как управление денежными средствами и кастодиальные услуги. Сегмент GB включает групповое корпоративное банковское обслуживание и глобальные рынки, групповое инвестиционно-банковское обслуживание и управление активами группы. Сегмент группового страхования и такафул включает андеррайтинг всех классов бизнеса по общему страхованию и страхованию жизни, общему такафул-бизнесу и семейному такафул-бизнесу.",
1870,US,FANDY,US3376261059,FANDY.PK,FirstRand Ltd,28.31842,PNK,17,Финансы,12,Банки,0.0,50.8,,54.15,0.0,11.66,54.4,40.81,47.06,54.4,32.82,41.51,54.4,32.2,42.01,54.4,30.6,41.11,54.4,30.6,40.34,65.54,18.59,42.05,,"FirstRand Limited — это портфель компаний, предоставляющих интегрированные финансовые услуги, включая FNB, WesBank, RMB и Aldermore. Компания также предлагает транзакционные, кредитные, инвестиционные и страховые продукты и услуги. FNB представляет деятельность компании в розничном и коммерческом сегментах в Южной Африке и ряде стран Африки в целом. WesBank представляет финансовую деятельность компании на основе активов в розничном, коммерческом и корпоративном сегментах в Южной Африке. Он также обеспечивает финансирование транспортных средств и управление автопарком в стране. RMB представляет свою деятельность в корпоративном и институциональном сегментах Южной Африки и на африканском континенте. Кроме того, у него есть предложения в Великобритании, США и Индии. В число его операций в Соединенном Королевстве входят Aldermore Bank и MotoNovo. Портфель состоит из специализированного кредитования для финансирования недвижимости, структурированного и специализированного финансирования для автофинансирования, розничной торговли и продуктов сбережений для бизнеса.",
1871,US,SVNLF,SE0007100599,SVNLF.PK,Svenska Handelsbanken AB,25.850749,PNK,18,Финансы,13,Банки,0.0,12.63,,15.97,0.0,11.0,14.98,11.67,13.32,14.98,10.0,12.74,14.98,8.61,11.41,14.98,7.86,10.63,14.98,7.75,10.38,14.98,6.56,10.46,,"Svenska Handelsbanken AB — шведский банк. Он предоставляет услуги как частным, так и корпоративным клиентам и работает в трех бизнес-сегментах. Сегмент филиалов в Швеции включает шесть региональных банков, отделения Handelsbanken Finans и Stadshypotek в Швеции. Он предоставляет, среди прочего, частное банковское обслуживание, услуги финансовых компаний, выпуск кредитных карт и ипотечные кредиты. Филиалы за пределами Швеции предлагают широкий спектр банковских услуг и включают региональные банки в Великобритании, Дании, Норвегии и Финляндии, Handelsbanken International, а также операции Handelsbanken Finans и Stadshypotek за пределами Швеции. Сегмент рынков капитала состоит из инвестиционного банка Handelsbanken и операций по управлению активами, включая страховые сбережения. Банк работает через сеть из более чем 700 филиалов и многочисленных дочерних компаний, включая Optimix Vermogensbeheer NV.",
1873,US,CKHGY,US14056U1079,CKHGY.PK,Capitec Bank Holdings Ltd,27.716797,PNK,19,Финансы,14,Банки,0.0,119.61,,137.9,0.0,118.8,128.15,93.94,106.67,128.15,68.65,96.19,128.15,50.97,82.75,128.15,34.09,72.89,128.15,34.09,72.5,128.15,16.86,63.07,,"Capitec Bank Holdings Limited — южноафриканская компания, действующая через свои дочерние компании Capitec Bank Limited, Capitec Ins Proprietary Limited и Capitec Bank Insurance Holdings Limited. Его сегменты включают личный банкинг, бизнес-банкинг, страхование и AvaFin. Сегмент «Личное банковское обслуживание» включает транзакционные банковские услуги; кредитные продукты, предоставляемые частным банковским клиентам, включая кредиты, кредитные карты и средства доступа; и гибкие, фиксированные и не облагаемые налогом сбережения. Сегмент бизнес-банкинга включает кредитные продукты, предоставляемые клиентам бизнес-банкинга, такие как срочные кредиты, овердрафты, продажа в рассрочку, лизинг и кредитные карты; депозиты по требованию и уведомлениям; казначейские продукты, которые включают спотовые валютные сделки и валютные форвардные контракты. Сегмент «Страхование» предоставляет продукты долгосрочного страхования. Сегмент AvaFin включает краткосрочные кредитные продукты, продукты кредитных линий и кредиты в рассрочку.",
1881,US,BPXXY,US0556601047,BPXXY.PK,BPER Banca SpA,24.74246,PNK,20,Финансы,15,Банки,0.0,24.14,,27.64,0.0,21.63,25.94,19.04,21.76,25.94,13.22,19.55,25.94,6.61,17.33,25.94,4.13,14.71,25.94,2.97,10.94,25.94,2.25,8.99,,"Bper Banca SpA, ранее Banca Popolare dell'Emilia Romagna Sc, — итальянская банковская группа, предлагающая традиционные банковские услуги частным лицам, корпорациям, фрилансерам и государственным организациям. Его банковские услуги разделены на семь сегментов. Частный сегмент обслуживает индивидуальные и объединенные учетные записи. Сегмент розничной торговли предлагает, среди прочего, индивидуальных предпринимателей, товарищества и корпорации с ограниченной ответственностью. Корпоративный сегмент охватывает органы государственного управления, а также нефинансовые компании и компании-нерезиденты. Сегмент «Крупный корпоративный» охватывает банковское обслуживание корпоративных клиентов и партнерских отношений. Финансовый сегмент охватывает казначейскую деятельность и управление инвестиционным портфелем Группы. Сегмент «Корпоративный центр» охватывает деятельность, связанную с управлением Группой, стратегическими решениями и их результатами, а также деятельность, не связанную напрямую с другими направлениями бизнеса. В состав подразделения «Прочая деятельность» входят небанковские предприятия Группы.",
1889,US,FMCCL,US3134007984,FMCCL.PK,Federal Home Loan Mortgage Corp,4.192884,PNK,21,Финансы,6,Корпоративные финансовые услуги,0.0,14.0,,16.7,0.0,13.84,23.01,15.38,20.28,23.01,14.5,18.8,23.01,3.8,13.77,23.01,2.02,10.01,23.01,2.02,7.84,23.12,2.02,9.66,,"Федеральная корпорация жилищного ипотечного кредитования является предприятием, спонсируемым государством. Компания занимается покупкой ипотечных кредитов на одну и несколько семей, выданных кредиторами. Сегмент компании для одной семьи обеспечивает ликвидность и поддержку рынка ипотечного кредитования для одной семьи посредством различных видов деятельности, которые включают покупку, секьюритизацию и гарантирование кредитов для одной семьи, выданных кредиторами. Его односемейный бизнес состоит из деятельности, связанной с обеспечением рыночной ликвидности путем покупки и секьюритизации ипотечных кредитов и выпуска гарантированных ценных бумаг, связанных с ипотекой, передачи кредитного риска, выполнения мероприятий по снижению убытков, а также инвестирования в ипотечные и другие инвестиции. Его многоквартирный сегмент включает покупку, секьюритизацию и гарантирование многоквартирных кредитов, инвестиции в многоквартирные кредиты и ценные бумаги, связанные с ипотекой, а также управление кредитным риском многоквартирной ипотеки и рыночным риском.",
1892,US,FMCKL,US3134006572,FMCKL.PK,Federal Home Loan Mortgage Corp,4.192884,PNK,22,Финансы,7,Корпоративные финансовые услуги,0.0,9.21,,10.75,0.0,8.46,14.96,10.83,13.21,14.96,8.0,11.34,14.96,2.3,8.1,14.96,1.28,6.36,14.96,1.25,4.95,14.96,1.25,6.01,,"Федеральная корпорация жилищного ипотечного кредитования является предприятием, спонсируемым государством. Компания занимается покупкой ипотечных кредитов на одну и несколько семей, выданных кредиторами. Сегмент компании для одной семьи обеспечивает ликвидность и поддержку рынка ипотечного кредитования для одной семьи посредством различных видов деятельности, которые включают покупку, секьюритизацию и гарантирование кредитов для одной семьи, выданных кредиторами. Его односемейный бизнес состоит из деятельности, связанной с обеспечением рыночной ликвидности путем покупки и секьюритизации ипотечных кредитов и выпуска гарантированных ценных бумаг, связанных с ипотекой, передачи кредитного риска, выполнения мероприятий по снижению убытков, а также инвестирования в ипотечные и другие инвестиции. Его многоквартирный сегмент включает покупку, секьюритизацию и гарантирование многоквартирных кредитов, инвестиции в многоквартирные кредиты и ценные бумаги, связанные с ипотекой, а также управление кредитным риском многоквартирной ипотеки и рыночным риском.",
1893,US,FMCCG,US3134008487,FMCCG.PK,Federal Home Loan Mortgage Corp,4.192884,PNK,23,Финансы,8,Корпоративные финансовые услуги,0.0,13.15,,16.95,11.0,13.79,23.16,15.95,19.79,23.16,14.24,18.55,23.16,3.9,13.3,23.16,2.03,9.69,23.16,2.0,7.77,23.16,2.0,9.64,,"Федеральная корпорация жилищного ипотечного кредитования является предприятием, спонсируемым государством. Компания занимается покупкой ипотечных кредитов на одну и несколько семей, выданных кредиторами. Сегмент компании для одной семьи обеспечивает ликвидность и поддержку рынка ипотечного кредитования для одной семьи посредством различных видов деятельности, которые включают покупку, секьюритизацию и гарантирование кредитов для одной семьи, выданных кредиторами. Его односемейный бизнес состоит из деятельности, связанной с обеспечением рыночной ликвидности путем покупки и секьюритизации ипотечных кредитов и выпуска гарантированных ценных бумаг, связанных с ипотекой, передачи кредитного риска, выполнения мероприятий по снижению убытков, а также инвестирования в ипотечные и другие инвестиции. Его многоквартирный сегмент включает покупку, секьюритизацию и гарантирование многоквартирных кредитов, инвестиции в многоквартирные кредиты и ценные бумаги, связанные с ипотекой, а также управление кредитным риском многоквартирной ипотеки и рыночным риском.",
1894,US,FMCKO,US3134006812,FMCKO.PK,Federal Home Loan Mortgage Corp,4.192884,PNK,24,Финансы,9,Корпоративные финансовые услуги,0.0,8.78,,10.69,0.0,7.85,15.0,10.65,13.41,15.0,7.8,11.18,15.0,2.25,7.66,15.0,1.21,5.43,15.0,1.2,4.34,15.0,1.2,5.42,,"Федеральная корпорация жилищного ипотечного кредитования является предприятием, спонсируемым государством. Компания занимается покупкой ипотечных кредитов на одну и несколько семей, выданных кредиторами. Сегмент компании для одной семьи обеспечивает ликвидность и поддержку рынка ипотечного кредитования для одной семьи посредством различных видов деятельности, которые включают покупку, секьюритизацию и гарантирование кредитов для одной семьи, выданных кредиторами. Его односемейный бизнес состоит из деятельности, связанной с обеспечением рыночной ликвидности путем покупки и секьюритизации ипотечных кредитов и выпуска гарантированных ценных бумаг, связанных с ипотекой, передачи кредитного риска, выполнения мероприятий по снижению убытков, а также инвестирования в ипотечные и другие инвестиции. Его многоквартирный сегмент включает покупку, секьюритизацию и гарантирование многоквартирных кредитов, инвестиции в многоквартирные кредиты и ценные бумаги, связанные с ипотекой, а также управление кредитным риском многоквартирной ипотеки и рыночным риском.",
1895,US,FREJN,US3134007232,FREJN.PK,Federal Home Loan Mortgage Corp,4.192884,PNK,25,Финансы,10,Корпоративные финансовые услуги,0.0,16.5,,18.8,0.0,6.46,27.0,18.96,23.67,27.0,15.02,20.32,27.0,4.26,14.49,27.0,2.43,12.77,27.0,2.4,9.33,27.0,2.4,11.05,,"Федеральная корпорация жилищного ипотечного кредитования является предприятием, спонсируемым государством. Компания занимается покупкой ипотечных кредитов на одну и несколько семей, выданных кредиторами. Сегмент компании для одной семьи обеспечивает ликвидность и поддержку рынка ипотечного кредитования для одной семьи посредством различных видов деятельности, которые включают покупку, секьюритизацию и гарантирование кредитов для одной семьи, выданных кредиторами. Его односемейный бизнес состоит из деятельности, связанной с обеспечением рыночной ликвидности путем покупки и секьюритизации ипотечных кредитов и выпуска гарантированных ценных бумаг, связанных с ипотекой, передачи кредитного риска, выполнения мероприятий по снижению убытков, а также инвестирования в ипотечные и другие инвестиции. Его многоквартирный сегмент включает покупку, секьюритизацию и гарантирование многоквартирных кредитов, инвестиции в многоквартирные кредиты и ценные бумаги, связанные с ипотекой, а также управление кредитным риском многоквартирной ипотеки и рыночным риском.",
1896,US,FMCKN,US3134006655,FMCKN.PK,Federal Home Loan Mortgage Corp,4.192884,PNK,26,Финансы,11,Корпоративные финансовые услуги,0.0,9.52,,10.75,0.0,6.78,14.7,10.51,13.24,14.7,7.85,11.28,14.7,2.24,7.78,14.7,1.16,6.2,14.7,1.16,4.63,15.0,1.16,5.55,,"Федеральная корпорация жилищного ипотечного кредитования является предприятием, спонсируемым государством. Компания занимается покупкой ипотечных кредитов на одну и несколько семей, выданных кредиторами. Сегмент компании для одной семьи обеспечивает ликвидность и поддержку рынка ипотечного кредитования для одной семьи посредством различных видов деятельности, которые включают покупку, секьюритизацию и гарантирование кредитов для одной семьи, выданных кредиторами. Его односемейный бизнес состоит из деятельности, связанной с обеспечением рыночной ликвидности путем покупки и секьюритизации ипотечных кредитов и выпуска гарантированных ценных бумаг, связанных с ипотекой, передачи кредитного риска, выполнения мероприятий по снижению убытков, а также инвестирования в ипотечные и другие инвестиции. Его многоквартирный сегмент включает покупку, секьюритизацию и гарантирование многоквартирных кредитов, инвестиции в многоквартирные кредиты и ценные бумаги, связанные с ипотекой, а также управление кредитным риском многоквартирной ипотеки и рыночным риском.",
1898,US,FMCCK,US3134008305,FMCCK.PK,Federal Home Loan Mortgage Corp,4.192884,PNK,27,Финансы,12,Корпоративные финансовые услуги,0.0,16.67,,18.65,0.0,15.71,27.2,18.5,23.59,27.2,14.75,20.71,27.2,4.25,15.13,27.2,2.26,12.08,27.2,2.26,9.15,27.2,2.26,10.76,,"Федеральная корпорация жилищного ипотечного кредитования является предприятием, спонсируемым государством. Компания занимается покупкой ипотечных кредитов на одну и несколько семей, выданных кредиторами. Сегмент компании для одной семьи обеспечивает ликвидность и поддержку рынка ипотечного кредитования для одной семьи посредством различных видов деятельности, которые включают покупку, секьюритизацию и гарантирование кредитов для одной семьи, выданных кредиторами. Его односемейный бизнес состоит из деятельности, связанной с обеспечением рыночной ликвидности путем покупки и секьюритизации ипотечных кредитов и выпуска гарантированных ценных бумаг, связанных с ипотекой, передачи кредитного риска, выполнения мероприятий по снижению убытков, а также инвестирования в ипотечные и другие инвестиции. Его многоквартирный сегмент включает покупку, секьюритизацию и гарантирование многоквартирных кредитов, инвестиции в многоквартирные кредиты и ценные бумаги, связанные с ипотекой, а также управление кредитным риском многоквартирной ипотеки и рыночным риском.",
1899,US,FMCCO,US3134007729,FMCCO.PK,Federal Home Loan Mortgage Corp,4.192884,PNK,28,Финансы,13,Корпоративные финансовые услуги,0.0,16.62,,18.75,0.0,12.95,27.52,17.94,23.41,27.52,14.43,20.35,27.52,4.2,14.84,27.52,2.1,10.83,27.52,2.1,8.48,27.52,2.1,10.55,,"Федеральная корпорация жилищного ипотечного кредитования является предприятием, спонсируемым государством. Компания занимается покупкой ипотечных кредитов на одну и несколько семей, выданных кредиторами. Сегмент компании для одной семьи обеспечивает ликвидность и поддержку рынка ипотечного кредитования для одной семьи посредством различных видов деятельности, которые включают покупку, секьюритизацию и гарантирование кредитов для одной семьи, выданных кредиторами. Его односемейный бизнес состоит из деятельности, связанной с обеспечением рыночной ликвидности путем покупки и секьюритизации ипотечных кредитов и выпуска гарантированных ценных бумаг, связанных с ипотекой, передачи кредитного риска, выполнения мероприятий по снижению убытков, а также инвестирования в ипотечные и другие инвестиции. Его многоквартирный сегмент включает покупку, секьюритизацию и гарантирование многоквартирных кредитов, инвестиции в многоквартирные кредиты и ценные бумаги, связанные с ипотекой, а также управление кредитным риском многоквартирной ипотеки и рыночным риском.",
1900,US,FMCCJ,US3134007562,FMCCJ.PK,Federal Home Loan Mortgage Corp,4.192884,PNK,29,Финансы,14,Корпоративные финансовые услуги,0.0,13.0,,16.5,11.31,14.18,22.79,16.01,19.74,22.79,14.32,18.35,22.79,3.91,13.91,22.79,1.98,10.05,22.79,1.98,7.94,23.2,1.98,9.66,,"Федеральная корпорация жилищного ипотечного кредитования является предприятием, спонсируемым государством. Компания занимается покупкой ипотечных кредитов на одну и несколько семей, выданных кредиторами. Сегмент компании для одной семьи обеспечивает ликвидность и поддержку рынка ипотечного кредитования для одной семьи посредством различных видов деятельности, которые включают покупку, секьюритизацию и гарантирование кредитов для одной семьи, выданных кредиторами. Его односемейный бизнес состоит из деятельности, связанной с обеспечением рыночной ликвидности путем покупки и секьюритизации ипотечных кредитов и выпуска гарантированных ценных бумаг, связанных с ипотекой, передачи кредитного риска, выполнения мероприятий по снижению убытков, а также инвестирования в ипотечные и другие инвестиции. Его многоквартирный сегмент включает покупку, секьюритизацию и гарантирование многоквартирных кредитов, инвестиции в многоквартирные кредиты и ценные бумаги, связанные с ипотекой, а также управление кредитным риском многоквартирной ипотеки и рыночным риском.",
1902,US,FMCCM,US3134007802,FMCCM.PK,Federal Home Loan Mortgage Corp,4.192884,PNK,30,Финансы,15,Корпоративные финансовые услуги,0.0,13.25,,17.47,0.0,13.06,23.0,16.67,19.95,23.0,14.96,18.88,23.0,3.81,13.19,23.0,1.91,9.5,23.0,1.91,7.72,23.0,1.91,9.66,,"Федеральная корпорация жилищного ипотечного кредитования является предприятием, спонсируемым государством. Компания занимается покупкой ипотечных кредитов на одну и несколько семей, выданных кредиторами. Сегмент компании для одной семьи обеспечивает ликвидность и поддержку рынка ипотечного кредитования для одной семьи посредством различных видов деятельности, которые включают покупку, секьюритизацию и гарантирование кредитов для одной семьи, выданных кредиторами. Его односемейный бизнес состоит из деятельности, связанной с обеспечением рыночной ликвидности путем покупки и секьюритизации ипотечных кредитов и выпуска гарантированных ценных бумаг, связанных с ипотекой, передачи кредитного риска, выполнения мероприятий по снижению убытков, а также инвестирования в ипотечные и другие инвестиции. Его многоквартирный сегмент включает покупку, секьюритизацию и гарантирование многоквартирных кредитов, инвестиции в многоквартирные кредиты и ценные бумаги, связанные с ипотекой, а также управление кредитным риском многоквартирной ипотеки и рыночным риском.",
1903,US,FMCCI,US3134006085,FMCCI.PK,Federal Home Loan Mortgage Corp,4.192884,PNK,31,Финансы,16,Корпоративные финансовые услуги,0.0,13.0,,16.01,0.0,13.44,22.7,15.53,19.72,22.7,14.36,18.39,22.7,3.65,13.27,22.7,1.98,9.89,22.7,1.43,7.82,22.73,1.43,9.7,,"Федеральная корпорация жилищного ипотечного кредитования является предприятием, спонсируемым государством. Компания занимается покупкой ипотечных кредитов на одну и несколько семей, выданных кредиторами. Сегмент компании для одной семьи обеспечивает ликвидность и поддержку рынка ипотечного кредитования для одной семьи посредством различных видов деятельности, которые включают покупку, секьюритизацию и гарантирование кредитов для одной семьи, выданных кредиторами. Его односемейный бизнес состоит из деятельности, связанной с обеспечением рыночной ликвидности путем покупки и секьюритизации ипотечных кредитов и выпуска гарантированных ценных бумаг, связанных с ипотекой, передачи кредитного риска, выполнения мероприятий по снижению убытков, а также инвестирования в ипотечные и другие инвестиции. Его многоквартирный сегмент включает покупку, секьюритизацию и гарантирование многоквартирных кредитов, инвестиции в многоквартирные кредиты и ценные бумаги, связанные с ипотекой, а также управление кредитным риском многоквартирной ипотеки и рыночным риском.",
1904,US,FMCCS,US3134007158,FMCCS.PK,Federal Home Loan Mortgage Corp,4.192884,PNK,32,Финансы,17,Корпоративные финансовые услуги,0.0,14.4,,17.2,12.61,14.97,25.19,17.05,20.88,25.19,14.51,18.94,25.19,4.15,14.93,25.19,2.27,12.51,25.19,2.27,9.3,25.19,2.27,10.65,,"Федеральная корпорация жилищного ипотечного кредитования является предприятием, спонсируемым государством. Компания занимается покупкой ипотечных кредитов на одну и несколько семей, выданных кредиторами. Сегмент компании для одной семьи обеспечивает ликвидность и поддержку рынка ипотечного кредитования для одной семьи посредством различных видов деятельности, которые включают покупку, секьюритизацию и гарантирование кредитов для одной семьи, выданных кредиторами. Его односемейный бизнес состоит из деятельности, связанной с обеспечением рыночной ликвидности путем покупки и секьюритизации ипотечных кредитов и выпуска гарантированных ценных бумаг, связанных с ипотекой, передачи кредитного риска, выполнения мероприятий по снижению убытков, а также инвестирования в ипотечные и другие инвестиции. Его многоквартирный сегмент включает покупку, секьюритизацию и гарантирование многоквартирных кредитов, инвестиции в многоквартирные кредиты и ценные бумаги, связанные с ипотекой, а также управление кредитным риском многоквартирной ипотеки и рыночным риском.",
1906,US,FREGP,US3134008891,FREGP.PK,Federal Home Loan Mortgage Corp,4.192884,PNK,33,Финансы,18,Корпоративные финансовые услуги,0.0,15.6,,18.81,0.0,12.1,26.55,18.26,23.08,26.55,14.39,19.66,26.55,4.01,13.35,26.55,2.08,10.57,26.55,2.08,8.82,26.55,2.08,10.41,,"Федеральная корпорация жилищного ипотечного кредитования является предприятием, спонсируемым государством. Компания занимается покупкой ипотечных кредитов на одну и несколько семей, выданных кредиторами. Сегмент компании для одной семьи обеспечивает ликвидность и поддержку рынка ипотечного кредитования для одной семьи посредством различных видов деятельности, которые включают покупку, секьюритизацию и гарантирование кредитов для одной семьи, выданных кредиторами. Его односемейный бизнес состоит из деятельности, связанной с обеспечением рыночной ликвидности путем покупки и секьюритизации ипотечных кредитов и выпуска гарантированных ценных бумаг, связанных с ипотекой, передачи кредитного риска, выполнения мероприятий по снижению убытков, а также инвестирования в ипотечные и другие инвестиции. Его многоквартирный сегмент включает покупку, секьюритизацию и гарантирование многоквартирных кредитов, инвестиции в многоквартирные кредиты и ценные бумаги, связанные с ипотекой, а также управление кредитным риском многоквартирной ипотеки и рыночным риском.",
1907,US,FMCKM,US3134006739,FMCKM.PK,Federal Home Loan Mortgage Corp,4.192884,PNK,34,Финансы,19,Корпоративные финансовые услуги,0.0,8.94,,10.9,0.0,8.49,14.43,10.54,12.8,14.43,7.46,11.21,14.43,2.2,7.88,14.43,1.13,6.11,14.43,1.13,4.69,15.5,1.13,5.51,,"Федеральная корпорация жилищного ипотечного кредитования является предприятием, спонсируемым государством. Компания занимается покупкой ипотечных кредитов на одну и несколько семей, выданных кредиторами. Сегмент компании для одной семьи обеспечивает ликвидность и поддержку рынка ипотечного кредитования для одной семьи посредством различных видов деятельности, которые включают покупку, секьюритизацию и гарантирование кредитов для одной семьи, выданных кредиторами. Его односемейный бизнес состоит из деятельности, связанной с обеспечением рыночной ликвидности путем покупки и секьюритизации ипотечных кредитов и выпуска гарантированных ценных бумаг, связанных с ипотекой, передачи кредитного риска, выполнения мероприятий по снижению убытков, а также инвестирования в ипотечные и другие инвестиции. Его многоквартирный сегмент включает покупку, секьюритизацию и гарантирование многоквартирных кредитов, инвестиции в многоквартирные кредиты и ценные бумаги, связанные с ипотекой, а также управление кредитным риском многоквартирной ипотеки и рыночным риском.",
1908,US,FMCCT,US3134006994,FMCCT.PK,Federal Home Loan Mortgage Corp,4.192884,PNK,35,Финансы,20,Корпоративные финансовые услуги,0.0,17.2,,21.05,0.0,15.23,29.67,19.84,25.81,29.67,14.85,22.18,29.67,4.24,15.14,29.67,2.27,11.51,29.67,2.27,9.01,29.67,2.27,10.62,,"Федеральная корпорация жилищного ипотечного кредитования является предприятием, спонсируемым государством. Компания занимается покупкой ипотечных кредитов на одну и несколько семей, выданных кредиторами. Сегмент компании для одной семьи обеспечивает ликвидность и поддержку рынка ипотечного кредитования для одной семьи посредством различных видов деятельности, которые включают покупку, секьюритизацию и гарантирование кредитов для одной семьи, выданных кредиторами. Его односемейный бизнес состоит из деятельности, связанной с обеспечением рыночной ликвидности путем покупки и секьюритизации ипотечных кредитов и выпуска гарантированных ценных бумаг, связанных с ипотекой, передачи кредитного риска, выполнения мероприятий по снижению убытков, а также инвестирования в ипотечные и другие инвестиции. Его многоквартирный сегмент включает покупку, секьюритизацию и гарантирование многоквартирных кредитов, инвестиции в многоквартирные кредиты и ценные бумаги, связанные с ипотекой, а также управление кредитным риском многоквартирной ипотеки и рыночным риском.",
1909,US,FMCKP,US3134007315,FMCKP.PK,Federal Home Loan Mortgage Corp,4.192884,PNK,36,Финансы,21,Корпоративные финансовые услуги,0.0,16.0,,19.0,0.0,13.46,26.5,17.91,23.95,26.5,14.62,20.76,26.5,4.13,15.13,26.5,2.16,11.72,26.5,2.16,8.87,26.5,2.16,10.57,,"Федеральная корпорация жилищного ипотечного кредитования является предприятием, спонсируемым государством. Компания занимается покупкой ипотечных кредитов на одну и несколько семей, выданных кредиторами. Сегмент компании для одной семьи обеспечивает ликвидность и поддержку рынка ипотечного кредитования для одной семьи посредством различных видов деятельности, которые включают покупку, секьюритизацию и гарантирование кредитов для одной семьи, выданных кредиторами. Его односемейный бизнес состоит из деятельности, связанной с обеспечением рыночной ликвидности путем покупки и секьюритизации ипотечных кредитов и выпуска гарантированных ценных бумаг, связанных с ипотекой, передачи кредитного риска, выполнения мероприятий по снижению убытков, а также инвестирования в ипотечные и другие инвестиции. Его многоквартирный сегмент включает покупку, секьюритизацию и гарантирование многоквартирных кредитов, инвестиции в многоквартирные кредиты и ценные бумаги, связанные с ипотекой, а также управление кредитным риском многоквартирной ипотеки и рыночным риском.",
1913,US,CMAKY,US16949T1060,CMAKY.PK,China Minsheng Banking Corp Ltd,23.842042,PNK,37,Финансы,16,Банки,0.0,4.85,,5.42,0.0,3.42,6.72,4.5,5.7,6.72,3.73,5.34,6.72,3.15,4.63,6.72,3.13,4.37,6.72,2.76,4.25,9.59,2.76,5.3,,"КИТАЙ МИНШЭН БАНКОВСКАЯ КОРП., ЛТД. (Банк) — китайское финансовое учреждение, которое в основном занимается корпоративными банковскими операциями, личными банковскими операциями, капитальным бизнесом и другим бизнесом. Банк ведет свой бизнес в основном в Северном Китае, Восточном Китае, Южном Китае и других регионах Китая.",
1914,US,AIBRF,IE00BF0L3536,AIBRF.PK,AIB Group PLC,21.229867,PNK,38,Финансы,17,Банки,0.0,9.76,,10.77,0.0,8.31,10.76,7.34,8.9,10.76,5.41,7.86,10.76,4.05,6.8,10.76,3.65,6.14,10.76,1.77,5.24,11.81,0.87,5.02,,"AIB Group PLC — ирландская компания, предоставляющая финансовые услуги. Сегменты компании включают розничное банковское обслуживание, AIB Capital Markets (Рынки капитала), AIB UK, Climate Capital и Group. Сегмент розничных банковских услуг включает в себя дома и потребительские товары, малые и средние предприятия (МСП). Сегмент рынков капитала предоставляет институциональные, корпоративные и бизнес-банковские услуги своим крупным клиентам и клиентам, которым требуется опыт в конкретном секторе или продукте. Capital Markets предлагает клиентам продукты по управлению валютными и процентными рисками, продукты по управлению денежными средствами, торговое финансирование, мезонинное финансирование и инвестиции в акционерный капитал. Сегмент AIB в Великобритании предлагает корпоративные, розничные и бизнес-банковские услуги на двух различных рынках, таких как отраслевой корпоративный банк и розничный банк с полным спектром услуг. Climate Capital специализируется на кредитовании крупномасштабных проектов в области возобновляемых источников энергии и инфраструктурных проектов. Сегмент Группы включает оптовую казначейскую деятельность, а также функции контроля и поддержки Группы.",
1920,US,BNCZF,IT0005218380,BNCZF.PK,Banco BPM SpA,20.357383,PNK,39,Финансы,18,Банки,0.0,13.44,,14.07,0.0,5.53,15.7,11.75,14.18,15.7,8.56,12.42,15.7,5.57,11.29,15.7,4.37,10.86,15.7,3.26,10.61,15.7,1.38,6.98,,"Banco BPM SpA — итальянская компания, работающая в финансовой сфере. Компания является многоканальным банком, предоставляющим ряд банковских продуктов и услуг. Спектр его услуг включает размещение акций, создание и управление специализированными инвестиционными фондами, корпоративные и индивидуальные текущие счета, услуги инвесторов, общие финансовые операции, продукты страхования жизни и иного, чем страхование жизни, а также услуги банкоматов (АТМ), услуги электронного кошелька и службу коротких сообщений (SMS). Портфель Банка включает продукты и услуги для частных лиц и бизнес-клиентов. Он особенно активен в продуктивных регионах, таких как Ломбардия, Венето и Пьемонт. Банк осуществляет свою деятельность через Banca Popolare di Milano, Banca Popolare di Verona, Banca Popolare di Novara, Banca Popolare di Lodi и Credito Bergamasco и других.",
1924,US,BKRIF,IE00BD1RP616,BKRIF.PK,Bank of Ireland Group PLC,16.661776,PNK,40,Финансы,19,Банки,0.0,17.6,,18.83,0.0,16.12,19.33,13.02,16.11,19.33,8.76,13.81,19.33,8.51,11.88,19.33,8.51,11.2,19.33,3.5,9.01,19.33,1.41,7.61,,"Bank of Ireland Group PLC — компания финансовых услуг, предоставляющая широкий спектр банковских и других финансовых услуг. Его сегменты включают розничную торговлю Ирландии, благосостояние и страхование, розничную торговлю Великобритании, корпоративную и коммерческую деятельность и групповой центр. Сегмент розничной торговли Ирландии обслуживает своих клиентов повседневными услугами, продуктами, предложениями и программой финансового благополучия. Сегмент благосостояния и страхования включает в себя бизнес по страхованию жизни, инвестиционные рынки и брокерские услуги по общему страхованию. Сегмент розничной торговли в Великобритании включает деятельность Bank of Ireland (UK) plc. Корпоративный и коммерческий сегмент предоставляет широкий спектр кредитных, банковских и казначейских услуг по управлению рисками национальным и международным корпоративным и бизнес-клиентам. Сегмент «Центр группы» включает функции централизованной поддержки и контроля группы. Это включает в себя надзор за стратегией работы с клиентами в масштабе всей группы, создание четких рамок управления и контроля с соответствующим надзором, а также предоставление управленческих услуг.",
1926,US,BNMDF,IT0004776628,BNMDF.PK,Banca Mediolanum SpA,14.780291,PNK,41,Финансы,20,Банки,0.0,22.05,,0.0,0.0,0.0,24.75,18.35,21.58,24.75,15.7,20.6,24.75,9.37,16.53,24.75,8.43,14.34,24.75,5.47,10.39,24.75,4.2,8.05,,"Banca Mediolanum SpA — итальянское банковское учреждение. Компания работает в шести сегментах: банковское дело в Италии, управление активами в Италии, страхование в Италии, другие отрасли в Италии, Испания и Германия. Сегмент банковского дела в Италии предоставляет широкий спектр индивидуальных решений, которые включают в себя различные виды текущих счетов, платежные инструменты (кредитные, дебетовые и предоплаченные карты), ипотечные кредиты и займы, среди прочего. Сегмент управления активами в Италии предлагает сбережения и инвестиции посредством деятельности по управлению фондами. Сегмент страхования Италии предоставляет полисы страхования жизни и иного, чем жизнь, а также пенсионные планы. Сегмент «Прочие компании Италия» включает в себя ряд финансовых статей, не относящихся напрямую к другим направлениям деятельности и относящихся к событиям и видам деятельности, которые охватывают несколько областей. Сегменты Испания и Германия предоставляют те же решения, что и итальянские сегменты.",
1927,US,BNCDY,US05970D1063,BNCDY.PK,Banca Mediolanum SpA,14.780291,PNK,42,Финансы,21,Банки,0.0,38.32,,42.2,0.0,36.99,45.98,33.91,40.36,45.98,28.85,40.1,45.98,19.14,36.82,45.98,16.74,35.46,45.98,11.64,27.38,45.98,8.74,17.72,,"Banca Mediolanum SpA — итальянское банковское учреждение. Компания работает в шести сегментах: банковское дело в Италии, управление активами в Италии, страхование в Италии, другие отрасли в Италии, Испания и Германия. Сегмент банковского дела в Италии предоставляет широкий спектр индивидуальных решений, которые включают в себя различные виды текущих счетов, платежные инструменты (кредитные, дебетовые и предоплаченные карты), ипотечные кредиты и займы, среди прочего. Сегмент управления активами в Италии предлагает сбережения и инвестиции посредством деятельности по управлению фондами. Сегмент страхования Италии предоставляет полисы страхования жизни и иного, чем жизнь, а также пенсионные планы. Сегмент «Прочие компании Италия» включает в себя ряд финансовых статей, не относящихся напрямую к другим направлениям деятельности и относящихся к событиям и видам деятельности, которые охватывают несколько областей. Сегменты Испания и Германия предоставляют те же решения, что и итальянские сегменты.",
1928,US,EGFEY,US29873D1046,EGFEY.PK,Eurobank SA,13.394163,PNK,43,Финансы,22,Банки,0.0,2.03,,0.0,0.0,0.0,4.89,1.65,1.96,4.89,1.0,1.66,4.89,0.8,1.35,4.89,0.51,1.16,4.89,0.29,0.88,4.89,0.15,0.62,,"Eurobank SA — коммерческий банк со штаб-квартирой в Греции. Деятельность компании включает розничные и бизнес-банковские услуги, инвестиционно-банковские услуги, управление благосостоянием и капиталом, управление денежными средствами и услуги на рынке капитала, финансовый лизинг, факторинг и форфейтинг, торговые услуги, услуги в сфере недвижимости. Компания работает в Греции, Кипре, Люксембурге, Сербии, Болгарии и Великобритании.",
1932,US,NBGIF,GRS003003035,NBGIF.PK,National Bank of Greece SA,13.368719,PNK,44,Финансы,23,Банки,0.0,14.49,,16.22,0.0,9.62,16.04,12.15,14.71,16.04,7.5,12.48,16.04,6.6,10.23,16.04,3.9,8.68,16.04,2.11,6.31,16.04,0.9,4.36,,"Национальный банк Греции SA — греческая компания, предоставляющая широкий спектр финансовых услуг. Его финансовые услуги включают розничные и коммерческие банковские услуги, управление активами, брокерские услуги, инвестиционно-банковские услуги, страхование и недвижимость на глобальном уровне. Группа осуществляет свою деятельность в Греции, Турции, Великобритании, Юго-Восточной Европе (ЮВЕ), включая Болгарию, Румынию, Албанию, Сербию и бывшую югославскую Республику Македонию (БЮРМ), Кипр, Мальту, Египет и Южную Африку. Банк работает в следующих бизнес-сегментах: розничный банкинг, корпоративный и инвестиционный банкинг, подразделение специальных активов (SAU), глобальные рынки и управление активами, страхование, международные банковские операции, турецкие банковские операции, а также другие, которые включают управление недвижимостью, гостиничный и складской бизнес.",
1933,US,BPCGY,US0594798086,BPCGY.PK,Banco Comercial Portugues SA,13.830782,PNK,45,Финансы,24,Банки,0.0,9.34,,9.34,0.0,1.04,11.65,8.4,9.79,11.65,5.08,8.38,11.65,2.61,7.7,11.65,2.61,7.61,11.65,2.61,7.61,11.65,1.7,6.96,,"Banco Comercial Portugues SA (Банк) — частный банк со штаб-квартирой в Португалии. Бизнес-сегменты Банка включают розничный банкинг; Компании, корпоративный и инвестиционный банкинг; Частное банковское дело; Непрофильный бизнес-портфель; Иностранный бизнес и другие. Сегменты розничного банковского обслуживания включают розничную сеть Millennium BCP и ActivoBank. Сегмент компаний, корпоративных и инвестиционно-банковских услуг включает сеть компаний Millennium BCP; Специализированный отдел восстановления; Отдел бизнеса в сфере недвижимости; Интерфундос; Корпоративные и крупные корпоративные сети Millennium BCP; Инвестиционно-банковское дело и международный отдел. Сегмент частного банковского обслуживания включает сети частного банковского обслуживания Millennium BCP (Португалия), Millennium Banque Privee (Швейцария) и Millennium BCP Bank & Trust (Каймановы острова). Сегмент иностранного бизнеса включает Banco Internacional de Mocambique; Banco Millennium Angola Millennium Banque Privee (Швейцария).",
1936,US,ISDAY,US4650744091,ISDAY.PK,Israel Discount Bank Ltd,11.884654,PNK,46,Финансы,25,Банки,0.0,125.75,,0.0,0.0,0.0,112.32,87.0,102.24,112.32,62.0,91.87,112.32,45.0,75.8,112.32,41.25,65.28,112.32,36.45,58.03,112.32,16.0,37.46,,"Israel Discount Bank Ltd — израильская компания, занимающаяся банковской деятельностью. Он предоставляет полный спектр корпоративных и розничных финансовых продуктов и услуг своим клиентам как в Израиле, так и в других финансовых центрах по всему миру. На внутреннем рынке Группа состоит из коммерческих банков и компаний финансовых услуг, занимающихся кредитными картами, инвестиционно-банковскими операциями, управлением портфелями, доверительными услугами и лизингом. . Israel Discount Bank Ltd. имеет четыре дочерние компании: Discount Bancorp, Inc., Mercantile Discount Bank Ltd., Israel Credit Cards Ltd., Discount Capital Ltd..",
1938,US,TKGBY,US9001487019,TKGBY.PK,Turkiye Garanti Bankasi AS,11.864247,PNK,47,Финансы,26,Банки,0.0,2.9,,3.35,0.0,2.51,3.75,2.7,3.33,3.92,2.5,3.26,4.05,1.73,3.09,4.05,1.01,2.56,4.05,0.69,1.94,4.05,0.69,1.96,,"Turkiye Garanti Bankasi AS — банковское учреждение со штаб-квартирой в Турции. Он работает в следующих бизнес-сегментах: розничный банкинг, корпоративный/коммерческий банкинг и инвестиционный банкинг. Банковские продукты, предоставляемые клиентам, включают: депозитарные услуги, срочные депозиты и депозиты до востребования, накопительные депозитные счета, репо, овердрафт, спотовые кредиты, индексированные в иностранной валюте кредиты, потребительские кредиты, автомобильные и жилищные кредиты, кредиты на оборотный капитал, дисконтированные векселя, золотые кредиты, кредиты в иностранной валюте, кредиты Эксимбанка, предэкспортные кредиты, финансирование под покрытие Экспортно-кредитного агентства (ECA), аккредитивы, аккредитивы, экспортный факторинг, акцепт-кредиты, проектные средства, конфискация, лизинг, страхование, форвардные кредиты, фьючерсы, выплаты заработной платы, инвестиционный счет (ELMA), чеки, сейфы, оплата счетов, сбор налогов и платежные поручения. Банк предоставляет пакеты услуг своим корпоративным, коммерческим и розничным клиентам, включая депозиты, кредиты, лизинг и факторинг, среди прочего.",
1942,US,MIUFY,US60682L1026,MIUFY.PK,Mitsubishi HC Capital Inc,12.87014,PNK,48,Финансы,22,Корпоративные финансовые услуги,0.0,17.93,,17.93,0.0,2.56,17.45,13.8,15.49,17.45,11.25,14.53,17.45,11.25,14.21,17.45,10.28,14.16,17.45,8.48,13.6,17.45,8.28,12.59,,"Mitsubishi HC Capital Inc, ранее называвшаяся Mitsubishi UFJ Lease & Finance Co Ltd, — японская компания, занимающаяся преимущественно финансовым бизнесом. Компания работает в двух бизнес-сегментах. Сегмент клиентского финансирования занимается финансовой арендой и продажей в рассрочку машин, оборудования и приспособлений, а также предоставлением услуг денежного кредитования и других сопутствующих финансовых услуг. Сегмент «Финансирование активов» занимается операционной арендой машин и транспортного оборудования, инвестиционным и кредитным бизнесом, связанным с недвижимостью, управлением ценными бумагами, финансовым бизнесом, связанным с самолетами и судами, а также сдачей в аренду офисных зданий.",
1943,US,AGRPY,US00400T1025,AGRPY.PK,Absa Group Ltd,12.343268,PNK,49,Финансы,27,Банки,0.0,27.37,,32.48,0.0,23.26,29.38,19.23,22.6,29.38,16.06,20.8,29.38,14.36,19.15,29.38,14.36,19.15,29.38,14.36,19.28,36.0,7.2,20.02,,"Absa Group Limited — южноафриканская компания, предоставляющая финансовые услуги. Компания предлагает продукты и услуги в сфере розничной торговли, бизнеса, корпоративного бизнеса, инвестиций и банковского дела, а также управления инвестициями и страхования. Его сегменты включают банковские услуги для частных лиц и частных лиц, бизнес-банковские услуги, региональные операции Absa - розничные и бизнес-банковские услуги (ARO RBB) и корпоративные и инвестиционные банковские услуги (CIB). Personal and Private Banking предлагает ряд продуктов и услуг розничному потребительскому сегменту. Его бизнес-банковские услуги включают общие бизнес-решения, платежи, кредитные продукты, исламский банкинг. ARO RBB включает в себя банковские операции через свои подразделения розничного и бизнес-банкинга, посредством которых клиентам через десять банковских учреждений на девяти африканских рынках предлагается комплексный набор продуктов и услуг для частных лиц, малых и средних предприятий и коммерческих клиентов.",
1944,US,CMA,US2003401070,CMA.N,Comerica Inc,11.348052,NYS,50,Финансы,28,Банки,0.0,88.67,,0.0,0.0,0.0,90.44,59.44,73.91,90.44,48.22,66.88,90.44,48.22,66.88,90.44,48.22,66.88,90.44,48.22,66.88,90.44,48.22,66.88,,"Comerica Incorporated — компания, предоставляющая финансовые услуги. Сегменты компании включают коммерческий банк, розничный банк, управление активами, финансы и другие. Сегмент коммерческих банков удовлетворяет потребности малого и среднего бизнеса, транснациональных корпораций и государственных учреждений, предлагая различные продукты и услуги, включая коммерческие кредиты и кредитные линии, депозиты, управление денежными средствами и другие. Сегмент Розничного Банка включает в себя полный спектр персональных финансовых услуг, включая потребительское кредитование, привлечение потребительских вкладов и выдачу ипотечных кредитов. Он предлагает различные потребительские продукты, включая депозитные счета, кредиты в рассрочку, кредитные карты и другие. Сегмент управления активами предоставляет продукты и услуги богатым, состоятельным и сверхбогатым частным лицам и семьям, владельцам и руководителям бизнеса, а также институциональным клиентам. Финансовый сегмент включает портфель ценных бумаг и деятельность по управлению активами и пассивами.",
1946,US,BPIRY,US7242495031,BPIRY.PK,Piraeus Bank SA,9.430087,PNK,51,Финансы,29,Банки,0.0,8.0,,0.0,0.0,0.0,10.65,6.84,8.09,10.65,3.95,6.8,10.65,3.29,5.42,10.65,1.4,4.57,24.74,0.66,4.39,111.18,0.66,26.97,,"Piraeus Bank SA — коммерческий банк со штаб-квартирой в Греции. Банк предлагает банковские услуги частным и корпоративным клиентам. Его услуги включают расчетно-кассовое обслуживание, кредиты, депозиты, пенсии, страхование, лизинг, брокерские услуги и управление активами, сейфовые ячейки, чеки и карты American Express, а также дебетовые и кредитные карты, интернет-банкинг и другие услуги в национальной и иностранной валютах.",
1947,US,BPHLY,US0644281059,BPHLY.PK,Bank of the Philippine Islands,8.389333,PNK,52,Финансы,30,Банки,0.0,34.05,,39.38,30.0,34.94,48.7,32.9,38.69,52.02,32.9,41.84,52.02,32.9,42.23,52.02,31.58,40.82,52.02,27.15,37.39,52.02,18.11,34.95,,"Bank of the Philippine Islands — внутренний коммерческий банк, базирующийся на Филиппинах. Сегменты компании включают потребительский банкинг, корпоративный банкинг и инвестиционно-банковские/финансовые рынки. Его потребительский банкинг обслуживает индивидуальные и розничные рынки. Его услуги охватывают прием и обслуживание депозитов, потребительское кредитование, такое как ипотека на жилье, автокредиты и финансирование по кредитным картам, а также бизнес по денежным переводам. Его корпоративное банковское обслуживание обслуживает как корпорации высокого класса, так и клиентов среднего бизнеса. Его услуги включают прием и обслуживание депозитов, кредитные услуги, торговлю, управление денежными средствами и интернет-банковские платформы для корпоративных и институциональных клиентов. Его инвестиционно-банковская деятельность включает в себя различные бизнес-группы, работающие на инвестиционных рынках и занимающиеся деятельностью, отличной от кредитования и привлечения депозитов. Эти услуги охватывают корпоративные финансы, распределение ценных бумаг, управление активами, трастовые и фидуциарные услуги, а также собственную торговую и инвестиционную деятельность.",
1951,US,PTBRY,US74441M1036,PTBRY.PK,Bank Negara Indonesia (Persero) Tbk PT,8.381999,PNK,53,Финансы,31,Банки,0.0,10.92,,13.48,0.0,11.1,15.49,10.92,12.95,16.55,10.59,13.16,22.63,10.59,14.92,22.63,10.59,15.11,22.63,8.25,15.03,22.63,5.7,14.75,,"PT Bank Negara Indonesia (Persero) Tbk предоставляет общие банковские услуги. Его сегменты включают оптовую и международную банковскую деятельность, институциональную банковскую деятельность, корпоративную и коммерческую банковскую деятельность, розничную банковскую деятельность и казначейство. Сегмент оптовых и международных банковских услуг включает кредиты, депозиты клиентов и другие операции, принадлежащие корпоративным клиентам, как BUMN, так и частным предприятиям. Сегмент институционального банкинга включает кредиты, депозиты клиентов и другие операции, принадлежащие клиентам министерств, государственных учреждений, фондов и университетов. Сегмент корпоративных и коммерческих банковских услуг включает кредиты, депозиты клиентов и другие операции, принадлежащие клиентам среднего/коммерческого сектора. Сегмент розничных банковских услуг включает кредиты, депозиты клиентов и другие операции, принадлежащие клиентам-физическим лицам, включая кредитные программы и кредиты потребительского финансирования. Сегмент казначейства включает валютные операции, денежный рынок, рынки с фиксированным доходом и рынки капитала.",
1959,US,CHBAY,US1670711092,CHBAY.PK,Chiba Bank Ltd,9.697037,PNK,54,Финансы,32,Банки,0.0,64.0,,70.75,0.0,37.28,56.18,47.0,51.55,56.18,33.94,45.52,56.18,33.94,44.15,56.18,33.94,43.07,56.18,25.95,39.26,56.18,18.4,32.75,,"Chiba Bank Ltd — японский банк, занимающийся преимущественно банковским бизнесом и финансовыми услугами. Банк занимается банковским бизнесом, бизнесом по обслуживанию и управлению магазинами, бухгалтерским бизнесом, бизнесом по трудоустройству, бизнесом по управлению дебиторской задолженностью и сбором платежей, бизнесом с ценными бумагами, бизнесом по кредитным гарантиям, коллекторским бизнесом, бизнесом с кредитными картами, лизинговым бизнесом, бизнесом по разработке программного обеспечения и обработки информации, бизнесом венчурного капитала, бизнесом по управлению инвестициями и консультированием, исследовательским и консалтинговым бизнесом, бизнесом в области финансовых технологий, а также планированием и развитием финансовых услуг.",
1961,US,AKBTY,US0097195012,AKBTY.PK,Akbank TAS,7.67811,PNK,55,Финансы,33,Банки,0.0,2.97,,3.85,2.97,3.36,3.65,2.51,3.09,4.25,2.45,3.14,4.46,2.35,3.24,4.46,1.4,2.82,4.46,0.83,2.24,5.41,0.83,2.78,,"Акбанк ТАС — коммерческий банк со штаб-квартирой в Турции. Он работает в следующих сегментах: потребительский банкинг; Коммерческий банкинг, банкинг малого и среднего бизнеса (МСП), корпоративно-инвестиционный и частный банкинг, а также казначейство. Потребительский банкинг предлагает розничные услуги, такие как депозитные счета, потребительские кредиты и услуги по управлению активами, среди прочего. Корпоративное банковское обслуживание, коммерческое банковское обслуживание и банковское обслуживание малого и среднего бизнеса предоставляют решения и услуги крупным, средним и малым корпоративным и коммерческим клиентам, такие как срочный кредит (TL) и кредиты на оборотный капитал, выраженные в иностранной валюте (FC), финансирование инвестиций, финансирование внешней торговли и услуги по управлению денежными средствами, среди прочего. Кредиты на проектное финансирование предоставляются в рамках инвестиционно-банковской деятельности. В рамках Private Banking Банк обслуживает клиентов с высокими доходами. Казначейский сегмент проводит спотовые и форвардные операции TL и FC, казначейские облигации и операции с облигациями частного сектора, среди прочего.",
1965,US,ZIONP,US98973A1043,ZIONP.O,Zions Bancorporation NA,8.175568,NMQ,56,Финансы,34,Банки,0.0,19.2,,19.64,18.9,19.26,24.35,19.73,22.01,24.5,19.73,22.64,24.51,19.01,22.07,24.51,13.61,21.13,30.0,13.61,21.8,30.0,13.61,22.68,,"Национальная ассоциация Zions Bancorporation (Банк) является поставщиком финансовых услуг. Он предоставляет широкий спектр банковских продуктов и сопутствующих услуг, прежде всего в штатах Аризона, Калифорния, Колорадо, Айдахо, Невада, Нью-Мексико, Орегон, Техас, Юта, Вашингтон и Вайоминг. Он осуществляет свои операции в основном через семь управляемых и географически определенных банковских подразделений, каждое из которых имеет свой собственный местный бренд и управление. Его продукты и услуги включают банковское обслуживание коммерческого и малого бизнеса, рынки капитала и инвестиционно-банковскую деятельность, кредитование коммерческой недвижимости, розничное банковское обслуживание и управление активами. Ее коммерческие банковские продукты и услуги для малого бизнеса включают кредитование и лизинг коммерческих и промышленных предприятий, а также частных лиц, муниципальные и государственные финансовые услуги, корпоративные трастовые услуги и другие. Его рынки капитала и инвестиционно-банковская деятельность включают синдицирование кредитов, андеррайтинг ценных бумаг с фиксированным доходом, консультирование и привлечение капитала, а также энергетическое и проектное финансирование.",
1968,US,BPOPO,PR7331743042,BPOPO.PK,Popular Inc,8.491431,PNK,57,Финансы,35,Банки,0.0,25.21,,25.5,0.0,17.4,25.49,24.25,24.98,25.75,24.15,24.84,25.75,23.4,24.6,25.75,17.0,24.34,34.0,17.0,24.84,34.0,10.0,23.71,,"Popular, Inc. (Popular) — финансовая холдинговая компания. Компания работает в двух сегментах: Banco Popular de Puerto Rico (BPPR), который включает в себя бизнес в Пуэрто-Рико, и Banco Popular North America (BPNA), который включает в себя бизнес на материковой части США. Компания осуществляет свою деятельность в Пуэрто-Рико, США и странах Карибского бассейна. Сегмент BPPR компании предоставляет розничные, ипотечные и коммерческие банковские услуги через свою дочернюю банковскую компанию Banco Popular de Puerto Rico, а также лизинг и финансирование автомобилей и оборудования, инвестиционно-банковские, брокерско-дилерские и страховые услуги через специализированные дочерние компании. Сегмент BPNA компании состоит из компании Popular North America, Inc. (PNA), выполняющей функции холдинговой компании для операций в США. Он также управляет дочерней компанией PNA, E-LOAN, Inc. Банковские операции BPNA на материковой части Соединенных Штатов базируются в Нью-Йорке, Флориде и Нью-Джерси и проводятся под названием Popular Community Bank.",
1984,US,FKKFY,US35959W1062,FKKFY.PK,Fukuoka Financial Group Inc,7.144286,PNK,58,Финансы,36,Банки,0.0,18.8,,21.8,0.0,18.51,16.58,12.22,14.72,16.58,10.0,13.72,16.58,10.0,13.4,16.58,9.2,12.71,16.58,8.09,11.64,16.58,7.28,11.61,,"Fukuoka Financial Group Inc — японская компания, занимающаяся преимущественно банковским бизнесом. Банковский бизнес занимается предоставлением банковских услуг, таких как депозиты, кредиты, внутренняя и иностранная валюта. Остальные предприятия занимаются бизнесом с ценными бумагами, гарантийным бизнесом, бизнесом по поддержке оживления бизнеса, бизнесом по управлению кредитами и сбором платежей, а также лизинговым бизнесом.",
1999,US,SLMBP,US78442P5026,SLMBP.O,SLM Corp,4.089911,NSQ,59,Финансы,1,Потребительское кредитование,0.0,74.4,,75.51,72.5,74.87,83.05,70.58,75.32,83.15,65.5,75.05,83.15,65.5,74.83,83.15,53.2,70.38,83.15,49.82,65.82,83.15,18.91,61.36,,"SLM Corporation — холдинговая компания, действующая через различные дочерние компании и являющаяся финансовым брендом высшего образования. Основной деятельностью компании является выдача и обслуживание кредитов, которые она выдает студентам и их семьям для финансирования расходов на их образование. Он также предлагает ряд депозитных продуктов, застрахованных Федеральной корпорацией страхования депозитов. Основным продуктом кредита на частное образование является студенческий кредит Smart Option, в котором особое внимание уделяется внутришкольным платежным функциям, которые могут обеспечить более короткие сроки и снизить общие финансовые расходы клиентов. Студенческий кредит Smart Option обычно действует в течение шести месяцев после того, как заемщик уходит из школы, но может действовать до 36 месяцев для небольшой группы кредитов для выпускников. Он также предлагает шесть кредитных продуктов для конкретных программ обучения последипломного образования. К ним относятся ссуда Салли Мэй на юридическую школу, ссуда Салли Мэй MBA, ссуда Салли Мэй для медицинских профессий, ссуда Салли Мэй на медицинскую школу и другие.",
2001,US,MTPOY,US5917731060,MTPOY.PK,Metropolitan Bank & Trust Co,4.70844,PNK,60,Финансы,37,Банки,0.0,22.55,,25.73,0.0,14.84,23.9,21.46,22.51,28.27,21.46,24.25,28.27,21.46,24.24,28.27,16.52,23.9,28.27,16.31,22.74,29.09,13.48,21.98,,"Metropolitan Bank & Trust Company (Банк) — универсальный банк, базирующийся на Филиппинах. Банк и его дочерние компании занимаются всеми аспектами банковского дела, финансирования, лизинга и биржевых брокерских операций. Его сегмент потребительского банкинга предлагает потребительские кредиты и поддержку для эффективного поиска и развития потребительского бизнеса. Сегмент корпоративного банковского обслуживания обслуживает кредиты и другие кредитные линии, а также депозитные и текущие счета для корпоративных и институциональных клиентов. Его инвестиционно-банковский сегмент организует структурированное финансирование и предоставляет услуги, связанные с приватизацией, первичными публичными предложениями, слияниями и поглощениями. Его казначейский сегмент предоставляет денежный рынок, торговые и казначейские услуги. Его сегмент филиальных банковских операций обслуживает филиальные депозиты и кредиты, а также другие кредитные операции для клиентов среднего рынка внутри страны. Его сегмент «Другие» занимается другими услугами, включая денежные переводы, лизинг, финансирование счетов и другие вспомогательные услуги.",
2009,US,BKEAY,US0618741039,BKEAY.PK,Bank of East Asia Ltd,4.461918,PNK,61,Финансы,38,Банки,0.0,1.84,,1.84,0.0,0.26,1.98,1.34,1.64,1.98,1.13,1.48,1.98,1.06,1.34,1.98,1.06,1.32,2.35,0.9,1.4,4.36,0.9,2.23,,"Bank of East Asia Ltd в основном занимается банковским бизнесом. Компания осуществляет свою деятельность в девяти сегментах. Персональное банковское обслуживание охватывает операции филиалов, интернет-банкинг, потребительские и имущественные кредиты MPF и кредитные карты. Операции в материковом Китае охватывают дочерние компании и партнеры в материковом Китае и поддержку Гонконга. Оптовое банковское обслуживание охватывает корпоративное кредитование, синдицированные кредиты, финансирование активов, коммерческое кредитование, финансирование ценных бумаг и торговые услуги. Зарубежные операции в Макао и Тайване охватывают зарубежные филиалы, дочерние компании и партнеры, а также поддержку в Гонконге. Казначейские рынки охватывают казначейские операции и торговлю ценными бумагами. Wealth Management занимается консультированием и брокерскими услугами по инвестиционным продуктам частного банковского дела. Корпоративное управление покрывает нормативные капитальные затраты и процентные доходы от деятельности, финансируемой за счет капитала. Межсегментное устранение охватывает исключение межсегментных транзакций. Другие охватывают трастовые услуги и поддержку бэк-офиса в Гонконге.",
2029,US,MAURY,US5738143081,MAURY.PK,Marui Group Co Ltd,3.496548,PNK,62,Финансы,2,Потребительское кредитование,0.0,35.4,,39.95,34.17,36.97,45.73,37.0,40.38,45.73,29.21,39.46,45.73,27.49,35.46,45.73,27.49,34.35,45.73,27.49,35.67,50.84,24.57,35.91,,"Marui Group Co Ltd — японская компания, занимающаяся преимущественно розничной торговлей и финтех-бизнесом. Компания работает в двух бизнес-сегментах. Сегмент розничной торговли занимается покупкой и продажей одежды, декоративных предметов, товаров для дома, сдачей в аренду и эксплуатацией коммерческих помещений, внутренней отделкой магазинов, рекламой, субподрядом логистики модной продукции, обслуживанием и управлением зданий. Сегмент Fintech специализируется на бизнесе с кредитными картами, а также на предоставлении потребительских кредитов, гарантиях аренды, услугах информационных систем, аренде недвижимости, продажах инвестиционных трастов и краткосрочном страховании на небольшие суммы.",
2045,US,BKQNY,US0645251085,BKQNY.PK,Bank of Queensland Ltd,3.031727,PNK,63,Финансы,39,Банки,0.0,9.48,,10.17,0.0,3.59,10.42,8.22,9.19,10.45,7.11,8.86,10.45,7.11,8.6,10.45,6.72,8.35,14.19,6.72,9.44,21.05,5.43,13.81,,"Bank of Queensland Limited — региональный банк со штаб-квартирой в Австралии. Основная деятельность компании включает предоставление финансовых услуг населению. Сегменты компании включают розничный банкинг и бизнес BOQ. Сегмент розничного банка предоставляет клиентам розничные банковские решения через сеть филиалов, каналы распределения ME Bank и Virgin Money, цифровые платформы и сторонних посредников. BOQ Business предоставляет банковские решения для бизнеса, включая коммерческое кредитование, финансирование и лизинг оборудования, финансирование денежных потоков, хеджирование иностранной валюты и международные переводы, хеджирование процентных ставок, банковские транзакции, жилищное кредитование и депозитные решения для бизнес-клиентов. Его банковские и сберегательные счета включают повседневный счет, простой сберегательный счет, будущий сберегательный счет, срочные депозиты и смарт-сберегательный счет. Он предлагает страхование дома и имущества, страхование арендодателя и страхование автомобиля.",
2051,US,ZNKKY,US9894151045,ZNKKY.PK,Zenkoku Hosho Co Ltd,2.673073,PNK,64,Финансы,3,Потребительское кредитование,0.0,10.18,,10.18,0.0,3.3,12.34,8.22,10.48,12.34,5.29,9.65,12.34,5.29,9.32,12.34,5.29,9.08,13.24,5.29,9.61,13.24,5.29,9.59,,"ZENKOKU HOSHO Co., Ltd. в основном занимается деятельностью по кредитным гарантиям. Гарантийная продукция Компании состоит из трех категорий. Гарантии по жилищному кредиту являются его основными продуктами, которые могут удовлетворить разнообразные потребности клиентов, такие как фонды приобретения жилья и фонды рефинансирования, а также фонды ремонта и другие. Он получает гарантийные сборы от лиц, запросивших гарантию, путем классификации по оценке залога и другим требованиям, таким как годовой доход и стаж работы. Гарантийные продукты по образовательным кредитам гарантируют заимствование средств на образование, которые касаются срочных кредитов, овердрафтов и других форматов. Что касается использования средств, речь идет об оплате обучения, стоимости экзаменов и т. д. Гарантийные продукты по квартирному кредиту гарантируют заимствование затрат на строительство арендного жилья.",
2054,US,PRK,US7006581075,PRK.N,Park National Corp,2.885564,NYS,65,Финансы,40,Банки,0.0,160.07,,168.66,0.0,151.31,176.35,149.48,162.44,176.35,140.49,160.95,204.72,123.09,155.25,204.72,91.72,140.72,204.72,91.72,134.98,204.72,63.6,119.85,,"Park National Corporation — финансовая холдинговая компания. Банковские операции Компании осуществляются через ее дочернюю компанию Park National Bank, национальную банковскую ассоциацию. Park National Bank занимается коммерческим банкингом, потребительским банкингом и управлением активами, включая трастовые и инвестиционные услуги. Географически Park National Bank ориентирован на малые и средние населенные пункты в Огайо, Северной Каролине, Южной Каролине, а также в мегаполисах Колумбуса, Цинциннати, Шарлотты и Луисвилля. Park National Bank предоставляет финансовые продукты и услуги через свои офисы финансовых услуг и сеть банкоматов, а также телефонные и интернет-банковские услуги с помощью компьютера или мобильного устройства, в том числе с помощью ParkDirect, мобильного банковского приложения, разработанного Park National Bank для клиентов Park. Среди других ее дочерних компаний - Scope Leasing, Inc., SE Property Holdings, LLC и Guardian Finance Service Company и другие.",
2061,US,AOZOY,US0374001081,AOZOY.PK,Aozora Bank Ltd,2.214866,PNK,66,Финансы,41,Банки,0.0,4.31,,4.31,0.0,1.18,4.05,3.65,3.83,4.05,3.3,3.76,5.55,3.3,4.11,5.55,3.3,4.31,6.34,3.3,4.72,10.97,3.3,6.55,,"Aozora Bank Ltd — японская компания, занимающаяся преимущественно банковским бизнесом. Компания также занимается бизнесом, связанным с финансовыми услугами, например, торговлей финансовыми продуктами и другими, а также управлением долгом и коллекторским бизнесом. Компания осуществляет свою деятельность в пяти бизнес-сегментах. Сегмент институциональной банковской группы включает кредиты, депозиты, продажу финансовых продуктов, прямые инвестиции и другие виды деятельности. Сегмент Группы структурированного финансирования включает финансирование приобретений, финансирование экологических проектов, финансирование реабилитации и финансирование недвижимости. Сегмент международной бизнес-группы включает зарубежные инвестиции и финансирование. Сегмент Market Group включает продажу и торговлю деривативами и валютными продуктами, а также другие виды деятельности. Сегмент группы по работе с клиентами включает продажу кредитов, депозитов и финансовых продуктов корпоративным клиентам, а также продажу депозитов, паевых инвестиционных фондов и страхования розничным клиентам.",
2066,US,FRMEP,US3208172086,FRMEP.O,First Merchants Corp,2.418433,NSQ,67,Финансы,42,Банки,0.0,26.15,,26.15,0.0,22.98,26.27,25.0,25.66,26.27,24.15,25.53,26.43,23.38,25.43,26.86,21.64,25.02,29.54,21.64,25.6,29.54,21.64,25.61,,"First Merchants Corporation — финансовая холдинговая компания. Общество имеет один уставный банк полного цикла – «Первый купеческий банк» (далее «Банк»). Банк также действует как консультант по вопросам частного благосостояния First Merchants (как подразделение First Merchants Bank). Through the Bank, the Company offers a broad range of commercial and consumer banking services to meet the diverse needs of its customers. Его команда коммерческих банков предлагает полный спектр долгового капитала, услуг по управлению казначейством и депозитных продуктов. Группа потребительского банкинга предлагает разнообразные потребительские депозитные и кредитные продукты. Команда ипотечного банкинга предлагает решения по потребительской ипотеке, помогающие при покупке, рефинансировании, строительстве или ремонте жилой недвижимости. Private Wealth Advisors предлагает услуги по управлению личным капиталом, обладая опытом в области управления инвестициями, частного банковского обслуживания, доверительного управления имуществом и финансового планирования. Банк включает около 110 банковских отделений в Индиане, Огайо и Мичигане.",
2073,US,EFSCP,US2937123030,EFSCP.O,Enterprise Financial Services Corp,1.984383,NSQ,68,Финансы,43,Банки,0.0,19.26,,20.74,19.25,19.97,20.95,18.55,20.15,20.95,17.2,19.61,22.22,16.23,19.47,22.22,13.68,18.38,26.0,13.68,19.14,26.0,13.68,19.14,,"Enterprise Financial Services Corp — финансовая холдинговая компания Enterprise Bank & Trust («Банк»), которая представляет собой финансовое учреждение с полным спектром услуг, предлагающее банковские услуги и услуги по управлению активами частным и корпоративным клиентам, расположенным в основном в Аризоне, Калифорнии, Флориде, Канзасе, Миссури, Неваде и Нью-Мексико. Банк предлагает широкий спектр деловых и личных банковских услуг, а также услуг по управлению активами. Его кредитные услуги включают коммерческую и промышленную недвижимость, коммерческую недвижимость, строительство и развитие недвижимости, жилую недвижимость, специализацию, управление малым бизнесом, потребительские и другие кредитные продукты. Кредитные услуги Компании включают в себя различные депозитные продукты, включая управление недвижимостью и общественные ассоциации, а также полный набор услуг по управлению казначейством и международной торговле.",
2077,US,ILPMY,US7142031068,ILPMY.PK,Permanent TSB Group Holdings PLC,1.812556,PNK,69,Финансы,44,Банки,0.0,3.88,,3.88,0.0,0.55,4.18,2.44,2.86,4.18,1.6,2.38,4.18,1.37,2.12,4.18,1.37,2.17,4.18,0.85,1.91,4.47,0.49,1.74,,"Permanent TSB Group Holdings plc — ирландский банк с полным спектром услуг для розничной торговли и малого и среднего бизнеса (МСП). Дочерней компанией Компании является Permanent TSB plc, Компания занимается розничным банковским обслуживанием под брендом Permanent TSB. Компания предоставляет основные транзакционные банковские, кредитные, сберегательные и депозитные услуги. Компания предлагает свои услуги через многоканальную модель обслуживания и распространения, такую ​​​​как сеть филиалов, брокеров, прямой, цифровой и малый и средний бизнес. Компания работает в Ирландской Республике через сеть из примерно 78 филиалов. Компания сосредоточена на диверсификации своих ключевых продуктов, таких как продукты кредитования и финансирования активов на рынке бизнес-банкинга, а также потребительские срочные кредиты, депозиты и текущие счета, страхование, пенсии и инвестиции на рынке банковских услуг для физических лиц.",
2080,US,AGM.A,US3131481083,AGMa.N,Federal Agricultural Mortgage Corp,1.527996,NYS,70,Финансы,23,Корпоративные финансовые услуги,0.0,118.68,,135.0,0.0,90.65,150.0,118.38,131.39,160.36,118.38,136.41,167.5,118.38,141.43,167.5,90.0,136.95,167.5,63.3,124.15,167.5,26.25,92.26,,"Федеральная сельскохозяйственная ипотечная корпорация — это зарегистрированная на федеральном уровне корпорация, принадлежащая акционерам, которая сочетает в себе частный капитал и государственное спонсорство для служения общественным целям. Вторичный рынок компании обеспечивает ликвидность ее сельскохозяйственного и инфраструктурного бизнеса, поддерживая сельскую Америку. Сегменты компании включают Farm & Ranch, корпоративное сельское хозяйство, энергетику и коммунальные услуги, широкополосную инфраструктуру, возобновляемые источники энергии, финансирование и инвестиции. Сегмент Farm & Ranch включает портфель ценных бумаг Министерства сельского хозяйства США, кредиты Farm & Ranch и ценные бумаги AgVantage. Сегмент корпоративного AgFinance включает кредиты и ценные бумаги AgVantage для более крупных и сложных сельскохозяйственных операций, агробизнеса, ориентированного на переработку продуктов питания и волокна, а также других производств в цепочке поставок. Сегмент «Энергетика и коммунальные услуги» включает кредиты сельским кооперативам по производству и передаче электроэнергии и распределительным кооперативам, а также ценные бумаги AgVantage, обеспеченные этими типами кредитов.",
2102,US,DSFGY,US23376M1099,DSFGY.PK,Dah Sing Financial Holdings Ltd,1.631984,PNK,71,Финансы,45,Банки,0.0,14.35,,14.39,0.0,2.05,14.89,11.0,13.3,14.89,9.15,11.58,14.89,5.7,8.36,14.89,5.55,7.52,14.89,5.55,8.34,21.2,5.55,10.56,,"Dah Sing Financial Holdings Limited — инвестиционная холдинговая компания, занимающаяся преимущественно банковским бизнесом. Наряду с дочерними компаниями Компания осуществляет свою деятельность через шесть сегментов: сегмент персональных банковских услуг, сегмент коммерческих банковских услуг, сегмент зарубежных банковских операций, казначейский сегмент, сегмент страхового бизнеса и сегмент «Прочие». Сегмент персонального банковского обслуживания занимается приемом депозитов от индивидуальных клиентов и предоставлением жилищного ипотечного кредитования, потребительских кредитов, овердрафта, финансирования транспортных средств и услуг по кредитным картам, а также предоставления страховых продаж и инвестиционных услуг. Сегмент коммерческого банкинга занимается приемом депозитов и выдачей кредитов и финансированием оборотного капитала, а также предоставлением торгового финансирования.",
2109,US,DCOMP,US25432X2018,DCOMP.O,Dime Community Bancshares Inc,1.452407,NSQ,72,Финансы,46,Банки,0.0,18.55,,19.44,18.13,18.92,20.75,17.77,19.15,20.75,17.05,19.09,21.44,14.86,18.7,22.4,13.2,18.1,26.5,13.2,20.28,26.5,13.2,20.28,,"Dime Community Bancshares, Inc. — банковская холдинговая компания. Компания занимается предоставлением коммерческих банковских и финансовых услуг через свою дочернюю компанию Dime Community Bank (Банк). Банк занимается предоставлением полного спектра коммерческих и потребительских банковских услуг, включая прием срочных, сберегательных и депозитных вкладов до востребования от предприятий, потребителей и местных муниципалитетов. Он также предлагает программы регистрации депозитных счетов (CDARS) и программы Insured Cash Sweep (ICS). Кроме того, он предлагает обработку торговых кредитных и дебетовых карт, банкоматы, услуги по управлению денежными средствами, обработку сейфов, услуги онлайн-банкинга, удаленный ввод депозитов, сейфовые ячейки и индивидуальные пенсионные счета, а также инвестиционные услуги через Dime Financial Services LLC. Через свою дочернюю компанию по страхованию титула Банк выступает в качестве брокера по услугам по страхованию титула.",
2118,US,NAVI,US63938C1080,NAVI.O,Navient Corp,0.770226,NSQ,73,Финансы,4,Потребительское кредитование,1.11,8.1,,8.68,7.86,8.24,16.07,11.25,13.01,16.07,10.53,13.13,18.74,10.53,14.39,19.69,10.53,15.37,23.8,9.87,16.04,23.8,4.07,14.29,,"Корпорация Navient предоставляет технологические решения по финансированию образования. Бизнес компании включает федеральные образовательные кредиты и потребительское кредитование. Бизнес компании по предоставлению федеральных образовательных кредитов включает в себя владение и управление кредитами Федеральной программы семейных образовательных кредитов (FFELP) и является основным обслуживающим персоналом в этом портфеле. Его бизнес по потребительскому кредитованию включает в себя владение и управление частными образовательными кредитами, а также является основным поставщиком услуг для этих портфелей. Компания через свой бренд Earnest также рефинансирует и выдает кредиты на частное образование в школах. Компания помогает студентам и семьям в планировании и оплате поездки в колледж. Его цифровые инструменты позволяют людям находить стипендии и сравнивать предложения финансовой помощи.",
2120,US,TMP,US8901101092,TMP.N,Tompkins Financial Corp,1.109611,NYS,74,Финансы,47,Банки,0.0,77.04,,78.69,0.0,68.35,77.02,62.07,67.84,77.02,55.05,65.84,78.14,43.38,60.74,79.22,43.38,60.09,88.87,43.38,66.7,93.01,43.38,69.77,,"Tompkins Financial Corporation — компания, предоставляющая банковские и финансовые услуги, обслуживающая Центральный, Западный регионы и регионы долины Гудзона в Нью-Йорке, а также юго-восточный регион Пенсильвании. Сегменты компании включают банковское дело и управление активами. Услуги банковского сегмента заключаются в основном в привлечении депозитов из регионов, обслуживаемых дочерней банковской компанией Компании, и использовании этих депозитов для выдачи различных коммерческих кредитов, сельскохозяйственных кредитов, потребительских кредитов, кредитов на недвижимость и аренды в тех же самых областях. Его банковские услуги также включают полный набор продуктов, таких как дебетовые карты, кредитные карты, дистанционный депозит, электронный банкинг, мобильный банкинг, управление денежными средствами и услуги сейфов. Сегмент управления активами организован под брендом Tompkins Financial Advisors. Tompkins Financial Advisors предлагает клиентам широкий спектр финансовых услуг, включая трастовые и имущественные услуги, управление инвестициями, услуги финансового и налогового планирования.",
2125,US,LDI,US53946R1068,LDI.N,loanDepot Inc,0.452289,NYS,75,Финансы,5,Потребительское кредитование,1.16,1.35,,1.96,1.31,1.62,5.04,1.24,2.54,5.04,1.01,1.99,5.04,1.01,2.17,5.04,1.01,2.1,38.53,1.01,4.0,38.53,1.01,4.0,,"LoanDepot, Inc. предоставляет клиентоориентированную, технологичную платформу для жилищной ипотеки. Он занимается выдачей обычных и государственных ипотечных кредитов, обслуживанием обычных и государственных ипотечных кредитов, а также предоставлением вспомогательных услуг. Он занимается выдачей, финансированием, продажей и обслуживанием жилищных ипотечных кредитов, а также предоставляет услуги по праву собственности, условному депонированию и расчетам по сделкам с ипотечными кредитами. Ее запатентованная технологическая платформа mello служит инструментом привлечения потенциальных клиентов для этих кредитных специалистов, уделяя особое внимание инициированию покупок. У него есть набор кредитных продуктов, включая обычные кредиты, соответствующие требованиям агентства, обычные крупные кредиты, кредиты Федерального управления жилищного строительства (FHA) и Министерства по делам ветеранов (VA), а также кредитные линии под залог собственного капитала. Вспомогательный бизнес включает расчетные услуги, услуги в сфере недвижимости и страховые услуги. Mello Home Services, LLC — это полностью принадлежащий ей бизнес по оказанию услуг в сфере недвижимости.",
2126,US,CBGPY,US1890621022,CBGPY.PK,Close Brothers Group PLC,0.761534,PNK,76,Финансы,48,Банки,0.0,9.85,,11.46,0.0,5.49,15.03,9.76,12.49,15.03,5.03,9.88,20.21,4.62,10.05,27.15,4.62,14.44,53.1,4.62,27.31,53.1,4.62,30.84,,"Close Brothers Group plc — специализированная банковская компания со штаб-квартирой в Великобритании, предоставляющая кредиты и прием депозитов. Сегменты компании включают коммерческий, розничный и недвижимость. Коммерческий сегмент кредитует малые и средние предприятия через свои собственные команды, где кредиты предоставляются через его отдел прямых продаж или предоставляются через сторонние каналы распределения. Этот сегмент включает финансирование счетов, энергию и финансирование промежуточных активов. Розничный сегмент предоставляет финансирование частным лицам и предприятиям через сеть посредников. Сегмент недвижимости предоставляет финансирование жилищного строительства и кредиты застройщикам и инвесторам на территории материковой части Соединенного Королевства (Великобритании) и Северной Ирландии через два бренда: Close Brothers Property Finance и Commercial Acceptance. Он также предоставляет финансовые услуги и консультации малому бизнесу и частным лицам.",
2130,US,FMBL,US3082431046,FMBL.PK,Farmers & Merchants Bank of Long Beach,1.007912,PNK,77,Финансы,49,Банки,0.0,8275.0,,8490.0,8250.0,8344.14,8375.0,5499.6,6987.43,8375.0,5265.05,6342.09,8375.0,4153.31,5687.38,8375.0,4153.31,5633.66,8375.0,4153.31,6459.2,9030.41,4153.31,6784.48,,"Farmers & Merchants Bank of Long Beach — это зарегистрированный в штате Калифорния банк, депозиты которого застрахованы Федеральной корпорацией страхования депозитов (член FDIC) и равным жилищным кредитором. Услуги Банка включают деловые и личные. Деловые услуги Банка включают банковское дело, управление казначейством, коммерческое кредитование и специализированные услуги. Его бизнес-банкинг включает проверку бизнеса, бизнес-сбережения, бизнес-кредитные карты, а также мошенничество и безопасность. Его коммерческое кредитование включает кредиты на коммерческую недвижимость, специализированную группу кредитования, управление малым бизнесом, а также коммерческое и промышленное кредитование. Персональные услуги Банка включают в себя банковские услуги для физических лиц и ипотечные кредиты. Его персональные банковские операции включают в себя личные чеки, личные сбережения, личную кредитную карту, молодежные счета, а также мошенничество и безопасность. Банк предоставляет клиентам услуги «белых перчаток» примерно в 27 филиалах от Сан-Клементе до Санта-Барбары, а также через свои онлайн- и мобильные банковские платформы.",
2155,US,CIIHY,US17290L1061,CIIHY.PK,CITIC Securities Co Ltd,50.507183,PNK,78,Финансы,1,Инвестиционно-банковские и брокерские услуги,0.0,28.09,,32.9,0.0,10.41,40.25,28.97,35.76,40.25,20.98,30.85,40.25,13.52,25.41,40.25,13.52,23.93,40.25,13.52,22.57,40.25,13.52,22.34,,"CITIC Securities Co Ltd — китайская компания, занимающаяся преимущественно финансовыми услугами. Компания осуществляет свою деятельность в пяти сегментах. Сегмент инвестиционно-банковской деятельности занимается размещением ценных бумаг, андеррайтинговой деятельностью и финансовыми консультационными услугами. Брокерский сегмент занимается торговлей ценными бумагами и фьючерсами, брокерскими операциями, а также продажей финансовых продуктов в качестве агента. Торговый сегмент занимается торговлей акциями, фиксированным доходом, торговлей деривативами и созданием рынков, маржинальным финансированием и кредитованием ценными бумагами, а также альтернативной инвестиционной деятельностью. Сегмент управления активами занимается услугами по управлению активами, планами управления активами, управлением фондами и другим управлением инвестиционными счетами. Сегмент «Прочие» занимается частными инвестициями в акционерный капитал, основными инвестициями, оптовой торговлей сырьевыми товарами и другой финансовой деятельностью. Компания в основном осуществляет свою деятельность на внутреннем и зарубежных рынках.",
2165,US,PGPHF,CH0024608827,PGPHF.PK,Partners Group Holding AG,27.973976,PNK,79,Финансы,1,Управление инвестициями и операторы фондов,0.0,1020.0,,1082.23,0.0,934.85,1438.0,1111.63,1294.17,1590.12,1086.97,1347.74,1590.12,1086.97,1364.49,1590.12,796.85,1257.1,1833.0,753.75,1273.38,1833.0,334.3,1022.35,,"Partners Group Holding AG — швейцарская компания по управлению инвестициями на частных рынках по всему миру. Он управляет широким спектром индивидуальных портфелей для международной клиентуры институциональных инвесторов. Компания работает в следующих бизнес-сегментах: прямые инвестиции, т.е. инвестиции в частные компании; Частный долг, который относится к долговому финансированию частных корпораций или проектов, который позволяет инвесторам получить доступ к инвестиционным возможностям, которые недоступны на рынке публичных корпоративных облигаций; Частная недвижимость относится к инвестициям в частные активы недвижимости, включая ряд инвестиционных возможностей, от жилых комплексов и офисных помещений до торговых центров и промышленных зданий, а частная инфраструктура относится к инвестициям в частные инфраструктурные активы, такие как транспорт, связь, традиционная энергия, возобновляемая энергия, энергетическая инфраструктура, водоснабжение, социальная инфраструктура и утилизация отходов.",
2195,US,STJPF,GB0007669376,STJPF.PK,St James's Place PLC,8.059327,PNK,80,Финансы,2,Управление инвестициями и операторы фондов,0.0,17.43,,17.5,0.0,3.88,19.0,16.03,17.16,19.0,9.5,14.1,19.0,5.0,10.5,19.0,5.0,10.67,23.86,5.0,16.19,23.86,5.0,14.21,,"St. James's Place plc — базирующаяся в Великобритании компания, предоставляющая консультации по управлению активами. Компания работает через бизнес-сегмент управления активами, который занимается оказанием поддержки своим клиентам через сеть консультантов, предоставляющих личные финансовые консультации, а также финансовые решения, включая (но не ограничиваясь) продукты управления активами, производимые Компанией, такие как страховые облигации, пенсии, паевые фонды и инвестиционно-сберегательные счета (ISA), а также услуги дискреционного управления фондами (DFM). Его продукты и услуги включают финансовые консультации, пенсии и выход на пенсию, управление инвестициями, планирование дальнейшей жизни, специализированное управление денежными средствами и банковское дело, ипотеку, частных клиентов, консультации для владельцев бизнеса, планирование защиты, налоговое планирование и завещания, доверенности и семейные права. Планирование дальнейшей жизни включает в себя планирование налога на наследство, дарение, трасты и планирование социального обеспечения.",
2196,US,SHNWF,GB00BP9LHF23,SHNWF.PK,Schroders PLC,12.245061,PNK,81,Финансы,3,Управление инвестициями и операторы фондов,0.0,7.3,,7.82,0.0,3.01,5.52,4.79,5.25,5.52,3.5,4.91,5.52,3.5,4.79,6.35,3.5,5.34,9.02,3.5,5.98,9.04,3.5,6.28,,"Schroders plc — британская компания по управлению инвестициями. Компания предлагает активное управление активами, консультационные услуги и услуги по управлению активами. Он работает в двух сегментах: управление активами и управление активами. Сегмент «Управление активами» в основном включает в себя управление инвестициями, включая консультационные услуги в отношении акционерного капитала, активов с фиксированным доходом, мультиактивных и частных активов, а также альтернативных продуктов. Сегмент управления активами в основном включает в себя управление инвестициями, планирование благосостояния и финансовые консультации, платформенные и банковские услуги. В число его клиентов входят частные лица, которые инвестируют напрямую, а также те, кто инвестирует через предприятия или финансовых консультантов. Компания также обслуживает инвестиционные потребности таких учреждений, как страховые компании, пенсионные фонды и благотворительные организации. Компания осуществляет свою деятельность примерно в 38 точках Европы, Америки, Азии, Ближнего Востока и Африки.",
2201,US,ICGUF,GB00BYT1DJ19,ICGUF.PK,ICG PLC,5.794896,PNK,82,Финансы,4,Управление инвестициями и операторы фондов,0.0,21.78,,21.78,0.0,5.3,26.79,26.35,26.57,27.5,25.55,26.58,30.5,19.68,25.75,30.5,14.75,22.28,31.46,12.93,21.59,31.46,6.58,19.13,,"ICG plc, ранее Intermediate Capital Group plc, — глобальная альтернативная управляющая компания со штаб-квартирой в Великобритании. Компания управляет капиталом от имени своей глобальной клиентской базы, в основном через долгосрочные закрытые фонды. Он предоставляет различные капитальные решения для корпораций и владельцев реальных активов, а также создает ценность для заинтересованных сторон, акционеров и сообществ. Компания осуществляет свою деятельность через два сегмента: Компания по управлению фондами (FMC) и Инвестиционная компания (IC). Компания работает с четырьмя классами активов, которые включают структурированные и частные инвестиции, частный долг, реальные активы и кредиты. Его структурированные и частные инвестиции заключаются в предоставлении решений по структурированному и долевому финансированию частным компаниям. Его частный долг состоит из предоставления долгового финансирования корпоративным заемщикам. Его реальные активы состоят из предоставления финансовых решений в секторах недвижимости и инфраструктуры. Его кредит включает инвестирование в первичные и вторичные государственные кредитные рынки.",
2212,US,IGGHY,US4495512091,IGGHY.PK,IG Group Holdings PLC,6.302705,PNK,83,Финансы,2,Инвестиционно-банковские и брокерские услуги,0.0,18.75,,18.75,0.0,2.08,16.0,13.35,14.48,16.0,10.65,13.74,16.0,8.34,11.93,16.0,7.3,10.45,16.0,7.3,10.69,16.0,6.0,10.08,,"IG Group Holdings plc — британская компания, которая предоставляет платформы онлайн-торговли и образовательные ресурсы для расширения возможностей амбициозных клиентов по всему миру. Ее продукты включают внебиржевые (OTC), фьючерсы и опционы, торговлю акциями и инвестиции, криптовалюту, а также контент и образование. Он специализируется на розничной категории внебиржевых деривативов. Его предложения по торговле акциями и инвестициям обеспечивают доступ к акциям, биржевым фондам и продуктам с фиксированным доходом по всему миру, включая дробные акции, паевые инвестиционные фонды, казначейские векселя Соединенного Королевства, налоговые обертки Соединенного Королевства, услуги кредитования ценными бумагами и услуги голосования по доверенности на платформах IG Invest и Freetrade. Он имеет лицензию на криптоактивы от Управления финансового надзора Соединенного Королевства и лицензию Европейского Союза в соответствии с Регламентом рынков криптоактивов. Он предоставляет контент и обучение для поддержки клиентов в их торговой и инвестиционной деятельности. Ее бренды включают IG, вкусную торговлю, вкусную жизнь и IG Prime.",
2213,US,ONEXF,CA68272K1030,ONEXF.PK,Onex Corp,5.394673,PNK,84,Финансы,5,Управление инвестициями и операторы фондов,0.0,70.74,,77.44,69.26,72.8,92.45,74.27,83.03,92.45,60.72,78.02,92.45,60.72,75.16,92.45,43.8,67.76,92.45,43.8,65.8,92.45,25.66,64.25,,"Корпорация Onex инвестирует и управляет капиталом от имени своих акционеров и клиентов по всему миру. Его сегменты включают инвестиции и управление активами. Инвестиционный сегмент занимается деятельностью по инвестированию своего капитала. Сегмент управления активами включает деятельность по управлению активами, предоставляемую Компанией для поддержки ее стратегий прямых инвестиций и кредитования, а также ее корпоративных функций. У него есть два основных направления деятельности: прямые инвестиции и кредит. В сфере прямых инвестиций компания привлекает средства сторонних инвесторов и инвестирует их вместе с собственным инвестиционным капиталом через средства своих платформ прямых инвестиций: Onex Partners и ONCAP. Аналогичным образом, в сфере «Кредит» он привлекает и инвестирует капитал в рамках нескольких стратегий частного кредитования, ликвидного кредита и государственного акционерного капитала. В число его инвесторов входит широкий круг клиентов по всему миру, в том числе государственные и частные пенсионные планы, суверенные фонды благосостояния, банки, страховые компании, семейные офисы и состоятельные частные лица.",
2218,US,SLFPY,US00108N1000,SLFPY.PK,Aberdeen Group PLC,4.519021,PNK,85,Финансы,6,Управление инвестициями и операторы фондов,0.0,10.36,,11.35,0.0,8.66,11.4,9.9,10.61,11.4,6.36,9.66,11.4,6.36,8.47,12.15,6.36,8.81,18.92,5.57,9.93,54.29,5.57,14.95,,"Aberdeen Group PLC, ранее называвшаяся abrdn plc, — британская управляющая компания. Решения компании включают инвестирование для нужд страховщиков и пенсионных фондов; управляемые портфели, а также расширенное индексное и количественное инвестирование. Его возможности включают активные акции, альтернативы, цифровые активы, фиксированный доход, страховые компании, мультиактивы и недвижимость.",
2220,US,VCTR,US92645B1035,VCTR.O,Victory Capital Holdings Inc,0.420188,NSQ,86,Финансы,7,Управление инвестициями и операторы фондов,0.88,64.98,,71.73,62.84,67.99,73.0,57.03,66.19,73.0,47.0,64.01,73.42,32.55,57.16,73.42,26.8,48.69,73.42,15.69,41.09,73.42,7.27,31.55,,"Victory Capital Holdings, Inc. — диверсифицированная глобальная компания по управлению активами. Компания предоставляет специализированные инвестиционные стратегии учреждениям, посредникам, пенсионным платформам и индивидуальным инвесторам. Имея 11 автономных инвестиционных франшиз и платформу решений, Компания предлагает ряд инвестиционных продуктов, в том числе активно и пассивно управляемые взаимные фонды, основанные на правилах и активные биржевые фонды (ETF), институциональные отдельные счета, переменные страховые продукты (VIP), альтернативные инвестиции, частные закрытые фонды и план сбережений на образование 529. Ее стратегии также предлагаются через сторонние инвестиционные продукты, включая взаимные фонды, сторонние модельные стратегии ETF, розничные отдельно управляемые счета и унифицированные управляемые счета. Ее франшизы и платформа решений совместно управляют диверсифицированным набором из 124 инвестиционных стратегий. Инвестиционным консультантом компании является Victory Capital Management Inc.",
2222,US,FOSUF,HK0656038673,FOSUF.PK,Fosun International Ltd,4.210963,PNK,87,Финансы,8,Управление инвестициями и операторы фондов,0.0,0.43,,0.0,0.0,0.0,0.69,0.43,0.5,0.69,0.43,0.51,0.79,0.43,0.54,0.99,0.43,0.63,1.68,0.4,0.96,2.55,0.4,1.42,,"Fosun International Ltd — компания, которая в основном занимается деятельностью и инвестициями в глобальный потребительский бизнес. Компания осуществляет свою деятельность в пяти сегментах. Сегмент Happiness занимается деятельностью и инвестициями в сфере туризма и отдыха, индустрии моды и образа жизни. Сегмент «Здоровье» занимается исследованиями и разработками, производством, продажей и торговлей фармацевтическими препаратами и товарами для здоровья, а также предоставлением медицинских услуг и управлением здравоохранением. Сегмент страхования в основном занимается деятельностью страхового бизнеса и инвестициями в него. Сегмент «Управление активами» включает в себя в основном операции по управлению активами и инвестиции в них, рыночные инвестиции и инвестиции в другие компании Группы. Сегмент интеллектуального производства включает в себя в основном эксплуатацию и инвестиции в интеллектуальное производство, а также производство железа, стали, новых функциональных материалов и руды.",
2223,US,FOSUY,US35037R1032,FOSUY.PK,Fosun International Ltd,4.210963,PNK,88,Финансы,9,Управление инвестициями и операторы фондов,0.0,11.85,,12.7,0.0,7.44,17.85,12.17,15.81,17.85,11.18,14.06,17.85,11.18,14.03,24.44,11.18,14.83,41.63,11.18,18.39,62.91,11.18,26.7,,"Fosun International Ltd — компания, которая в основном занимается деятельностью и инвестициями в глобальный потребительский бизнес. Компания осуществляет свою деятельность в пяти сегментах. Сегмент Happiness занимается деятельностью и инвестициями в сфере туризма и отдыха, индустрии моды и образа жизни. Сегмент «Здоровье» занимается исследованиями и разработками, производством, продажей и торговлей фармацевтическими препаратами и товарами для здоровья, а также предоставлением медицинских услуг и управлением здравоохранением. Сегмент страхования в основном занимается деятельностью страхового бизнеса и инвестициями в него. Сегмент «Управление активами» включает в себя в основном операции по управлению активами и инвестиции в них, рыночные инвестиции и инвестиции в другие компании Группы. Сегмент интеллектуального производства включает в себя в основном эксплуатацию и инвестиции в интеллектуальное производство, а также производство железа, стали, новых функциональных материалов и руды.",
2232,US,AMLTF,AU000000AMP6,AMLTF.PK,AMP Ltd,2.27219,PNK,89,Финансы,1,Диверсифицированные инвестиционные услуги,0.0,0.86,,0.86,0.0,0.11,1.35,0.8,1.02,1.35,0.8,0.95,1.35,0.62,0.87,1.35,0.58,0.82,1.35,0.58,0.81,4.5,0.58,2.33,,"AMP Ltd — австралийская компания, которая предоставляет банковские услуги, услуги по пенсионному обеспечению, пенсионному обеспечению и финансовые консультации в Австралии и Новой Зеландии. В число его предприятий входят платформы AMP, банк AMP, Master Trust AMP, AMP Advice и AMP New Zealand Wealth Management. Подразделение платформ AMP предоставляет пенсионные и инвестиционные решения, позволяющие консультантам и их клиентам создавать персонализированный инвестиционный портфель на своей флагманской платформе North. AMP Advice предоставляет профессиональные услуги сети согласованных и независимых финансовых консультантов. AMP Bank предоставляет клиентам ипотечные кредиты, депозитные и транзакционные счета в Австралии. Master Trust AMP предоставляет продукты для личного и рабочего пенсионного возраста, а также инвестиционные услуги. AMP New Zealand Wealth Management предоставляет клиентам различные решения по управлению активами, включая KiwiSaver, корпоративное пенсионное обеспечение, розничные инвестиции, комплексную платформу управления инвестициями и общее страхование.",
2243,US,BUR,GG00BMGYLN96,BUR.N,Burford Capital Ltd,0.921565,NYS,90,Финансы,10,Управление инвестициями и операторы фондов,2.21,4.03,,8.73,3.59,7.71,15.1,8.2,11.58,15.73,8.2,12.54,16.77,8.2,13.29,17.7,6.18,12.89,17.7,6.18,11.63,17.7,6.18,11.56,,"Burford Capital Limited — глобальная финансовая компания и компания по управлению активами, специализирующаяся на праве. Деятельность компании включает судебное финансирование и управление рисками, возврат активов, а также ряд юридических финансовых и консультационных услуг. Он предоставляет капитал, основанный на размере портфеля, против базовой стоимости судебных и юридических активов. Он работает в двух сегментах: основные финансы и управление активами и другие услуги. Сегмент основного финансирования финансирует капитал в юридические финансовые активы со своего баланса, в основном в качестве активов резервного капитала и в ограниченном объеме за счет участия в частных фондах, управляемых Компанией. Эти активы по обеспечению капитала и проценты от частных фондов приносят доход от обеспечения капитала. Сегмент управления активами и других услуг управляет юридическими финансовыми активами от имени сторонних инвесторов, а также предоставляет другие услуги юридической отрасли. Его клиентами являются различные стороны, в том числе ряд юридических фирм и предприятий.",
2245,US,AJMPF,GB00B132NW22,AJMPF.PK,Ashmore Group PLC,1.871656,PNK,91,Финансы,11,Управление инвестициями и операторы фондов,0.0,2.7,,2.9,0.0,1.36,2.58,1.98,2.28,2.58,1.74,2.13,2.8,1.74,2.23,3.32,1.74,2.34,6.57,1.74,3.49,7.58,1.74,4.89,,"Ashmore Group plc — британская компания, специализирующаяся на инвестициях в развивающиеся рынки. Компания предоставляет доступ к стратегиям инвестиционного уровня по четырем инвестиционным темам с фиксированным доходом: внешний долг, местная валюта, корпоративный долг и смешанный долг, а также управляет портфелями как взаимных фондов, так и в структурах сегрегированных счетов. Другие инвестиционные темы включают акции, альтернативы (с учетом особых ситуаций; частный капитал; проблемный долг; недвижимость; инфраструктуру), наложение/ликвидность и мультиактивы. Компания контролирует около 24 инвестиционных фондов. Дочерние компании компании включают Ashmore Investments (UK) Limited, Ashmore Investment Management Limited, Ashmore Investment Advisors Limited, Ashmore Investment Management (US) Corporation, Ashmore Investment Advisors (US) Corporation, Ashmore Investments Saudi Arabia и Ashmore Japan Co. Limited и другие.",
2248,US,MAAS,KYG4453R1157,MAAS.O,Maase Inc,1.933526,NMQ,92,Финансы,12,Управление инвестициями и операторы фондов,0.0,5.45,,6.15,0.0,5.41,6.23,2.85,3.81,26.4,2.41,6.31,603.6,2.41,140.6,603.6,2.41,188.47,603.6,2.41,268.76,888.0,2.41,301.77,,"Maase Inc, ранее называвшаяся Highest Performances Holdings Inc, является холдинговой компанией, которая в основном занимается предоставлением услуг по управлению активами. Компания осуществляет свою деятельность в трех сегментах. Сегмент страховых агентств в основном состоит из предоставления агентских услуг по широкому спектру продуктов страхования жизни и иного, чем страхование жизни, индивидуальным клиентам. Сегмент урегулирования претензий состоит из предоставления услуг по предварительному обследованию, услуг по урегулированию претензий, услуг по выбытию остаточной стоимости, услуг по надзору за погрузкой и разгрузкой, а также консультационных услуг. Сегмент управления активами в основном состоит из предоставления услуг по распределению и управлению активами. Компания также предоставляет интеллектуальные технологические решения. Компания в основном осуществляет свою деятельность на внутреннем рынке.",
2249,US,BVC,KYG4691A1141,BVC.O,BitVentures Ltd,0.086881,NAQ,93,Финансы,13,Управление инвестициями и операторы фондов,0.0,10.88,,11.62,6.7,8.21,30.3,4.44,10.3,30.3,4.44,10.4,32.5,2.0,9.4,75.0,2.0,27.64,112.5,2.0,41.85,112.5,2.0,41.85,,"BitVentures Ltd, ранее известная как Santech Holdings Ltd, — это технологическая компания, ориентированная на потребителя, в основном занимающаяся услугами по управлению здравоохранением. Услуги по управлению здравоохранением в основном включают в себя медицинское обследование, лечение хронических заболеваний, укрепление иммунной системы и решения против старения. Компания также изучает новые возможности в области технологий, включая, помимо прочего, новую розничную торговлю, социальную электронную коммерцию и метавселенную. Компания в основном ведет свою деятельность на внутреннем рынке.",
2252,US,MAUSY,US5768752074,MAUSY.PK,Matsui Securities Co Ltd,1.538025,PNK,94,Финансы,3,Инвестиционно-банковские и брокерские услуги,0.0,12.05,,12.05,0.0,1.34,10.85,9.51,10.28,11.19,9.29,10.19,11.66,9.29,10.4,12.06,9.29,10.83,17.42,9.29,11.05,22.02,9.29,14.16,,"МАЦУИ СЕКЬЮРИТИС КО., ЛТД. — японская компания по ценным бумагам, занимающаяся торговлей финансовыми продуктами. Компания осуществляет биржевые и андеррайтинговые операции посредством сделок через Интернет. Компания в основном занимается биржевой брокерской деятельностью для индивидуальных инвесторов и предоставляет услуги онлайн-торговли ценными бумагами Net Stock. Компания предоставляет такие услуги, как комиссионная торговля и андеррайтинг акций, фьючерсов и опционов, предложение и продажа рыночных деривативов, а также маржинальная торговля иностранной валютой и другие.",
2257,US,RPC,US69376K1060,PX.N,Ridgepost Capital Inc,0.782965,NYS,95,Финансы,14,Управление инвестициями и операторы фондов,0.34,7.15,,8.24,6.85,7.51,,,,,,,,,,,,,,,,,,,,"P10, Inc. — поставщик решений для частных рынков с несколькими классами активов в сфере альтернативного управления активами. Компания предоставляет своим инвесторам дифференцированный доступ к широкому набору инвестиционных решений, которые удовлетворяют их разнообразные инвестиционные потребности на частных рынках. Компания структурирует, управляет и контролирует портфели инвестиций частного рынка, которые включают в себя специализированные фонды и индивидуальные отдельные счета в рамках первичных инвестиционных фондов, вторичных инвестиций, прямых инвестиций и соинвестиций (коллективно специализированные инвестиционные инструменты) по очень привлекательным классам активов и географическим регионам на рынках среднего и нижнего среднего уровня. В портфель частных решений компании входят частные инвестиции, венчурный капитал и частное кредитование. Он имеет глобальную базу инвесторов, насчитывающую более 3800 инвесторов из 50 штатов, 60 стран и шести континентов, включая пенсионные фонды, пожертвования, фонды, корпоративные пенсии и финансовые учреждения.",
2259,US,VRTS,US92828Q1094,VRTS.K,Virtus Investment Partners Inc,0.871488,NYQ,96,Финансы,15,Управление инвестициями и операторы фондов,0.13,130.16,,140.67,124.7,131.98,215.06,153.21,182.86,223.96,142.18,180.72,263.39,142.18,203.67,263.39,142.18,201.98,338.8,141.8,217.84,338.8,55.37,164.69,,"Virtus Investment Partners, Inc. предоставляет услуги по управлению инвестициями и сопутствующие услуги учреждениям и частным лицам. Он предлагает инвестиционные стратегии для институциональных и индивидуальных инвесторов в различных инвестиционных продуктах и ​​через несколько каналов распределения. Он предоставляет различные классы активов (акции, фиксированный доход, мультиактивы и альтернативы), географию (внутреннюю, глобальную, международную и развивающуюся), рыночную капитализацию (большую, среднюю и малую), стили (рост, ядро ​​и стоимость) и инвестиционные подходы (фундаментальные и количественные). Розничные продукты компании включают открытые фонды, закрытые фонды и отдельные розничные счета. Его институциональные продукты предлагаются множеству институциональных клиентов через институциональные отдельные счета и смешанные счета, включая субконсультативные услуги другим инвестиционным консультантам и спонсируемые структурированные продукты. Ее институциональные продукты продаются через отношения с консультантами, а также напрямую клиентам.",
2260,US,GROY,CA38071H1064,GROY.K,Gold Royalty Corp,0.761614,ASQ,97,Финансы,16,Управление инвестициями и операторы фондов,3.36,3.3,,4.68,3.05,3.82,4.49,2.23,3.46,4.49,1.2,2.53,4.49,1.16,2.02,4.49,1.16,1.96,7.08,1.16,2.72,7.08,1.16,2.72,,"Gold Royalty Corp. — канадская роялти-компания, специализирующаяся на золоте, предлагающая финансовые решения для металлургической и горнодобывающей промышленности. Его диверсифицированный портфель включает около 248 роялти и потоков акций на объектах недвижимости на разных стадиях, семь из которых относятся к оборотным активам. Приобретая вновь созданные доли, Компания выступает источником финансирования горнодобывающих компаний для разработки и разведки проектов. Компания не проводит операции по разведке, разработке или добыче полезных ископаемых на объектах, в которых она имеет долю. Роялти компании включают Vares, Isabella Pearl, Canadian Malartic, Borden, Cozamin, Marigold, Granite Creek, Edna Mountain, Bald Mountain, Hammond Reef South, Princesse Annie, Hunter Mine Group, Entre Deux Lacs, Calamity, Winnie Lake, Perestroika Ouest, Lac Lemoyne, Harricana Fault, Blue Mountain, Bejopipa, Bench Depth, Amikougami, Аквилон, Казо, Де Мелоиз, Фанкамп и другие. Ему также принадлежит роялти от проекта Borborema Gold Project.",
2261,US,BITW,US0917491013,BITW.K,Bitwise 10 Crypto Index Fund,0.0,PCQ,98,Финансы,17,Управление инвестициями и операторы фондов,0.09,43.64,,49.45,43.0,46.01,86.7,53.92,71.4,86.7,42.8,64.64,86.7,42.8,64.64,86.7,42.8,64.64,86.7,42.8,64.64,86.7,42.8,64.64,,,
2264,US,KHOLY,US49989A1097,KHOLY.PK,Koc Holding AS,11.073392,PNK,99,Финансы,1,Инвестиционные холдинговые компании,0.0,20.56,,22.07,0.0,19.51,23.04,18.09,20.29,28.49,17.1,20.73,41.78,17.1,25.24,41.78,16.87,24.34,41.78,8.7,19.31,41.78,8.22,18.37,,"Koc Holding AS — это турецкая холдинговая компания, которая работает в ряде секторов через свои дочерние компании. Компания работает в следующих бизнес-сегментах: энергетика, автомобилестроение, потребительские товары длительного пользования, финансы и другие. Другой сегмент компании занимается продуктами питания, розничной торговлей, туризмом, информационными технологиями (ИТ) и судостроением. Энергетический сегмент занимается производством электроэнергии, добычей полезных ископаемых, транспортировкой нефти, а также производством и торговлей нефтепродуктами, природным газом и сжиженным нефтяным газом (СНГ). Автомобильный сегмент занимается производством, торговлей, страхованием и прокатом автомобилей. Сегмент потребительских товаров длительного пользования занимается производством и продажей различных потребительских товаров длительного пользования, таких как кондиционеры. Финансовый сегмент занимается банковской деятельностью, потребительским финансированием, факторингом, лизингом, брокерскими операциями, управлением портфелем, финансовым консалтингом, недвижимостью и страхованием.",
2265,US,GBLBY,US3994571004,GBLBY.PK,Groep Brussel Lambert NV,11.803075,PNK,100,Финансы,2,Инвестиционные холдинговые компании,0.0,8.85,,9.7,0.0,6.93,9.32,8.21,8.76,11.5,6.71,8.23,11.5,6.7,7.89,11.5,6.7,8.02,14.25,6.7,8.98,14.25,3.76,8.98,,"Groep Brussel Lambert NV — бельгийская инвестиционная холдинговая компания. Компания имеет диверсифицированный портфель, состоящий из глобальных компаний, таких как Imerys, Adidas, Pernod Ricard, LafargeHolcim, Umicore и Ontex и других. Компания работает в трех бизнес-сегментах, таких как холдинг, в который входят материнская компания и дочерние компании. Его основной деятельностью является управление инвестициями, а также неконсолидированными операционными компаниями и ассоциированными компаниями. Это Imerys, которая состоит из группы Imerys, занимающейся энергетическими решениями и специальными решениями, добавками для фильтрации и повышения производительности, керамическими материалами, минералами с высоким сопротивлением и капиталом сиены.",
2266,US,GBLBF,BE0003797140,GBLBF.PK,Groep Brussel Lambert NV,11.803075,PNK,101,Финансы,3,Инвестиционные холдинговые компании,0.0,86.82,,95.0,0.0,45.66,92.0,83.98,87.86,92.0,66.04,78.58,92.0,65.8,75.29,92.0,65.8,76.73,122.0,65.8,86.23,122.0,65.0,87.93,,,
2270,US,PIAIF,CNE1000003X6,PIAIF.PK,Ping An Insurance (Group) Co of China Ltd,142.867053,PNK,102,Финансы,1,Страхование жизни и здоровья,0.0,7.71,,8.75,7.1,7.94,8.85,6.32,7.26,8.85,4.93,6.63,8.85,3.79,5.73,8.85,3.79,5.88,13.32,3.79,7.11,13.32,3.79,8.33,,"Ping An Insurance (Group) Co of China Ltd — китайская компания, занимающаяся преимущественно страховым бизнесом. Компания работает в шести сегментах. Сегмент страхования жизни и здоровья предлагает продукты страхования жизни индивидуальным и корпоративным клиентам, в том числе срочное, пожизненное, накопительное, аннуитетное, инвестиционное, универсальное страхование жизни и другие. Сегмент страхования имущества и страхования от несчастных случаев предлагает продукты по страхованию имущества, включая автострахование, страхование имущества, страхование от несчастных случаев и медицинское страхование и другие. Банковский сегмент занимается кредитованием, посредническим бизнесом, управлением активами, услугами кредитных карт и т. д. Сегмент управления активами предоставляет услуги трастовых продуктов, брокерские услуги, торговые услуги, инвестиционно-банковские услуги и другие услуги по управлению активами. Finance Enablement segment provides financial and daily-life services through the Internet platforms. Сегмент «Другой бизнес» занимается другими видами деятельности, связанными со страхованием.",
2276,US,ZFSVF,CH0011075394,ZFSVF.PK,Zurich Insurance Group AG,106.944183,PNK,103,Финансы,1,Многолинейное страхование и брокеры,0.0,673.58,,739.5,0.0,617.38,791.41,669.0,719.24,791.41,566.46,693.54,791.41,477.21,624.38,791.41,425.75,575.52,791.41,383.0,518.85,791.41,203.76,429.57,,,
2278,US,AXAHF,FR0000120628,AXAHF.PK,AXA SA,93.372577,PNK,104,Финансы,2,Страхование жизни и здоровья,0.0,44.59,,47.88,0.0,37.89,50.76,43.32,46.74,50.76,34.12,44.71,50.76,31.1,39.9,50.76,27.5,36.54,50.76,20.46,32.15,50.76,12.52,28.09,,"AXA SA (AXA) — французская холдинговая компания, занимающаяся финансовой защитой. AXA предлагает широкий спектр продуктов в бизнес-сегментах: жизнь и сбережения, недвижимость и страхование от несчастных случаев, здравоохранение, управление активами и банковское дело. Его предложение охватывает страхование автомобилей, домохозяйств, имущества и гражданской ответственности, банковское дело, сберегательные транспортные средства и другие инвестиционные продукты как для частных/индивидуальных, так и для коммерческих/групповых клиентов, а также продукты для здоровья, защиты и пенсионного обеспечения для индивидуальных или профессиональных клиентов. AXA работает в семи географических сегментах: Франция, Европа, Азия, AXA XL, США, международные и трансверсальные и центральные холдинги. AXA SA является холдинговой компанией AXA Group.",
2293,US,PPCCY,US69338J1060,PPCCY.PK,PICC Property and Casualty Co Ltd,41.135106,PNK,105,Финансы,1,Страхование имущества и от несчастных случаев,0.0,46.4,,52.1,0.0,47.03,66.76,47.08,56.75,66.76,35.39,50.7,66.76,28.2,42.27,66.76,21.82,37.14,66.76,18.22,31.35,66.76,16.76,29.49,,"PICC Property and Casualty Co Ltd — китайская компания, занимающаяся главным образом страхованием имущества и страхованием от несчастных случаев. Компания осуществляет свою деятельность в шести сегментах. Сегмент «Автомобили» предоставляет страховые продукты, охватывающие автотранспортные средства. Сегмент «Случайные травмы и здоровье» предоставляет страховые продукты, покрывающие несчастные случаи и медицинские расходы. Сегмент «Сельское хозяйство» предоставляет страховые продукты, охватывающие сельскохозяйственный бизнес. Сегмент «Обязательства» предоставляет страховые продукты, покрывающие обязательства страхователей. Сегмент коммерческой недвижимости предоставляет страховые продукты, охватывающие коммерческую недвижимость. Сегмент «Прочие» представляет страховые продукты, связанные с грузами, кредитами и поручительствами, домашним имуществом, особыми рисками, корпусом и строительством морских судов. Компания в основном осуществляет свою деятельность на внутреннем рынке.",
2319,US,UFGSY,US90914M3051,UFGSY.PK,Unipol Assicurazioni SpA,16.240913,PNK,106,Финансы,2,Многолинейное страхование и брокеры,0.0,10.91,,11.62,0.0,6.72,11.99,9.67,10.76,11.99,6.88,9.83,11.99,4.73,9.74,11.99,2.53,9.48,11.99,1.98,8.78,11.99,0.0,7.97,,"Unipol Assicurazioni SpA, ранее Unipol Gruppo SpA, — страховая компания со штаб-квартирой в Италии. Деятельность компании включает в себя такие сектора, как мобильность, жилье, защита и сбережения. Сектор мобильности фокусируется на страховании автомобилей, мотоциклов, страховании других транспортных средств, морском страховании, страховании путешествий и услугах мобильности, таких как долгосрочная аренда unipolrental и электронные сборы за проезд unipolmove. Сектор жилья включает страхование жилья, страхование кондоминиума, страхование собак/кошек и страхование юридической защиты. Сектор защиты включает страхование от несчастных случаев, медицинское страхование, страхование автономии (долгосрочный уход) и страхование жизни. Сберегательный сектор включает в себя инвестиции, сберегательный план и социальное обеспечение. Компания предлагает также мобильные решения, бизнес-решения, а также решения для сотрудников и партнеров среди компаний и других.",
2321,US,MPFRY,US5651001043,MPFRY.PK,Mapfre SA,13.389054,PNK,107,Финансы,3,Многолинейное страхование и брокеры,0.0,8.7,,9.03,0.0,5.98,10.2,7.77,9.06,10.2,5.06,8.41,10.2,4.12,6.76,10.2,3.87,6.28,10.2,3.03,5.52,30.0,2.93,5.55,,"Mapfre SA — испанская компания, работающая в страховом секторе. Деятельность компании разделена на четыре бизнес-единицы: страхование, ассистанс, перестрахование и глобальные риски. Линия страхования предлагает полисы страхования, включая страхование жизни, от несчастных случаев, здоровья, имущества и от несчастных случаев, а также автомобильное страхование и другие. Линия помощи ориентирована на разработку услуг по оказанию помощи для страховых продуктов, включая помощь на дорогах и в поездках. Линия перестрахования отвечает за деятельность по перестрахованию. Линия Global Risks предлагает комплексные страховые услуги, такие как предотвращение и защита рисков, аудит и контроль, для бизнес-клиентов. Кроме того, Компания активно управляет пенсионными фондами, пенсионными планами и инвестиционными фондами, а также предоставляет медицинские услуги в Испании. Компания работает в Европе, Африке, Азии и Америке. Это материнская компания Mapfre Group.",
2325,US,GJNSY,US37636X1019,GJNSY.PK,Gjensidige Forsikring ASA,12.745471,PNK,108,Финансы,4,Многолинейное страхование и брокеры,0.0,27.0,,29.54,23.73,26.97,31.05,24.49,27.88,31.05,16.7,25.17,31.05,13.39,20.98,31.05,13.39,19.45,31.05,13.39,20.26,31.05,13.39,19.43,,"Gjensidige Forsikring ASA — норвежская компания общего страхования. Это материнская компания группы Gjensidige. В портфель продуктов компании входят такие виды страхования, как страхование автомобиля, дома, загородного дома, личного имущества, лодок, ценностей, жизни и здоровья, домашних животных, путешествий, обучения за рубежом и молодёжи. Компания осуществляет операции по общему страхованию в Норвегии, Дании, Швеции и странах Балтии, а также пенсионную деятельность в Норвегии. К операциям общего страхования относятся как страхование имущества, так и страхование от несчастных случаев и медицинское страхование. Норвежское общее страхование также включает страхование жизни, которое представляет собой страхование чистого риска сроком до одного года, в основном групповое страхование жизни.",
2329,US,RZB,US7593518027,RZB.N,Reinsurance Group of America Inc,13.12837,NYS,109,Финансы,1,Перестрахование,0.0,25.0,,25.1,24.82,24.99,25.24,24.61,24.91,25.24,24.17,24.83,25.71,24.17,24.95,26.39,23.26,24.97,29.39,22.67,25.85,30.35,12.03,26.41,,"Reinsurance Group of America, Incorporated — страховая холдинговая компания. Компания является поставщиком традиционных решений по перестрахованию жизни и здоровья, а также финансовых решений. Традиционный сегмент США и Латинской Америки обеспечивает индивидуальное и групповое перестрахование жизни и здоровья, включая долгосрочный уход, для отечественных клиентов по различным продуктам. Сегмент Canada Traditional занимается в основном индивидуальным перестрахованием жизни и, в меньшей степени, кредиторским, групповым перестрахованием жизни и здоровья, критических заболеваний и инвалидности. Традиционный сегмент Европы, Ближнего Востока и Африки предоставляет индивидуальные и групповые продукты для жизни и здоровья на основе ежегодных возобновляемых договоров, соглашений о совместном страховании, а также перестрахования критических заболеваний. Традиционный сегмент Азиатско-Тихоокеанского региона обеспечивает индивидуальное и групповое перестрахование жизни и здоровья, страхование критических заболеваний, инвалидность и пенсионное обеспечение посредством ежегодных возобновляемых договоров страхования и соглашений о совместном страховании.",
2337,US,IAUGY,US4578742045,IAUGY.PK,Insurance Australia Group Ltd,11.894154,PNK,110,Финансы,2,Страхование имущества и от несчастных случаев,0.0,25.7,,26.62,0.0,13.8,29.28,24.27,26.65,29.39,20.9,25.68,29.39,17.99,23.57,29.39,14.9,20.99,29.39,13.79,19.59,32.42,13.79,20.64,,"Insurance Australia Group Limited — компания общего страхования в Австралии и Новой Зеландии. Компания занимается андеррайтингом общих страховых рисков и управлением инвестициями. Его сегмент розничного страхования в Австралии включает личные линии и некоторые коммерческие линии, продукты общего страхования, продаваемые напрямую клиентам, в основном под брендом NRMA Insurance по всей Австралии (за исключением VIC), бренд RACV в Виктории (через дистрибьюторские отношения и совместное андеррайтинговое предприятие с RACV) и страховой бренд ROLLiN. Сегмент промежуточного страхования в Австралии включает коммерческие линии и некоторые личные линии, а также продукты общего страхования, продаваемые клиентам через посредников, включая брокеров, агентов, уполномоченных представителей, в основном под брендами CGU Insurance и WFI Insurance. Новая Зеландия включает в себя другие виды деятельности, включая корпоративные услуги, деятельность по управлению капиталом, инвестиционную деятельность в фонды акционеров и другие.",
2338,US,TDHOY,US8721201007,TDHOY.PK,T&D Holdings Inc,11.811116,PNK,111,Финансы,3,Страхование жизни и здоровья,0.0,12.01,,12.92,0.0,11.27,13.77,9.86,11.85,13.77,8.2,11.04,13.77,6.96,9.73,13.77,5.73,9.06,13.77,4.39,7.94,13.77,3.06,7.04,,"T&D Holdings Inc — японская компания, занимающаяся преимущественно страхованием жизни. Компания управляет четырьмя бизнес-сегментами. Сегмент Taiyo Life Insurance предоставляет услуги по страхованию жизни на рынке домашних хозяйств. Сегмент страхования жизни Daido предоставляет услуги по страхованию жизни рынку малого и среднего бизнеса. Сегмент финансового страхования жизни T&D использует рынок пансионных агентств в качестве соответствующего рынка сбыта и имеет различные продукты продаж в рамках собственной политики продаж. Сегмент T&D United Capital занимается стратегическими инвестициями в бизнес по страхованию жизни и новые направления роста бизнеса.",
2344,US,PNXGF,GB00BGXQNP29,PNXGF.PK,Standard Life PLC,8.997813,PNK,112,Финансы,4,Страхование жизни и здоровья,0.0,9.0,,10.0,0.0,3.87,10.36,8.35,9.06,10.36,5.89,8.09,10.36,5.89,7.56,10.36,5.42,7.32,10.4,5.42,7.53,10.4,5.32,7.76,,"Standard Life PLC, ранее называвшаяся Phoenix Group Holdings PLC, является компанией, занимающейся сбережениями и пенсионным обеспечением. Продукты компании включают в себя различные пенсии, облигации и пенсионные варианты, отвечающие потребностям людей. Индивидуальный пенсионный продукт Компании предлагает гибкие выплаты, пенсионные переводы, отсутствие скрытых платежей, удобные варианты инвестирования и вывода денег. Варианты сбережений включают международные облигации (оффшорные) и индивидуальные инвестиционные облигации (оншорные). Международная облигация представляет собой оффшорную облигацию, предоставляемую Standard Life International DAC в Дублине клиентам из Великобритании. Оффшорные облигации — это эффективный с точки зрения налогообложения способ инвестировать деньги в среднесрочной и долгосрочной перспективе. Обычно это более пяти лет и более. Индивидуальные инвестиционные облигации, также известные как оншорные облигации, являются вариантом, если мы хотим привлечь деньги в среднесрочной и долгосрочной перспективе. Обычно это означает инвестирование на пять лет или более. Компания также предоставляет финансовые консультации.",
2345,US,VNRFY,US9266271009,VNRFY.PK,Vienna Insurance Group Wiener Versicherung Gruppe AG,8.970724,PNK,113,Финансы,5,Многолинейное страхование и брокеры,0.0,13.83,,15.47,0.0,4.88,16.04,9.87,11.38,16.04,9.87,11.29,16.04,5.5,8.66,16.04,5.06,8.06,16.04,4.27,6.79,16.04,3.09,5.76,,"Vienna Insurance Group AG Wiener Versicherung Gruppe (VIG) — австрийская холдинговая компания страховой группы, действующая преимущественно в Центральной и Восточной Европе. В состав VIG входят около 50 страховых компаний, занимающихся страхованием имущества/от несчастных случаев и жизнью, а также медицинским страхованием в 24 странах. Компания работает в Австрии, а также в регионе Центральной и Восточной Европы (ЦВЕ) и Юго-Восточной Европы (ЮВЕ), в который входят Албания, Беларусь, Болгария, Хорватия, Чехия, Эстония, Грузия, Венгрия, Латвия, Литва, Македония, Черногория, Польша, Румыния, Сербия, Словакия, Словения, Турция, Украина, Босния и Герцеговина. Компания также представлена ​​в Германии, Лихтенштейне и Италии.",
2346,US,MGPUF,GB00BKFB1C65,MGPUF.PK,M&G PLC,8.675116,PNK,114,Финансы,5,Страхование жизни и здоровья,0.0,3.46,,4.22,0.0,2.72,3.85,3.28,3.55,3.85,2.16,3.03,3.85,2.16,2.86,3.85,2.15,2.76,3.85,1.77,2.76,3.85,1.28,2.7,,"M&G plc — британская сберегательная и инвестиционная компания. Компания работает в трех сегментах: «Управление активами», «Жизнь» и «Корпоративный центр». Сегмент «Управление активами» включает возможности управления инвестициями, которые предлагаются как оптовым, так и институциональным клиентам. Сегмент управления активами также управляет значительной частью активов Life, которыми он управляет. Сегмент «Жизнь» работает на рынке сбережений и пенсий и включает в себя решения по корпоративным рискам, индивидуальную жизнь и пенсии, международные решения и консультации. Его отдельные продукты включают аннуитетные контракты: фиксированные аннуитеты, аннуитеты с фиксированным увеличением и аннуитеты, привязанные к инфляции. Эти продукты распространяются среди клиентов через посредников и консультантов и включают пенсионный счет (комбинированный продукт индивидуальной пенсии и снижения дохода), индивидуальные пенсии, индивидуальные сберегательные счета, коллективные инвестиции, а также ряд оншорных и оффшорных облигаций.",
2363,US,SIGIP,US8163005031,SIGIP.O,Selective Insurance Group Inc,4.510934,NSQ,115,Финансы,3,Страхование имущества и от несчастных случаев,0.0,16.11,,16.99,16.05,16.49,18.71,16.66,17.49,18.74,16.61,17.53,20.3,16.61,18.12,20.3,15.17,17.72,27.36,15.17,19.63,27.36,15.17,19.73,,"Selective Insurance Group, Inc. — холдинговая компания, владеющая более чем 10 дочерними компаниями по страхованию имущества и страхованию от несчастных случаев, которые продают продукты и услуги только в Соединенных Штатах. Сегменты компании включают стандартные коммерческие линии, стандартные персональные линии, экосоциальные линии и инвестиции. Сегмент стандартных коммерческих линий включает продукты и услуги по страхованию имущества и от несчастных случаев для коммерческих предприятий, обычно предприятий, некоммерческих организаций и местных государственных учреждений. Сегмент Standard Personal Lines состоит из продуктов и услуг по страхованию имущества и от несчастных случаев, включая страхование от наводнений, продаваемое в рамках программы «Напиши свое» Национальной программы страхования от наводнений. Сегмент E&S Lines состоит из продуктов и услуг по страхованию имущества и от несчастных случаев для коммерческих клиентов, которые не могут получить страховое покрытие на стандартном рынке. Инвестиционный сегмент инвестирует страховые премии и суммы, полученные в результате реализации стратегий управления капиталом.",
2381,US,AHL,BMG053845019,AHL.N,Aspen Insurance Holdings Ltd,0.2074,NYS,116,Финансы,4,Страхование имущества и от несчастных случаев,0.0,37.5,,0.0,0.0,0.0,37.19,27.05,34.87,37.19,27.05,34.54,37.19,27.05,34.54,37.19,27.05,34.54,37.19,27.05,34.54,37.19,27.05,34.54,,"Aspen Insurance Holdings Limited — холдинговая компания со штаб-квартирой на Бермудских островах. Компания предоставляет страховое и перестраховочное покрытие клиентам на различных внутренних и мировых рынках через 100% дочерние компании на Бермудских островах, в США и Великобритании, а также через свои филиалы в Канаде, Сингапуре и Швейцарии. Он управляет своей андеррайтинговой деятельностью как два бизнес-сегмента: страхование и перестрахование. Сегмент «Страхование» страхует в первую очередь специализированные риски по разнообразным направлениям деятельности, связанным с имуществом и страхованием от несчастных случаев. Сегмент страхования разделен на четыре основных направления бизнеса: финансовое и профессиональное направления; линии потерь и ответственности; основные линии и специальные линии. Сегмент перестрахования разделен на четыре портфеля: перестрахование от несчастных случаев, перестрахование от имущественных катастроф, перестрахование прочего имущества и специализированное перестрахование. Перестрахование от несчастных случаев осуществляется на основе эксцедента убытка и на пропорциональной основе.",
2395,US,LCSHF,BMG5361W1047,LCSHF.PK,Lancashire Holdings Ltd,1.901402,PNK,117,Финансы,5,Страхование имущества и от несчастных случаев,0.0,8.31,,8.9,0.0,3.12,8.59,7.38,7.85,8.59,6.28,7.41,8.59,5.59,6.87,8.59,4.93,6.37,8.59,3.12,5.8,8.59,3.12,5.96,,"Lancashire Holdings Limited — мировой поставщик специализированных продуктов страхования и перестрахования, работающий на Бермудских островах, в Лондоне, США и Австралии. Компания работает в двух сегментах: перестрахование и страхование. Сегмент перестрахования включает перестрахование от несчастных случаев, перестрахование имущества и специализированное перестрахование. Перестрахование от несчастных случаев включает в себя перестрахование от несчастных случаев, профессиональных и финансовых линий, а также перестрахование от несчастных случаев и здоровья. Перестрахование имущества включает классы перестрахования, подверженные катастрофам, а также портфели договоров перестрахования сверхнормативных убытков и других имущественных договоров. Специализированное перестрахование включает предложения по перестрахованию для таких классов, как авиация, морское судоходство и энергетика, а также портфели ретроцессии имущества. Сегмент страхования включает авиационное страхование, страхование от несчастных случаев, энергетическое и морское страхование, страхование имущества и специальное страхование. Страхование от несчастных случаев включает подклассы страхования от несчастных случаев и медицинского страхования, а также небольшое количество профессиональных видов страхования.",
2398,US,TWFG,US87318A1016,TWFG.O,TWFG Inc,0.279834,NSQ,118,Финансы,6,Многолинейное страхование и брокеры,0.36,18.62,,21.3,17.39,19.33,35.69,23.52,28.04,36.85,23.52,29.83,36.85,21.31,29.49,36.85,21.31,29.49,36.85,21.31,29.49,36.85,21.31,29.49,,"TWFG, Inc. предоставляет независимую платформу распространения личного и коммерческого страхования в США. Его предложения полны и гибки, поскольку он предлагает все виды страхования, несколько вариантов дистрибьюторских контрактов, услуги по слияниям и поглощениям (M&A), запатентованные виртуальные помощники, запатентованные технологии, запатентованное премиальное финансирование, неограниченное непрерывное образование, программы признания, кооперативное финансирование, маркетинговую поддержку и в целом более низкие эксплуатационные расходы. Его бизнес-модель, разработанная агентами для агентов, обслуживает более 2500 агентств TWFG и предлагает особый уровень автономии и предпринимательских возможностей. Он предоставляет агентствам TWFG ресурсы, технологии, обучение и доступ к страховым компаниям для достижения успеха на все более сложном рынке. Его независимая дистрибьюторская платформа предлагает своим филиалам и управляющим генеральным агентствам (MGA) выбор контрактов для заключения с ней, включая контракты с филиалами, контракты MGA и контракты с производителями.",
2402,US,ROOT,US77664L2079,ROOT.O,Root Inc,0.673361,NSQ,119,Финансы,6,Страхование имущества и от несчастных случаев,0.3,43.29,,49.57,43.12,46.01,134.0,68.08,92.23,181.14,68.08,108.31,181.14,7.22,79.45,181.14,3.31,55.61,461.34,3.31,72.08,530.64,3.31,81.01,,"Root, Inc. — технологическая страховая компания. Он предоставляет клиентам страховые продукты напрямую потребителю. Он предлагает продукты страхования автомобилей и арендаторов, гарантированные Root Insurance Company и Root Property & Casualty. В основном он достигает клиентов через два канала: прямой и партнерский. Прямой канал увеличивает объем продаж для клиентов с высоким уровнем намерения, встречаясь с клиентами на платформах, которые они используют, таких как поисковые системы или отдельные торговые площадки, одновременно активно покупая страховку. Канал партнерства обеспечивает дифференцированный доступ к клиентам с высоким уровнем намерений, прежде всего в секторах автомобилестроения, финансовых услуг и независимых агентов. Он предоставляет продукты по страхованию автомобилей и арендаторов в основном через свои веб-сайты, мобильные приложения и партнерские каналы, включая встроенный страховой продукт и независимую агентскую платформу. Он использует свою платформу для сбора данных о клиентах, чтобы определить, стоит ли писать и как оценивать свои страховые продукты.",
2403,US,EIG,US2922181043,EIG.N,Employers Holdings Inc,0.800515,NYS,120,Финансы,7,Страхование имущества и от несчастных случаев,0.16,41.09,,42.23,38.69,40.17,47.91,35.73,42.14,52.22,35.73,45.44,54.34,35.73,45.54,54.34,35.45,43.66,54.34,28.72,41.46,54.34,21.48,38.82,,"Employers Holdings, Inc. — холдинговая компания. Компания через свои 100% дочерние страховые компании, Employers Insurance Company of Nevada (EICN), Employers Compensation Insurance Company (ECIC), Employers Preferred Insurance Company (EPIC), Employers Assurance Company (EAC) и Cerity Insurance Company (CIC), занимается страхованием коммерческой недвижимости и страхованием от несчастных случаев, специализируясь на продуктах и ​​услугах по компенсациям работникам, которые ориентированы на малый и средний бизнес, работающий в отраслях с низким и средним уровнем опасности. Компенсация работникам обеспечивает страховое покрытие предусмотренных законом льгот, которые работодатели обязаны предоставлять своим сотрудникам, которые могут получить травму или заболеть в ходе работы. Сегмент страховых операций Компании представляет собой традиционный бизнес, предлагаемый через ее агентов, включая бизнес, возникающий в результате стратегического партнерства и альянсов Компании, а также бизнес, ориентированный непосредственно на клиентов.",
2404,US,IGIC,BMG4809J1062,IGIC.O,International General Insurance Holdings Ltd,0.998433,NAQ,121,Финансы,8,Страхование имущества и от несчастных случаев,0.06,23.78,,25.4,22.14,23.85,25.76,20.82,23.71,26.85,20.82,23.9,26.85,10.73,19.97,26.85,7.27,16.32,26.85,6.26,12.79,26.85,5.11,11.47,,"International General Insurance Holdings Ltd — иорданская коммерческая страховая и перестраховочная компания. Он имеет глобальный портфель в сфере энергетики, недвижимости, авиации общего назначения, строительства и машиностроения, портов и терминалов, морских грузов, морской торговли, непредвиденных обстоятельств, политического насилия, финансовых учреждений, общей ответственности перед третьими лицами, юридических расходов, бизнеса по договорам перестрахования и других. Его сегменты включают Specialty Long-tail, Specialty Short-tail и перестрахование. Его специализированный сегмент «длинный хвост» включает в себя деятельность по страхованию от несчастных случаев, деятельность финансовых учреждений, деятельность по морской ответственности и деятельность по страхованию неотъемлемых дефектов. Его специализированный сегмент Short-tail включает в себя энергетику, недвижимость, строительство и проектирование, политическое насилие, порты и терминалы, морские грузы, аварийные ситуации и авиацию общего назначения. Сегмент перестрахования включает бизнес по договорам внутреннего перестрахования.",
2411,US,RITPF,GB0007366395,RITPF.PK,RIT Capital Partners PLC,3.739007,PNK,122,Финансы,1,Инвестиционные фонды Великобритании,0.0,29.49,,30.5,0.0,9.0,30.5,25.5,27.26,30.5,23.86,26.71,30.5,21.98,25.59,30.5,21.98,24.91,37.68,21.98,28.94,37.68,17.35,26.38,,"RIT Capital Partners plc — инвестиционный фонд со штаб-квартирой в Великобритании. Целью Компании является обеспечение долгосрочного роста капитала, сохраняя при этом капитал акционеров для инвестирования без ограничений формального ориентира, но обеспечивая акционерам увеличение стоимости капитала, превышающее соответствующие индексы с течением времени. Его инвестиционная политика заключается в инвестировании в диверсифицированный международный портфель по ряду классов активов, как котируемых, так и некотируемых. Компания инвестирует в ряд категорий активов, включая котируемые акции, частные инвестиции, абсолютную доходность и кредит, реальные активы, государственные облигации и процентные ставки, а также валюту. Инвестиционным менеджером Компании является J. Rothschild Capital Management Limited.",
2414,US,UTG,US7561581015,UTG.N,Reaves Utility Income Fund,3.576669,NYS,123,Финансы,1,Закрытые фонды,0.0,39.17,,42.07,38.36,40.08,41.65,35.66,37.87,41.65,27.71,35.56,41.65,25.27,32.27,41.65,23.33,30.77,41.65,23.33,31.49,41.65,19.52,31.83,,"Reaves Utility Income Fund (Фонд) – это диверсифицированная инвестиционная компания с закрытым управлением. Инвестиционная цель Фонда состоит в том, чтобы обеспечить высокий уровень дохода после уплаты налогов и совокупного дохода, состоящего, главным образом, из налоговых льгот в виде дивидендов и прироста стоимости капитала. В нормальных рыночных условиях Фонд инвестирует не менее 80% своих совокупных активов в приносящие дивиденды обыкновенные и привилегированные акции компаний коммунального хозяйства. Фонд преследует свою инвестиционную цель, инвестируя не менее 80% своих общих активов в ценные бумаги отечественных и иностранных компаний, участвующих в значительной степени в предоставлении продуктов, услуг или оборудования для производства или распределения электроэнергии, газа или воды; телекоммуникационная деятельность и инфраструктурные операции, такие как аэропорты, платные дороги и муниципальные службы. Фонд может инвестировать в привилегированные акции и облигации качества ниже инвестиционного уровня (мусорные облигации). Инвестиционным консультантом Фонда является У.Х. Ривз и Ко., Инк.",
2449,US,BXMX,US6706ER1015,BXMX.K,Nuveen S&P 500 BuyWrite Income Fund,0.0,NYQ,124,Финансы,2,Закрытые фонды,0.12,0.0,,14.68,13.24,14.05,14.71,13.6,14.25,14.71,11.25,13.85,14.71,11.25,13.6,14.71,11.25,13.4,15.22,11.25,13.54,15.22,7.77,13.28,,"Nuveen S&P 500 Buy-Write Income Fund (Фонд) является инвестиционной компанией с закрытым управлением. Инвестиционная цель фонда состоит в том, чтобы добиться привлекательного общего дохода с меньшей волатильностью, чем индекс S&P 500. При нормальных обстоятельствах Фонд будет инвестировать не менее 80% своих активов в диверсифицированный портфель акций, состоящий из ценных бумаг, входящих в индекс S&P 500 (или ценных бумаг, экономические характеристики которых аналогичны ценным бумагам, входящим в индекс S&P 500), который направлен на существенное воспроизведение ценовых движений индекса S&P 500 и предназначен для поддержки опционной стратегии Фонда. Фонд инвестирует в различные сектора, включая автомобили и комплектующие, средства производства, распространение и розничную торговлю потребительскими товарами, финансовые услуги, медицинское оборудование и услуги, товары для дома и личного пользования, страхование, средства массовой информации и развлечения и другие. Инвестиционным консультантом фонда является компания Nuveen Fund Advisors, LLC.",
2450,US,CET,US1551231020,CET.N,Central Securities Corp,1.435503,NYS,125,Финансы,3,Закрытые фонды,0.0,48.52,,52.34,0.0,44.18,52.19,47.86,50.28,52.19,40.62,48.25,52.19,37.2,46.18,52.19,34.1,44.02,52.19,32.09,42.66,52.19,19.81,37.85,,"Central Securities Corporation — недиверсифицированная инвестиционная компания с закрытым управлением. Инвестиционной целью Компании является долгосрочный рост капитала. Доход, полученный от инвестиций, имеет второстепенное значение. Для достижения своей инвестиционной цели Компания инвестирует преимущественно в долевые ценные бумаги. Он владеет ограниченным числом компаний и инвестирует на долгосрочную перспективу. Компания может продавать ценные бумаги по разным причинам, включая завышенную оценку, ухудшение результатов или перераспределение активов в более перспективные направления. Он не ограничен в отношении типов ценных бумаг, в которые он инвестирует. Компания может инвестировать в ценные бумаги эмитентов любой рыночной капитализации. Компания инвестирует в различные сектора, включая страховых андеррайтеров, диверсифицированное финансовое, полупроводниковое, технологическое оборудование и оборудование, услуги связи, здравоохранение, энергетику, программное обеспечение и услуги, страховых брокеров и недвижимость, среди других.",
2452,US,BTX,US09260Q1085,BTX.N,BlackRock Technology and Private Equity Term Trust,0.734108,NYS,126,Финансы,4,Закрытые фонды,0.22,6.29,,6.82,6.13,6.49,7.5,6.14,6.94,8.3,5.1,6.97,8.3,5.1,7.26,8.35,5.1,7.31,23.05,5.1,9.61,23.05,5.1,9.61,,"Blackrock Technology and Private Equity Term Trust, ранее называвшаяся BlackRock Innovation and Growth Term Trust («Траст»), является инвестиционной компанией с закрытым управлением. Инвестиционные цели Траста заключаются в обеспечении общей прибыли и дохода за счет сочетания текущего дохода, текущей прибыли и долгосрочного прироста капитала. При нормальных рыночных условиях Траст будет инвестировать не менее 80% своих общих активов в комбинацию долевых ценных бумаг, выпущенных американскими и неамериканскими технологическими и частными компаниями. Инвестиционным консультантом Траста является BlackRock Advisors, LLC (советник).",
2453,US,OXLCP,US6915436074,OXLCP.O,Oxford Lane Capital Corp,0.913796,NSQ,127,Финансы,5,Закрытые фонды,0.0,24.58,,24.91,24.4,24.68,24.97,24.1,24.47,24.97,23.75,24.34,24.97,22.9,24.0,24.97,21.72,23.6,25.7,21.3,23.91,25.7,11.01,23.59,,"Oxford Lane Capital Corp. (Фонд) – инвестиционная компания закрытого типа. Инвестиционная цель Фонда — максимизировать общую доходность своего портфеля с поправкой на риск. Фонд стремится достичь своей инвестиционной цели путем инвестирования в инвестиции в структурированное финансирование, в частности в акционерный капитал и младшие транши долговых обязательств по обеспеченным кредитным обязательствам (CLO), которые обеспечены в первую очередь разнообразным портфелем старших обеспеченных кредитов, выданных компаниям, долг которых не имеет рейтинга или имеет рейтинг ниже инвестиционного уровня (Старшие кредиты) и, в ограниченной степени, субординированных и/или необеспеченных кредитов и облигаций (Активы CLO). Ценные бумаги ниже инвестиционного уровня, такие как ценные бумаги CLO, в которые Фонд в первую очередь намеревается инвестировать, часто называют мусорными. Инвестиционной деятельностью Фонда управляет компания Oxford Lane Management, LLC (Оксфорд Лейн Менеджмент), которая является его инвестиционным консультантом.",
2454,US,OXLCO,US6915438054,OXLCO.O,Oxford Lane Capital Corp,0.913796,NSQ,128,Финансы,6,Закрытые фонды,0.0,23.28,,23.66,23.07,23.35,24.01,22.95,23.34,24.01,22.28,23.13,24.01,21.69,22.81,24.01,20.2,22.4,26.0,19.99,22.88,26.0,19.99,22.88,,"Oxford Lane Capital Corp. (Фонд) – инвестиционная компания закрытого типа. Инвестиционная цель Фонда — максимизировать общую доходность своего портфеля с поправкой на риск. Фонд стремится достичь своей инвестиционной цели путем инвестирования в инвестиции в структурированное финансирование, в частности в акционерный капитал и младшие транши долговых обязательств по обеспеченным кредитным обязательствам (CLO), которые обеспечены в первую очередь разнообразным портфелем старших обеспеченных кредитов, выданных компаниям, долг которых не имеет рейтинга или имеет рейтинг ниже инвестиционного уровня (Старшие кредиты) и, в ограниченной степени, субординированных и/или необеспеченных кредитов и облигаций (Активы CLO). Ценные бумаги ниже инвестиционного уровня, такие как ценные бумаги CLO, в которые Фонд в первую очередь намеревается инвестировать, часто называют мусорными. Инвестиционной деятельностью Фонда управляет компания Oxford Lane Management, LLC (Оксфорд Лейн Менеджмент), которая является его инвестиционным консультантом.",
2455,US,OXLC,US6915438476,OXLC.O,Oxford Lane Capital Corp,0.913796,NSQ,129,Финансы,7,Закрытые фонды,1.73,9.41,,9.49,8.01,8.68,21.15,12.88,16.62,25.95,12.88,20.05,28.9,12.88,23.19,31.35,12.88,24.11,42.65,12.88,27.92,59.0,9.3,36.86,,"Oxford Lane Capital Corp. (Фонд) – инвестиционная компания закрытого типа. Инвестиционная цель Фонда — максимизировать общую доходность своего портфеля с поправкой на риск. Фонд стремится достичь своей инвестиционной цели путем инвестирования в инвестиции в структурированное финансирование, в частности в акционерный капитал и младшие транши долговых обязательств по обеспеченным кредитным обязательствам (CLO), которые обеспечены в первую очередь разнообразным портфелем старших обеспеченных кредитов, выданных компаниям, долг которых не имеет рейтинга или имеет рейтинг ниже инвестиционного уровня (Старшие кредиты) и, в ограниченной степени, субординированных и/или необеспеченных кредитов и облигаций (Активы CLO). Ценные бумаги ниже инвестиционного уровня, такие как ценные бумаги CLO, в которые Фонд в первую очередь намеревается инвестировать, часто называют мусорными. Инвестиционной деятельностью Фонда управляет компания Oxford Lane Management, LLC (Оксфорд Лейн Менеджмент), которая является его инвестиционным консультантом.",
2457,US,OXLCN,US6915438708,OXLCN.O,Oxford Lane Capital Corp,0.913796,NSQ,130,Финансы,8,Закрытые фонды,0.0,24.24,,24.67,24.06,24.29,24.76,24.05,24.34,24.76,23.4,24.21,24.76,23.2,24.07,24.76,21.85,23.7,25.03,21.4,23.66,25.03,21.4,23.66,,"Oxford Lane Capital Corp. (Фонд) – инвестиционная компания закрытого типа. Инвестиционная цель Фонда — максимизировать общую доходность своего портфеля с поправкой на риск. Фонд стремится достичь своей инвестиционной цели путем инвестирования в инвестиции в структурированное финансирование, в частности в акционерный капитал и младшие транши долговых обязательств по обеспеченным кредитным обязательствам (CLO), которые обеспечены в первую очередь разнообразным портфелем старших обеспеченных кредитов, выданных компаниям, долг которых не имеет рейтинга или имеет рейтинг ниже инвестиционного уровня (Старшие кредиты) и, в ограниченной степени, субординированных и/или необеспеченных кредитов и облигаций (Активы CLO). Ценные бумаги ниже инвестиционного уровня, такие как ценные бумаги CLO, в которые Фонд в первую очередь намеревается инвестировать, часто называют мусорными. Инвестиционной деятельностью Фонда управляет компания Oxford Lane Management, LLC (Оксфорд Лейн Менеджмент), которая является его инвестиционным консультантом.",
2459,US,GAM,US3688021043,GAM.N,General American Investors Co Inc,1.556252,NYS,131,Финансы,9,Закрытые фонды,0.0,56.97,,62.04,56.86,59.75,64.4,56.01,59.83,64.4,44.12,55.92,64.4,41.88,52.45,64.4,35.88,48.39,64.4,33.23,45.12,64.4,22.05,39.35,,"General American Investors Company, Inc. — закрытая инвестиционная компания с диверсифицированным управлением. Основной инвестиционной целью Компании является долгосрочное увеличение капитала. Компания ищет инвестиции по всему миру в государственные и частные компании. Компания инвестирует в различные отрасли промышленности, такие как информационные технологии, финансы, потребительские товары, здравоохранение, потребительские товары, промышленность, услуги связи, энергетика, материалы и другие. В портфель компании входят Republic Services, Inc., Microsoft Corporation, Arch Capital Group Ltd., Alphabet Inc., Berkshire Hathaway Inc., Apple Inc., Everest Group, Ltd., The TJX Companies, Inc., ASML Holding N.V. и Amazon.com, Inc.",
2461,US,TGONF,GG00B1RMC548,TGONF.PK,Tetragon Financial Group Ltd,1.983662,PNK,132,Финансы,10,Закрытые фонды,0.0,13.96,,15.14,0.0,9.08,19.62,15.3,18.12,19.62,13.25,17.14,19.62,9.5,15.63,19.62,9.0,14.08,19.62,8.18,11.76,19.62,6.48,11.54,,"Tetragon Financial Group Limited — инвестиционная компания закрытого типа. Компания ориентирована на обеспечение стабильной прибыли инвесторам в зависимости от экономических циклов и рыночных условий. Инвестиционной целью Компании является получение распределяемого дохода и увеличение стоимости капитала. Акции Компании без права голоса котируются на Euronext в Амстердаме, регулируемом рынке Euronext Amsterdam N.V., и торгуются в сегменте специализированных фондов основного рынка Лондонской фондовой биржи. Инвестиционный портфель Компании включает ряд диверсифицированных альтернативных активов, включая частный акционерный и венчурный капитал, недвижимость, банковские кредиты, юридические активы, акции, ориентированные на события, другие хедж-фонды и конвертируемые облигации, другие акции и кредиты, а также частные инвестиции в компании по управлению активами. Инвестиционным менеджером компании является Tetragon Financial Management LP.",
2473,US,NBXG,US64133Q1085,NBXG.K,Neuberger Next Generation Connectivity Fund Inc,0.972704,NYQ,133,Финансы,11,Закрытые фонды,0.21,12.35,,13.68,12.32,13.09,15.66,13.52,14.8,15.66,10.05,13.89,15.66,10.05,13.07,15.66,9.05,12.15,20.76,8.71,12.93,20.76,8.71,12.93,,"Neuberger Next Generation Connectivity Fund Inc. (Фонд), ранее называвшийся Neuberger Berman Next Generation Connectivity Fund Inc., является недиверсифицированной инвестиционной компанией закрытого типа с ограниченным сроком действия. Фонд стремится обеспечить прирост капитала и доход. Для достижения своих инвестиционных целей Фонд в нормальных рыночных условиях инвестирует не менее 80% своих общих активов в долевые ценные бумаги, выпущенные компаниями из США и за пределами США, в любом диапазоне рыночной капитализации, которые имеют отношение к теме инвестирования в компании следующего поколения. Фонд считает, что следующим поколением являются компании, которые демонстрируют значительный потенциал роста за счет разработки, продвижения, использования или продажи продуктов, процессов или услуг, связанных с мобильными сетями пятого поколения и будущими поколениями средств связи и технологий мобильных сетей. Инвестиционным менеджером и администратором Фонда является компания Neuberger Berman Investment Advisers LLC.",
2475,US,OCSL,US67401P4054,OCSL.O,Oaktree Specialty Lending Corp,0.987439,NSQ,134,Финансы,12,Закрытые фонды,0.72,11.21,,11.61,10.63,11.26,14.76,12.44,13.56,16.29,12.44,14.21,21.64,12.44,16.18,21.64,12.44,17.3,22.89,12.44,18.46,22.89,6.83,16.56,,"Oaktree Specialty Lending Corporation — специализированная финансовая компания. Компания занимается предоставлением индивидуальных универсальных кредитных решений компаниям с ограниченным доступом к публичным или синдицированным рынкам капитала. Инвестиционная цель Компании заключается в получении текущего дохода и прироста капитала путем предоставления компаниям финансовых решений, включая кредиты первого и второго залога, необеспеченные и мезонинные кредиты, а также привилегированные акции. Компания также может стремиться к получению прироста стоимости капитала и дохода за счет вторичных инвестиций со скидками к номиналу в частных или синдицированных сделках. В его портфель также могут входить определенные структуры структурированного финансирования и другие нетрадиционные структуры. В его портфель инвестиций входят прикладное программное обеспечение, многоотраслевые холдинги, обработка данных и аутсорсинговые услуги, фармацевтика, биотехнологии, услуги здравоохранения, специализированные финансы и другие. Компания находится под внешним управлением Oaktree Fund Advisors, LLC (Oaktree).",
2477,US,KBDC,US48662X1054,KBDC.K,Kayne Anderson BDC Inc,0.920942,NYQ,135,Финансы,13,Закрытые фонды,0.36,13.75,,14.26,13.45,13.81,16.28,13.06,14.88,17.99,13.06,15.59,17.99,13.06,15.85,17.99,13.06,15.85,17.99,13.06,15.85,17.99,13.06,15.85,,"Kayne Anderson BDC, Inc. — закрытая, недиверсифицированная инвестиционная компания с внешним управлением. Компания инвестирует в основном в кредиты с приоритетным обеспечением первого залога, уделяя второстепенное внимание кредитам с единым траншем и кредитам с разделенным залогом, предоставленным частным компаниям среднего рынка. Его инвестиционная цель — получение текущего дохода и, в меньшей степени, прирост капитала, в первую очередь за счет долговых инвестиций в компании среднего бизнеса. Инвестиционным консультантом Компании является компания KA Credit Advisors, LLC. Компания инвестирует в продукты личной гигиены, услуги информационных технологий (ИТ), аэрокосмическую и оборонную промышленность, продукты питания и другие отрасли.",
2478,US,AOD,US00326L1008,AOD.N,abrdn Total Dynamic Dividend Fund,0.933064,NYS,136,Финансы,14,Закрытые фонды,0.11,8.85,,10.57,8.76,9.62,10.01,8.77,9.36,10.01,7.0,8.93,10.01,7.0,8.69,10.01,7.0,8.45,10.5,6.87,8.76,10.5,5.04,8.49,,"abrdn Total Dynamic Dividend Fund (Фонд) – диверсифицированная инвестиционная компания с закрытым управлением. Основной инвестиционной целью Фонда является получение высокого текущего дохода в виде дивидендов. Фонд также фокусируется на долгосрочном росте капитала как вторичной инвестиционной цели. Фонд использует многокапиталистический, многосекторальный и многостилевой подход для инвестирования в ценные бумаги эмитентов любого уровня капитализации (малой, средней или крупной) и в любом секторе промышленности. Фонд инвестирует не менее 80% своих чистых активов плюс суммы, заимствованные для инвестиционных целей, в долевые ценные бумаги, в первую очередь обыкновенные акции, выпущенные отечественными и иностранными компаниями, чьи долевые ценные бумаги легко торгуются на сложившемся рынке ценных бумаг в США или за рубежом и приносят дивиденды. Портфель фонда включает инвестиции в различные сектора, такие как информационные технологии, финансы, здравоохранение, потребительский сектор, промышленность и многое другое. abrdn Investments Limited выступает инвестиционным консультантом Фонда.",
2479,US,HQH,US87911J1034,HQH.N,abrdn Healthcare Investors,0.957553,NYS,137,Финансы,15,Закрытые фонды,0.02,17.25,,18.88,17.15,18.14,19.69,15.49,17.61,19.69,13.78,16.98,19.73,13.78,17.26,19.73,13.78,17.14,28.02,13.78,19.24,29.49,13.77,20.66,,"abrdn Healthcare Investors (Фонд) – недиверсифицированная инвестиционная компания закрытого типа. Инвестиционная цель Фонда – добиться долгосрочного прироста капитала путем инвестирования преимущественно в ценные бумаги компаний здравоохранения. Кроме того, он стремится обеспечить регулярное распределение реализованного прироста капитала. Он может инвестировать до 20% своих чистых активов в ценные бумаги иностранных эмитентов, расположенных преимущественно в Западной Европе, Канаде и Японии, а также ценные бумаги эмитентов США, обращающиеся на зарубежных рынках. Он инвестирует в отрасли здравоохранения и ориентирован на небольшие развивающиеся компании, инвестируя максимум 40% активов Фонда в ограниченные ценные бумаги как публичных, так и частных компаний. Он инвестирует в такие подотрасли, как биотехнологии, фармацевтика, медицинское оборудование, поставки медицинских товаров, инструменты и услуги для медико-биологических наук, дистрибьюторы медицинских услуг, управляемое здравоохранение и другие. abrdn Inc. является инвестиционным консультантом Фонда.",
2480,US,BBN,US09248X1000,BBN.N,BlackRock Taxable Municipal Bond Trust,0.969525,NYS,138,Финансы,16,Закрытые фонды,0.04,15.69,,16.68,15.58,16.08,17.43,15.6,16.56,17.43,15.39,16.38,18.42,15.39,16.5,18.5,14.33,16.52,27.12,14.33,18.98,27.46,14.33,21.09,,"BlackRock Taxable Муниципальные облигации Trust («Траст») — это диверсифицированная инвестиционная компания с закрытым управлением. Инвестиционная цель Траста состоит в получении высокого текущего дохода, а второстепенной целью является повышение стоимости капитала. Он стремится достичь своих инвестиционных целей путем инвестирования в первую очередь в портфель облагаемых налогом муниципальных ценных бумаг, включая облигации Build America Bonds (BAB), выпущенные правительствами штатов и местными властями для финансирования капитальных проектов, таких как государственные школы, дороги, транспортная инфраструктура, мосты, порты и общественные здания. В нормальных рыночных условиях Траст инвестирует не менее 80% своих управляемых активов в облагаемые налогом муниципальные ценные бумаги, которые относятся к категории BAB. Траст инвестирует до 20% своих управляемых активов в ценные бумаги, кроме облагаемых налогом муниципальных ценных бумаг. Траст инвестирует не менее 80% своих управляемых активов в ценные бумаги, которые на момент покупки имеют инвестиционное качество. BlackRock Advisors, LLC является инвестиционным менеджером траста.",
2481,US,MUC,US09254L1070,MUC.N,BlackRock Muniholdings California Quality Fund Inc,0.964443,NYS,139,Финансы,17,Закрытые фонды,0.04,10.24,,11.01,10.22,10.69,10.94,10.0,10.55,11.13,9.97,10.58,11.64,9.97,10.84,11.71,9.19,10.77,16.43,9.19,12.0,16.43,9.19,13.08,,"BlackRock MuniHoldings California Quality Fund, Inc. (Траст) — это диверсифицированная инвестиционная компания с закрытым управлением. Инвестиционная цель траста — предоставить акционерам текущий доход, освобожденный от федерального подоходного налога США и подоходного налога с населения штата Калифорния. Он стремится достичь своей инвестиционной цели, инвестируя в первую очередь в муниципальные обязательства, освобожденные от федерального подоходного налога США и подоходного налога с населения Калифорнии. В нормальных рыночных условиях он инвестирует не менее 80% своих активов в муниципальные облигации инвестиционного уровня с оставшимся сроком погашения один год или более на момент инвестирования. Он может инвестировать до 20% своих управляемых активов в ценные бумаги, рейтинг которых ниже инвестиционного уровня или которые, по мнению инвестиционного консультанта Траста, имеют сопоставимое качество на момент покупки. Он может инвестировать напрямую в ценные бумаги или синтетически, используя деривативы. Инвестиционным консультантом Траста является компания BlackRock Advisors, LLC.",
2501,US,ASHGY,US0450552098,ASHGY.PK,Ashtead Group Ltd,29.729143,PNK,1,Промышленность,1,Услуги поддержки бизнеса,0.0,72.75,,0.0,0.0,0.0,77.58,59.62,68.66,77.58,46.5,63.93,84.49,46.5,67.69,84.49,46.5,66.64,87.42,40.42,65.66,87.42,11.05,45.52,,"Ashtead Group plc — это международная компания по аренде оборудования со штаб-квартирой в Великобритании, имеющая национальные сети в США, Канаде и Великобритании под торговой маркой Sunbelt Rentals. Компания сдает в аренду разнообразное строительное и промышленное оборудование различного назначения для разнообразной клиентской базы. Его оборудование можно использовать для подъема, подачи энергии, генерации, перемещения, копания, уплотнения, бурения, поддержки, очистки, перекачивания, направления, обогрева и вентиляции. Операционные сегменты компании включают Северную Америку – инструмент общего назначения, Северную Америку – специализированный инструмент и Великобританию. North America General Tool — это компания по аренде оборудования общего назначения, работающая по всей Северной Америке и насчитывающая около 800 магазинов. North America Specialty — это подразделение компании по аренде специального оборудования, работающее по всей Северной Америке и насчитывающее около 592 магазинов. Подразделения компании в Великобритании сдают в аренду различное оборудование, в основном клиентам, работающим в сфере промышленности и строительства.",
2519,US,BVRDF,FR0006174348,BVRDF.PK,Bureau Veritas SA,13.810029,PNK,2,Промышленность,2,Услуги поддержки бизнеса,0.0,31.35,,31.35,0.0,3.92,33.16,29.97,31.78,34.15,29.27,31.59,34.15,26.83,30.87,34.15,23.07,28.63,34.34,21.68,29.08,34.34,16.91,24.61,,"Bureau Veritas SA, ранее называвшееся Bureau Veritas Registre International de Classification de Navires et d’Aeronefs, — французская компания, занимающаяся преимущественно сектором поддержки бизнеса. Он предлагает широкий спектр услуг, включая управление активами, сертификацию, услуги по классификации, консалтинг, проверки и аудиты, тестирование и анализ, а также обучение. Он присутствует в более чем 140 странах через сеть офисов и лабораторий. Компания осуществляет свою деятельность через свои дочерние компании, в том числе BV Algeria, BV Argentina, Bivac Congo и Cesmec Чили, UniCar Group, Quiktrak Inc, Dairy Technic Services Ltd; Sistema PRI, бразильская компания, специализирующаяся на помощи в управлении проектами; Analysts Inc, американский специалист по мониторингу состояния масла (OCM); MatthewsDaniel Ltd, предоставляющая услуги для страхового рынка, Ningbo Hengxin Engineering Testing Co, Ltd (Ningbo Hengxin), Kuhlmann Monitoramento Agricola Ltda, SIEMIC Inc, California Code Check and Primary Integration Solutions.",
2528,US,TOPPY,US8907473065,TOPPY.PK,TOPPAN Holdings Inc,7.97661,PNK,3,Промышленность,1,Услуги коммерческой печати,0.0,13.42,,18.1,0.0,12.15,17.19,10.77,13.76,17.19,10.77,13.7,17.19,10.77,13.49,17.19,7.1,12.47,30.74,6.79,10.88,30.74,6.04,9.85,,"TOPPAN Holdings Inc — японская компания, занимающаяся информацией и коммуникациями, образом жизни и промышленностью, а также электронным бизнесом. Компания работает в трех бизнес-сегментах. Сегмент «Информация и связь» предоставляет услуги поставщика услуг приложений для подарочных карт (ASP), решения радиочастотной идентификации (RFID), услуги, связанные с платежами, производство цифрового контента, работу бэк-офиса и услуги по контакту с клиентами, ценные бумаги, карты на интегральных схемах (IC) и другие. Коммуникационный медиа-бизнес предоставляет инструменты стимулирования продаж (SP) и управляет мероприятиями. Сегмент «Образ жизни и промышленность» предлагает гибкие упаковочные материалы, различные контейнеры, чернила и многое другое. Бизнес-сегмент электроники занимается поставкой цветных фильтров для дисплеев, антибликовых пленок, жидкокристаллических панелей для дисплеев на тонкопленочных транзисторах (TFT) малого и среднего размера и пленок для управления светом, а также фотошаблонов и подложек с решетчатыми шариковыми решетками (FC-BGA).",
2530,US,DNPLY,US2338063066,DNPLY.PK,Dai Nippon Printing Co Ltd,7.747317,PNK,4,Промышленность,2,Услуги коммерческой печати,0.0,8.78,,10.36,8.65,9.51,9.0,7.34,8.34,9.0,6.07,7.78,9.45,6.07,7.85,9.45,4.74,7.49,9.45,4.28,6.7,9.45,4.15,6.08,,"Dai Nippon Printing Co Ltd — японская компания, занимающаяся бизнес-деятельностью, связанной с интеллектуальными коммуникациями, жизнью и здравоохранением, а также электроникой, в основном в сфере полиграфии и производства безалкогольных напитков. Компания работает в трех бизнес-сегментах. Сегмент интеллектуальных коммуникаций занимается предоставлением книг, журналов, учебников, электронных книг, цифровой маркетинговой поддержкой для стимулирования продаж и анализа клиентов, каталогами, листовками, брошюрами, календарями, термотрансферной продукцией и библиотечной деятельностью. Сегмент Life & Healthcare занимается производством и продажей материалов для литий-ионных аккумуляторов, материалов для солнечных батарей, материалов для транспортировки электронных компонентов, многофункциональных теплоизоляционных коробок, фруктовых соков, функциональных напитков, материалов для интерьера и экстерьера, а также фармацевтических препаратов. Сегмент «Электроника» производит и реализует оптические пленки для дисплеев, фотошаблоны большого размера для жидкокристаллических дисплеев, фотошаблоны для полупроводниковой продукции и другую продукцию.",
2536,US,FMOCY,US3444153023,FMOCY.PK,Fomento de Construcciones y Contratas SA,5.682722,PNK,5,Промышленность,1,Экологические услуги и оборудование,0.0,2.25,,0.0,0.0,0.0,2.74,1.35,2.11,2.74,1.35,2.11,2.74,1.35,1.91,2.74,1.35,1.91,2.74,1.21,1.76,3.22,0.59,1.3,,"Fomento de Construcciones y Contratas SA (FCC) — испанская компания, занимающаяся преимущественно предоставлением экологических услуг. Деятельность компании разделена на четыре бизнес-направления: экологические услуги, строительство, водное хозяйство и цемент. Подразделение экологических услуг занимается, среди прочего, уборкой улиц, обслуживанием городских парков и садов, утилизацией промышленных отходов, переработкой и переработкой отходов. Ее строительное подразделение предлагает проектирование и строительство гражданских объектов, таких как дороги, железные дороги, аэропорты и гидротехнические проекты, а также жилых и нежилых зданий. Подразделение управления водными ресурсами осуществляет интегрированный цикл управления водными ресурсами, который включает забор, очистку, обработку и распределение сточных вод. Подразделение «Цемент» производит цемент, бетон, заполнители и растворы. Компания работает через многочисленные дочерние компании в Европе, Америке, Африке и на Ближнем Востоке.",
2549,US,SCGPY,US81748L2097,SCGPY.PK,Serco Group PLC,3.817134,PNK,6,Промышленность,3,Услуги поддержки бизнеса,0.0,3.6,,4.35,0.0,2.54,3.58,2.74,3.09,3.58,1.86,2.68,3.58,1.72,2.46,3.58,1.62,2.31,3.58,1.55,2.19,3.58,1.02,1.96,,"Serco Group plc — международный поставщик важнейших государственных услуг. Основное внимание компании уделяется обслуживанию государственного сектора по всему миру. Его основные возможности включают разработку услуг и консультирование, обеспечение ресурсами, управление сложными программами, системную интеграцию, управление делами, проектирование, а также управление активами и объектами. Его сегменты включают Великобританию и Европу, Северную Америку, Азиатско-Тихоокеанский регион, Ближний Восток и корпоративный бизнес. Его сегмент UK&E предлагает услуги для таких секторов, как гражданские услуги, оборона, здравоохранение и управление другими объектами, юстиция, иммиграция и транспорт, предоставляемые правительству Соединенного Королевства, переданным органам власти Соединенного Королевства и другим клиентам государственного сектора в Соединенном Королевстве и Европе. Его сегмент Северной Америки предлагает услуги для таких секторов, как гражданские услуги, оборона и транспорт, предоставляемые федеральным и гражданским агентствам США, правительствам отдельных штатов и муниципальных образований, а также правительству Канады.",
2559,US,MITFY,US60671Y1073,MITFY.PK,Mitie Group PLC,2.915421,PNK,7,Промышленность,4,Услуги поддержки бизнеса,0.0,8.8,,9.66,0.0,8.05,9.57,7.11,7.99,9.57,5.25,7.37,9.57,4.88,6.59,9.57,3.63,6.07,9.57,2.2,5.4,12.16,1.21,5.77,,"Mitie Group plc — технологическая компания по преобразованию объектов. Компания является поставщиком услуг по тестированию, инспекциям и сертификации (TIC) в области пожарной безопасности, систем безопасности, гигиены воды и воздуха, а также обращения с асбестом. Его полное предложение по соблюдению требований пожарной безопасности включает в себя комплексные услуги противопожарной защиты, которые включают как активные системы, такие как сигнализация и обнаружение, так и пассивные решения, такие как тушение и остановка пожара. Он предоставляет передовые технологии безопасности, адаптированные к таким секторам, как здравоохранение, розничная торговля и национальная инфраструктура. В сфере экологических услуг компания поддерживает клиентов в вопросах гигиены воздуха, контроля над асбестом и устойчивого управления отходами. Кроме того, как лицензированный розничный продавец воды, он предоставляет комплексное решение по управлению дождевой водой, охватывающее снабжение, очистку и дренаж, решая проблемы, связанные с нехваткой воды, вызванной изменением климата. Также компания специализируется на оказании услуг по обслуживанию холодильного оборудования.",
2575,US,PCTTU,US74623V2025,PCTTU.O,Purecycle Technologies Inc,0.91447,NAQ,8,Промышленность,2,Экологические услуги и оборудование,0.0,6.2,,8.59,0.0,3.02,23.85,8.99,16.81,23.85,6.6,12.48,23.85,3.0,10.96,23.85,3.0,10.07,49.95,3.0,14.02,49.95,3.0,13.57,,"PureCycle Technologies, Inc. выводит на рынок запатентованную технологию переработки отходов очистки, первоначально разработанную компанией Procter & Gamble Company, для восстановления отходов полипропилена в смолу с характеристиками, близкими к первозданным, под названием смола PureFive. Смола PureFive представляет собой производимую ею переработанную смолу, включая сверхчистую смолу и другие сорта, используемые для компаундирования в соответствии со спецификациями клиентов. Его процесс включает в себя три этапа. Предварительная обработка сырья собирает, сортирует и подготавливает полипропиленовые отходы к очистке. Этап очистки представляет собой процесс рециркуляции очистки, в котором используется сочетание растворителя, температуры и давления для возврата сырья в состояние, близкое к исходному, с помощью новой конфигурации коммерчески доступного оборудования и операций установки. Составление смеси позволяет модифицировать смолу в соответствии с квалификацией конечного пользователя, при этом текучесть расплава, гибкость, прозрачность и прочность являются некоторыми из свойств, которые можно адаптировать посредством составления смеси.",
2576,US,PCT,US74623V1035,PCT.O,Purecycle Technologies Inc,0.91447,NAQ,9,Промышленность,3,Экологические услуги и оборудование,4.57,5.06,,6.45,4.97,5.75,17.37,7.42,12.26,17.37,5.4,10.63,17.37,2.38,8.87,17.37,2.38,8.25,35.75,2.38,10.09,35.75,2.38,10.16,,"PureCycle Technologies, Inc. выводит на рынок запатентованную технологию переработки отходов очистки, первоначально разработанную компанией Procter & Gamble Company, для восстановления отходов полипропилена в смолу с характеристиками, близкими к первозданным, под названием смола PureFive. Смола PureFive представляет собой производимую ею переработанную смолу, включая сверхчистую смолу и другие сорта, используемые для компаундирования в соответствии со спецификациями клиентов. Его процесс включает в себя три этапа. Предварительная обработка сырья собирает, сортирует и подготавливает полипропиленовые отходы к очистке. Этап очистки представляет собой процесс рециркуляции очистки, в котором используется сочетание растворителя, температуры и давления для возврата сырья в состояние, близкое к исходному, с помощью новой конфигурации коммерчески доступного оборудования и операций установки. Составление смеси позволяет модифицировать смолу в соответствии с квалификацией конечного пользователя, при этом текучесть расплава, гибкость, прозрачность и прочность являются некоторыми из свойств, которые можно адаптировать посредством составления смеси.",
2592,US,MLKN,US6005441000,MLKN.O,MillerKnoll Inc,0.961642,NSQ,10,Промышленность,1,Товары для поддержки бизнеса,1.73,14.09,,20.05,14.04,18.43,22.23,13.77,18.27,23.46,13.77,18.69,31.73,13.77,22.65,31.73,13.2,22.0,51.24,13.2,27.21,51.24,13.2,30.49,,"MillerKnoll, Inc. занимается исследованием, проектированием, производством, продажей и распространением продукции для сидения, мебельных систем, других отдельно стоящих элементов мебели, текстиля, кожи, войлока, предметов интерьера и сопутствующих услуг. Его сегменты включают контракты для Америки, международные контракты и специальности, а также глобальную розничную торговлю. Контрактный сегмент Америки включает операции, связанные с проектированием, производством и продажей мебельной продукции прямо или косвенно через независимую дилерскую сеть для офисов, учреждений здравоохранения и образования по всей Северной и Южной Америке. Сегмент International Contract & Specialty включает в себя операции, связанные с проектированием, производством и продажей мебельной продукции, прямо или косвенно через независимую дилерскую сеть в Европе, на Ближнем Востоке, в Африке и Азиатско-Тихоокеанском регионе. Сегмент Global Retail включает операции, связанные с продажей современной дизайнерской мебели и аксессуаров сторонним ритейлерам.",
2596,US,ANPA,VGG7555P1018,ANPA.O,Rich Sparkle Holdings Ltd,0.099625,NAQ,11,Промышленность,3,Услуги коммерческой печати,0.01,7.97,,9.95,7.81,8.78,54.75,2.8,27.7,54.75,2.8,27.7,54.75,2.8,27.7,54.75,2.8,27.7,54.75,2.8,27.7,54.75,2.8,27.7,,"Rich Sparkle Holdings Ltd — инвестиционная холдинговая компания, занимающаяся в основном предоставлением финансовой печати и корпоративными услугами. Компания в основном занимается предоставлением услуг по разработке и печати финансовых материалов. Объем услуг Компании охватывает доставку таких продуктов, как листинговые документы, финансовые отчеты, фондовые документы, циркуляры и объявления. Кроме того, компания осуществляет верстку, корректуру, перевод, дизайн и полиграфию. Кроме того, Компания предлагает консультационные услуги, такие как проведение оценки внутреннего контроля и оценки эффективности экологической, социальной и управленческой деятельности (ESG), а также другие услуги, включая предоставление коворкинг-пространства.",
2597,US,TASK,US87652V1098,TASK.O,Taskus Inc,0.579592,NSQ,12,Промышленность,5,Услуги поддержки бизнеса,0.98,6.4,,11.4,6.2,10.07,18.39,10.68,15.04,18.59,10.68,15.09,19.6,10.56,14.28,22.0,7.94,13.8,85.49,7.94,20.46,85.49,7.94,20.46,,"TaskUs, Inc. — поставщик аутсорсинговых цифровых услуг и обслуживания клиентов, помогающий своим клиентам представлять, защищать и развивать свои бренды. Глобальная омниканальная модель доставки компании ориентирована на предоставление своим клиентам трех ключевых услуг: цифрового клиентского опыта (Digital CX), доверия + безопасности и услуг искусственного интеллекта (ИИ). Ее решения Digital CX включают омниканальную поддержку клиентов, обучение, запуск новых продуктов или рынков, продажи и привлечение клиентов, а также консалтинг TaskUs Digital CX. Служба Trust + Safety состоит из двух основных областей обслуживания: модерация контента и финансовые преступления + соблюдение требований. Ее решения по услугам искусственного интеллекта включают поддержку больших языковых моделей, услуги по обеспечению качества данных, управление развертыванием искусственного интеллекта на местах и ​​услуги по сбору данных. Он обслуживает клиентов в различных секторах, включая социальные сети, электронную коммерцию, игры, доставку еды и совместное использование автомобилей, технологии, финансовые услуги и здравоохранение.",
2601,US,EADSF,NL0000235190,EADSF.PK,Airbus SE,145.134087,PNK,13,Промышленность,1,Аэрокосмическая и оборонная промышленность,0.0,180.6,,213.7,180.0,196.47,255.0,191.56,225.47,255.0,143.94,202.13,255.0,135.21,179.73,255.0,117.41,165.57,255.0,81.55,145.09,255.0,50.18,122.42,,"Airbus SE — нидерландская компания, работающая в аэрокосмической и оборонной промышленности. Компания работает в трех сегментах: Airbus, Airbus Helicopters и Airbus Defense and Space. Сегмент Airbus специализируется на разработке, производстве, маркетинге и продаже коммерческих реактивных самолетов и их компонентов, а также на переоборудовании самолетов и сопутствующих услугах. Сегмент Airbus Helicopters специализируется на разработке, производстве, маркетинге и продаже гражданских и военных вертолетов, а также на предоставлении услуг, связанных с вертолетами. Сегмент Airbus Defense and Space производит военные боевые и учебные самолеты, поставляет оборонную электронику и решения для глобального рынка безопасности, а также производит и продает ракеты.",
2603,US,SAFRF,FR0000073272,SAFRF.PK,Safran SA,132.104775,PNK,14,Промышленность,2,Аэрокосмическая и оборонная промышленность,0.0,309.71,,392.95,308.77,350.74,362.41,310.38,340.76,362.41,213.86,304.48,362.41,173.95,262.15,362.41,123.75,228.89,362.41,87.07,185.63,362.41,55.3,152.18,,,
2623,US,DUAVF,FR0014004L86,DUAVF.PK,Dassault Aviation SA,28.010072,PNK,15,Промышленность,3,Аэрокосмическая и оборонная промышленность,0.0,371.96,,416.49,0.0,366.0,374.96,297.7,324.06,383.58,191.28,320.24,383.58,178.0,281.2,383.58,154.71,263.86,383.58,90.0,214.38,383.58,68.4,198.11,,"Dassault Aviation SA — французская компания, работающая в мировой гражданской и военной авиационной отрасли. Компания специализируется на проектировании, производстве и продаже боевых и представительских самолетов. В портфель ее продукции входит семейство Falcon для рынка гражданской авиации, а также самолеты Mirage 2000, Rafale и Neuron для военного сектора. Он также предлагает запасные части, инструменты и ряд услуг, таких как техническая поддержка, техническое обслуживание и ремонт оборудования и деталей планера и другие. Компания имеет офисы в Европе, Азии, Южной Америке и на Ближнем Востоке. Dassault Aviation SA имеет ряд дочерних компаний, расположенных в Европе и Северной Америке, в том числе DFJ-Little Rock, Sogitec Industries, DFJ Wilmington Corp., DFJ Teterboro, Dassault Falcon Service - Le Bourget, Aero-Precision Repair & Overhaul Co., Inc., Dassault Procurement Services Inc., Dassault Aircraft Services и Midway Aircraft Instruments Company.",
2624,US,FTAIN,KYG3730V1398,FTAIN.O,FTAI Aviation Ltd,23.464664,NSQ,16,Промышленность,4,Аэрокосмическая и оборонная промышленность,0.0,25.2,,25.73,25.04,25.35,25.89,24.96,25.5,26.35,24.32,25.39,26.49,24.0,25.41,26.49,19.38,24.64,29.05,17.48,24.76,29.05,17.48,24.76,,"FTAI Aviation Ltd. владеет и обслуживает коммерческие реактивные двигатели, уделяя особое внимание двигателям CFM56 и V2500. Его сегменты включают авиационный лизинг и аэрокосмическую продукцию. Сегмент «Авиационный лизинг» владеет и управляет авиационными активами, включая самолеты и авиационные двигатели, которые он сдает в аренду и продает арендаторам и клиентам. Сегмент «Аэрокосмическая продукция» через свои мощности по техническому обслуживанию, инвестиции по методу долевого участия и эксклюзивные соглашения разрабатывает и производит, ремонтирует/восстанавливает и продает авиационные двигатели и послепродажные компоненты для коммерческих авиационных двигателей CFM56-7B, CFM56-5B и V2500. Ее собственный портфель продуктов, в том числе модульный завод и совместное предприятие по производству двигателей PMA, позволяет ей обеспечить экономию средств и гибкость для своих авиакомпаний, арендодателей, а также клиентскую базу по техническому обслуживанию, ремонту и эксплуатации. Он также владеет и арендует реактивные самолеты, что часто облегчает приобретение двигателей. Он владеет и управляет более чем 330 авиационными активами.",
2626,US,FTAIM,KYG3730V1471,FTAIM.O,FTAI Aviation Ltd,23.464664,NSQ,17,Промышленность,5,Аэрокосмическая и оборонная промышленность,0.0,27.14,,27.4,26.4,27.05,27.35,26.06,26.72,27.35,24.6,26.43,28.16,24.6,26.2,28.16,22.02,25.61,28.16,22.02,25.61,28.16,22.02,25.61,,"FTAI Aviation Ltd. владеет и обслуживает коммерческие реактивные двигатели, уделяя особое внимание двигателям CFM56 и V2500. Его сегменты включают авиационный лизинг и аэрокосмическую продукцию. Сегмент «Авиационный лизинг» владеет и управляет авиационными активами, включая самолеты и авиационные двигатели, которые он сдает в аренду и продает арендаторам и клиентам. Сегмент «Аэрокосмическая продукция» через свои мощности по техническому обслуживанию, инвестиции по методу долевого участия и эксклюзивные соглашения разрабатывает и производит, ремонтирует/восстанавливает и продает авиационные двигатели и послепродажные компоненты для коммерческих авиационных двигателей CFM56-7B, CFM56-5B и V2500. Ее собственный портфель продуктов, в том числе модульный завод и совместное предприятие по производству двигателей PMA, позволяет ей обеспечить экономию средств и гибкость для своих авиакомпаний, арендодателей, а также клиентскую базу по техническому обслуживанию, ремонту и эксплуатации. Он также владеет и арендует реактивные самолеты, что часто облегчает приобретение двигателей. Он владеет и управляет более чем 330 авиационными активами.",
2629,US,SGGKY,US82929Y1010,SGGKY.PK,Singapore Technologies Engineering Ltd,26.584224,PNK,18,Промышленность,6,Аэрокосмическая и оборонная промышленность,0.0,85.66,,87.75,0.0,46.19,72.34,57.91,65.0,72.34,31.65,57.12,72.34,27.34,46.17,72.34,24.43,38.72,72.34,21.6,33.55,72.34,18.19,31.36,,"Singapore Technologies Engineering Ltd — сингапурская глобальная технологическая, оборонная и инжиниринговая компания. Компания работает через разнообразный портфель предприятий в сегментах аэрокосмической отрасли, умного города, обороны и общественной безопасности. Сегменты компании включают коммерческую авиакосмическую промышленность, городские решения и спутниковую связь, а также оборону и общественную безопасность. Коммерческая аэрокосмическая отрасль включает в себя техническое обслуживание, ремонт и капитальный ремонт планера, двигателей и компонентов, производство оригинального оборудования для гондол, композитных половиц и переоборудование пассажирских в грузовые самолеты, а также управление авиационными активами. Urban Solutions & Satcom включает в себя интеллектуальную мобильность, интеллектуальные коммунальные услуги и инфраструктуру, решения для городской среды и спутниковую связь. Оборона и общественная безопасность включает в себя общественную безопасность и безопасность, решения для критической информационной инфраструктуры, системы управления, разработку криптографических технологий и кибербезопасность. Он включает в себя области оборонного бизнеса, такие как цифровые системы и киберпространство, наземные системы и многое другое.",
2634,US,BDRAF,CA0977518798,BDRAF.PK,Bombardier Inc,16.710564,PNK,19,Промышленность,7,Аэрокосмическая и оборонная промышленность,0.0,172.19,,177.66,0.0,97.05,175.58,92.64,132.28,175.58,53.38,106.07,175.58,33.37,76.07,175.58,29.16,66.22,175.58,15.25,45.21,175.58,7.02,43.96,,"Bombardier Inc. — канадская компания, которая проектирует, строит, модифицирует и обслуживает самолеты для населения и бизнеса, правительств и вооруженных сил. В дополнение к портфолио больших и средних бизнес-джетов, компания также оснащает различные авиационные платформы для специализированного использования через Bombardier Defense. В число ее самолетов входят Global 8000, Global 7500, Global 6500, Global 5500, Challenger 650 и Challenger 3500. Категории подержанных самолетов включают подержанные самолеты, продажи и приобретения подержанных самолетов, сертифицированные подержанные самолеты и отчеты о рынке подержанных самолетов. Типы миссий Bombardier Defense включают главу государства, ISR и AEW, морское наблюдение, медицинскую эвакуацию, поиск и спасение, систему летной инспекции, наблюдение за погодой/атмосферой и многоцелевые задачи. Ее клиенты управляют парком из более чем 5100 самолетов и 10 сервисными центрами в шести странах. Ее самолеты производятся на предприятиях авиастроения, сборки и комплектации в Канаде, США и Мексике.",
2647,US,MOG.B,US6153943013,MOGb.N,Moog Inc,9.079738,NYS,20,Промышленность,8,Аэрокосмическая и оборонная промышленность,0.0,306.69,,343.39,0.0,114.99,255.0,184.75,215.14,255.0,153.27,196.07,255.0,139.4,191.12,255.0,88.15,167.62,255.0,68.48,126.62,255.0,33.58,93.6,,"Moog Inc. — разработчик, производитель и системный интегратор высокопроизводительных прецизионных систем управления движением и жидкостями, а также систем управления. Высокопроизводительные системы компании управляют военными и коммерческими самолетами, спутниками и космическими аппаратами, ракетами-носителями, оборонными системами, ракетами, автоматизированным промышленным оборудованием, морским и медицинским оборудованием. Его сегменты включают космос и оборону, военную авиацию, коммерческую авиацию и промышленную авиацию. Компания также специализируется на разработке и производстве оптоволоконных приемопередатчиков и сборок повышенной прочности, используемых в крупных аэрокосмических и оборонных программах как в США, так и на международных рынках. Эти критически важные компоненты обеспечивают высокую скорость передачи данных при компактной плотности сигнала, что позволяет использовать усовершенствованные решения по цифровизации в космосе, воздухе, на суше и на море. Категории ее продукции включают приводы, двигатели и серводвигатели, контактные кольца, спутниковые автобусы, турельные системы вооружения и управление складами оружия.",
2659,US,QNTQY,US74732F1066,QNTQY.PK,QinetiQ Group PLC,3.082961,PNK,21,Промышленность,9,Аэрокосмическая и оборонная промышленность,0.0,23.21,,28.35,0.0,23.83,30.11,21.32,25.99,31.77,17.95,24.52,31.77,15.87,23.8,31.77,14.8,23.12,31.77,13.2,22.19,31.77,10.48,19.07,,"QinetiQ Group plc — британская интегрированная глобальная компания в области обороны и безопасности. Компания работает в двух сегментах: услуги в Европе, на Ближнем Востоке и в Австралии (EMEA) и глобальные решения. Сегмент EMEA Services объединяет свои мощности для обеспечения создания и обеспечения возможностей, подкрепленных долгосрочными контрактами. Сегмент глобальных продуктов объединяет технологические продукты и услуги. Компания обслуживает ряд секторов, включая оборону, финансовые услуги, морскую, авиационную и аэрокосмическую, правительственную, космическую, энергетическую и коммунальную службы, правоохранительные органы и телекоммуникации. Он управляет и управляет возможностями тестирования и оценки систем на воздушных, наземных, морских и целевых платформах. Его услуги включают консультирование и консалтинг, кибер- и цифровую устойчивость, инновации, данные миссий и инновации, ориентированные на миссию, робототехнику и автономные системы, интеграцию и совместимость датчиков, целевые системы, а также решения для обучения и репетиций.",
2661,US,ATROB,US0464332073,ATROB.PK,Astronics Corp,2.222669,PNK,22,Промышленность,10,Аэрокосмическая и оборонная промышленность,0.0,61.9,,83.0,0.0,49.6,55.45,27.48,44.5,55.45,14.86,35.2,55.45,13.5,27.78,55.45,10.07,23.54,55.45,7.1,19.6,55.45,6.29,24.21,,"Astronics Corporation — поставщик передовых технологий для мировой аэрокосмической, оборонной и электронной промышленности. Продукты и услуги компании включают передовые системы производства, распределения и движения сидений электроэнергии, системы освещения и безопасности, продукты авионики, системы и сертификацию, конструкции самолетов и автоматизированные испытательные системы. Сегменты компании включают аэрокосмические и испытательные системы. Аэрокосмический сегмент разрабатывает и производит продукцию для мировой аэрокосмической и оборонной промышленности. Сегмент испытательных систем проектирует, разрабатывает, производит и обслуживает автоматизированные испытательные системы, которые поддерживают аэрокосмическую и оборонную, коммуникационную и общественную отрасли, а также устройства для обучения и моделирования как для коммерческого, так и для военного применения. Он также предлагает услуги FAA по разрешению на назначение организации (ODA). Ее продукты и решения также включают аварийные системы, системы освещения и системы активации сидений.",
2664,US,CMGMY,US1638671040,CMGMY.PK,Chemring Group PLC,1.763943,PNK,23,Промышленность,11,Аэрокосмическая и оборонная промышленность,0.0,6.4,,7.78,6.07,6.93,8.5,6.0,7.25,8.5,3.76,6.51,8.5,3.76,6.16,8.5,3.1,5.91,22.41,2.96,5.55,22.41,1.64,5.33,,"Chemring Group PLC — британская компания, занимающаяся технологическими решениями. Компания работает в двух сегментах: «Сенсоры и информация» и «Контрмеры и энергетика». Его сегмент «Сенсоры и информация» занимается предоставлением консалтинговых и технологических услуг для решения критических проблем безопасности. Подразделение «Сенсоры и информация» также занимается разработкой и производством средств электронного противодействия и оборудования для обнаружения биологических угроз. Подразделение «Противодействие и энергетика» занимается разработкой и производством одноразовых средств противодействия для воздушных и морских платформ, устройств с патронами/порохом, пиротехнических устройств для запуска и развертывания спутников, компонентов ракет, топлива, подсистем разделения, приводов и энергетических материалов. Ее клиентская база охватывает национальные оборонные организации, органы безопасности и правоохранительные органы, а также коммерческие рынки, такие как космос и транспорт.",
2669,US,EVEX,US29970N1046,EVEX.K,Eve Holding Inc,0.828965,NYQ,24,Промышленность,12,Аэрокосмическая и оборонная промышленность,1.53,2.38,,3.14,2.34,2.73,7.7,3.49,4.86,7.7,2.83,4.63,7.7,2.33,4.54,11.05,2.33,5.61,14.95,2.33,7.23,14.95,2.33,7.23,,"Eve Holding, Inc. — аэрокосмическая компания, работающая в Мельбурне, Флориде и Бразилии. Сегменты компании включают электрические машины вертикального взлета и посадки (eVTOL), решения для обслуживания и эксплуатации, а также управление городским воздушным движением (UATM). Сегмент eVTOL разрабатывает и сертифицирует eVTOL, специально созданный для миссий UAM, и планирует продавать свои eVTOL по всему миру операторам услуг UAM, включая операторов самолетов и вертолетов, а также арендодателей, которые приобретают и управляют самолетами от имени операторов. Сегмент «Решения для обслуживания и эксплуатации» предлагает полный набор возможностей обслуживания и поддержки eVTOL, включая материально-техническое обслуживание, техническое обслуживание, техническую поддержку, обучение, наземное обслуживание и услуги по передаче данных. Сегмент UATM разрабатывает программное обеспечение UATM следующего поколения под названием Vector, которое поможет eVTOL безопасно и эффективно работать в плотном городском воздушном пространстве наряду с обычными самолетами с неподвижным крылом и вертолетами, а также беспилотными дронами.",
2670,US,EH,US26853E1029,EH.O,EHang Holdings Ltd,0.657222,NMQ,25,Промышленность,13,Аэрокосмическая и оборонная промышленность,0.6,9.13,,12.39,9.06,11.04,20.45,12.71,16.65,29.76,12.71,17.61,29.76,9.51,16.18,29.76,8.52,15.62,129.8,3.32,17.83,129.8,3.32,16.73,,"EHang Holdings Ltd — инвестиционная холдинговая компания, занимающаяся в основном поставкой систем и решений для беспилотных летательных аппаратов (БПЛА). Компания управляет тремя предприятиями. Подразделение решений для аэромобильности занимается предоставлением клиентам электрических продуктов для самолетов с вертикальным взлетом и посадкой (eVTOL), решений и эксплуатационных услуг для воздушных перевозок пассажиров, грузов, аварийных ситуаций и других. Бизнес-решения для управления умным городом занимается предоставлением интегрированной цифровой платформы с индивидуальными моделями БПЛА в качестве готовых решений для мониторинга и управления многими обычными муниципальными функциями и коммунальными услугами, такими как управление дорожным движением, проверка линий электропередач, мониторинг окружающей среды, пожаротушение, аварийно-спасательные работы, аэрофотосъемка и другие. Компания, производящая воздушные медиа-решения, занимается предоставлением воздушных медиа-представлений, также известных как световые шоу дронов. Компания ведет свою деятельность на внутреннем и зарубежном рынках.",
2672,US,SMAWF,DE0007236101,SMAWF.PK,Siemens AG,184.844872,PNK,26,Промышленность,1,Электрические компоненты и оборудование,0.0,244.1,,290.04,228.25,257.03,295.0,246.06,270.98,295.0,185.93,251.59,295.0,163.79,219.98,295.0,125.53,199.08,295.0,92.5,177.81,295.0,64.4,152.54,,"Siemens AG — немецкая технологическая компания, специализирующаяся на областях автоматизации и цифровизации в обрабатывающей и обрабатывающей промышленности, интеллектуальной инфраструктуре для зданий и распределенных энергетических системах, интеллектуальных мобильных решениях для железнодорожного транспорта, а также медицинских технологиях и цифровых услугах здравоохранения. Компания работает в следующих сегментах: Digital Industries, предлагающая продукты и системные решения для автоматизации, используемые в дискретных и перерабатывающих отраслях; Умная инфраструктура, которая снабжает и соединяет энергетические системы и строительные технологии; Мобильность, объединяющая все виды деятельности в сфере железнодорожных пассажирских и грузовых железнодорожных перевозок; Siemens Healthineers, предоставляющая продукты, решения и услуги в области здравоохранения; и Siemens Financial Services (SFS), которая предлагает лизинговые решения и оборудование, проектное и структурированное финансирование в форме долговых и акционерных инвестиций.",
2675,US,SBGSF,FR0000121972,SBGSF.PK,Schneider Electric SE,151.128047,PNK,27,Промышленность,2,Электрические компоненты и оборудование,0.0,260.0,,312.72,257.11,287.71,312.95,242.77,272.98,312.95,198.76,260.69,312.95,186.69,249.74,312.95,140.18,223.07,312.95,106.34,195.07,312.95,49.39,147.26,,,
2677,US,ABLZF,CH0012221716,ABLZF.PK,Abb Ltd,143.460526,PNK,28,Промышленность,1,Тяжелое электрооборудование,0.0,77.03,,91.17,77.03,84.66,76.7,57.87,69.74,76.7,43.95,62.56,76.7,40.1,57.47,76.7,30.46,50.58,76.7,24.14,43.2,76.7,14.61,36.36,,"Abb Ltd — холдинговая компания. Сегменты компании включают продукты для электрификации, робототехнику и движение, промышленную автоматизацию, электрические сети, а также корпоративное и другое. Компания работает через четыре подразделения: продукты для электрификации, робототехника и движение, промышленная автоматизация и электрические сети. Занимается обслуживанием клиентов в сфере коммунальных услуг, промышленности, транспорта и инфраструктуры. Сегмент «Продукция для электрификации» производит и продает продукцию и услуги, включая распределительные устройства низкого и среднего напряжения, выключатели, переключатели и средства управления. Сегмент «Робототехника и движение» производит и продает двигатели, генераторы, приводы с регулируемой скоростью, а также роботов и робототехнику. Сегмент промышленной автоматизации разрабатывает и продает системы управления и оптимизации производства, а также продукты и решения для автоматизации. Сегмент «Электрические сети» поставляет продукты, системы, а также сервисные и программные решения для электроэнергетики и автоматизации.",
2696,US,SHLRF,CH0024638212,SHLRF.PK,Schindler Holding AG,34.03186,PNK,29,Промышленность,2,Тяжелое электрооборудование,0.0,343.64,,360.0,0.0,70.36,386.27,330.0,350.34,386.27,258.84,331.05,386.27,229.0,301.38,386.27,182.0,274.76,386.27,145.0,258.27,386.27,145.0,246.7,,"Schindler Holding AG — швейцарская холдинговая компания, специализирующаяся на производстве эскалаторов, лифтов и бегущих дорожек. Компания работает по всему миру в одном основном сегменте: лифты и эскалаторы. Сегмент «Лифты и эскалаторы» предлагает широкий выбор лифтов для различных применений, включая грузовые и специальные лифты, лифты для высотных зданий, жилые лифты и коммерческие лифты. Он также предлагает эскалаторы для коммерческого и общественного транспорта, а также наклонные и горизонтальные движущиеся дорожки. Дочерняя компания ALSO Holding AG, которая поставляла информационно-коммуникационные технологии и бытовую электронику в секторах оптовой торговли и логистики, была продана в 2011 году и объединена с Actebis GmbH, образовав ALSO-Actebis Holding AG. В июне 2014 года закрыл девелоперский проект Mall of Switzerland (ранее EbiSquare) вместе с Halter AG и продал свою долю в EbiSquare AG компании Halter AG.",
2698,US,LGRVF,FR0010307819,LGRVF.PK,Legrand SA,39.157595,PNK,30,Промышленность,3,Электрические компоненты и оборудование,0.0,151.76,,166.0,0.0,79.22,175.65,145.76,157.2,175.65,97.07,130.08,175.65,95.34,117.34,175.65,84.8,113.76,175.65,62.95,103.48,175.65,51.9,86.52,,"Legrand SA, ранее Legrand SNC, — французская компания. Компания преимущественно специализируется на электрической и цифровой строительной инфраструктуре. Ассортимент продукции компании подходит для коммерческого, промышленного и бытового сегментов рынка низковольтного оборудования. Компания осуществляет коммерческую и промышленную деятельность более чем в 90 странах. Он извлекает выгоду из надежных, долгосрочных рычагов роста. Продукция, выпускаемая Компанией, используется для повышения энергоэффективности: усовершенствованный диммер с лучистым светодиодом (LED), подключенный трехфазный счетчик с Netatmo и другие; подключенные продукты в программе Eliot: портативное устройство телемедицины NOVO GO и беспроводная система пожарной сигнализации T4 и другие; и центры обработки данных: кабельный лоток Cablofil Wiremesh CF 150/900 BS, UPS Keor SPE RT и другие.",
2702,US,KNYJF,FI0009013403,KNYJF.PK,Kone Oyj,28.892662,PNK,31,Промышленность,3,Тяжелое электрооборудование,0.0,61.2,,71.76,0.0,35.46,72.0,60.03,65.4,72.0,49.0,61.52,72.0,44.35,55.7,72.0,41.25,52.86,88.81,36.05,61.64,90.25,36.05,55.93,,"Kone Oyj — финская компания, работающая в сфере лифтов и эскалаторов. Компания предоставляет своим клиентам лифты, эскалаторы, автоматические двери и комплексные решения для улучшения качества обслуживания клиентов внутри зданий и между ними. Кроме того, KONE предлагает услуги по техническому обслуживанию и модернизации существующего оборудования. Бизнес-идея KONE – обслуживать своих клиентов, предоставляя решения на протяжении всего жизненного цикла оборудования, начиная от установки нового оборудования до обслуживания и модернизации в течение его жизненного цикла и полной замены оборудования. Компания работает по всему миру.",
2703,US,TYIDF,JP3634600005,TYIDF.PK,Toyota Industries Corp,41.474507,PNK,32,Промышленность,1,Тяжелая техника и транспортные средства,0.0,127.5,,130.01,0.0,82.84,115.52,106.94,111.2,129.0,74.4,105.09,129.0,66.75,94.16,129.0,51.49,85.92,129.0,49.75,80.82,129.0,38.5,63.76,,"TOYOTA INDUSTRIES CORPORATION в основном занимается производством и продажей автомобилей, промышленных транспортных средств и текстильного оборудования. Компания работает в трех бизнес-сегментах. Автомобильный сегмент производит и продает автомобили, двигатели, компрессоры для автомобильных кондиционеров и электронное оборудование, среди прочего. Сегмент промышленных транспортных средств предлагает вилочные погрузчики, складское оборудование, автоматический склад, транспортные средства для высокопроизводительных работ, логистические решения и бизнес по финансированию продаж. Сегмент текстильного оборудования предлагает ткацкие и прядильные машины, а также оборудование для измерения качества пряжи и оборудование для сортировки хлопка.",
2704,US,TYIDY,US8923301019,TYIDY.PK,Toyota Industries Corp,41.474507,PNK,33,Промышленность,2,Тяжелая техника и транспортные средства,0.0,129.06,,135.94,120.72,128.52,120.88,105.38,111.58,133.93,73.47,104.45,133.93,66.49,94.53,133.93,50.16,85.66,133.93,46.83,80.44,133.93,37.97,71.86,,"TOYOTA INDUSTRIES CORPORATION в основном занимается производством и продажей автомобилей, промышленных транспортных средств и текстильного оборудования. Компания работает в трех бизнес-сегментах. Автомобильный сегмент производит и продает автомобили, двигатели, компрессоры для автомобильных кондиционеров и электронное оборудование, среди прочего. Сегмент промышленных транспортных средств предлагает вилочные погрузчики, складское оборудование, автоматический склад, транспортные средства для высокопроизводительных работ, логистические решения и бизнес по финансированию продаж. Сегмент текстильного оборудования предлагает ткацкие и прядильные машины, а также оборудование для измерения качества пряжи и оборудование для сортировки хлопка.",
2713,US,FKURF,JP3811000003,FKURF.PK,Fujikura Ltd,49.885773,PNK,34,Промышленность,4,Электрические компоненты и оборудование,0.0,28.0,,205.7,0.0,148.36,135.0,51.7,97.19,135.0,25.62,68.37,135.0,8.09,56.74,135.0,7.0,53.71,135.0,7.0,53.71,135.0,7.0,53.71,,"Fujikura Ltd — японская компания, которая в основном занимается такой деятельностью, как производство, продажа и обслуживание продукции в подразделениях информационных технологий, электроники, автомобилестроения, энергетики и недвижимости. Компания работает в пяти бизнес-сегментах. Сегмент информационных технологий предлагает оптическое волокно, оптические кабели, телекоммуникационные компоненты, оптические компоненты, оптическое оборудование, сетевое оборудование и строительные работы. Бизнес-сегмент «Электроника» предлагает печатные платы, электронные провода, компоненты жестких дисков и различные разъемы. Сегмент автомобильного бизнеса предлагает жгуты проводов, электрические компоненты и другую продукцию для автомобилей. Сегмент энергетического бизнеса предлагает силовые кабели, кабели связи, алюминиевые провода, провода с покрытием. Бизнес-сегмент «Недвижимость» сдает в аренду недвижимость.",
2715,US,SMECF,JP3162600005,SMECF.PK,SMC Corp,24.323026,PNK,35,Промышленность,1,Промышленные машины и оборудование,0.0,369.88,,477.79,365.0,412.36,401.0,281.0,338.73,417.75,281.0,350.58,622.0,281.0,421.33,622.0,281.0,449.05,744.23,281.0,492.02,744.23,196.02,430.7,,"SMC Corp — японская компания, занимающаяся в основном производством и продажей оборудования автоматического управления. Компания занимается производством и продажей средств автоматического управления, которые являются незаменимым элементом оборудования автоматизации производства (АП). Основная продукция включает в себя оборудование для управления направлением движения, приводное оборудование и вспомогательное оборудование для измерения давления воздуха, а также оборудование и датчики для контроля температуры. Оборудование используется в сталелитейной, химической промышленности, пищевой промышленности, физике, химии, производстве медицинского оборудования и других.",
2722,US,SIELY,US81943J1088,SIELY.PK,Shanghai Electric Group Co Ltd,16.138447,PNK,36,Промышленность,4,Тяжелое электрооборудование,0.0,10.9,,12.5,0.0,6.62,13.45,7.45,10.63,13.45,5.75,8.74,13.45,3.5,7.6,13.45,3.5,7.2,13.45,3.5,6.54,13.45,3.5,7.11,,"Shanghai Electric Group Co Ltd — китайская компания, занимающаяся в основном энергетическим оборудованием, промышленным оборудованием и интеграционными услугами. Компания осуществляет свою деятельность через три бизнес-сегмента. Бизнес-сегмент «Энергетическое оборудование» в основном занимается проектированием, производством и продажей оборудования для атомной энергетики, оборудования для хранения энергии, угольного и вспомогательного оборудования для производства электроэнергии, а также оборудования для производства газовой энергии, а также предоставлением решений для электросетей и промышленных интеллектуальных систем электроснабжения. Бизнес-сегмент «Промышленное оборудование» в основном занимается проектированием, производством и продажей лифтов, электродвигателей большого и среднего размера, интеллектуального производственного оборудования и промышленных базовых деталей. Бизнес-сегмент комплексных услуг в основном занимается предоставлением инженерных услуг и услуг в области энергетики, защиты окружающей среды и автоматизации, промышленных интернет-услуг, финансовых услуг, а также услуг по управлению парками и недвижимостью.",
2742,US,AOMFF,FR0010220475,AOMFF.PK,Alstom SA,12.239838,PNK,37,Промышленность,3,Тяжелая техника и транспортные средства,0.0,27.23,,31.67,0.0,21.82,30.1,22.69,25.52,30.1,19.11,23.77,30.1,11.71,20.09,31.3,11.71,20.57,59.08,11.71,28.38,59.08,11.71,32.16,,"Alstom SA — французский производитель инфраструктуры для железнодорожного транспорта. Предложение компании включает в себя комплекс решений, включая подвижной состав, системы, услуги, а также сигнализацию для пассажирских и грузовых железнодорожных перевозок. Железнодорожные услуги Компании включают техническое обслуживание, модернизацию, управление запасными частями, а также услуги поддержки и технической помощи. Железнодорожная инфраструктура Компании включает в себя инфраструктуру для прокладки путей, системы линейного электроснабжения, электромеханическое оборудование, телекоммуникационные устройства и информацию для пассажиров на станциях, терминалы для автоматической покупки билетов, доступ к эскалаторам, лифты для инвалидов, автоматические посадочные двери на платформах, системы вентиляции, кондиционирования и освещения и другие. Alstom продает свою продукцию и услуги по всему миру.",
2753,US,ZLIOY,US98978W1018,ZLIOY.PK,Zoomlion Heavy Industry Science and Technology Co Ltd,10.259407,PNK,38,Промышленность,4,Тяжелая техника и транспортные средства,0.0,11.5,,13.2,0.0,5.88,10.95,7.6,9.03,10.95,4.05,7.81,10.95,4.05,6.94,10.95,4.05,6.67,16.79,3.23,7.63,16.79,2.65,7.01,,"Zoomlion Heavy Industry Science and Technology Co Ltd — китайская компания, занимающаяся исследованиями, разработками, производством, продажей и обслуживанием строительной, сельскохозяйственной и горнодобывающей техники. Компания работает в основном через три сегмента. Сегмент строительной техники в основном занимается разработкой, производством и продажей бетонной техники, подъемной техники, техники для земляных работ, подъемной техники, сваебойной техники, аварийно-спасательного оборудования, вилочных погрузчиков и других. Сегмент сельскохозяйственной техники в основном занимается исследованиями, разработкой, производством, продажей и лизингом различных типов сельскохозяйственной техники, включая тракторы, комбайны и сушилки, а также рисопосадочные машины. Сегмент финансовых услуг в основном занимается предоставлением финансовых услуг клиентам, которые приобретают машиностроительную продукцию у Компании и других поставщиков.",
2767,US,KNCRY,US50048J1079,KNCRY.PK,Konecranes Oyj,7.734748,PNK,39,Промышленность,5,Тяжелая техника и транспортные средства,0.0,7.5,,21.28,0.0,8.6,20.73,15.4,17.54,20.73,11.94,16.2,20.73,9.35,13.82,20.73,5.89,12.41,20.73,3.95,11.07,20.73,3.95,9.98,,"Konecranes Abp — базирующийся в Финляндии поставщик услуг по техническому обслуживанию и запасным частям для промышленного оборудования. Компания работает в трех сегментах: Сервис, который предоставляет специализированные услуги по техническому обслуживанию и запасные части для всех типов кранов и подъемников, от отдельной единицы оборудования до целых операций; Industrial Equipment предлагает промышленные краны, их компоненты и решения для подъемного оборудования для широкого круга клиентов, включая такие отрасли, как общее производство, переработка отходов в энергию и биомассу, бумажная, энергетическая, автомобильная, авиационная и металлургическая промышленность; и Port Solutions, в состав которой входят оборудование для обработки контейнеров, судовые краны, мобильные портовые краны, а также сверхмощные контейнерные и вилочные погрузчики, поддерживаемые рядом программных решений и услуг. Компания осуществляет свою деятельность примерно в 50 странах.",
2771,US,YOKEY,US9860081002,YOKEY.PK,Yokogawa Electric Corp,7.803797,PNK,40,Промышленность,2,Промышленные машины и оборудование,0.0,64.0,,68.55,0.0,16.57,66.24,51.15,60.0,66.24,34.12,47.8,66.24,34.12,46.73,66.24,29.57,42.45,66.24,29.4,39.38,66.24,17.21,36.67,,"Yokogawa Electric Corp — японская компания, занимающаяся в основном производством и продажей контрольно-измерительного оборудования. Компания работает в трех сегментах. Сегмент управления предлагает комплексные решения, начиная от датчиков, устанавливаемых на объекте, таких как расходомеры, датчики перепада давления/давления и анализаторов процессов, до систем управления производством, программируемых контроллеров, промышленных регистраторов и различного программного обеспечения для повышения производительности и услуг для минимизации затрат в течение жизненного цикла предприятия. Сегмент «Измерительные приборы» предлагает приборы для измерения формы сигналов, измерительные приборы для оптической связи, генераторы сигналов, а также приборы для измерения мощности, температуры и давления. Сегмент «Новый бизнес и другие» предоставляет услуги с использованием Интернета вещей (IoT) и искусственного интеллекта (ИИ), производство и продажу материалов из биомассы, а также исследования, разработки и контрактное производство фармацевтических препаратов и других продуктов.",
2775,US,ADRZY,US0345221024,ADRZY.PK,Andritz AG,7.175014,PNK,41,Промышленность,3,Промышленные машины и оборудование,0.0,14.79,,17.07,0.0,13.88,16.45,14.02,14.79,16.45,9.35,13.07,16.45,9.35,12.55,16.45,8.79,12.12,16.45,7.55,11.15,16.45,6.56,10.95,,"Andritz AG — австрийская компания. Компания занимается поставщиком установок, оборудования, решений по автоматизации и услуг для гидроэлектростанций, целлюлозно-бумажной промышленности, металлообрабатывающей и сталелитейной промышленности, а также для секторов, ориентированных на окружающую среду и зеленую энергетику. Компания также активно занимается разделением твердой и жидкой фаз в коммунальном и промышленном секторах, производстве электроэнергии (паровые котельные, электростанции, работающие на биомассе, котлы-утилизаторы и установки газификации) и предлагает оборудование для производства нетканых материалов, растворимой целлюлозы и щитовых плит, а также заводы по переработке отходов. Другими сферами деятельности компании являются корма для животных и гранулирование биомассы, а также автоматизация, где компания предлагает ряд продуктов и услуг в секторе IIoT (промышленный Интернет вещей) под торговой маркой Metris. Помимо традиционного технического обслуживания, ремонта, устранения неполадок и запасных частей, специалисты компании готовы провести проверку, аудит и дать рекомендации.",
2776,US,FINGF,CA3180714048,FINGF.PK,Finning International Inc,7.858262,PNK,42,Промышленность,6,Тяжелая техника и транспортные средства,0.0,61.65,,71.89,0.0,57.04,56.45,39.35,47.55,56.45,23.89,39.27,56.45,23.82,34.35,56.45,23.6,32.48,56.45,17.0,29.54,56.45,7.83,25.16,,"Finning International Inc. — канадский дилер компании Caterpillar. Компания предоставляет оборудование Caterpillar, запасные части, услуги и технические решения в Западной Канаде, Чили, Аргентине, Боливии, Великобритании и Ирландии. Компания обслуживает различные отрасли промышленности, включая сельское хозяйство, строительство, лесное хозяйство, государственную, горнодобывающую, дорожную, трубопроводную, энергетическую системы и оборудование для ландшафтного дизайна. Категории продуктов включают новое, подержанное, арендуемое, компактное оборудование для кошек и рекламные акции. Компания предлагает различное оборудование, включая асфальтоукладчики, экскаваторы-погрузчики, компакторы, бульдозеры, буры, штабелеры для бревен, погрузочно-разгрузочные машины, гусеничные погрузчики, колесные погрузчики и другое. Его энергосистемы включают мобильные генераторные установки и стационарные генераторные установки. Запчасти компании для кошек включают в себя новые детали для кошек, каталог деталей оребрения, систему отслеживания запчастей и восстановленные детали. Его услуги включают соглашения о стоимости для клиентов, финансирование, варианты технического обслуживания, другие услуги, реконструкцию, аренду, услуги по ремонту и гарантию.",
2777,US,ACLLY,US00449R1095,ACLLY.PK,Accelleron Industries AG,8.265203,PNK,43,Промышленность,4,Промышленные машины и оборудование,0.0,86.88,,100.6,0.0,88.03,94.29,68.77,82.24,94.29,40.81,67.92,94.29,30.16,55.3,94.29,18.99,44.79,94.29,12.05,42.66,94.29,12.05,42.66,,"Accelleron Industries Ltd разрабатывает, производит и обслуживает турбокомпрессоры и крупные компоненты турбонаддува для двигателей, которые улучшают тягу и повышают топливную экономичность при одновременном снижении выбросов. Компания расположена в Бадене, Швейцария.",
2789,US,SMBMY,US81662J2069,SMBMY.PK,Seatrium Limited,6.302075,PNK,44,Промышленность,1,Судостроение,0.0,15.13,,0.0,0.0,0.0,18.85,15.06,17.1,18.85,13.76,16.62,24.8,1.1,13.97,25.0,1.1,16.71,25.75,1.1,16.79,369.78,1.1,47.09,,"Seatrium Limited — сингапурская компания, которая занимается предоставлением управленческих услуг и инвестиционным холдингом. Деловая деятельность Компании и ее дочерних компаний включает предоставление инженерных решений для мировой шельфовой, морской и энергетической отраслей. Компания имеет два отчетных сегмента: сегмент буровых установок и плавучих средств, ремонт и модернизация, морские платформы и специализированное судостроение и сегмент фрахтования судов. Ключевыми секторами бизнеса компании являются строительство и переоборудование нефтегазовой отрасли, морские возобновляемые источники энергии, ремонт и модернизация, а также новые источники энергии. Компания управляет верфями, инженерно-технологическими центрами и объектами в различных странах, таких как Сингапур, Бразилия, Китай, Индия, Индонезия и другие страны. В число ее дочерних компаний входят Gravifloat AS, Jurong Shipyard Pte Ltd, PPL Shipyard Pte Ltd, Jurong Shipbuilders Private Limited, Seatrium (SG) Pte. Ltd., Seatrium Financial Services Pte. Ltd., SML Shipyard Pte Ltd. и другие.",
2797,US,FUWAY,US3611181021,FUWAY.PK,Furukawa Electric Co Ltd,13.643198,PNK,45,Промышленность,5,Электрические компоненты и оборудование,0.0,95.44,,102.28,79.13,91.69,37.08,23.27,31.13,37.08,14.25,28.09,37.08,7.41,20.5,37.08,7.41,16.18,37.08,7.41,13.32,37.08,7.41,15.12,,"Furukawa Electric Co Ltd — японская компания, которая в основном занимается производством и продажей продукции, которая разрабатывает и применяет технологии, разработанные в сфере инфраструктуры, электротехники и электроники, а также функциональных продуктов. Компания управляет четырьмя бизнес-сегментами. Сегмент «Инфраструктура» предлагает оптическое волокно, оптоволоконные кабели, металлические кабели связи, оптические компоненты и оптические полупроводниковые устройства. Сегмент «Электрика и электроника» предлагает автомобильные компоненты, аккумуляторы, обмотки, медь и медные сплавы, изделия с гальванопокрытием, обработанные продукты для электронных компонентов и специальные металлические материалы. Сегмент функциональных продуктов предлагает материалы для кабельных каналов, изделия из пенопласта, ленты для производства полупроводников, электронные компоненты и теплорассеивающие изделия. Сегмент «Услуги и развитие» в основном занимается производством гидроэлектроэнергии, исследованиями и разработками новых продуктов, а также арендой недвижимости.",
2799,US,JPSWY,US4711003057,JPSWY.PK,Japan Steel Works Ltd,4.087746,PNK,46,Промышленность,5,Промышленные машины и оборудование,0.0,27.6,,40.4,26.2,31.27,39.92,24.6,30.56,39.92,12.52,26.48,39.92,7.85,23.01,39.92,7.85,21.3,39.92,7.85,19.25,39.92,4.82,16.75,,"Japan Steel Works Ltd — японская компания, занимающаяся в основном производством промышленного оборудования. Сегмент промышленного оборудования занимается производством, продажей и предоставлением услуг по техническому обслуживанию оборудования для производства и обработки смол, оборудования для производства электронных компонентов и дисплеев, а также оборудования, связанного с полупроводниками. Профильный и инжиниринговый сегмент производит и продает литые и кованые стальные изделия общего назначения, такие как компоненты для электрогенерации и компоненты для атомной энергетики, литые и кованые стальные компоненты, такие как функциональные материалы, плакированные стальные листы и т. д. Сегмент также занимается различными процессами неразрушающего контроля и сварки, а также мониторингом, техническим обслуживанием, инспекцией и ремонтом различного оборудования и устройств. Другой сегмент занимается исследованиями, разработками, производством и продажей новых продуктов, а также бизнес-поддержкой и управленческими услугами.",
2804,US,TMRAY,US8899052042,TMRAY.PK,Tomra Systems ASA,3.456456,PNK,47,Промышленность,6,Промышленные машины и оборудование,0.0,11.59,,12.36,11.37,11.78,16.48,11.36,13.98,16.94,11.36,14.36,16.94,9.11,13.94,19.18,7.32,14.07,36.04,7.32,18.5,36.04,4.5,16.78,,"Tomra Systems ASA — норвежская компания, занимающаяся устойчивыми технологиями. Компания предоставляет технологические решения, которые обеспечивают циркулярную экономику с помощью передовых систем сбора и сортировки, которые оптимизируют восстановление ресурсов и минимизируют отходы в пищевой, перерабатывающей и горнодобывающей промышленности. TOMRA Collection — поставщик решений для обратного вендинга. Ежегодно TOMRA способствует сбору более 40 миллиардов пустых банок и бутылок и предоставляет розничным продавцам и другим клиентам эффективный и действенный способ сбора, сортировки и обработки этой тары. TOMRA Food — поставщик технологий оптической сортировки и обработки для индустрии свежих и переработанных пищевых продуктов. TOMRA Recycling занимается автоматизацией сортировки мусора. TOMRA Mining предлагает полный ассортимент продукции для эффективного разделения материалов при различных видах полезных ископаемых и руд, таких как переработка промышленных минералов, извлечение алмазов и драгоценных камней, а также извлечение металлов из шлаков.",
2806,US,RNSHY,US7596911088,RNSHY.PK,Renishaw PLC,3.401199,PNK,48,Промышленность,7,Промышленные машины и оборудование,0.0,24.3,,0.0,0.0,0.0,0.0,0.0,0.0,0.0,0.0,0.0,0.0,0.0,0.0,0.0,0.0,0.0,0.0,0.0,0.0,24.3,0.0,12.15,,"Renishaw plc — британский поставщик измерительных и производственных систем. Основными видами деятельности компании являются разработка, производство, продажа, распространение и обслуживание производственных технологий, продуктов и услуг, а также аналитических приборов и медицинского оборудования. Компания работает в двух сегментах: производственные технологии, аналитические приборы и медицинское оборудование. Сегмент производственных технологий состоит из четырех направлений: промышленная метрология, аддитивное производство, измерение положения и новое направление промышленной автоматизации. Сегмент аналитических инструментов и медицинского оборудования состоит из спектроскопии и неврологии, где он поставляет своим клиентам технологии для улучшения анализа материалов и неврологической терапии. Ее продукция включает датчики КИМ, программное обеспечение и модификации; экваториальная гидрометрическая система; интерферометрические лазерные энкодеры; системы зондирования и измерения инструмента для станков и другие.",
2807,US,SOHVY,US8656201089,SOHVY.PK,Sumitomo Heavy Industries Ltd,3.728335,PNK,49,Промышленность,8,Промышленные машины и оборудование,0.0,7.45,,8.9,0.0,5.74,7.6,4.95,6.22,7.6,4.66,5.65,7.67,4.66,5.81,7.67,4.66,5.8,7.72,4.46,5.95,9.46,4.46,6.37,,"Sumitomo Heavy Industries Ltd — японская компания, занимающаяся поставкой тяжелой техники общего назначения. У него четыре бизнес-сегмента. Сегмент мехатроники предлагает трансмиссии, двигатели, инверторы, системы лазерной обработки и устройства точного позиционирования и работает в Северной Америке, Европе, Юго-Восточной Азии, Китае и Японии. Сегмент промышленного оборудования предлагает оборудование для обработки пластмасс, криогенные морозильники, ускорители, медицинское оборудование и оборудование, ковочные прессы и другое в Японии, Северной Америке и Европе. Сегмент логистики и строительства предлагает гидравлические экскаваторы и дорожную технику, строительные краны, транспортную и погрузочную технику, логистические системы, парковочные системы и вилочные погрузчики в Японии, Китае, Индонезии и Северной Америке. Сегмент Energy & Lifeline предлагает котлы и оборудование для контроля загрязнения воздуха, оборудование для очистки воды, промышленные турбины и насосы, реакционные сосуды, пищевое оборудование и корабли. У него также есть недвижимость, программное обеспечение и другой бизнес.",
2809,US,REVG,US7495271071,REVG.K,REV Group Inc,3.118713,NYQ,50,Промышленность,7,Тяжелая техника и транспортные средства,0.0,63.9,,0.0,0.0,0.0,64.47,45.71,54.61,64.47,26.51,45.26,64.47,26.51,45.26,64.47,26.51,45.26,64.47,26.51,45.26,64.47,26.51,45.26,,"REV Group, Inc. — разработчик, производитель и дистрибьютор специальных автомобилей, а также сопутствующих запасных частей и услуг, обслуживающий диверсифицированную клиентскую базу, в основном в Северной Америке. Сегменты компании включают специальные транспортные средства и автомобили для отдыха. В сегменте специальных транспортных средств продается пожарное оборудование под брендами E-ONE, KME и Ferrara, а также Spartan ER, в который входят бренды Spartan Emergency Response, Smeal, Spartan Fire Chassis и Ladder Tower, машины скорой помощи под брендами AEV, Horton, Leader, Road Rescue и Wheeled Coach, а также терминальные грузовики и подметальные машины под брендами Performance и Laymor соответственно. Сегмент транспортных средств для отдыха обслуживает рынок автодомов через такие бренды, как American Coach, Fleetwood RV, Holiday Rambler, Renegade RV и Midwest Automotive Designs. Продукция компании в этом сегменте включает моторизованные дома на колесах класса А, моторизованные дома на колесах класса C и Super C, дома на колесах класса B, а также буксируемые туристические прицепы и кемперы.",
2813,US,FJTCY,US35958W1071,FJTCY.PK,Fujitec Co Ltd,2.841441,PNK,51,Промышленность,5,Тяжелое электрооборудование,0.0,35.69,,0.0,0.0,0.0,43.95,34.31,38.07,43.95,34.31,39.13,43.95,24.38,34.63,43.95,22.73,32.1,43.95,19.9,25.94,43.95,9.17,21.92,,"Fujitec Co Ltd — японская компания, занимающаяся в основном производством, продажей, установкой и обслуживанием лифтов, эскалаторов, движущихся дорожек и другой продукции. Компания производит лифты и эскалаторы на своих отечественных и зарубежных производственных площадках, расположенных в Северной Америке, Восточной Азии и Южной Азии. Компания продает, устанавливает и ремонтирует свою продукцию как на отечественных, так и на зарубежных торговых площадках.",
2818,US,MBUMY,US5541411014,MBUMY.PK,Mabuchi Motor Co Ltd,2.549429,PNK,52,Промышленность,6,Электрические компоненты и оборудование,0.0,9.94,,9.94,0.0,1.42,9.55,5.95,8.34,9.55,5.95,7.75,9.55,5.95,8.39,9.55,5.95,7.71,10.84,5.95,7.67,14.81,5.95,9.02,,"Mabuchi Motor Co Ltd — японская компания, занимающаяся в основном производством и продажей небольших двигателей. Компания работает в четырех региональных сегментах, включая Японию, Азию, Америку и Европу. Продукция компании в основном используется в автомобильном электрооборудовании, а также в бытовых и промышленных устройствах. Бытовые и промышленные устройства в основном включают медицинское и медицинское оборудование, бытовую технику и инструменты, прецизионное и офисное оборудование, а также аудио- и видеооборудование.",
2820,US,HI,US4315711089,HI.N,Hillenbrand Inc,2.254867,NYS,53,Промышленность,9,Промышленные машины и оборудование,0.0,31.98,,0.0,0.0,0.0,,,,,,,,,,,,,,,,,,,,,
2827,US,DURYY,US2668881061,DURYY.PK,Duerr AG,1.478078,PNK,54,Промышленность,10,Промышленные машины и оборудование,0.0,4.0,,4.54,0.0,1.22,5.8,4.4,5.0,5.8,4.18,4.99,5.8,3.8,4.79,7.65,3.8,5.09,10.4,3.8,6.36,21.02,3.8,7.02,,"Duerr AG — немецкая управляющая холдинговая компания, которая поставляет оборудование, системы и услуги преимущественно для автомобильной и авиационной промышленности. Компания работает через четыре бизнес-подразделения: системы окраски и сборки; Технология применения; Измерительные и технологические системы и системы деревообработки. Сегмент окрасочных и сборочных систем включает в себя проектирование и строительство покрасочных цехов и сборочных линий для автомобильной промышленности, а также окрасочные и сборочные системы для авиастроения. Сегмент «Технологии нанесения» фокусируется на решениях для автоматического нанесения краски распылением. Измерительные и технологические системы включают в себя, среди прочего, системы балансировки и диагностики. Деревообрабатывающая технология Компании включена в дивизион «Древеснообрабатывающие системы».",
2828,US,VOSSY,US92905R1032,VOSSY.PK,Vossloh AG,1.483019,PNK,55,Промышленность,8,Тяжелая техника и транспортные средства,0.0,7.65,,7.65,0.0,1.09,10.62,7.7,9.79,10.62,5.76,8.3,10.62,5.76,8.3,10.62,4.18,7.83,10.62,3.55,6.85,10.62,3.55,6.6,,"Vossloh AG — немецкая компания железнодорожной инфраструктуры. Компания работает в трех сегментах: Сегмент основных компонентов включает подразделение Vossloh Fastening Systems для всех областей применения по всему миру, от тяжеловесных перевозок до высокоскоростных железнодорожных линий и городского транспорта. Сегмент «Индивидуальные модули» включает подразделение Vossloh Switch Systems, которое охватывает широкий спектр приложений, от легкорельсового транспорта до высокоскоростных приложений. Сегмент Lifecycle Solutions концентрируется на специализированных услугах по техническому обслуживанию рельсов и стрелочных переводов. Портфель услуг в основном включает техническое обслуживание, шлифовку и фрезерование для корректирующего и профилактического ухода за рельсами и стрелочными переводами, сварочные услуги и логистику рельсовых и стрелочных переводов.",
2835,US,OERLY,US67084Q1004,OERLY.PK,OC Oerlikon Corporation AG Pfaeffikon,1.333187,PNK,56,Промышленность,11,Промышленные машины и оборудование,0.0,7.8,,10.42,0.0,4.23,9.62,6.94,7.65,10.5,6.94,8.03,10.5,6.94,8.03,16.27,6.94,8.61,16.27,6.94,8.84,33.0,6.94,10.24,,"OC Oerlikon Corporation AG Pfaeffiko — швейцарский поставщик производственных систем, компонентов и услуг для высокотехнологичной продукции в области поверхностных решений и искусственных волокон. Компания работает в двух сегментах: Surface Solutions предоставляет продукты и услуги для обработки поверхности, а также технологии тонкопленочных и толстослойных покрытий; Сегмент «Химические волокна» производит системы, используемые при производстве искусственных волокон, такие как машины для производства нитей, машины для текстурирования, машины для производства синтетических штапельных волокон, машины для производства нетканых материалов и машины для изготовления ковровой пряжи.",
2841,US,CKSNY,US92550C2035,CKSNY.PK,Vesuvius plc,1.285632,PNK,57,Промышленность,12,Промышленные машины и оборудование,0.0,6.36,,0.0,0.0,0.0,5.61,5.01,5.25,5.61,4.84,5.22,5.61,4.84,5.22,5.61,4.84,5.26,5.61,4.34,5.19,5.61,4.34,5.14,,"Vesuvius plc занимается разработкой и технологией потоков расплавленного металла. Сегменты компании включают сталелитейный и литейный заводы. Подразделение стали включает в себя компании Steel Flow Control, Steel Advanced Refractories и Steel Sensors & Probes. Подразделение Steel Flow Control снабжает мировую сталелитейную промышленность расходными керамическими изделиями, системами, робототехникой и цифровыми услугами. Steel Advanced Refractories поставляет специализированные огнеупорные изделия, предназначенные для того, чтобы сталеплавильное оборудование могло удерживать расплавленный металл. Steel Sensors & Probes поставляет ряд продуктов, которые улучшают контроль и мониторинг производственных процессов клиентов. Подразделение литейного производства работает под брендом Foseco и предлагает широкий спектр расходных материалов и оборудования для литейного производства, отвечающих требованиям чугунолитейных, сталелитейных и цветных металлов. Шесть основных линий продукции Foundry Division — это системы подачи, покрытия, обработка металлов, фильтры, огнеупоры и тигли. Он также владеет предприятиями по производству систем расплавленного металла.",
2845,US,BRRAY,US0676802079,BRRAY.PK,Barloworld Ltd,2.1e-05,PNK,58,Промышленность,9,Тяжелая техника и транспортные средства,0.0,15.5,,0.0,0.0,0.0,15.6,5.63,8.53,15.6,5.25,7.25,15.6,5.25,7.25,15.6,5.25,7.25,15.6,5.25,7.25,15.6,5.25,7.25,,"Barloworld Limited — южноафриканская компания по промышленной переработке, дистрибуции и оказанию услуг, специализирующаяся на двух основных направлениях: промышленное оборудование, а также услуги и потребительская промышленность. Сегменты компании включают сегменты «Оборудование для Южной Африки» (BWE snA), «Автомобильный», «Ингрейн», «Оборудование для России», «Оборудование для Монголии» и другие сегменты. Сегмент «Оборудование для Южной Африки» поставляет строительное и горнодобывающее оборудование для землеройной отрасли в 11 африканских стран. Автомобильный сегмент включает в себя различные бизнес-подразделения, в том числе Avis и Budget Rent a Car, а также Avis Flee. Компания «Ингрэйн» занимается реализацией крахмала, глюкозы и других сопутствующих продуктов (сопутствующих продуктов). Сегменты «Оборудование для России» и «Оборудование в Монголии» поставляют строительное и горнодобывающее оборудование для землеройных предприятий по всей России и Монголии. Другие сегменты предлагают корпоративные офисы (Южная Африка и Великобритания), компании по управлению и утилизации отходов (SMD), Crownmill и Khula Sizwe.",
2850,US,AEBI,CH0027352993,AEBI.O,Aebi Schmidt Holding AG,0.729438,NSQ,59,Промышленность,10,Тяжелая техника и транспортные средства,0.78,9.42,,14.68,8.91,12.18,33.0,8.91,11.7,33.0,8.91,11.7,33.0,8.91,11.7,33.0,8.91,11.7,33.0,8.91,11.7,33.0,8.91,11.7,,"Aebi Schmidt Holding AG — швейцарская компания, занимающаяся преимущественно производством машин и оборудования. Компания специализируется на предоставлении систем и услуг для уборки и обслуживания проезжей части и сложной местности, а также навесного и съемного оборудования для индивидуального оборудования автомобилей. Сферы деятельности компании включают расчистку взлетно-посадочных полос аэропортов, расчистку снега и льда, уборку и разметку улиц, поддержание окружающей среды, коммерческие грузовики и прицепы, а также сельское хозяйство. Aebi Schmidt Holding также предлагает цифровые решения для оптимизации операций и управления автопарком. Производственные мощности компании расположены в Европе и Северной Америке.",
2864,US,AMKAF,DK0010244425,AMKAF.PK,AP Moeller - Maersk A/S,39.645075,PNK,60,Промышленность,1,Морские перевозки и логистика,0.0,2500.0,,2755.66,0.0,2062.7,2329.13,1850.92,2053.59,2329.13,1361.0,1844.81,2329.13,1197.94,1669.58,2350.69,1197.94,1721.29,3362.03,1197.94,2025.59,3362.03,636.47,1818.95,,"AP Moeller-Maersk A/S — датская компания по контейнерной логистике. Через свои дочерние компании компания занимается в основном контейнерными перевозками и сопутствующей деятельностью, включая танкеры, трамперы и морские операции по всему миру. Maersk включает четыре бизнес-сегмента: океан, логистика и услуги, терминалы и буксировка, производство и другие. Океанский сегмент включает морскую деятельность Maersk Liner Business совместно с Hamburg Sud Brands. Деятельность на внутреннем рынке, связанная с бизнесом Maersk Liner Business, включена в сегмент «Логистика и услуги». Сегмент «Терминалы и буксировка» включает в себя шлюзовые терминалы, занимающиеся наземной деятельностью и услугами буксировки. Сегмент «Производство и другие» включает деятельность Maersk Container Industry по производству и продаже рефрижераторных контейнеров на заводе в Китае. Компания работает по всему миру.",
2876,US,OROVY,US68620F1030,OROVY.PK,Orient Overseas (International) Ltd,12.027322,PNK,61,Промышленность,2,Морские перевозки и логистика,0.0,92.0,,98.7,0.0,37.96,93.88,76.25,86.37,93.88,60.77,80.5,93.88,59.0,75.3,108.0,58.65,76.08,164.18,34.15,85.54,164.18,10.27,79.63,,"Orient Overseas (International) Ltd — инвестиционная холдинговая компания, занимающаяся преимущественно контейнерными перевозками и логистикой. Компания осуществляет свою деятельность через два сегмента. Сегмент контейнерных перевозок и логистики занимается предоставлением глобальных услуг по контейнерным перевозкам по основным торговым маршрутам, охватывая Транс-Тихоокеанский, Трансатлантический регион, Азию/Европу, Азию/Австралию и внутриазиатскую торговлю. Кроме того, этот сегмент также предоставляет комплексные услуги по управлению и контролю эффективного хранения и движения товаров. Сегмент «Другие» занимается коммерческой недвижимостью.",
2880,US,KAIKY,US4863642017,KAIKY.PK,Kawasaki Kisen Kaisha Ltd,10.589739,PNK,62,Промышленность,3,Морские перевозки и логистика,0.0,18.18,,18.18,0.0,7.67,15.36,12.2,14.11,15.73,11.62,14.05,16.73,10.0,14.48,16.73,7.03,12.68,16.73,2.05,9.4,16.73,1.03,7.5,,"Kawasaki Kisen Kaisha Ltd — японская компания, занимающаяся преимущественно морскими перевозками. Компания работает в трех бизнес-сегментах. Сегмент сухих навалочных грузов занимается перевозкой сухих сыпучих грузов. Сегмент «Энергетические ресурсы» занимается перевозками сжиженного природного газа, электроэнергетикой, нефтяными танкерами и морским бизнесом. Сегмент продуктовой логистики занимается автоперевозками, логистикой, морскими и внутренними перевозками, а также бизнесом по перевозке контейнеров. Компания также занимается бизнесом по управлению судами, туристическим агентством, а также арендой и управлением недвижимостью.",
2887,US,YATRY,US98463V1052,YATRY.PK,Yamato Holdings Co Ltd,3.924062,PNK,63,Промышленность,1,"Курьерская, почтовая, авиаперевозка и наземная логистика",0.0,10.92,,10.92,0.0,2.64,16.72,14.5,15.52,16.72,12.3,14.7,19.12,9.97,12.69,19.18,9.97,14.42,28.57,9.97,16.48,31.78,9.97,18.11,,"Yamato Holdings Co Ltd — японская компания, занимающаяся в основном доставкой на дом, логистикой и транспортировкой. Компания работает в трех бизнес-сегментах. Розничный сегмент предоставляет услуги доставки на дом индивидуальным клиентам, а также малым и средним корпоративным клиентам. Корпоративный сегмент занимается транспортным обслуживанием крупных корпоративных клиентов, планированием и эксплуатацией распределительных центров, таможенным оформлением, а также услугами авиатранспортно-экспедиторского агентства. Сегмент «Другие» занимается разработкой, эксплуатацией и управлением систем информационных технологий (ИТ), техническим обслуживанием автомобилей, продажей топлива, агентством по страхованию, кроме страхования жизни, и грузовыми автоперевозками. Компания также разрабатывает информационные системы и предоставляет перевозчикам услуги по управлению автопарком.",
2889,US,OSTIY,US68859R1095,OSTIY.PK,Oesterreichische Post AG,2.658696,PNK,64,Промышленность,2,"Курьерская, почтовая, авиаперевозка и наземная логистика",0.0,19.25,,0.0,0.0,0.0,16.65,16.65,16.65,16.65,16.65,16.65,17.18,14.6,16.27,19.37,14.6,17.13,23.5,14.6,19.25,23.6,14.6,19.22,,"Oesterreichische Post AG — австрийская компания. Компания является международным поставщиком почтовых, логистических и услуг. Основным видом деятельности компании является перевозка традиционной письменной корреспонденции, прямой почтовой корреспонденции, посылок и экспресс-почты. Решения для бизнес-процессов, решения для электронной коммерции и логистики, а также цифровые услуги, например, для рекламы, дополняют портфель услуг. Он работает через три операционных подразделения: почта, посылки и логистика и розничная торговля и банк. Кроме того, Корпоративный отдел в основном предлагает услуги, связанные с администрированием и управлением Группой, а также разработкой новых бизнес-моделей. Почтовый отдел предлагает распределение, сбор, сортировку и доставку писем и документов. Подразделение посылок и логистики занимается перевозкой посылок и экспресс-почты. Подразделение розничной торговли и банковских услуг включает филиалы и финансовые услуги Почты Австрии.",
2900,US,PCFBY,US69402P1030,PCFBY.PK,Pacific Basin Shipping Ltd,1.93214,PNK,65,Промышленность,4,Морские перевозки и логистика,0.0,6.89,,9.12,0.0,6.17,6.99,4.67,5.84,6.99,3.39,5.16,7.5,3.39,5.48,8.45,3.39,5.76,11.02,3.14,6.46,11.02,1.29,5.91,,"Pacific Basin Shipping Ltd — инвестиционная холдинговая компания, занимающаяся преимущественно судоходным бизнесом. Компания в основном занимается оказанием услуг по перевозке сыпучих грузов. Компания в основном эксплуатирует современные сухогрузы Handysize и Supramax. Компания также занимается управлением и инвестированием денежных средств и депозитов Группы.",
2922,US,KAJMY,US4831112093,KAJMY.PK,Kajima Corp,19.575211,PNK,66,Промышленность,1,Строительство и Инжиниринг,0.0,37.72,,46.0,36.94,39.94,39.9,22.28,32.84,39.9,15.22,25.54,39.9,15.22,20.16,39.9,10.67,17.44,39.9,8.97,14.58,39.9,8.12,14.45,,"Kajima Corp — японская компания, которая в основном занимается гражданским строительством, строительным бизнесом и девелопментом недвижимости. Компания осуществляет свою деятельность в пяти бизнес-сегментах. Сегмент гражданского строительства занимается гражданским строительством. Сегмент «Строительство» занимается строительным бизнесом. Сегмент «Девелопмент» занимается общим девелоперским бизнесом, проектированием, структурным проектированием и прочим проектным бизнесом, а также общим инжиниринговым бизнесом. Сегмент отечественных филиалов занимается продажей строительных материалов и оборудования, заключением договоров на специализированные работы, а также общим лизинговым бизнесом и бизнесом по лизингу зданий в Японии. Сегмент зарубежных филиалов занимается строительным бизнесом и бизнесом по развитию недвижимости в зарубежных регионах, таких как Северная Америка, Европа, Азия и Океания.",
2926,US,EFGSY,US2824921074,EFGSY.PK,Eiffage SA,14.531509,PNK,67,Промышленность,2,Строительство и Инжиниринг,0.0,29.44,,34.49,29.44,31.45,29.96,23.65,26.66,29.96,16.63,24.88,29.96,16.54,22.54,29.96,16.54,22.03,29.96,15.15,21.23,29.96,9.98,20.57,,"Eiffage SA — французская компания, предоставляющая групповые услуги по строительству и концессиям. Деятельность компании осуществляется через пять подразделений, таких как строительство и обслуживание транспортной и инженерной инфраструктуры: дорог, автомагистралей, мостов, железных дорог и т. д. Кроме того, группа производит и продает заполнители, покрытия и связующие; Проектирование, строительство и обслуживание электротехнических, климатических и машиностроительных установок; Строительство и реконструкция зданий: домов, офисов, торговых центров, автостоянок, стадионов, тюрем, больниц и т. д. Кроме того, Компания развивает девелоперскую деятельность; Строительство и управление в концессию инфраструктурой и сооружениями; И другие.",
2933,US,AVHNY,US0045631027,AVHNY.PK,Ackermans & Van Haaren NV,9.943967,PNK,68,Промышленность,3,Строительство и Инжиниринг,0.0,26.3,,0.0,0.0,0.0,26.3,26.3,26.3,26.3,26.3,26.3,26.3,26.3,26.3,26.3,26.3,26.3,26.3,15.63,18.2,26.3,12.3,16.05,,"Ackermans & Van Haaren NV — это независимая и диверсифицированная группа со штаб-квартирой в Бельгии, которая работает в различных отраслях, инвестируя в компании на основе долгосрочного партнерства. Он работает в пяти сегментах: морское проектирование и подрядные работы, частное банковское обслуживание, недвижимость и уход за пожилыми людьми, энергетика и ресурсы и капитал роста. Деятельность в сфере морского инжиниринга и подряда варьируется от дноуглубительных работ до (морского) строительства, возобновляемых источников энергии и глубоководных полезных ископаемых. Private Banking в основном занимается дискреционным управлением активами, уделяя особое внимание предпринимателям и представителям свободных профессий. Деятельность компании в сфере недвижимости и ухода за пожилыми людьми варьируется от развития и управления недвижимостью до ухода за пожилыми людьми и здравоохранения. В центре внимания Energy & Resources находится устойчивое тропическое сельское хозяйство. Сегмент Growth Capital предоставляет капитал для развития семейным компаниям, имеющим конкурентоспособную позицию и высокий потенциал роста.",
2934,US,MLLUY,US59126Q1076,MLLUY.PK,Metallurgical Corporation of China Ltd,8.497394,PNK,69,Промышленность,4,Строительство и Инжиниринг,0.0,4.29,,0.0,0.0,0.0,6.25,3.79,4.97,6.25,3.49,4.64,6.25,3.24,4.3,6.64,3.24,4.48,8.04,3.1,4.65,8.04,3.1,4.68,,"Metallurgical Corporation of China Ltd — китайская компания, занимающаяся преимущественно инженерно-строительным бизнесом. Компания управляет пятью сегментами. Сегмент инженерного подряда занимается предоставлением инжиниринговых, строительных и других сопутствующих услуг для металлургических и неметаллургических проектов. Сегмент «Развитие ресурсов» занимается разработкой, добычей и переработкой полезных ископаемых, а также производством цветных металлов и поликремния. Рекомендуемый бизнес-сегмент занимается производством специализированного металлургического оборудования, металлоконструкций и других металлических изделий, а также строительством и эксплуатацией экологически чистых инженерных объектов, а также техническим надзором, консалтингом и техническими услугами. Сегмент «Комплексная недвижимость» занимается девелопментом и продажей жилой и коммерческой недвижимости, строительством доступного жилья, первичным освоением земель. Компания также управляет сегментом «Прочие».",
2947,US,NWSGY,US62948T1016,NWSGY.PK,CTF Services Ltd,4.586838,PNK,70,Промышленность,5,Строительство и Инжиниринг,0.0,9.62,,10.26,0.0,4.21,10.7,8.15,9.08,10.7,7.65,8.72,13.85,7.01,8.5,13.85,7.01,8.46,13.85,6.85,8.49,19.91,6.4,10.7,,"CTF Services Ltd, ранее NWS Holdings Ltd, — инвестиционная холдинговая компания, занимающаяся преимущественно строительным бизнесом. Компания работает в шести сегментах. Сегмент строительства предоставляет услуги по проектированию, проектированию и строительству коммерческих и жилых, а также государственных и институциональных проектов. Сегмент «Страхование» предлагает клиентам страхование жизни, страхование от несчастных случаев и другие продукты. Сегмент «Дороги» занимается эксплуатацией дорог с целью получения дохода от платы за проезд. Сегмент «Управление объектами» занимается управлением конференц-центрами и выставочными центрами. Логистический сегмент занимается бизнесом по управлению логистическими активами и управлением ими. Сегмент стратегических инвестиций занимается инвестиционным бизнесом.",
2949,US,WYGPY,US98161Q1013,WYGPY.PK,Worley Ltd,3.887124,PNK,71,Промышленность,6,Строительство и Инжиниринг,0.0,7.95,,8.55,0.0,7.1,9.99,7.73,8.84,10.69,6.59,8.7,11.75,6.59,9.33,12.32,6.59,9.73,12.32,6.57,9.32,14.76,2.19,8.61,,"Worley Limited — глобальная компания, предоставляющая профессиональные услуги, базирующаяся в Австралии. Компания предоставляет инженерные решения, решения по управлению проектами и активами в энергетическом, химическом и ресурсном секторах. Компания сотрудничает с клиентами для проектирования, строительства и обслуживания критически важных активов на протяжении всего их жизненного цикла. В энергетическом секторе он производит энергию из традиционных, таких как уголь и нефть, и низкоуглеродных источников энергии, таких как газ, ветер, солнечная энергия и водород, а также реализует проекты, связанные с выработкой, передачей и распределением электроэнергии. В химическом секторе компания производит, перерабатывает и перерабатывает химикаты и топливо, такие как возобновляемые виды топлива, нефтехимические продукты, полимеры и специальные химикаты. В секторе ресурсов компания перерабатывает минеральные и металлические ресурсы, такие как ресурсы, которые играют центральную роль в энергетическом переходе, и ресурсные проекты, связанные с использованием и повторным использованием воды, окружающей средой, транспортом, портами, а также восстановлением и выводом из эксплуатации объектов.",
2950,US,IMPJY,US94845M1036,IMPJY.PK,Webuild SpA,2.651719,PNK,72,Промышленность,7,Строительство и Инжиниринг,0.0,5.71,,7.0,0.0,2.98,10.5,7.68,8.72,10.5,5.81,7.92,10.5,3.79,6.79,10.5,3.12,6.0,10.5,2.74,5.21,10.5,1.66,5.11,,"Webuild SpA, ранее известная как Salini Impregilo SpA, — итальянская строительная компания, специализирующаяся на секторах инфраструктуры, таких как устойчивая мобильность, гидроэнергетика, управление водными ресурсами и экологически чистые здания. Проекты включают дороги, мосты, железнодорожные линии и линии метро, ​​плотины, гидравлические туннели, опреснительные и водоочистные сооружения, стадионы, культурные центры и штаб-квартиры корпораций. Компания работает по всему миру, в Европе, Северной Америке и Австралии.",
2953,US,ARCAY,US03923E1073,ARCAY.PK,Arcadis NV,2.866386,PNK,73,Промышленность,8,Строительство и Инжиниринг,0.0,30.0,,42.0,0.0,22.39,75.99,28.86,47.02,75.99,28.86,48.97,75.99,28.86,54.92,75.99,28.86,51.88,75.99,28.86,46.09,75.99,11.22,27.41,,"Arcadis NV — компания, базирующаяся в Нидерландах. Компания занимается предоставлением устойчивых проектных, инженерных и консалтинговых решений. Он выполняет технико-экономическое обоснование, разрабатывает проекты, предлагает финансовые и юридические консультационные услуги, помогает в процессе получения разрешений, а также предлагает услуги по проектированию и техническому обслуживанию.",
2954,US,JGCCY,US4661401004,JGCCY.PK,JGC Holdings Corp,3.423394,PNK,74,Промышленность,9,Строительство и Инжиниринг,0.0,25.21,,27.38,0.0,9.92,24.1,15.31,20.38,24.1,13.18,17.39,24.1,13.18,17.69,30.0,13.18,21.03,31.01,13.18,21.64,49.93,12.52,28.37,,"JGC Holdings Corp — японская компания, занимающаяся в основном общим инжинирингом и производством функциональных материалов. Компания работает в двух бизнес-сегментах. Сегмент комплексного инжиниринга занимается планированием, проектированием, закупками, строительством и испытаниями оборудования, приборов и объектов для нефти, нефтепереработки, нефтехимии, газа, сжиженного природного газа (СПГ) и других, а также бизнеса по производству воды и электроэнергии. Сегмент «Производство функциональных материалов» занимается производством и продажей продукции в области катализаторов, технологий наночастиц, экологически чистых и безопасных материалов, электронных материалов, высокоэффективной керамики и энергетики нового поколения. Компания также занимается консалтингом, офисной поддержкой, опреснением, добычей и продажей сырой нефти и газа.",
2957,US,CHYCY,US17025X1028,CHYCY.PK,Chiyoda Corp,1.471237,PNK,75,Промышленность,10,Строительство и Инжиниринг,0.0,5.9,,7.7,0.0,3.76,4.52,3.0,3.76,4.52,1.95,2.96,4.52,1.53,2.23,4.52,1.53,2.48,5.27,1.53,3.14,10.35,1.53,5.56,,"Chiyoda Corporation — японская компания, занимающаяся комплексным инжиниринговым бизнесом. Инжиниринговый сегмент занимается планированием различных промышленных и потребительских объектов, а также объектов контроля загрязнения, улучшения окружающей среды и предотвращения стихийных бедствий. Этот сегмент также занимается проектированием, закупкой и монтажом сопутствующих устройств и оборудования, гражданскими и строительными работами, электромонтажными работами, приборостроительными и трубопроводными работами, опытной эксплуатацией, а также другими сопутствующими видами деятельности. Другой сегмент занимается предоставлением туристических услуг, услуг авиаперевозок, консультационных услуг по финансам, бухгалтерскому учету и налогам, увольнению сотрудников и проведению расследований, а также предоставлением услуг по обучению и трудоустройству.",
2967,US,MTCPY,US5537684095,MTCPY.PK,MTR Corp Ltd,25.526162,PNK,76,Промышленность,1,"Пассажирские перевозки, наземные и морские",0.0,12.19,,12.32,0.0,4.59,11.99,10.0,10.81,11.99,9.05,10.23,11.99,9.05,10.26,16.17,9.05,10.77,17.5,9.05,12.77,21.51,9.05,15.08,,"MTR Corporation Limited в основном занимается эксплуатацией железных дорог. Компания имеет шесть сегментов. Компания Hong Kong Transport Operations занимается пассажирскими перевозками и сопутствующими услугами для железнодорожных систем, экспрессов в аэропортах, а также легкорельсового транспорта и автобусов в Гонконге. Компания Hong Kong Station Commercial Businesses занимается сдачей в аренду рекламных, торговых и автомобильных парковочных мест, предоставлением телекоммуникационных и широкополосных услуг, а также другой коммерческой деятельностью в Гонконге. Компания Hong Kong Property Rental and Management занимается сдачей в аренду торговых, офисных и автомобильных парковочных мест, а также предоставлением услуг по управлению недвижимостью в Гонконге. Компания Hong Kong Property Development занимается строительством недвижимости вблизи железнодорожных систем. Компания «Железная дорога, аренда недвижимости и управление» занимается строительством, эксплуатацией и обслуживанием систем общественного транспорта. Компания Mainland of China Property Development занимается девелопментом недвижимости.",
2970,US,AIRYY,US00910M1009,AIRYY.PK,Air China Ltd,15.68034,PNK,77,Промышленность,1,Авиакомпании,0.0,12.02,,15.63,0.0,4.99,18.09,12.55,15.22,18.09,10.4,13.63,18.09,7.51,11.65,19.67,7.51,12.52,19.95,7.51,13.62,32.26,7.51,16.04,,"Air China Ltd — китайская компания, занимающаяся преимущественно авиаперевозками пассажиров, грузовыми перевозками, почтовыми перевозками и техническим обслуживанием в материковом Китае, Гонконге, Макао и зарубежных регионах. Компания осуществляет свою деятельность через два сегмента. Сегмент «Авиационные операции» в основном включает предоставление пассажирских и грузовых авиаперевозок. Сегмент «Прочие операции» включает предоставление авиастроения и других услуг, связанных с авиакомпаниями. Компания также занимается внутренней и международной бизнес-авиацией, самолетным бизнесом, техническим обслуживанием самолетов, бизнес-агентами авиакомпаний, наземными и воздушными экспресс-услугами, связанными с основным бизнесом, беспошлинной торговлей на борту, розничной торговлей на борту и агентской деятельностью по продаже страхования от авиационных происшествий. Компания в основном ведет свою деятельность на внутреннем рынке и на зарубежных рынках.",
2975,US,CPCAY,US1489063081,CPCAY.PK,Cathay Pacific Airways Ltd,9.293114,PNK,78,Промышленность,2,Авиакомпании,0.0,7.64,,8.63,0.0,7.69,8.19,6.51,7.22,8.19,5.48,6.81,8.19,4.84,6.05,8.19,4.5,5.72,8.19,3.74,5.28,9.54,3.25,6.1,,"Cathay Pacific Airways Ltd — компания, занимающаяся преимущественно международными пассажирскими и грузовыми авиаперевозками. Вместе со своими дочерними компаниями Компания осуществляет свою деятельность через четыре операционных сегмента. Сегмент Cathay Pacific и Cathay Dragon обеспечивает полный спектр международных пассажирских и грузовых авиаперевозок под брендами Cathay Pacific и Cathay Dragon. Сегмент Air Hong Kong обеспечивает экспресс-грузовые авиаперевозки, предлагая регулярные рейсы по Азии. Сегмент HK Express обеспечивает недорогие пассажирские авиаперевозки, предлагая регулярные рейсы по Азии. Сегмент авиационных услуг предоставляет вспомогательные услуги авиакомпаний, включая кейтеринг, работу грузовых терминалов, услуги наземного обслуживания и услуги коммерческих прачечных.",
2978,US,ALNPY,US0323501009,ALNPY.PK,ANA Holdings Inc,9.870993,PNK,79,Промышленность,3,Авиакомпании,0.0,3.77,,4.06,3.6,3.79,4.2,3.4,3.9,4.2,3.4,3.84,4.62,3.35,3.91,4.93,3.35,4.04,5.51,3.35,4.17,79.6,3.35,11.34,,"ANA Holdings Inc — японская холдинговая компания, занимающаяся преимущественно авиационным бизнесом. Компания осуществляет свою деятельность в четырех бизнес-сегментах. Авиационный сегмент осуществляет регулярные и нерегулярные авиаперевозки пассажиров и грузов внутренними и международными рейсами. Сегмент, связанный с авиацией, предоставляет клиентам услуги, связанные с воздушными перевозками, такие как обслуживание и техническое обслуживание в аэропорту, а также различные услуги в аэропорту, а также предоставляет информационные услуги по бронированию по телефону. Сегмент «Путешествия» занимается разработкой и продажей пакетных туристических продуктов, в основном состоящих из авиабилетов и проживания. Сегмент торговых компаний в основном занимается импортом и экспортом авиационных материалов и почтовых заказов. Компания также занимается управлением зданиями и подбором временного персонала.",
2979,US,TKHVY,US90010R1095,TKHVY.PK,Turk Hava Yollari AO,8.968663,PNK,80,Промышленность,4,Авиакомпании,0.0,66.53,,70.15,0.0,40.66,81.87,61.21,70.8,90.48,61.21,75.59,99.26,61.21,80.06,99.26,57.13,79.36,99.26,12.06,45.88,99.26,11.23,34.62,,"Turk Hava Yollari AO — турецкая компания, предоставляющая услуги пассажирских и грузовых авиаперевозок. Он работает в следующих бизнес-сегментах: воздушный транспорт (авиация), который состоит в основном из внутренних и международных пассажирских и грузовых авиаперевозок, а также услуги технического обслуживания (технические), которые состоят в основном из услуг по ремонту и техническому обслуживанию самолетов, а также предоставления технической и инфраструктурной поддержки, связанной с авиационным сектором. В число ее дочерних компаний входят: THY Teknik AS, занимающаяся техническим обслуживанием самолетов, а также THY Ucus Egitim ve Havalimani Isletme AS, занимающаяся обучением и эксплуатацией аэропортов. Компания обслуживает все внутренние направления, а также Ближний Восток, Северную Америку, Европу, Азию, Северную Африку и Южную Африку.",
2983,US,TOKUY,US8891441011,TOKUY.PK,Tokyu Corp,7.290993,PNK,81,Промышленность,2,"Пассажирские перевозки, наземные и морские",0.0,11.9,,12.5,0.0,3.05,12.81,9.45,11.44,13.4,9.15,11.44,13.4,9.15,11.43,14.42,9.15,11.83,14.94,9.15,11.9,18.41,9.15,12.48,,"Tokyu Corp — японская компания, которая в основном занимается транспортным бизнесом, бизнесом с недвижимостью, услугами для отдыха, а также гостиничным и курортным бизнесом. Компания работает в четырех бизнес-сегментах. Сегмент «Транспорт» занимается эксплуатацией железных дорог и аэропортов, предоставлением услуг автобусных перевозок, а также деятельностью, связанной с железнодорожным транспортом. Сегмент «Недвижимость» занимается продажей, управлением, сдачей в аренду и посредничеством недвижимости, а также строительным бизнесом. Сегмент услуг для отдыха занимается управлением универмагами, сетями магазинов и торговыми центрами, а также бизнесом по кредитным картам, бизнесом по кабельному телевидению, бизнесом рекламных агентств и видеобизнесом. Сегмент отелей и курортов занимается эксплуатацией отелей и полей для гольфа.",
2990,US,ELALF,IL0010878242,ELALF.PK,El Al Israel Airlines Ltd,2.434803,PNK,82,Промышленность,5,Авиакомпании,0.0,4.51,,5.98,0.0,3.41,5.85,3.44,4.43,5.85,2.27,4.05,5.85,0.9,3.52,5.85,0.85,3.24,5.85,0.05,2.13,7.22,0.05,2.08,,"El Al Israel Airlines Ltd. (Эль Аль) — международная авиакомпания. Компания выполняет внутренние и международные рейсы между Израилем и за рубежом. Услуги включают в себя коммерческие рейсы, чартерные рейсы и грузовые перевозки. Дальнейшая деятельность включает в себя оказание услуг кейтеринга на собственных и арендованных воздушных судах, услуги по проверке, например, на стойках прилета и вылета, обработку грузов, услуги по обеспечению безопасности и техническому обслуживанию для собственных авиаперевозчиков, а также для других компаний. El Al также предлагает карту E-Club, предлагающую различные предложения и бонусы для ее членов. Флот компании состоит из двух самолетов Boeing 737-700 и 14 самолетов 737-800, пяти самолетов Boeing 747-400, семи самолетов Boeing 767, пяти самолетов Boeing 757 и шести самолетов Boeing 777-200. Дочерние компании El Al включают Sun D'or, Taman, Catit, Superstar Holidays, ACI (50%), Borenstein Caterers, Airtour (50%), Cyber ​​(49%) и Holiday Lines (20%).",
2991,US,AERO,US40054J1097,AERO.K,Grupo Aeromexico SAB de CV,0.009454,NYQ,83,Промышленность,6,Авиакомпании,0.51,13.56,,17.88,12.26,14.72,23.05,16.0,19.16,23.05,16.0,19.16,23.05,16.0,19.16,23.05,16.0,19.16,23.05,16.0,19.16,23.05,16.0,19.16,,"Grupo Aeromexico SAB de CV — мексиканская холдинговая компания, занимающаяся преимущественно пассажирскими и грузовыми авиаперевозками. Компания предлагает направления в Мексику, США, Европу, Центральную и Южную Америку, Азию и Канаду. Компания управляет парком, насчитывающим более 110 самолетов. В первую очередь компания занимается сегментом пассажирских перевозок, включающим региональные, внутренние и международные маршруты, а также путевки; а также в сегменте грузоперевозок.",
2992,US,CDGLY,US2003851027,CDGLY.PK,Comfortdelgro Corporation Ltd,2.455936,PNK,84,Промышленность,3,"Пассажирские перевозки, наземные и морские",0.0,24.98,,24.98,0.0,17.93,26.76,19.79,23.55,26.76,18.07,23.21,26.76,18.07,22.49,26.76,16.74,21.46,26.76,16.74,21.47,44.53,16.74,24.67,,"ComfortDelGro Corporation Limited — сингапурская компания наземного транспорта. Его сегмент общественного транспорта занимается предоставлением автобусных и железнодорожных услуг пассажирам, путешествующим на общественном транспорте, и получает доходы по контрактам от выполнения регулярных рейсов. Сегмент «Такси/частный прокат автомобилей» (PHV) занимается сдачей такси в аренду, эксплуатацией услуг бюро такси, услугами платформ, арендой и лизингом автомобилей, предоставлением услуг по техническому обслуживанию и ремонту транспортных средств, производством специализированных транспортных средств, сборкой кузовов автобусов, услугами аварийного ремонта, инжиниринговыми услугами, а также продажей дизельного топлива и бензина. Сегмент «Другой частный транспорт» занимается предоставлением услуг по аренде автобусов и предоставлением неэкстренных транспортных услуг пациентам. Его сегмент услуг по инспекциям и испытаниям занимается предоставлением услуг по проверке транспортных средств, а также предоставлением услуг по тестированию, проверке и консультированию, не относящимся к транспортным средствам.",
2994,US,WZZZY,US97751W1062,WZZZY.PK,Wizz Air Holdings PLC,1.181338,PNK,85,Промышленность,7,Авиакомпании,0.0,3.0,,3.95,0.0,2.13,7.0,3.33,4.21,7.0,3.33,4.29,8.0,3.33,4.63,9.8,3.33,5.31,18.0,3.33,7.98,18.0,3.33,8.41,,"Wizz Air Holdings Plc — венгерская авиакомпания. Компания предоставляет недорогие пассажирские авиаперевозки по регулярным, ближне- и среднемагистральным маршрутам через Европу, на Кавказ и Ближний Восток, а также в Северную Африку и Северо-Западную Азию, соединяя 155 пунктов назначения в 45 странах. Wizz Air Holdings Plc управляет парком из более чем 206 ультрасовременных самолетов семейства Airbus A320. Двигатели нового поколения самолетов Airbus A321neo обеспечивают экологические преимущества за счет меньшего воздействия на окружающую среду в расчете на одного пассажира. Wizz Air Holdings Plc работает вместе со своими дочерними компаниями: Wizz Air Венгрия Ltd., Wizz Air UK Ltd., Wizz Air Abu Dhabi LLC и Wizz Air Malta Ltd.",
2996,US,NWARF,NO0010196140,NWARF.PK,Norwegian Air Shuttle ASA,1.514835,PNK,86,Промышленность,8,Авиакомпании,0.0,1.5,,1.66,0.0,1.29,1.95,1.3,1.6,1.95,0.85,1.36,1.95,0.85,1.29,1.95,0.65,1.19,5.17,0.58,1.34,12.52,0.02,2.46,,"Норвежский Air Shuttle ASA — норвежский авиаперевозчик. Компания Norwegian выполняет прямые перелеты на короткие расстояния внутри Скандинавских стран и из Скандинавских стран в континентальную Европу. Норвежская группа состоит из материнской компании Norwegian Air Shuttle ASA и ее дочерних компаний, прямо или косвенно находящихся в собственности в Норвегии, Швеции, Дании, Финляндии, Ирландии, Испании, Латвии и США. Структура Группы разделена на пять функциональных бизнес-направлений. Сеть, ценообразование и оптимизация направлены на оптимизацию прибылей и убытков авиакомпании посредством планирования сети, ценообразования и операций. Разработка продуктов и цифровых технологий обеспечивает взаимодействие пользователей с цифровыми и физическими точками взаимодействия. Отдел маркетинга, продаж и обслуживания клиентов стремится оптимизировать продажи, распространение и маркетинг. Operations осуществляет коммерческую деятельность авиакомпаний. Функции поддержки имеют четыре важные функции поддержки: финансы и контроль, кадры, информационные технологии и бизнес-услуги и коммуникации и связи с общественностью.",
2998,US,FGROY,US33765M1071,FGROY.PK,FirstGroup PLC,1.246788,PNK,87,Промышленность,4,"Пассажирские перевозки, наземные и морские",0.0,2.5,,2.5,0.0,0.68,3.31,2.36,2.85,3.31,1.6,2.52,3.31,1.51,2.3,3.31,1.17,2.02,3.31,0.9,1.65,3.31,0.37,1.38,,"FirstGroup plc — частный поставщик услуг общественного транспорта. Подразделения компании включают First Bus и First Rail. First Bus — автобусный оператор в Соединенном Королевстве с парком около 3000 автобусов. Он предоставляет автобусные перевозки местным властям и является оператором в большинстве своих регионов, включая крупные городские центры, такие как Глазго, Бристоль и Лидс. Смежный сервисный бизнес предоставляет широкий спектр автобусных услуг, включая школы, частных туроператоров, аэропорты и авиакомпании, а также распределительные центры. First Rail - железнодорожный оператор, который управляет парком, насчитывающим около 1800 локомотивов и железнодорожных вагонов, через две железнодорожные компании, работающие по контракту с DfT: West Coast Partnership (WCP) (включая Avanti West Coast и West Coast Partnership Development) и Great Western Railway (GWR), а также два маршрута с открытым доступом (Hull Trains и Lumo). Компания также осуществляет экскурсионные автобусные перевозки.",
2999,US,ULCC,US35909R1086,ULCC.O,Frontier Group Holdings Inc,0.782969,NSQ,88,Промышленность,9,Авиакомпании,4.88,3.41,,4.04,3.02,3.53,6.05,3.15,4.48,10.26,2.89,4.99,10.26,2.79,5.32,14.1,2.79,6.21,22.7,2.79,9.04,22.7,2.79,9.04,,"Frontier Group Holdings, Inc. — холдинговая компания. Компания осуществляет свою деятельность через свою дочернюю компанию Frontier Airlines, Inc., которая является сверхбюджетной авиакомпанией. Компания предлагает полеты по всей территории Соединенных Штатов, а также по некоторым международным направлениям в Америке. Парк компании насчитывает около 159 узкофюзеляжных самолетов Airbus, в том числе восемь A320ceo, 82 A320neo, 21 A321ceos и 48 A321neo. Компания в первую очередь обеспечивает авиаперевозки пассажиров. Он предоставляет пассажирские авиаперевозки в первую очередь туристам. Он сочетает в себе тарифы с гибкими дополнительными услугами за дополнительную плату. Такие дополнительные опции включают ручную кладь и зарегистрированный багаж, предварительный выбор места, места премиум-класса с увеличенным пространством для ног, приоритетную посадку, изменение и отмену билетов, а также пакетные опции, объединяющие различные дополнительные услуги. Компания обслуживает около 100 аэропортов по всей территории США и международные направления в Америке.",
3001,US,ANZLY,US0091362014,ANZLY.PK,Air New Zealand Ltd,0.795328,PNK,89,Промышленность,10,Авиакомпании,0.0,1.03,,1.5,0.0,0.58,2.1,1.45,1.66,2.1,1.42,1.67,2.1,1.42,1.71,2.63,1.42,1.88,4.22,1.42,2.36,8.0,1.33,3.23,,"Air New Zealand Limited занимается перевозкой пассажиров и грузов по интегрированной сети регулярных авиалиний в Новую Зеландию, из нее и внутри нее. Ее географические сегменты включают Новую Зеландию, Австралию и острова Тихого океана, Азию, Великобританию и Европу, а также Америку. Компания имеет около 104 эксплуатируемых самолетов, от Boeing 787-9 Dreamliner и Airbus A320 до ATR и Q300, которые предлагают клиентам. Компания ведет бизнес внутри страны, обеспечивая доставку клиентов и грузов в более чем 20 различных регионов Новой Зеландии. На международном уровне авиакомпания выполняет прямые рейсы в города Австралии, Азии, на острова Тихого океана и США. В состав ее эксплуатационного парка входят Boeing 777-300ER, Boeing 787-9 Dreamliner, AirbusA321neo, AirbusA320neo, AirbusA320ceo, ATR 72-600 и Bombardier Q300. Это поставщик услуг по техническому обслуживанию, ремонту и капитальному ремонту (MRO) самолетов и компонентов для клиентов в Новой Зеландии, Австралии, Азии, Америке и Европе.",
3002,US,VLRS,US21240E1055,VLRS.K,Controladora Vuela Compania de Aviacion SAB de CV,0.816323,NYQ,90,Промышленность,11,Авиакомпании,0.84,6.95,,7.88,6.49,7.26,9.99,4.34,6.51,9.99,3.49,6.17,9.99,3.49,6.71,15.05,3.49,7.97,23.58,3.49,10.8,23.58,2.94,10.89,,"Controladora Vuela Compania de Aviacion SAB de CV — мексиканская компания, занимающаяся пассажирскими авиаперевозками. Компания работает как сверхбюджетный перевозчик (ULCC). Its activities are divided into two geographical regions: Mexico (national operations), as well as the Unites States and Central America (international operations). Компания предлагает прямые рейсы «точка-точка». Компания обслуживает второстепенные, более дешевые аэропорты и предоставляет единый класс обслуживания. В ее парке имеется ряд самолетов Airbus, таких как A319, A320 и A321. Компания осуществляет свою деятельность через Comercializadora Volaris SA de CV, Servicios Corporativos Volaris SA de CV и Servicios Operativos Terrestres SA de CV и других.",
3003,US,AIPUY,US00950R1005,AIPUY.PK,Airports of Thailand PCL,22.512655,PNK,91,Промышленность,1,Операторы и службы аэропортов,0.0,12.5,,18.4,0.0,7.39,16.49,9.57,11.92,19.3,8.55,12.13,19.35,8.55,14.85,23.7,8.55,17.22,26.0,8.55,18.62,27.63,8.55,19.41,,"Airports of Thai Public Company Limited — это таиландская компания, которая занимается управлением аэропортами, гостиничным бизнесом, услугами наземной авиации, охранным бизнесом и управляет проектом по бизнесу по скоропортящимся продуктам. Сегментация рынка Компании включает авиационную и неавиационную. Сегментация авиационного рынка включает в себя авиационную деятельность, включающую сборы за посадку и парковку, сборы за обслуживание вылетающих пассажиров и сборы за обслуживание самолетов. Сегментация неавиационного рынка включает неавиационную деятельность, включающую офисную и государственную собственность, услуги и концессии (состоящие из различных видов деятельности, включая рекламу и связи с общественностью, финансовый бизнес и услуги по строительству офисов). Он управляет различными аэропортами, в том числе аэропортом Суварнабхуми, международным аэропортом Дон Муанг, международным аэропортом Чиангмая, международным аэропортом Хатъяй, международным аэропортом Пхукета и международным аэропортом Мае Фа Луанг - Чианграй.",
3006,US,AUKNY,US05070F3082,AUKNY.PK,Auckland International Airport Ltd,7.727832,PNK,92,Промышленность,2,Операторы и службы аэропортов,0.0,22.81,,25.89,0.0,12.12,24.82,20.69,22.67,25.24,20.26,22.97,26.44,20.26,22.91,28.19,20.26,23.64,29.52,19.51,23.99,32.87,12.85,23.98,,"Auckland International Airport Limited предоставляет услуги аэропорта, вспомогательную инфраструктуру и авиационные услуги в Окленде, Новая Зеландия. Он занимается авиационной деятельностью, концессиями на торговлю в аэропортах и ​​автостоянками, отдельной инвестиционной недвижимостью и другими сборами и арендной платой, связанными с эксплуатацией аэропорта. Его сегменты включают авиационную, розничную торговлю и недвижимость. Авиационный сегмент предоставляет услуги, облегчающие перемещение самолетов, пассажиров и грузов, а также предоставляет коммунальные услуги, поддерживающие аэропорт. Авиационный бизнес также получает доход от аренды площадей, сдаваемых в аренду на объектах, таких как терминалы. Розничный сегмент предоставляет услуги розничным торговцам на территории терминалов и предоставляет автостоянки для пассажиров, посетителей и персонала аэропорта. Сегмент недвижимости получает доход от аренды помещений на территории аэропорта за пределами терминалов, включая грузовые здания, ангары и отдельные инвестиционные объекты.",
3007,US,FPRUY,US35546M1080,FPRUY.PK,Fraport Frankfurt Airport Services Worldwide AG,7.922453,PNK,93,Промышленность,3,Операторы и службы аэропортов,0.0,43.74,,44.66,0.0,14.33,45.66,37.63,41.77,45.66,28.75,36.63,45.66,23.95,31.46,45.66,22.4,29.62,45.66,17.55,29.58,58.87,16.3,28.49,,"Fraport AG Frankfurt Airport Services Worldwide — это глобальный оператор аэропортов со штаб-квартирой в Германии, основным направлением деятельности которого является эксплуатация аэропорта Франкфурт-Майн. Компания работает в четырех сегментах: авиация, розничная торговля и недвижимость, наземное обслуживание и сегменты международной деятельности и услуг. Авиационный сегмент в основном управляет наземной и воздушной инфраструктурой на территории Франкфурта. Сегмент розничной торговли и недвижимости отвечает, в частности, за коммерческое развитие объекта во Франкфурте, включая розничную деятельность, а также недвижимость и землю. Сегмент наземного обслуживания включает погрузку, багаж и пассажирские перевозки, авиапочту и перевозку багажа, а также обработку грузов в аэропорту Франкфурта. Сегмент «Международная деятельность и услуги» включает, в частности, приобретение, эксплуатацию, развитие и расширение аэропортов за рубежом. Кроме того, Компания предлагает услуги по планированию и консалтингу, а также ИТ-услуги и управление объектами.",
3008,US,PUODY,US74343W1009,PUODY.PK,Promotora y Operadora de Infraestructura SAB de CV,6.497992,PNK,94,Промышленность,1,Автомагистрали и железнодорожные пути,0.0,303.52,,335.08,0.0,295.33,304.38,220.11,263.94,304.38,170.17,236.39,304.38,165.85,214.89,304.38,159.93,209.55,304.38,122.75,190.9,304.38,101.75,193.16,,"Promotora y Operadora de Infraestructura SAB de CV (PINFRA) — мексиканская компания, занимающаяся в основном эксплуатацией автомобильных дорог. Компания занимается надзором за строительством, эксплуатацией и содержанием автомобильных дорог, а также производством асфальта и других материалов, связанных с дорожным строительством. Деятельность компании разделена на три бизнес-сегмента: концессия, строительство и заводы. Подразделение концессий специализируется на эксплуатации ряда концессий на платные дороги, мосты и многоцелевые портовые терминалы. Подразделение строительства оказывает услуги по строительству новой инфраструктуры и услуги по техническому обслуживанию действующих концессий. Подразделение «Заводы» управляет асфальтовыми заводами в столичном районе Мехико, которые используются для покрытия шоссе и пригородных дорог.",
3011,US,SEGSY,US78424N1037,SEGSY.PK,SIA Engineering Company Ltd,2.861546,PNK,95,Промышленность,4,Операторы и службы аэропортов,0.0,24.24,,0.0,0.0,0.0,28.51,22.17,25.45,28.51,22.17,25.45,28.51,22.17,25.45,28.51,22.17,25.45,28.51,22.17,25.45,29.15,17.44,24.73,,"SIA Engineering Company Limited — сингапурская компания. Основная деятельность компании включает предоставление услуг по техническому обслуживанию планеров, услуги по капитальному ремонту компонентов, техническое управление запасами, линейное техническое обслуживание, услуги по техническому наземному обслуживанию и инвестиционный холдинг. Компания работает в двух сегментах: техническое обслуживание планера и линии, а также двигатели и компоненты. Сегмент планера и линейного обслуживания предлагает услуги по техническому обслуживанию планера, линейному техническому обслуживанию и техническому управлению запасами, включая плановое текущее обслуживание и капитальный ремонт, специализированное и внеплановое техническое обслуживание, а также программы модификации и ремонта. Сегмент «Двигатели и компоненты» предоставляет услуги по капитальному ремонту компонентов, а также ремонту и капитальному ремонту двигателей. В число его дочерних компаний входят NexGen Network (2) Holding Pte. Ltd., SIA Engineering (США), Inc., SIAEC Global Private Limited, Heavy Maintenance Singapore Services Pte. Ltd., Asia Pacific Aircraft Component Services Sdn. Бхд., среди других.",
3012,US,TAVHY,US8767041077,TAVHY.PK,TAV Havalimanlari Holding AS,2.391638,PNK,96,Промышленность,5,Операторы и службы аэропортов,0.0,26.33,,28.18,0.0,25.37,29.25,21.05,25.0,32.55,21.05,25.93,36.59,14.75,26.74,36.59,12.06,24.13,36.59,8.27,22.47,36.59,7.03,20.14,,"TAV Havalimanlari Holding AS (TAV) — турецкая компания, занимающаяся проектированием, строительством и управлением аэропортов, ангаров для самолетов, магазинов беспошлинной торговли, отелей, кафе и ресторанов, а также залов ожидания для пассажиров. Компания работает в пяти основных сегментах: терминалы, общественное питание, магазины беспошлинной торговли, наземное обслуживание, автобусные перевозки и другие. Он управляет зданиями международных и внутренних терминалов стамбульского аэропорта Ататюрк, автостоянками и терминалом авиации общего назначения, а также другими аэропортами, включая аэропорт Анкары Эсенбога, аэропорт Измира имени Аднана Мендереса и аэропорт Анталии Газипаша в Турции, а также международные аэропорты в Грузии, Тунисе, Македонии, Латвии и Саудовской Аравии. TAV владеет Havas Co, компанией, предоставляющей услуги наземного обслуживания; АТУ, оператор беспошлинной торговли, и БТА, компания по производству продуктов питания и напитков.",
3013,US,BJCHY,US07725U1025,BJCHY.PK,Beijing Capital International Airport Co Ltd,1.052,PNK,97,Промышленность,6,Операторы и службы аэропортов,0.0,1.2,,1.51,0.0,0.81,2.18,1.4,1.76,2.18,1.4,1.77,2.29,1.25,1.66,4.03,1.25,2.01,4.21,1.25,2.51,8.66,1.25,3.36,,"Beijing Capital International Airport Co Ltd — китайская компания, которая в основном занимается эксплуатацией и управлением аэропортами, а также предоставлением сопутствующих услуг. Основные направления деятельности компании включают авиационный и неавиационный бизнес. Авиационный бизнес включает в себя движение самолетов и пассажирские перевозки. Неавиационный бизнес включает рекламу, розничную торговлю, рестораны и продуктовые магазины, услуги для особо важных персон (VIP), услуги автостоянки и другие концессии, аренду и бизнес по использованию ресурсов. Компания в основном ведет бизнес на внутреннем рынке.",
3014,US,PTJSY,US69369T1060,PTJSY.PK,Jasa Marga (Persero) Tbk PT,1.326616,PNK,98,Промышленность,2,Автомагистрали и железнодорожные пути,0.0,3.62,,3.62,0.0,0.45,4.56,4.56,4.56,4.71,4.56,4.64,6.59,4.56,5.4,6.59,4.15,5.03,7.63,3.83,4.96,9.51,3.83,6.36,,"PT Jasa Marga (Persero) Tbk — индонезийская компания, занимающаяся в основном управлением, обслуживанием и развитием платных дорог. Основная деятельность Компании включает в себя техническое планирование строительства, эксплуатации и/или содержания платных дорог, организацию земель в зоне платной дороги (Румиятол) и земель вдоль Румиятола, предназначенных для зон отдыха транспортных средств и оказания услуг, включая объекты и другие предприятия, работающие там отдельно или в сотрудничестве с другими сторонами, а также другие виды деятельности. Его сегменты включают техническое обслуживание и сопутствующий бизнес. Компания имеет около 36 концессий на платные дороги, как находящихся в эксплуатации, так и на стадии частичной эксплуатации и строительства. Компания управляет платными дорогами, которые находятся в ведении двух ее регионов, а именно региональной платной дороги Джасамарга (RJMT) и региональной платной дороги Джасамарга Нусантара (RJNT).",
3043,US,PUTRY,US69367C1053,PUTRY.PK,PTT PCL,30.809229,PNK,1,Энергия,1,Интегрированная нефть и газ,0.0,5.2,,5.2,0.0,0.74,5.55,4.66,4.99,5.55,4.55,4.96,5.55,4.55,4.96,5.55,4.46,4.91,7.25,4.46,5.1,8.0,4.46,5.76,,"PTT Public Company Limited — таиландская компания, занимающаяся нефтяным и смежным бизнесом. Сегменты компании включают разведку нефти и природного газа, переработку нефти, новый бизнес и инфраструктуру и другие. Сегмент разведки и добычи нефти и природного газа включает разведку и добычу нефти и природного газа. Сегмент нефтепереработки и переработки нефти включает нефть и розничную торговлю, международную торговлю, а также нефтехимию и нефтепереработку. Нефтяной и розничный бизнес занимается нефтяным и розничным бизнесом, включая станции технического обслуживания, станции электромобилей (EV), продукты питания и напитки, магазины повседневного спроса и сопутствующие предприятия как внутри страны, так и за рубежом. Ее продукция включает в себя природный газ для автомобилей (NGV), клиентов оптового рынка природного газа и другие. Его услуги включают услуги природного газа для транспортных средств, трубопроводную транспортировку природного газа, Центр управления заказами, электронное выставление и оплату счетов PTT и веб-сайт PTT E-Tax.",
3051,US,JXHLY,US29279T1097,JXHLY.PK,ENEOS Holdings Inc,24.254695,PNK,2,Энергия,1,Переработка и маркетинг нефти и газа,0.0,18.35,,19.68,0.0,16.84,15.0,9.15,11.77,15.0,7.7,10.72,15.0,7.7,10.41,15.0,6.51,9.64,15.0,6.22,8.77,16.05,5.3,9.52,,"ENEOS Holdings Inc — японская компания, которая в основном занимается энергетическим бизнесом, разработкой нефти и газа, а также металлургическим бизнесом. Компания работает в трех бизнес-сегментах. Энергетический сегмент занимается переработкой и продажей нефти, поставкой смазочных материалов, основных химикатов, функциональных химикатов, газа, угля, электроэнергии, новых видов энергии и других продуктов. Сегмент «Разработка нефти и природного газа» занимается разведкой, разработкой и добычей нефти и природного газа. Металлический сегмент занимается производством и реализацией медной фольги, прецизионного проката, изделий прецизионной обработки, тонкопленочных материалов, разработкой и добычей ресурсов цветных металлов, изделий из цветных металлов, а также переработкой промышленных отходов, титана и электрических проводов. Компания также занимается общими для группы видами деятельности, такими как укладка асфальта, гражданское строительство, строительные работы, наземный транспорт, аренда недвижимости и сбор средств.",
3058,US,PEXNY,US69364V1061,PEXNY.PK,PTT Exploration and Production PCL,19.558374,PNK,3,Энергия,1,Разведка и добыча нефти и газа,0.0,7.97,,9.18,0.0,3.74,11.68,4.74,8.64,22.99,4.74,9.22,43.0,4.74,13.85,170.0,4.74,18.56,170.0,4.74,16.57,170.0,2.16,11.4,,"PTT Exploration and Production Public Company Limited — компания по разведке, разработке и добыче нефти. Он также занимается возобновляемыми источниками энергии, новыми формами энергии, такими как морские ветряные электростанции. Его сегмент разведки и добычи занимается разведкой и добычей нефти и газа как внутри страны, так и за рубежом, включая зарубежные газотранспортные трубопроводы, либо в качестве оператора, либо в качестве партнера по совместному предприятию с международными нефтегазовыми компаниями. Зарубежные проекты находятся в Юго-Восточной Азии, на Ближнем Востоке, в Африке и других странах. В Таиланде компания эксплуатирует нефтяные месторождения, в том числе проекты G1/61, G2/61, Артит и S1. Компания участвует в нескольких совместных проектах как на суше, так и на море в Сиамском заливе. За рубежом он инвестирует в различные проекты в качестве оператора, включая алжирский Hassi Bir Rekaiz, Block H и SK410B. У компании есть совместные проекты, включая проект «Блок 61 в Омане». Ей принадлежит 22,1% акций газового проекта Туат в Алжире.",
3069,US,IDKOY,US45166E1047,IDKOY.PK,Idemitsu Kosan Co Ltd,12.520891,PNK,4,Энергия,2,Переработка и маркетинг нефти и газа,0.0,19.28,,21.05,17.07,18.8,15.27,11.36,13.69,16.85,10.73,13.3,16.85,10.01,13.14,16.85,8.0,12.52,16.85,8.0,12.17,22.67,5.2,12.19,,"Idemitsu Kosan Co Ltd — японская компания, занимающаяся в основном бизнесом, связанным с ископаемым топливом. Компания управляет пятью бизнес-сегментами. Сегмент мазута занимается производством, продажей, импортом и экспортом, а также торговлей нефтепродуктами. Сегмент базовой химии занимается производством и продажей олефинов и ароматических продуктов. Сегмент высокофункциональных материалов занимается смазочными материалами, функциональными химикатами, электронными материалами, функциональными дорожными материалами и агрибиопродуктами. Сегмент «Энергетика и возобновляемые источники энергии» занимается производством электроэнергии (включая тепловую, солнечную, ветровую), продажей электроэнергии и эксплуатацией солнечных батарей. Сегмент «Ресурсы» занимается разведкой, разработкой, добычей и продажей энергетических ресурсов, таких как сырая нефть, природный газ и уголь. Компания также осуществляет страховую и внутригрупповую сервисную деятельность.",
3084,US,CTXAY,US0321235071,CTXAY.PK,Ampol Ltd,5.498626,PNK,5,Энергия,3,Переработка и маркетинг нефти и газа,0.0,46.26,,49.55,0.0,40.33,44.85,33.17,38.98,44.85,23.99,35.83,55.0,23.99,39.87,55.0,23.99,40.47,55.0,23.99,41.1,55.0,23.99,41.11,,"Ampol Limited — австралийский поставщик энергии для транспорта. Компания поставляет бензин и обеспечивает сеть повседневного спроса, а также занимается переработкой, импортом и сбытом горюче-смазочных материалов. Компания также запустила решения для зарядки электромобилей и домашнего электричества. Компания поставляет топливо примерно 80 000 клиентам на различных рынках австралийской экономики, включая оборонный, горнодобывающий, транспортный, морской, сельскохозяйственный, авиационный и другие коммерческие сектора. Через свою розничную сеть Компания еженедельно обслуживает около трех миллионов клиентов топливом и товарами повседневного спроса, а также зарядкой электромобилей в выбранных точках. Ее клиентская база поддерживается надежной цепочкой поставок и стратегической инфраструктурой по всей стране, которая включает 16 терминалов, шесть трубопроводов, 55 мокрых складов, более 1800 фирменных площадок и один нефтеперерабатывающий завод, расположенный в Литтоне, Квинсленд. Эту сеть поддерживают более 8300 человек по всей Австралии и за рубежом.",
3091,US,RBSFY,US78116A1043,RBSFY.PK,Rubis SCA,4.071649,PNK,6,Энергия,4,Переработка и маркетинг нефти и газа,0.0,8.32,,8.58,0.0,5.97,7.69,6.0,6.97,7.69,4.85,6.36,7.69,4.43,6.01,7.69,4.01,5.75,11.07,3.87,5.93,16.24,3.87,6.32,,"Rubis SCA — французская компания. Компания работает в энергетическом секторе, чтобы обеспечить поддерживаемый доступ к энергии. Она диверсифицировала производство возобновляемой электроэнергии, чтобы адаптироваться к изменениям спроса и проблемам климата. В состав компании входят операционные подразделения, такие как подразделение распределения энергии (Rubis Energie), специализирующееся на продаваемой продукции: сжиженные газы, топливо и биотопливо на станциях технического обслуживания, в гостиницах, в авиации, морском судоходстве, общественных работах и ​​других. Производство возобновляемой электроэнергии (Rubis Renouvelables) фокусируется на объединении деятельности Photosol, которая занимается разработкой, финансированием, эксплуатацией и обслуживанием наземных фотоэлектрических установок, а также теневых конструкций.",
3096,US,TOIPY,US88322M1071,TOIPY.PK,Thai Oil PCL,3.43483,PNK,7,Энергия,5,Переработка и маркетинг нефти и газа,0.0,16.18,,16.18,0.0,3.53,10.99,10.07,10.6,10.99,6.71,8.52,15.37,6.71,9.46,15.37,6.71,9.66,16.8,6.71,10.08,30.25,6.71,13.78,,"Thai Oil Public Company Limited — нефтеперерабатывающая компания со штаб-квартирой в Таиланде. Компания занимается переработкой и сбытом нефти, нефтехимией, производством смазочных базовых масел и другими видами деятельности внутри страны и за рубежом. Сегменты компании включают нефтеперерабатывающий завод, завод по переработке базовых масел, ароматические вещества и LAB, производство электроэнергии, растворители, этанол, олефины и другие. Компания также занимается нефтепереработкой, нефтехимией и ароматическими маслами, а также производством смазочных базовых масел, а также вспомогательным бизнесом, включая производство электроэнергии, производство растворителей и химикатов, трубопроводный транспорт, производство возобновляемой энергии и бизнес по производству олефинов. В число ее дочерних компаний входят Thai Paraxylene Co., Ltd., LABIX Co., Ltd., ThaiLube Base Plc, TOP SPP Co., Ltd., Thaioil Solvent Co., Ltd., TOPNEXT International Co., Ltd., Sak Chaisidhi Co., Ltd., TOP Solvent (Вьетнам) LLC, PT Tirta Surya Raya, JSKem Pte., Ltd., TOPNEXT. Индия Прайват Лимитед и другие. Thai Paraxylene Co., Ltd. занимается производством и распространением параксилола.",
3103,US,CIVI,US17888H1032,CIVI.K,Civitas Resources Inc,2.336026,NYQ,8,Энергия,2,Разведка и добыча нефти и газа,0.0,27.38,,0.0,0.0,0.0,37.45,25.77,30.47,55.35,22.79,33.03,55.35,22.79,33.03,55.35,22.79,33.03,55.35,22.79,33.03,55.35,22.79,33.03,,"Civitas Resources, Inc. — независимая компания по разведке и добыче. Компания сосредоточена на приобретении, разработке и добыче сырой нефти и богатого жидкими углеводородами природного газа на своих основных активах в Пермском бассейне в Техасе и Нью-Мексико, а также бассейне DJ в Колорадо. Его объекты разработки находятся на юго-востоке Нью-Мексико и Западном Техасе, а также в округах Переднего хребта северного и центрального Колорадо. Ее активы DJ Basin включают более 274 400 чистых акров, расположенных в округах Уэлд, Арапахо, Адамс и Боулдер, штат Колорадо. Ее операции в бассейне DJ направлены на формации Ниобрара и Коделл. Ее активы в Пермском бассейне включают более 120 400 чистых акров, расположенных в округах Аптон, Рейган, Гласскок, Мартин, Мидленд, Ривз и Ловинг, штат Техас, а также округах Эдди и Ли, штат Нью-Мексико. Его операции в Пермском бассейне в первую очередь нацелены на формации Спрэберри и Вулфкемп в бассейне Мидленд, а также формации Вулфкемп и Боун-Спринг в бассейне Делавэр.",
3112,US,BEPTF,AU000000BPT9,BEPTF.PK,Beach Energy Ltd,2.024011,PNK,9,Энергия,3,Разведка и добыча нефти и газа,0.0,0.88,,0.92,0.0,0.65,0.94,0.7,0.8,0.97,0.69,0.83,1.24,0.69,0.92,1.24,0.69,0.94,1.57,0.69,1.02,1.92,0.22,0.97,,"Beach Energy Limited — австралийская компания по разведке и добыче нефти и газа. Компания осуществляет свою деятельность в Южной Австралии, Виктории, Западной Австралии и Новой Зеландии. В Южной Австралии компания управляет бассейнами Купер/Эроманга и Отвей, Южная Австралия. Он управляет Otway Basin Victoria и Bass Basin в Виктории. Он управляет бассейном Перта в Западной Австралии. Он управляет бассейном Таранаки в Новой Зеландии. Бассейн Отуэй Виктория — это береговой и морской бассейн, простирающийся примерно на 500 километров от мыса Яффо в Южной Австралии до северо-запада Тасмании. Компании принадлежит около 33% акций проекта Moomba по улавливанию и хранению углерода (CCS), которым управляет ее партнер по совместному предприятию Santos. Ее корпоративный проект представляет собой программу разработки дополнительных морских месторождений природного газа в бассейне Викториан Отуэй. Ее деятельность в бассейне Перта включает проекты Waitsia (управляемые Mitsui E&P Australia) и Beharra Springs (управляемые Beach Energy).",
3115,US,DTNOY,US23290P1057,DTNOY.PK,Dno ASA,2.196081,PNK,10,Энергия,4,Разведка и добыча нефти и газа,0.0,18.0,,18.27,0.0,7.23,15.0,13.54,14.27,15.0,10.32,12.06,15.0,8.49,10.36,15.0,8.49,10.3,17.2,8.49,10.71,21.98,4.15,11.58,,"DNO ASA — норвежская компания по разведке и добыче нефти и газа. Она занимается приобретением, разработкой и эксплуатацией нефтяных и газовых объектов. Его деятельность в основном осуществляется на Ближнем Востоке и в регионе Северной Африки (MENA). Она владеет долями в нефтегазовых блоках на различных стадиях разведки, разработки и добычи как на суше, так и на море в Курдистанском регионе Ирака, Йеменской Республике, Султанате Оман, Объединенных Арабских Эмиратах, Тунисской Республике и Сомалиленде. Компания осуществляет свою деятельность через головной офис в Осло и сеть офисов по всему региону MENA. В число ее дочерних компаний входят DNO Yemen AS, DNO UK Ltd, DNO Invest AS, DNO Tunisia AS, DNO Ирак AS и DNO Mena AS.",
3116,US,DTNOF,NO0003921009,DTNOF.PK,Dno ASA,2.196081,PNK,11,Энергия,5,Разведка и добыча нефти и газа,0.0,2.22,,2.23,0.0,1.29,1.67,1.2,1.43,1.67,1.01,1.31,1.67,0.84,1.14,1.67,0.83,1.09,1.81,0.79,1.14,2.39,0.26,1.2,,"DNO ASA — норвежская компания по разведке и добыче нефти и газа. Она занимается приобретением, разработкой и эксплуатацией нефтяных и газовых объектов. Его деятельность в основном осуществляется на Ближнем Востоке и в регионе Северной Африки (MENA). Она владеет долями в нефтегазовых блоках на различных стадиях разведки, разработки и добычи как на суше, так и на море в Курдистанском регионе Ирака, Йеменской Республике, Султанате Оман, Объединенных Арабских Эмиратах, Тунисской Республике и Сомалиленде. Компания осуществляет свою деятельность через головной офис в Осло и сеть офисов по всему региону MENA. В число ее дочерних компаний входят DNO Yemen AS, DNO UK Ltd, DNO Invest AS, DNO Tunisia AS, DNO Ирак AS и DNO Mena AS.",
3131,US,YZCAY,US9848461052,YZCAY.PK,Yankuang Energy Group Co Ltd,25.360734,PNK,12,Энергия,1,Уголь,0.0,20.0,,21.63,17.72,19.94,15.12,9.9,12.61,15.12,9.18,11.5,19.69,9.18,13.13,19.69,9.18,13.37,21.4,3.45,12.14,21.4,1.64,8.02,,"Yankuang Energy Group Co Ltd — китайская компания, занимающаяся преимущественно угольным бизнесом. Компания в основном ведет бизнес через пять сегментов. Продукция сегмента «Уголь» в основном включает энергетический уголь, пылевидный уголь для инъекций и коксующийся уголь, которые подходят для энергетики, металлургии и химической промышленности. Продукция сегмента «Угольная химия и энергетика» в основном включает метанол, уксусную кислоту, этилацетат, капролактам, мочевину, этиленгликоль, нафту, сырой жидкий парафин и другие. Сегмент «Производство горнодобывающего оборудования» в основном занимается производством горнодобывающего оборудования. Сегмент «Неугольная торговля и логистика» в основном занимается интеллектуальным логистическим бизнесом. Сегмент «Кредиты и финансовый лизинг» в основном занимается депозитным и кредитным бизнесом.",
3132,US,PBMRY,US69367Y1073,PBMRY.PK,Bumi Resources Tbk PT,4.940936,PNK,13,Энергия,2,Уголь,0.0,5.39,,0.0,0.0,0.0,4.04,1.49,2.56,4.04,1.1,2.31,4.04,1.0,1.99,4.04,1.0,1.83,4.04,0.75,1.25,6.4,0.51,1.53,,"PT Bumi Resources Tbk — индонезийская компания, занимающаяся добычей полезных ископаемых. Компания занимается горнодобывающей деятельностью. Ее коммерческая деятельность сосредоточена на двух основных направлениях бизнеса, а именно угле и неугольной/минеральной деятельности. Ее продукты и услуги разделены на пять основных бизнес-сегментов: холдинговая компания, уголь, услуги, нефть и газ и золото. Угольный сегмент включает деятельность по добыче угля, включающую разведку и разработку угольных месторождений (включая добычу и продажу угля). Сегмент «Нефтегаз» участвует в деятельности по добыче нефти и газа, находящейся на стадии разведки. Сегмент «Полезные ископаемые» занимается добычей золота, находящегося на стадии разведки. Она владеет запасами угля и ресурсами угля в Индонезии. Районы деятельности компании расположены на Северной Суматре (Dairi Prima Mineral), Южной Суматре (Pendopo Energi Batubara), Сулавеси (Gorontalo Minerals и Citra Palu Minerals), Восточном Калимантане (Kaltim Prima Coal) и Южном Калимантане (Арутмин Индонезия).",
3137,US,ADOOY,US00652F1075,ADOOY.PK,Alamtri Resources Indonesia Tbk PT,4.53347,PNK,14,Энергия,3,Уголь,0.0,7.3,,7.3,0.0,4.98,6.33,4.96,5.47,10.07,4.53,6.01,15.5,4.53,7.85,15.5,4.53,8.13,15.5,3.87,8.24,15.5,1.68,7.77,,"PT Alamtri Resources Indonesia Tbk — интегрированная горнодобывающая и энергетическая компания. Компания специализируется на добыче металлургического угля, переработке полезных ископаемых, горнодобывающих услугах и возобновляемых источниках энергии. В его сегменты входят добыча и торговля углем, горнодобывающие услуги, логистика и прочее. Компания через свою дочернюю компанию PT Alamtri Minerals Indonesia Tbk занимается добычей металлургического угля. Компания через свою дочернюю компанию PT Saptaindra Sejati (SIS) занимается оказанием горнодобывающих услуг. SIS является горнодобывающим подрядчиком, предлагающим различные горнодобывающие услуги, включая планирование и эксплуатацию горных работ, поставку горного оборудования, строительные работы, услуги по аренде оборудования, услуги по ремонту техники и другие услуги, связанные с горнодобывающей деятельностью. Кроме того, Компания работает в секторе возобновляемых источников энергии через свою дочернюю компанию PT Alamtri Renewables Indonesia. Ее флагманский продукт металлургического угля Enviromet представляет собой твердый коксующийся уголь, который используется в сталелитейном производстве.",
3140,US,TBNGY,US74445Y1038,TBNGY.PK,Bukit Asam (Persero) Tbk PT,2.139745,PNK,15,Энергия,4,Уголь,0.0,4.65,,4.65,0.0,3.54,4.0,3.14,3.52,4.4,3.14,3.75,5.3,3.14,4.19,6.7,3.14,4.48,7.35,3.14,4.65,7.85,1.55,4.57,,"PT Bukit Asam (Persero) Tbk, ранее PT Bukit Asam Tbk, — горнодобывающая компания, базирующаяся в Индонезии. Сегменты Компании включают Уголь и Прочее. Угольный сегмент включает в себя общую разведку, разведку, эксплуатацию, переработку, переработку, транспортировку и торговлю, техническое обслуживание специальных угольных доков как для собственных нужд, так и для нужд других сторон, а также эксплуатацию тепловых электростанций как для собственных нужд, так и для нужд других сторон. Компания имеет разрешение на добычу угля (IUP) на площади около 65 632 га (га), расположенной в нескольких местах в провинциях Южная Суматра, Западная Суматра и Риау. Кроме того, Компания также владеет угольной шахтой, расположенной в провинции Восточный Калимантан. Компания управляет несколькими угольными шахтами на Суматре, производя различные виды угля, в том числе полубитуминозный и битуминозный уголь. Сегмент «Прочие» включает услуги подрядчиков, переработку брикетов, плантации пальмового масла, переработку пальмового масла и медицинские услуги.",
3142,US,MOGLF,KYG6264V1361,MOGLF.PK,Mongolian Mining Corp,1.471728,PNK,16,Энергия,5,Уголь,0.0,1.38,,1.54,0.0,0.66,1.85,0.81,1.33,1.85,0.66,1.12,1.87,0.66,1.16,1.87,0.24,0.99,1.87,0.15,0.7,1.87,0.03,0.43,,"Монгольская горнодобывающая корпорация — компания, занимающаяся в основном угольным бизнесом. Компания осуществляет свою деятельность через два сегмента. Сегмент «Добыча угля» в основном занимается добычей, переработкой, транспортировкой и реализацией угольной продукции. Продукция в основном включает промытый твердый коксующийся уголь, промытый среднезольный полутвердый коксующийся уголь, промытый полумягкий коксующийся уголь, промпродукт и необработанный энергетический уголь. Сегмент «Золотодобыча» в основном занимается добычей, переработкой, транспортировкой и реализацией золотой продукции.",
3143,US,ITAYY,US45578T1034,ITAYY.PK,Indo Tambangraya Megah Tbk PT,2.000736,PNK,17,Энергия,6,Уголь,0.0,3.67,,3.72,0.0,3.09,3.15,2.42,2.76,3.5,2.42,2.82,3.87,2.42,3.12,7.0,2.42,3.47,7.0,1.78,3.51,7.0,1.01,3.34,,"PT Indo Tambangraya Megah Tbk — индонезийская компания, занимающаяся горнодобывающей, перерабатывающей и логистической деятельностью. Основной деятельностью компании является добыча угля и его реализация. Компания также осуществляет вспомогательную деятельность, включая эксплуатацию угольных терминалов, портовых погрузочных комплексов, поддержку работы электростанций, работу горнодобывающих подрядчиков и распределение топлива. В ее сегменты входят PT Indominco Mandiri (IMM), PT Trubaindo Coal Mining (TCM), PT Kitadin (KTD), PT Jorong Barutama Greston (JBG), Bharinto, PT Bharinto Ekatama (BEK) и прочий уголь. Ее добывающий бизнес сосредоточен на добыче, смешивании и реализации угля. Ее бизнес по управлению цепочками поставок энергии занимается распределением топлива, продажами и логистикой, а также расширением прав и возможностей внутренних горнодобывающих подрядчиков. Ее перерабатывающий бизнес включает в себя развитие электростанций и предприятий в области возобновляемых источников энергии. Ее дочерними компаниями являются PT Indominco Mandiri, PT Trubaindo Coal Mining, PT Bharinto Ekatama, PT Kitadin и другие.",
3173,US,SBFFY,US78404D1090,SBFFY.PK,SBM Offshore NV,6.742705,PNK,18,Энергия,1,Нефтяные услуги и оборудование,0.0,39.0,,39.0,0.0,25.1,30.4,23.52,26.95,30.4,17.5,26.01,30.4,12.75,21.44,30.4,12.18,19.51,30.4,12.18,18.2,30.4,10.89,16.78,,"SBM Offshore N.V. — нидерландская компания, которая предоставляет плавучие производственные решения для морской энергетической отрасли, как в сегментах рынка углеводородов, так и в возобновляемых источниках энергии. Основным видом деятельности компании является проектирование, поставка, монтаж, эксплуатация и продление срока эксплуатации плавучих производственных судов для хранения и разгрузки (FPSO). Основными бизнес-сегментами Компании являются: «Аренда и эксплуатация» и «Под ключ». Сегмент «Аренда и эксплуатация» специализируется на предоставлении в аренду и эксплуатации объектов добычи нефти и газа; Сегмент «под ключ», обеспечивающий проектирование, поставку, капитальный ремонт и техническое обслуживание буев, вертлюгов, систем швартовки, систем перекачки жидкости и систем разгрузки. SBM Offshore также активно работает на рынке возобновляемых источников энергии: специальное подразделение New Energies & Services (NES) работает над плавучими морскими решениями в области ветровой и волновой энергии, а также инвестирует в исследования и разработку продуктов для будущих рынков.",
3174,US,SBFFF,NL0000360618,SBFFF.PK,SBM Offshore NV,6.742705,PNK,19,Энергия,2,Нефтяные услуги и оборудование,0.0,35.84,,38.1,0.0,5.12,28.28,25.87,26.84,28.28,17.66,22.47,28.28,12.92,18.42,28.28,12.92,17.4,28.28,12.92,17.0,28.28,10.67,16.39,,"SBM Offshore N.V. — нидерландская компания, которая предоставляет плавучие производственные решения для морской энергетической отрасли, как в сегментах рынка углеводородов, так и в возобновляемых источниках энергии. Основным видом деятельности компании является проектирование, поставка, монтаж, эксплуатация и продление срока эксплуатации плавучих производственных судов для хранения и разгрузки (FPSO). Основными бизнес-сегментами Компании являются: «Аренда и эксплуатация» и «Под ключ». Сегмент «Аренда и эксплуатация» специализируется на предоставлении в аренду и эксплуатации объектов добычи нефти и газа; Сегмент «под ключ», обеспечивающий проектирование, поставку, капитальный ремонт и техническое обслуживание буев, вертлюгов, систем швартовки, систем перекачки жидкости и систем разгрузки. SBM Offshore также активно работает на рынке возобновляемых источников энергии: специальное подразделение New Energies & Services (NES) работает над плавучими морскими решениями в области ветровой и волновой энергии, а также инвестирует в исследования и разработку продуктов для будущих рынков.",
3176,US,VOPKF,NL0009432491,VOPKF.PK,Koninklijke Vopak NV,6.165393,PNK,20,Энергия,1,Услуги по транспортировке нефти и газа,0.0,52.54,,56.35,0.0,29.9,50.6,42.85,46.65,50.6,37.6,44.98,50.6,30.95,42.95,50.6,29.82,40.13,52.93,18.45,38.21,57.99,18.45,43.94,,"Koninklijke Vopak NV — независимая компания по хранению резервуаров, базирующаяся в Нидерландах. Компания предоставляет услуги по хранению и перевалке на двух основных конечных рынках — энергетике и производстве. Ее терминалы поставляют жизненно важные продукты людям и сообществам по всему миру. Он имеет четыре типа терминалов: газовый, промышленный, химический и нефтяной. Некоторые из терминалов хранят и обрабатывают энергию и сырье. Компания хранит и обрабатывает различные жидкие и газообразные продукты. К ним относятся химические вещества (метанол, ксилол, стирол, альфа-олефины, моноэтиленгликоль (МЭГ)), газ (СПГ (сжиженный природный газ), сжиженный нефтяной газ (сжиженный нефтяной газ), этилен, бутадиен, аммиак), нефтепродукты (сырая нефть, мазут, дизельное топливо, топливо для реактивных двигателей, бензин, нафта), растительные масла и биотопливо (этанол, биодизель, экологически чистое авиационное топливо).",
3213,US,AKRYY,US00973M1045,AKRYY.PK,Aker Solutions ASA,2.313734,PNK,21,Энергия,3,Нефтяные услуги и оборудование,0.0,9.37,,9.78,0.0,4.71,7.12,4.8,6.07,9.0,4.8,6.23,12.09,4.8,6.8,12.09,4.8,6.95,12.09,4.8,6.91,12.09,0.98,6.98,,"Aker Solutions ASA — норвежский поставщик интегрированных решений, продуктов и услуг для мировой энергетической отрасли. Компания владеет и управляет дочерними предприятиями группы. Деятельность Aker Solutions разделена на три отчетных сегмента: сегмент «Возобновляемые источники энергии и разработка месторождений», который разрабатывает и поставляет решения в области возобновляемых источников энергии для морского ветра, водорода и улавливания, использования и хранения углерода (CCUS); сегмент электрификации, обслуживания и модификации (EMM) оптимизирует решения для эксплуатации на местах и ​​предоставляет ряд услуг по техническому обслуживанию и модификации морской инфраструктуры, а также предлагает декарбонизацию и экологически безопасные предложения, включая решения по электрификации, в то время как сегмент подводной эксплуатации поставляет спектр интеллектуальных подводных продуктов, систем и решений по всему миру, а также услуги подводного жизненного цикла. У компании есть дочерняя компания Aker Solutions Holding AS.",
3226,US,VIRDY,US12531Q3039,VIRDY.PK,Viridien SA,1.107818,PNK,22,Энергия,4,Нефтяные услуги и оборудование,0.0,151.0,,151.0,0.0,65.99,121.0,52.5,70.92,121.0,52.5,68.27,121.0,35.65,52.45,121.0,35.65,64.82,157.0,35.65,81.42,6007.18,35.65,438.48,,"Viridian SA — французская компания, предоставляющая геофизические услуги и продукцию нефтегазовым компаниям. Компания предоставляет геофизические услуги, такие как запись, обработка и интерпретация наземных и морских сейсмических данных. Он обеспечивает производство сейсмического оборудования, такого как устройства записи и передачи, вибраторы для сбора сейсмических данных, датчики, программное обеспечение для обработки данных, интерпретации. Это глобальный контроллер технологий и высокопроизводительных вычислений (HPC), который предоставляет данные, продукты, услуги и решения в области науки о Земле, науки о данных, зондирования и мониторинга. Его портфолио поддерживает клиентов в таких секторах, как цифровые технологии, энергетический переход, природные ресурсы и окружающая среда. Наряду с текущим бизнесом компания также концентрируется на рынках низкоуглеродных технологий, полезных ископаемых, горнодобывающей промышленности, а также на рынках мониторинга инфраструктуры и вычислений за пределами нефти и газа.",
3236,US,VWSYF,DK0061539921,VWSYF.PK,Vestas Wind Systems A/S,28.372889,PNK,23,Энергия,1,Оборудование и услуги для возобновляемых источников энергии,0.0,28.68,,28.68,23.24,24.8,28.0,14.8,20.79,28.0,12.1,17.8,31.11,12.1,20.68,32.15,12.1,22.63,52.32,12.1,26.33,52.32,11.19,22.08,,"Vestas Wind Systems A/S — датская компания, работающая в ветроэнергетической отрасли. Компания работает через два сегмента: проектный и сервисный. Сегмент Проекта отвечает, среди прочего, за продажу ветряных электростанций и ветряных турбин. Сегмент «Сервис» включает предоставление услуг, связанных с предложением Компании, а также продажу запасных частей и другие виды деятельности. Линейка продуктов Vestas Wind System включает платформы улавливания энергии мощностью 2 МВт (МВт) и 3 МВт, оснащенные системами обнаружения льда, дыма и тени. Спектр его услуг включает в себя, среди прочего, консультационные услуги на основе данных, оптимизацию парка техники, техническое обслуживание и проверку отвалов, ремонт электрогенераторов и замену коробок передач.",
3241,US,DRXGY,US2615011002,DRXGY.PK,Drax Group PLC,3.897286,PNK,24,Энергия,1,Возобновляемые виды топлива,0.0,24.8,,24.8,0.0,7.1,22.89,17.16,19.18,22.89,14.24,17.9,22.89,10.8,15.89,22.89,9.74,15.48,22.89,9.74,15.57,22.89,6.57,15.28,,"Drax Group PLC — британская компания, занимающаяся возобновляемыми источниками энергии. Компания занимается производством возобновляемой энергии, производством устойчивой биомассы и продажей возобновляемой электроэнергии предприятиям. Его сегменты включают производство пеллет, производство биомассы, гибкое производство и энергетические решения. Сегмент «Производство пеллет» занимается производством и последующей реализацией пеллет из биомассы с перерабатывающих предприятий Компании в Северной Америке. Сегмент «Генерация биомассы» занимается производством и продажей электроэнергии из активов биомассы в Соединенном Королевстве. Сегмент гибкой генерации занимается производством и продажей электроэнергии из гидроаккумулирующих электростанций, русловых гидроэлектростанций и газовых турбин открытого цикла (OCGT), а также переработкой и продажей пеллет, полученных из отходов, в Соединенном Королевстве. Сегмент Energy Solutions занимается поставками электроэнергии зарубежным потребителям в Соединенном Королевстве.",
3248,US,CSIQ,CA1366351098,CSIQ.O,Canadian Solar Inc,0.8693,NSQ,25,Энергия,2,Оборудование и услуги для возобновляемых источников энергии,3.16,12.98,,19.26,12.67,15.96,34.59,9.41,16.88,34.59,6.56,13.57,34.59,6.56,15.01,45.29,6.56,20.98,67.39,6.56,27.55,67.39,6.56,23.04,,"Canadian Solar Inc. — канадская компания, занимающаяся солнечными технологиями и возобновляемыми источниками энергии. Компания является производителем солнечных фотоэлектрических модулей, поставщиком решений для солнечной энергии и аккумуляторной энергии, а также разработчиком проектов по солнечной энергии и аккумуляторному хранению энергии с географически диверсифицированным портфолио, находящимся на различных стадиях разработки. Компания работает в двух сегментах: Recurrent Energy и CSI Solar. Сегмент возобновляемой энергетики вертикально интегрирован и фокусируется на создании новых объектов, разработке, финансировании, реализации, эксплуатации и обслуживании, а также управлении активами. Сегмент CSI Solar состоит из производства солнечных модулей и аккумуляторов для хранения энергии, а также поставки комплексных системных решений, включая инверторы, комплекты солнечных систем, а также услуги по проектированию, закупкам и строительству (EPC). Компания разработала, построила и подключила проекты солнечной энергетики пиковой мощностью около 10 гигаватт (ГВт) и проекты аккумуляторного хранения энергии мощностью 3,3 ГВтч по всему миру.",
3258,US,BFFAF,DE000BASF111,BFFAF.PK,BASF SE,54.437114,PNK,1,Основные материалы,1,Диверсифицированные химикаты,0.0,59.29,,60.0,50.12,55.02,55.58,47.11,50.64,59.95,42.09,49.97,59.95,42.09,49.91,59.95,42.09,50.14,87.65,37.2,55.48,120.25,37.2,66.1,,"BASF SE — немецкая химическая компания. Компания работает в шести сегментах, включая химикаты, материалы, промышленные решения, технологии обработки поверхностей, питание и уход и сельскохозяйственные решения. Сегмент «Химическая промышленность» состоит из подразделений «Нефтехимия» и «Промежуточные продукты». Сегмент «Материалы» состоит из подразделений «Эффективные материалы» и «Мономеры». Сегмент «Промышленные решения» состоит из подразделений «Дисперсии», «Смолы», «Присадки» и «Специальные химикаты». Сегмент Surface Technologies состоит из подразделений по производству катализаторов и покрытий. Сегмент «Питание и уход» состоит из подразделений «Химия для ухода» и «Питание и здоровье». Сегмент «Сельскохозяйственные решения» состоит из подразделения «Сельскохозяйственные решения», которое специализируется на поставках средств защиты растений, решений для обработки семян и регуляторов роста растений.",
3263,US,NVZMF,DK0060336014,NVZMF.PK,Novozymes A/S,24.871643,PNK,2,Основные материалы,1,Специальные химикаты,0.0,57.18,,59.26,0.0,51.78,71.74,58.02,63.82,75.97,53.55,62.9,75.97,49.89,61.23,75.97,38.85,57.07,82.59,38.16,60.9,82.59,31.52,54.13,,"Novozymes A/S — датская биотехнологическая компания, занимающаяся производством и продажей промышленных ферментов, микроорганизмов и биофармацевтических ингредиентов. Компания работает в четырех географических регионах: Европа, Ближний Восток и Африка (включая Данию), Северная Америка, Азиатско-Тихоокеанский регион и Латинская Америка. Она разрабатывает и распространяет решения в таких областях рынка, как сельское хозяйство, биоэнергетика, продукты питания и напитки, бытовая химия, кожа, фармацевтика, лесная продукция, текстиль и решения для очистки сточных вод. Novozymes работает через ряд партнерских отношений с такими компаниями, как Bayer и Syngenta в сельском хозяйстве, а также DSM и Adisseo в области здоровья и питания животных.",
3272,US,GNENF,CNE1000031W9,GNENF.PK,"Ganfeng Lithium Group Co., Ltd",23.308596,PNK,3,Основные материалы,1,Товарные химикаты,0.0,9.48,,9.85,0.0,7.55,8.0,2.84,5.16,8.0,1.99,3.9,8.0,1.75,3.33,9.77,1.75,4.18,16.69,1.75,6.69,16.69,0.97,6.29,,"Ganfeng Lithium Group Co Ltd, formerly Ganfeng Lithium Co Ltd, is a China-based company principally engaged in the production and sales of lithium and lithium battery products. The Company also engages in lithium resource exploitation, lithium salt processing, metallic lithium smelting, lithium battery manufacturing and recycling. Основная продукция компании включает литиевые соединения, металлический литий и литиевые батареи. The Company's products are widely used in electric vehicles, energy storage, aeronautics, functional materials, pharmaceutical manufacturing and other fields. Компания в основном осуществляет свою деятельность на внутреннем и зарубежных рынках.",
3284,US,SHWDY,US8253842095,SHWDY.PK,Resonac Holdings Corp,12.035712,PNK,4,Основные материалы,2,Товарные химикаты,0.0,69.44,,77.4,0.0,41.13,44.03,23.9,34.9,44.03,15.38,25.92,44.03,15.38,24.93,44.03,15.27,23.11,44.03,14.4,22.66,51.81,9.56,27.06,,"Resonac Holdings Corp — японская комплексная химическая компания. Компания имеет четыре бизнес-сегмента. Сегмент полупроводниковых и электронных материалов предлагает материалы для полупроводниковой обработки, включая газы высокой чистоты и функциональные химикаты, материалы для полупроводниковой обработки, включая эпоксидные герметики и материалы для склеивания кристаллов, а также решения для устройств, включая жесткие диски и другие. Сегмент «Мобильность» предлагает автомобильные детали, в том числе формованные пластиковые изделия и фрикционные материалы, а также материалы для литий-ионных аккумуляторов, включая алюминиевые ламинированные пленки, проводящие добавки для положительных и отрицательных электродов. Сегмент инновационных материалов предлагает функциональные химикаты, функциональные смолы, материалы для покрытий, керамику и функциональные компоненты из алюминия. Химический сегмент предлагает нефтехимическую продукцию, химикаты, основные химикаты, графитовые электроды и другие продукты, включая олефины, органические химикаты, промышленные газы, сжиженный аммиак и другие.",
3285,US,MTLHY,US6067631001,MTLHY.PK,Mitsubishi Chemical Group Corp,8.142028,PNK,5,Основные материалы,2,Диверсифицированные химикаты,0.0,29.41,,33.45,0.0,19.41,31.65,25.86,27.86,31.65,19.95,25.84,34.45,19.95,27.57,34.45,19.95,28.22,48.54,19.95,30.27,58.82,19.95,34.3,,,
3288,US,OCLDY,US68618H1032,OCLDY.PK,Orica Ltd,6.368013,PNK,6,Основные материалы,3,Товарные химикаты,0.0,12.66,,18.25,0.0,9.51,17.02,13.0,14.48,17.02,8.71,11.58,17.02,8.71,11.44,17.02,8.71,11.12,17.02,8.04,10.82,17.02,7.64,11.67,,"Orica Limited — австралийский поставщик решений для горнодобывающей промышленности и инфраструктуры. Компания занимается производством и поставкой взрывчатых веществ, взрывных систем, горнодобывающей химии и геотехнического мониторинга со своими цифровыми решениями. В ее сегменты входят решения для взрывных работ, специальные горнодобывающие химикаты и цифровые решения. Ее продукты и услуги включают в себя сыпучие системы, упакованные взрывчатые вещества, системы инициирования, ускорители, цифровые решения, услуги по взрывным работам, автоматизацию, обучение, удобрения, ресурсы, устойчивость склонов и другие. Компания обслуживает различные рынки, такие как открытый уголь, поверхностный металл, железная руда, разработка карьеров, подземная добыча полезных ископаемых, подземное строительство, строительство, гражданская инфраструктура, нефть и газ и сельское хозяйство. Подразделение Blasting Solutions включает в себя основное производство и поставку взрывчатых веществ и взрывных систем для горнодобывающей, карьерной и строительной отраслей в Австралии, Тихоокеанском регионе и Азии, Северной Америке, Латинской Америке, Европе, Ближнем Востоке и Африке.",
3297,US,JMPLY,US4791425071,JMPLY.PK,Johnson Matthey PLC,4.168089,PNK,7,Основные материалы,2,Специальные химикаты,0.0,48.75,,54.18,47.08,51.05,60.8,46.11,53.22,60.8,29.01,44.48,60.8,29.01,42.67,60.8,29.01,43.72,95.72,29.01,51.77,102.55,29.01,60.06,,"Johnson Matthey PLC — британская компания, занимающаяся устойчивыми технологиями. Сегменты компании включают Clean Air, PGM Services, Catalyst Technologies и Hydrogen Technologies. Сегмент «Чистый воздух» предлагает катализаторы для систем последующей очистки выбросов, используемых в легких и тяжелых транспортных средствах с двигателями внутреннего сгорания. The PGM Services segment enables the energy transition through providing circular solutions as demand for scarce critical materials increases. Он также предоставляет стратегические услуги группе, поддерживая другие сегменты в обеспечении безопасности поставок металлов, а также производит продукцию с добавленной стоимостью PGM. Сегмент Catalyst Technologies обеспечивает декарбонизацию цепочек создания стоимости в химической отрасли. Сегмент Hydrogen Technologies поставляет компоненты для топливных элементов и электролизов по всей цепочке создания стоимости, включая мембраны с каталитическим покрытием и мембранно-электродные сборки.",
3298,US,MITUY,US6068361046,MITUY.PK,Mitsui Chemicals Inc,4.710703,PNK,8,Основные материалы,4,Товарные химикаты,0.0,11.79,,12.43,0.0,3.03,12.62,11.28,12.09,12.62,9.07,11.25,15.46,9.02,12.78,15.46,9.02,12.84,18.32,9.02,13.19,18.32,7.97,13.07,,"Mitsui Chemicals Inc занимается решениями для жизни и здравоохранения, мобильными решениями, решениями в области информационных и коммуникационных технологий (ИКТ), а также бизнесом по производству основных и экологически чистых материалов. Компания работает в четырех бизнес-сегментах. Сегмент Life and Healthcare Solutions производит и продает материалы для зрения, нетканые материалы, материалы для ухода за полостью рта, материалы для личной гигиены и сельскохозяйственные химикаты. Сегмент мобильных решений производит и продает эластомеры, функциональные соединения и полипропиленовые соединения, а также поддерживает разработку новых продуктов для промышленной продукции. Сегмент ICT Solutions производит и продает технологические материалы для полупроводников и электронных компонентов, оптические материалы, материалы для литий-ионных аккумуляторов, материалы для аккумуляторов нового поколения и другие. Сегмент «Базовые и экологически чистые материалы» производит и реализует этилен, пропилен, полиэтилен, полипропилен, катализаторы, фенолы, терефталевую кислоту высокой чистоты, полиэтилентерефталатную смолу и другие.",
3301,US,SOMMY,US8656121055,SOMMY.PK,Sumitomo Chemical Co Ltd,5.292998,PNK,9,Основные материалы,3,Диверсифицированные химикаты,0.0,15.97,,17.15,14.5,15.55,16.85,11.82,14.44,16.85,9.95,12.88,16.85,9.55,12.35,19.36,9.55,13.32,28.5,9.55,17.25,39.13,9.55,20.85,,"Sumitomo Chemical Co Ltd — японская компания, занимающаяся химическим бизнесом. Компания имеет пять сегментов. Сегмент Essential & Green Materials производит и продает синтетические смолы, сырье для синтетических волокон, промышленные химикаты, метакрилат, продукты переработки синтетических смол, алюминий и глинозем, а также синтетический каучук. Сегмент Advanced Medical Solutions занимается разработкой процессов и контрактным производством для фармацевтической и другой продукции. Сегмент информационных и коммуникационных технологий (ИКТ) и мобильных решений занимается оптической продукцией, полупроводниковыми технологическими материалами, составными полупроводниковыми материалами, сенсорными панелями, химическими продуктами, конструкционными пластиками и аккумуляторными материалами. Сегмент Agro & Life Solutions занимается сельскохозяйственными химикатами, удобрениями, сельскохозяйственными материалами, инсектицидами для борьбы с вредителями и материалами для борьбы с тропическими болезнями. Сегмент Sumitomo Pharma занимается фармацевтическими препаратами с малыми молекулами. Компания также предоставляет другие виды бизнеса.",
3302,US,NNCHY,US65476F1049,NNCHY.PK,Nissan Chemical Corp,5.076337,PNK,10,Основные материалы,4,Диверсифицированные химикаты,0.0,38.16,,42.55,0.0,8.47,40.43,28.21,34.45,40.43,24.74,32.12,43.74,24.0,33.71,55.0,24.0,34.51,61.04,24.0,35.94,62.35,19.53,37.47,,"Nissan Chemical Corp — японская компания, которая в основном занимается производством сельскохозяйственных химикатов, функциональными материалами и оптовой торговлей. Компания осуществляет свою деятельность в шести бизнес-сегментах. Сегмент «Агрохимия» предлагает гербициды, инсектициды, фунгициды, регуляторы роста растений и другие агрохимикаты, а также оптовые ветеринарные фармацевтические препараты. Бизнес-сегмент «Функциональные материалы» предлагает материалы для дисплеев, полупроводниковые материалы и неорганические коллоиды. Сегмент «Оптовый бизнес» занимается оптовой торговлей химической продукцией. Бизнес-сегмент «Химия» предлагает основные химикаты, такие как серная кислота, азотная кислота и аммиак, а также химикаты тонкого помола, такие как специальные эпоксидные смолы для герметиков. Сегмент фармацевтического бизнеса предоставляет оптовые фармацевтические препараты для лечения гиперхолестеринемии и тонкие химикаты. Сегмент «Другие» предоставляет удобрения, ландшафтное озеленение, транспорт, проектирование растений и другие услуги.",
3311,US,INDOY,US45579X1037,INDOY.PK,Indorama Ventures PCL,4.260737,PNK,11,Основные материалы,5,Товарные химикаты,0.0,7.03,,7.03,0.0,1.0,7.37,4.7,6.08,7.37,4.7,6.04,8.19,4.7,6.38,13.21,4.7,6.86,15.0,4.7,10.23,20.0,4.7,11.15,,"Indorama Ventures Public Company Limited — это глобальная экологически устойчивая нефтехимическая компания со штаб-квартирой в Таиланде, компании которой работают в промежуточной нефтехимической промышленности в Таиланде и по всему миру на четырех континентах: Азиатско-Тихоокеанский регион, Африка, Европа и Америка. Сегменты компании включают комбинированный ПЭТ, Indovida, Indovinya и волокна. Сегмент комбинированного ПЭТ включает производство и распространение полной цепочки создания стоимости ПЭТ, включая PX, PTA, ПЭТ и переработку (интегрированный ПЭТ), специальные химикаты, связанные с ПЭТ, PIA и NDC (специальные химикаты), а также от этана до МЭГ и МТБЭ (промежуточные химикаты). Сегмент компании Indovida включает производство и распространение упаковки. Сегмент компании Indovinya включает производство и распространение комплексных поверхностно-активных веществ. Сегмент «Волокна» включает производство и распространение полиэстера, вискозы, нейлона, полипропилена, композитов и камвольных шерстяных волокон для трех сегментов конечного использования: мобильность, образ жизни и гигиена.",
3312,US,KURRY,US50127R1032,KURRY.PK,Kuraray Co Ltd,3.138036,PNK,12,Основные материалы,6,Товарные химикаты,0.0,33.0,,34.48,0.0,12.01,39.35,27.64,33.46,46.02,27.64,36.24,47.28,27.64,36.57,47.28,23.83,35.1,47.28,20.57,33.12,61.38,20.57,38.26,,"Kuraray Co Ltd — японская компания, занимающаяся производством и продажей химикатов. Компания осуществляет свою деятельность в пяти бизнес-сегментах. Сегмент винилацетата предлагает функциональные смолы и пленки, такие как повал, поливинилбутираль (ПВБ) и EVAL. Сегмент изопрена предлагает термопластичный эластомер SEPTON, CLARITY, продукты, связанные с изопреном, и GENESTA. Сегмент функциональных материалов предлагает метакриловые смолы, продукцию медицинского назначения и углеродные материалы. В сегменте «Текстиль» представлены синтетические волокна, искусственная кожа CLARINO и нетканые материалы. Торговый сегмент перерабатывает и продает синтетические волокна и искусственную кожу, а также планирует и реализует другую продукцию. Он также занимается производством и продажей жидкокристаллических полимерных пленок, продуктов переработки резины и смол, проектированием и строительством различных заводов, вспомогательными производственными и логистическими услугами по контракту и т. д., услугами складирования, распределения и обработки, страхованием, путешествиями.",
3317,US,CLZNY,US18047P1012,CLZNY.PK,Clariant AG,3.271586,PNK,13,Основные материалы,3,Специальные химикаты,0.0,9.85,,9.85,0.0,5.82,11.67,8.45,9.48,13.4,8.45,10.75,17.47,8.45,12.49,17.91,8.45,13.32,23.32,8.45,14.87,24.53,8.45,15.44,,"Clariant AG — швейцарский производитель специальной химии. Компания работает в трех бизнес-направлениях: химические вещества для ухода, катализ, природные ресурсы. Подразделение Care Chemicals обслуживает клиентов на рынках средств личной гигиены, ухода за домом, красок и покрытий, а также решений для сельскохозяйственных культур. Бизнес-сфера «Катализ» предлагает каталитические решения и решения в области биотоплива. Бизнес-направление «Природные ресурсы» предлагает продукты и индивидуальные решения для предприятий по добыче полезных ископаемых, литейного производства, нефти и газа, а также для пищевой промышленности, производства пластмасс, покрытий, клеев и чернил.",
3319,US,KPLUF,DE000KSAG888,KPLUF.PK,K+S AG,3.361629,PNK,14,Основные материалы,1,Сельскохозяйственные химикаты,0.0,17.63,,21.2,0.0,8.88,16.08,13.04,13.97,18.62,11.96,14.78,18.62,11.29,14.12,23.39,11.29,15.71,38.6,9.83,17.88,38.6,5.17,18.1,,"K+S Aktiengesellschaft — немецкий производитель соли и поставщик калийных удобрений. Компания осуществляет свою деятельность в трех сегментах: соль, калий и магний, а также дополнительная деятельность. Сегмент «Соль» включает производство и маркетинг пищевой соли, технической соли и соли для химического использования, антигололедной соли и рассола хлорида натрия. Сегмент «Калий и магний» объединяет производство и маркетинг калийных удобрений и специальных удобрений, а также соединений калия и магния для технического, промышленного и фармацевтического применения. Сегмент «Дополнительная деятельность» объединяет деятельность по переработке, утилизации отходов и повторному использованию на калийных и каменных соляных шахтах, а также грануляцию CATSAN и THOMAS, а также логистические услуги через K+S Transport GmbH и торговлю различными основными химикатами через Chemische Fabrik Kalk GmbH.",
3328,US,MXCHY,US68560E1082,MXCHY.PK,Orbia Advance Corporation SAB de CV,2.317761,PNK,15,Основные материалы,7,Товарные химикаты,0.0,2.31,,2.4,0.0,1.89,2.1,1.26,1.68,2.1,1.0,1.54,4.62,1.0,2.11,5.48,1.0,2.47,6.48,1.0,2.88,7.02,1.0,3.33,,"Orbia Advance Corporation SAB de CV, ранее Mexichem SAB de CV, — мексиканская компания, работающая в промышленном секторе. Деятельность компании разделена на пять бизнес-групп: Precision Agriculture, Building & Infrastructure, Fluor, Data Communication и Polymer Solutions. В бизнес Precision Agriculture входит бренд Netafim, который разрабатывает ирригационные системы и сопутствующие услуги, а также предлагает технологии для цифровизации сельского хозяйства. Подразделение «Строительство и инфраструктура» предлагает трубы для различных строительных применений под брендом Wavin. Подразделение Fluor управляет брендом Koura, который производит материалы на основе фтора, используемые в таких отраслях, как здравоохранение, строительство и транспорт. Подразделение передачи данных отвечает за производство и монтаж кабелей связи и силовых кабелей под брендом Dura-Line. Подразделение Polymer Solutions включает торговые марки Vestolit и Alphagary, которые поставляют пластиковые смолы и другие соединения.",
3330,US,TINLY,US8790632041,TINLY.PK,Teijin Ltd,1.949778,PNK,16,Основные материалы,4,Специальные химикаты,0.0,10.14,,10.14,0.0,4.94,9.14,7.61,8.47,9.14,7.19,8.34,10.32,7.19,8.67,11.03,7.19,9.05,19.54,7.19,11.15,23.25,7.19,15.09,,"Teijin Ltd — японская компания, занимающаяся в основном материалами, текстилем и изделиями, здравоохранением, информационными технологиями (ИТ) и другим бизнесом. У него четыре бизнес-сегмента. Сегмент «Материалы» включает в себя бизнес по производству высокоэффективных материалов, который производит и продает арамидные волокна, смолы и другие материалы, а также бизнес по производству композитных формовочных материалов, который производит и продает композитные формовочные материалы. Сегмент «Текстиль и изделия» производит и продает текстильную продукцию, а также производит и продает полиэфирные волокна и текстиль. Сегмент «Здравоохранение» производит и продает фармацевтические препараты и медицинское оборудование, предоставляет медицинские услуги на дому, а также производит и продает другую продукцию, связанную со здравоохранением. ИТ-сегмент управляет, разрабатывает и обслуживает информационные системы, а также предоставляет услуги по распространению электронных комиксов. Компания также производит и продает компоненты аккумуляторов, а также разрабатывает, производит и продает продукты регенеративной медицины и имплантируемые медицинские устройства.",
3331,US,LNXSF,DE0005470405,LNXSF.PK,Lanxess AG,1.827367,PNK,17,Основные материалы,5,Диверсифицированные химикаты,0.0,20.26,,20.26,0.0,9.26,30.15,18.65,25.11,36.0,18.65,27.22,36.0,18.65,27.07,52.0,18.65,30.69,80.55,18.65,43.47,90.95,18.65,52.52,,"LANXESS AG — немецкая компания, работающая в химической отрасли. Компания специализируется на разработке, производстве и маркетинге химических промежуточных продуктов, добавок, специальных химикатов, пластмасс и средств защиты прав потребителей. Ее бизнес-деятельность разделена на следующие сегменты: специальные добавки, передовые промышленные полуфабрикаты и защита потребителей, а также все остальные сегменты. Specialty Additives, отвечающая за производство присадок для резиновой и лакокрасочной промышленности; Advanced Industrial Intermediates, специализирующаяся на разработке промежуточных продуктов для сельскохозяйственной, пластмассовой, химической, потребительской, строительной, шинной и автомобильной промышленности; Защита прав потребителей предлагает, в частности, средства защиты материалов, неорганические пигменты, отделочные средства для кожевенной промышленности и смолы для очистки воды, а также инженерные материалы, которые производят технические пластмассы, стекловолокно, автомобильную промышленность, электронику и электротехнику.",
3332,US,TKCBY,US88907H1014,TKCBY.PK,Tokai Carbon Co Ltd,1.337647,PNK,18,Основные материалы,8,Товарные химикаты,0.0,23.5,,23.5,0.0,2.94,25.1,25.0,25.05,25.1,22.11,23.79,29.75,21.85,26.24,36.79,21.85,29.25,60.47,21.85,34.42,83.3,21.85,49.44,,"Tokai Carbon Co Ltd — японская компания, занимающаяся в основном производством и продажей углеродной продукции. Компания управляет пятью бизнес-сегментами. Бизнес-сегмент «Графитовые электроды» предлагает графитовые электроды для электросталеплавильных печей. Бизнес-сегмент Carbon Black предлагает углеродную сажу для резиновых изделий, черные пигменты и проводящие материалы. Бизнес-сегмент Fine Carbon предлагает специальные углеродные продукты, твердый карбид кремния и покрытия из карбида кремния. Бизнес-сегмент «Выплавка и футеровка» предлагает катоды для электролиза алюминия, доменные блоки и угольные электроды. Бизнес-сегмент «Промышленные печи и сопутствующая продукция» предлагает промышленные электропечи и нагревательные элементы из карбида кремния.",
3369,US,IPOAF,MXP554091415,IPOAF.PK,Industrias Penoles SAB de CV,17.339197,PNK,19,Основные материалы,1,Диверсифицированная горнодобывающая промышленность,0.0,41.62,,60.59,0.0,45.16,56.05,25.0,38.52,56.05,13.35,31.69,56.05,11.43,24.41,56.05,10.8,21.52,56.05,7.38,17.12,56.05,5.17,16.87,,"Industrias Penoles SAB de CV — мексиканская компания, занимающаяся горнодобывающей промышленностью. Деятельность Компании разделена на четыре бизнес-сегмента: Драгоценные металлы, Цветные металлы, Металлургический и Прочие. Подразделение драгоценных металлов отвечает за добычу и переработку серебряного и золотого концентратов. Подразделение цветных металлов специализируется на разведке полезных ископаемых, добыче и переработке цинковых, свинцовых и медных концентратов. Металлургический сегмент осуществляет переработку и аффинаж концентратов драгоценных и цветных металлов. Подразделение «Прочие» включает производство и продажу химической продукции, в основном сульфата натрия, эксплуатацию концессий на очистку воды и железнодорожный транспорт, а также административную и операционную вспомогательную деятельность. Компания осуществляет свою деятельность через ряд дочерних компаний, таких как Minas Penoles SA de CV и Quimica Magna SA de CV. Компания входит в состав BAL Group.",
3391,US,EDVMF,GB00BL6K5J42,EDVMF.PK,Endeavour Mining plc,13.53658,PNK,20,Основные материалы,1,Золото,0.0,55.66,,69.9,51.35,59.28,55.5,29.0,39.43,55.5,17.81,32.31,55.5,15.6,26.43,55.5,15.6,25.23,55.5,15.6,24.04,55.5,4.78,20.87,,"Endeavour Mining plc — британская золотодобывающая компания с несколькими активами, сосредоточенная в Западной Африке. Компания владеет пятью операционными активами, включая рудники Хаунде и Мана в Буркина-Фасо, рудники Ити и Лафиг в Кот-д’Ивуаре и рудник Сабодала-Массава в Сенегале, два проекта разработки новых месторождений (Ассафу и Калана) в Кот-д’Ивуаре и Мали, а также портфель разведочных активов в перспективном Биримианском зеленокаменном поясе на территории Буркина-Фасо, Кот-д’Ивуара, Мали и Сенегал. Рудник Хаунде расположен в северной части перспективного Зеленокаменного пояса Хаунде, примерно в 60 километрах (км) к югу от рудника Мана. Рудник Ити расположен на западе Кот-д'Ивуара, в 480 км к западу-северо-западу от Абиджана, в префектуре Зуан-Уньен. Рудник Сабодала-Массава находится примерно в 650 км к юго-востоку от Дакара, столицы Сенегала. Рудник Мана расположен в северной части Зеленокаменного пояса Хаунде, примерно в 60 км к северу от рудника Хаунде.",
3401,US,JINFF,CA16890P1036,JINFF.PK,China Gold International Resources Corp Ltd,7.902877,PNK,21,Основные материалы,2,Диверсифицированная горнодобывающая промышленность,0.0,19.34,,26.17,0.0,18.98,21.92,8.15,15.63,21.92,4.98,11.97,21.92,3.83,9.01,21.92,2.87,7.47,21.92,1.3,5.59,21.92,0.32,3.32,,"China Gold International Resources Corp. Ltd. — канадская компания по добыче золота и цветных металлов. Компания в основном занимается приобретением, разведкой, разработкой и добычей минеральных ресурсов в Китайской Народной Республике (КНР). Компания управляет двумя рудниками: золотым рудником CSH во Внутренней Монголии, Китай, и медно-золотым полиметаллическим рудником Цзяма в Тибете, Китай. Золотой рудник CSH расположен во Внутренней Монголии Китая, примерно в 210 километрах (км) к северо-западу от города Баотоу, который занимается производством золотых слитков Доре с серебром в качестве побочного продукта. Проект Цзяма — полиметаллический рудник меди и золота в Китае. Проект Цзяма расположен в медно-металлогенном поясе Гандисе в Центральном Тибете, Китай, примерно в 60 км к востоку от города Лхаса вдоль шоссе Сычуань-Тибет. Проект Цзяма представляет собой полиметаллическое месторождение, состоящее из меди, молибдена, золота, серебра, свинца и цинка.",
3402,US,BLSFY,US09625Q2075,BLSFY.PK,BlueScope Steel Ltd,7.719267,PNK,22,Основные материалы,1,Железо и сталь,0.0,90.32,,96.89,0.0,37.55,82.12,65.39,74.59,82.12,57.72,72.39,82.12,56.42,71.63,82.12,56.42,70.67,90.25,49.14,69.03,90.25,17.37,64.01,,"BlueScope Steel Limited — компания по производству стали. Компания специализируется на поставках стальных материалов, продукции, систем и технологий в Северной Америке, Австралии, Новой Зеландии, на островах Тихого океана и по всей Азии. Он занимается производством рулонного покрытия и стальной продукции с покрытием. В ее сегменты входят компания Australian Steel Products (ASP), компания North Star BlueScope Steel, продукция с покрытием в Азии, здания и изделия с покрытием в Северной Америке, а также Новая Зеландия и острова Тихого океана. Сегмент ASP производит и продает плоский стальной прокат с покрытием и лаком для австралийских строительных компаний, а также предлагает товарный плоский стальной прокат. Сегмент Coated Products Asia предлагает строительную продукцию для Китая, включающую металлические покрытия, покраску, операции Lysaght и инженерные строительные решения. Она производит и продает ряд фирменной продукции, включая предварительно окрашенную сталь COLORBOND, сталь ZINCALUME с покрытием из сплава цинка и алюминия и линейку строительной продукции LYSAGHT.",
3407,US,MMSMY,US6068442077,MMSMY.PK,Mitsui Kinzoku Co Ltd,10.588779,PNK,23,Основные материалы,1,Специальность Горное дело и металлургия,0.0,37.22,,49.08,0.0,38.02,29.65,6.61,17.71,29.65,4.89,14.65,29.65,4.89,10.91,29.65,4.42,9.18,29.65,3.87,7.36,29.65,2.6,6.51,,"Mitsui Kinzoku Co Ltd, ранее называвшаяся Mitsui Mining and Smelting Co Ltd, в основном занимается бизнесом функциональных материалов, металлургическим бизнесом, транспортным бизнесом и другими. Компания работает в четырех сегментах. Сегмент функциональных материалов предлагает медную фольгу, такую ​​как ультратонкая медная фольга с носителями и фольгу из электролитической меди для монтажных плат, функциональные порошки, такие как металлические порошки для электронных материалов и оксид тантала, материалы для аккумуляторов, такие как сплавы для хранения водорода, мишени для распыления, такие как оксид индия и олова, и керамические изделия. Металлургический сегмент производит и продает цинк, свинец, медь, золото и серебро, а также занимается переработкой ресурсов. Сегмент «Мобильность» производит и продает катализаторы очистки выхлопных газов, автомобильные дверные замки, продукцию литья под давлением и продукцию порошковой металлургии. Сегмент «Прочие» производит и продает тянутую медную продукцию и перлитовую продукцию, а также занимается проектированием промышленных предприятий.",
3409,US,SSAAY,US78467D1037,SSAAY.PK,SSAB AB,7.56144,PNK,24,Основные материалы,2,Железо и сталь,0.0,3.84,,4.25,0.0,2.21,3.82,2.8,3.19,3.82,1.89,3.04,4.01,1.89,2.93,4.01,1.89,3.04,4.03,1.75,2.9,4.03,0.96,2.76,,"SSAB AB — шведская компания, работающая в сталелитейной промышленности. Компания занимается разработкой, производством и маркетингом изделий и решений из высокопрочной стали. Компания разрабатывает свою продукцию вместе с клиентами, чтобы создать предложение, состоящее из решений, начиная от легкости и долговечности и заканчивая прочностью, эффективностью, экологичностью и безопасностью. В ее предложение входят такие бренды, как SSAB Domex, Hardox, Docol, Greencoat, Armox и Toolox. Деятельность компании разделена на пять подразделений: SSAB Special Steels, SSAB Europe, SSAB Americas, Tibnor и Rukki Construction. Tibnor и Ruukki Construction управляются соответствующими советами директоров как независимые дочерние компании.",
3412,US,MALRY,US6030511033,MALRY.PK,Mineral Resources Ltd,7.258668,PNK,25,Основные материалы,3,Диверсифицированная горнодобывающая промышленность,0.0,37.78,,42.28,34.79,38.73,37.82,14.37,26.24,37.82,8.64,21.02,53.35,8.64,27.32,69.49,8.64,33.17,69.49,8.64,34.52,69.49,2.49,30.7,,"Mineral Resources Ltd — диверсифицированная ресурсная компания, занимающаяся добычей лития, железной руды, энергетикой и горнодобывающими услугами по всей Западной Австралии. Основная деятельность Компании включает горнодобывающую деятельность и комплексное снабжение товарами и услугами ресурсных отраслей. Компания работает в пяти сегментах: горнодобывающие услуги, железная руда, литий, энергетика и другие сырьевые товары. Компания через свою дочернюю компанию CSI Mining Services (CSI) является поставщиком услуг по добыче полезных ископаемых от карьера до судна для ресурсной отрасли. Ее предложения включают добычу полезных ископаемых и переработку, транспорт и логистику, а также производство, услуги по восстановлению, а также оборудование и запчасти. Ее инженерно-строительное подразделение объединяет реализацию проектов и предлагает ряд комплексных проектов по нескольким сырьевым товарам, включая железную руду, литий и газ, а также проекты строительства дорог и портов. У компании есть портфель операций по добыче железной руды, охватывающий регионы Пилбара и Онслоу.",
3414,US,VLPNY,US9285781038,VLPNY.PK,voestalpine AG,7.680639,PNK,26,Основные материалы,3,Железо и сталь,0.0,8.36,,10.61,8.36,9.31,9.33,5.3,7.21,9.33,3.34,6.14,9.33,3.34,5.66,9.33,3.34,5.87,9.61,3.22,6.2,13.38,2.78,6.72,,"Voestalpine AG — австрийская компания, работающая в автомобильной промышленности и производстве потребительских товаров, а также в аэрокосмической и нефтегазовой промышленности. В состав компании входят четыре подразделения: сталелитейное подразделение, подразделение высокопроизводительных металлов, подразделение металлообработки и подразделение обработки металлов давлением. Подразделение Steel поставляет полосовую сталь, толстый лист и литейную продукцию для применения в энергетическом секторе. Подразделение высокопроизводительных металлов предлагает инструментальную сталь, быстрорежущую сталь, материалы для аэрокосмической отрасли, детали из специальной стали и порошковые технологии. Подразделение Metal Engineering занимается сварочными решениями и поставщиком высокотехнологичных бесшовных труб для нефтегазовой отрасли, а также для промышленного применения. Подразделение обработки металлов давлением обеспечивает разработку специальных профилей, труб и прецизионных стальных изделий, а также готовых системных компонентов из прессованных, штампованных и гнутых деталей, которые используются в автомобильном сегменте.",
3418,US,TYEKF,DE0007500001,TYEKF.PK,thyssenkrupp AG,5.149556,PNK,27,Основные материалы,4,Железо и сталь,0.0,8.01,,11.0,0.0,7.35,12.6,7.3,9.9,12.6,3.0,8.24,12.6,2.33,6.52,12.6,2.33,6.21,12.6,2.33,6.65,24.67,2.33,10.03,,"Thyssenkrupp AG — немецкая группа промышленных и технологических компаний. Компания работает в пяти сегментах: Materials Services занимается глобальной дистрибуцией материалов и предоставлением технических услуг для производственного и производственного сектора; Industrial Components производит кованые компоненты и системные решения для ресурсного, строительного и мобильного секторов, а также опорно-поворотные устройства, подшипники качения и бесшовные катаные кольца для ветроэнергетики и строительного машиностроения; Automotive Technology разрабатывает и производит высокотехнологичные компоненты и системы для автомобильной промышленности, а также разрабатывает автоматизированные производственные системы для автомобильной промышленности; Steel Europe объединяет деятельность по производству плоского углеродистого проката премиум-класса, от интеллектуальных решений в области материалов до готовых деталей; Marine Systems — поставщик систем в области строительства подводных лодок и надводных кораблей, а также в области морской электроники и технологий безопасности. Он работает по всему миру.",
3419,US,AIAGY,US05207U1034,AIAGY.PK,Aurubis AG,7.574186,PNK,28,Основные материалы,2,Специальность Горное дело и металлургия,0.0,86.1,,95.75,0.0,61.04,73.86,50.07,60.13,73.86,36.85,56.19,73.86,31.05,46.07,73.86,31.05,45.81,73.86,26.0,45.95,73.86,22.7,44.54,,"Aurubis AG — немецкая компания. Компания занимается добычей первичной меди и драгоценных металлов, переработкой вторичного сырья и переработкой меди в конечную продукцию, перерабатывает металлические концентраты, металлолом и металлосодержащее вторсырье. Ассортимент продукции компании включает катанку и специальную проволоку, такую ​​как литая катанка, литая бескислородная проволока (Foxrod) и различные тянутые изделия; формы; промышленный прокат; архитектурные решения поверхностей и фасадов; прутки и профили для электротехнической промышленности; катоды; драгоценные металлы, такие как золото и серебро, которые добывают из медных концентратов и вторичного сырья; серная кислота, силикат железа, селен, а также переработанная медь, драгоценные металлы и другие изделия из цветных металлов. Компания также управляет сервисными центрами по резке меди.",
3431,US,SIM,US4004911065,SIM.N,Grupo Simec SAB de CV,5.00122,NYS,29,Основные материалы,5,Железо и сталь,0.0,31.68,,0.0,0.0,0.0,29.45,27.58,28.45,29.45,26.24,27.63,31.73,26.24,27.95,38.22,26.24,28.89,38.22,20.5,28.75,38.22,6.12,24.51,,"Grupo Simec SAB de CV — мексиканская компания, занимающаяся в основном производством, обработкой и продажей специальных сталей и профилей из конструкционной стали. Компания идентифицирует свои операционные сегменты по регионам: Мексика и Соединенные Штаты Америки. Мексиканский сегмент компании включает заводы в Мехикали, Гвадалахаре, Тлашкале и Сан-Луис-Потоси. Сегмент США включает семь заводов, шесть из которых расположены в штатах Огайо, Индиана и Нью-Йорк. Сегменты производят и продают стальную продукцию, предназначенную в основном для строительной и автомобильной промышленности. Компания через свои дочерние компании также присутствует в Бразилии и Нидерландах.",
3435,US,FLIDY,US3437931054,FLIDY.PK,FLSmidth & Co A/S,4.202027,PNK,30,Основные материалы,1,Услуги и оборудование для горнодобывающей промышленности,0.0,7.65,,8.82,0.0,3.4,7.85,6.53,7.28,7.85,6.06,7.07,7.85,3.98,5.73,7.85,3.56,4.92,7.85,2.2,4.11,7.85,2.14,4.34,,"Flsmidth & Co A/S — датский поставщик оборудования и услуг для цементной и горнодобывающей промышленности. Компания поставляет продукцию от отдельных машин до комплексных цементных заводов и решений по переработке полезных ископаемых, включая услуги до, во время и после строительства. Деятельность компании разделена на четыре сегмента: обслуживание клиентов, производственные компании, минералы и цемент. Сегмент «Цемент» охватывает цементные проекты, индивидуальное цементное оборудование, а также эксплуатацию и техническое обслуживание цемента. Сегмент «Полезные ископаемые» включает горнодобывающие проекты и специализированное оборудование для переработки и погрузочно-разгрузочных работ. Сегмент обслуживания клиентов обслуживает установленную базу, в основном предоставляемую сегментами цемента и минералов, а сегмент компаний-производителей предлагает стандартизированную продукцию, продаваемую напрямую конечным потребителям, аналогам и в проектах FLSmidth Cement and Minerals. Сегмент производственных компаний предоставляет запасные части и другие послепродажные услуги для собственной установленной базы.",
3436,US,ERELY,US29482K1016,ERELY.PK,Eregli Demir ve Celik Fabrikalari TAS,4.345497,PNK,31,Основные материалы,6,Железо и сталь,0.0,6.01,,6.01,0.0,0.75,4.96,4.96,4.96,7.1,4.96,6.03,8.54,4.96,6.68,13.53,4.96,8.06,13.53,4.96,9.14,13.75,4.96,8.92,,"Eregli Demir ve Celik Fabrikalari TAS — турецкая компания, которая занимается производством чугунного и стального проката, легированного и нелегированного железа, стального и чугунного литья, литых и прессованных изделий, кокса и продуктов их переработки. Компания производит листовой, горячекатаный и холоднокатаный, оловянный, хромированный и оцинкованный плоский прокат и поставляет основные материалы для автомобильной, бытовой, трубной, прокатной, обрабатывающей, электротехнической, электротехнической, машиностроительной, энергетической, отопительной, судостроительной, оборонной и упаковочной промышленности. В число дочерних компаний компании входят: Erdemir Asia Pacific Pte Ltd, Erdemir Celik Servis Merkezi Sanayi ve Ticaret AS, Erdemir Madencilik Sanayi ve Ticaret AS, Erdemir Muhendislik Yonetim ve Danismanlik Hizmetleri AS, Erdemir-Romania SRL и Iskenderun Demir ve Celik AS.",
3438,US,RGRNF,AU000000RRL8,RGRNF.PK,Regis Resources Ltd,3.449979,PNK,32,Основные материалы,2,Золото,0.0,4.4,,7.0,0.0,4.93,5.57,2.34,3.74,5.57,1.45,3.15,5.57,0.93,2.36,5.57,0.93,2.05,5.57,0.86,1.87,5.57,0.86,2.36,,"Regis Resources Limited — австралийская компания по добыче и разведке золота. Он работает в трех сегментах: Duketon North (DNO), Duketon South (DSO) и Tropicana. DNO и DSO вместе составляют проект Duketon Gold. Сегмент DNO состоит из Moolart Well, Gloster, Anchor, Dogbolter-Coopers и Petra. Сегмент DSO состоит из Garden Well, Rosemont, Rosemont Underground, Erlistoun, Tooheys Well и Baneygo. Сегментом Tropicana управляет партнер по совместному предприятию AngloGold Ashanti Australia Limited. Его проект Duketon Gold находится на северо-восточных золотых приисках Западной Австралии примерно в 130 километрах (км) к северу от Лавертона. Основное внимание уделяется возможностям добычи высококачественного золота в горнодобывающем регионе Центрально-Западного Нового Южного Уэльса (Новый Южный Уэльс). Проект Tropicana Gold расположен примерно в 330 км к востоку-северо-востоку (ВСВ) от Калгурли в Западной Австралии. Проект McPhillamys Gold расположен примерно в 250 км к западу от Сиднея, в горнодобывающем регионе Центрально-Западного Нового Южного Уэльса.",
3441,US,ANIOY,US00444E1038,ANIOY.PK,Acerinox SA,3.437486,PNK,33,Основные материалы,7,Железо и сталь,0.0,6.84,,7.83,0.0,5.74,6.94,5.87,6.47,6.94,4.81,6.06,6.94,4.45,5.59,6.94,4.45,5.45,7.35,3.93,5.63,7.73,2.97,5.99,,"Acerinox SA — испанская компания, работающая в сталелитейном секторе. Занимается производством, легированием и дистрибуцией плоского и длинномерного проката из нержавеющей стали. Деятельность компании разделена на три бизнес-сегмента: Плоский прокат из нержавеющей стали, который предлагает слябы, прокат, рулоны, плиты, листы, круги и плоские прутки; Длинномерный прокат из нержавеющей стали, включающий прутки, уголки, проволоку и катанку, а также прочий, включающий другие изделия из нержавеющей стали. Компания владеет заводами, складами, сервисными центрами и представительствами в Европе, Америке, Азии, Океании и Африке. Компания является материнской компанией группы Acerinox, в которую входит ряд дочерних компаний, таких как Acerinox Europa SAU, North American Sustainable Inc, Columbus Sustainable Pty Ltd, Bahru Sustainable SDN BHD, Roldan SA и Inoxfil SA.",
3442,US,PTNDF,ID1000109309,PTNDF.PK,Vale Indonesia Tbk PT,3.164728,PNK,34,Основные материалы,3,Специальность Горное дело и металлургия,0.0,0.26,,0.39,0.0,0.11,0.34,0.19,0.25,0.34,0.14,0.2,0.34,0.14,0.24,0.49,0.14,0.29,0.61,0.14,0.37,0.61,0.11,0.33,,"PT Vale Indonesia Tbk — индонезийская компания, занимающаяся добычей и переработкой никеля в Индонезии. Комплексный проект компании по добыче и переработке никеля в Моровали Регенси, Центральный Сулавеси, состоит из горнодобывающего участка в Баходопи и перерабатывающего завода с технологией вращающейся печи и электрической печи (RKEF) в Самбалаги. Компания планирует построить завод и мощности по переработке никеля в Самбалаги, округ Моровали, Центральный Сулавеси, и в Помалаа, округ Колака, юго-восточный Сулавеси. Проект в Баходопи предполагает строительство плавильного завода для переработки сапролитовой никелевой руды и производства ферроникеля, основного материала для производства нержавеющей стали. В Помалаа проект заключается в строительстве перерабатывающего предприятия с использованием технологии HPAL (кислотное выщелачивание под высоким давлением) для переработки лимонитовой руды и производства промежуточного продукта, который в дальнейшем может быть переработан в материал для аккумуляторной батареи электромобиля (EV). В число ее дочерних компаний входят PT Bahodopi Nickel Smelting Indonesia и PT Kolaka Nickel Indonesia.",
3452,US,DRDGF,ZAE000058723,DRDGF.PK,DRDGOLD Ltd,2.452219,PNK,35,Основные материалы,3,Золото,0.0,2.79,,3.45,0.0,1.4,3.3,1.31,2.56,3.3,1.14,2.26,3.3,0.69,1.78,3.3,0.69,1.54,3.3,0.0,1.3,3.3,0.0,0.94,,"DRDGOLD Limited — южноафриканская золотодобывающая компания. Компания занимается переработкой поверхностных золоторудных хвостов, включая разведку, добычу, переработку и плавку. Бизнес компании включает в себя добычу золота на Дальнем Западе, Ergo, функции Hot Button, а также ресурсы и запасы. Ergo — это предприятие по переработке поверхностного золота, которое занимается очисткой старых шламовых дамб и песчаных отвалов к югу от центрального делового района Йоханнесбурга, а также золотых приисков Восточного и Центрального Рэнда. В состав предприятия входят три электростанции и солнечная электростанция с системой BESS. FWGR — это предприятие по переработке поверхностного золота, которое занимается очисткой старых шламовых дамб на золотых приисках Вест-Рэнд и расположено недалеко от Карлтонвилля в южноафриканской провинции Гаутенг. Завод Ergo and the Knights в Джермистоне общей мощностью 1,8 млн тонн в минуту. Завод Ergo работает как металлургический завод, а заводы City Deep и Knights — как насосно-фрезерные станции, питающие завод Ergo.",
3457,US,APEMY,US03754H1041,APEMY.PK,Aperam SA,2.809608,PNK,36,Основные материалы,8,Железо и сталь,0.0,37.33,,50.79,0.0,37.14,41.9,29.17,34.41,41.9,25.97,32.25,41.9,25.18,30.68,41.9,25.18,32.38,65.15,24.2,37.79,65.15,16.45,38.06,,"Aperam SA — производитель стали во Франции. Компания специализируется на производстве нержавеющих и специальных сталей, специальной продукции, в том числе электротехнических сталей с ориентированной (GO) и неориентированной (NGO) и специальных сплавов. Три его операционных сегмента включают: нержавеющую и электротехническую сталь, услуги и решения, а также сплавы и специальные материалы. Компания через дочерние компании работает через сервисные центры и дистрибьюторские сети с продукцией, адаптированной к потребностям клиентов. Ее производственные мощности находятся в Бразилии, Бельгии и Франции. Компания продает свою продукцию более чем в 40 странах и клиентам, работающим в различных отраслях промышленности, включая аэрокосмическую, автомобильную, кейтеринговую, строительную, бытовую технику, электротехнику, промышленные процессы, медицину, а также нефтегазовую отрасль.",
3458,US,APMSF,LU0569974404,APMSF.PK,Aperam SA,2.809608,PNK,37,Основные материалы,9,Железо и сталь,0.0,44.7,,44.7,0.0,5.59,,,,30.5,30.5,30.5,30.5,26.34,29.11,31.22,26.34,29.64,48.96,26.34,36.37,54.35,20.75,36.46,,"Aperam SA — производитель стали во Франции. Компания специализируется на производстве нержавеющих и специальных сталей, специальной продукции, в том числе электротехнических сталей с ориентированной (GO) и неориентированной (NGO) и специальных сплавов. Три его операционных сегмента включают: нержавеющую и электротехническую сталь, услуги и решения, а также сплавы и специальные материалы. Компания через дочерние компании работает через сервисные центры и дистрибьюторские сети с продукцией, адаптированной к потребностям клиентов. Ее производственные мощности находятся в Бразилии, Бельгии и Франции. Компания продает свою продукцию более чем в 40 странах и клиентам, работающим в различных отраслях промышленности, включая аэрокосмическую, автомобильную, кейтеринговую, строительную, бытовую технику, электротехнику, промышленные процессы, медицину, а также нефтегазовую отрасль.",
3460,US,SZGPY,US7958422021,SZGPY.PK,Salzgitter AG,2.358345,PNK,38,Основные материалы,10,Железо и сталь,0.0,3.97,,6.29,0.0,3.43,5.0,2.25,3.36,5.0,1.58,2.91,5.0,1.4,2.65,5.0,1.4,2.84,5.16,1.4,2.96,6.17,0.89,2.96,,"Salzgitter AG — немецкий производитель стали и стальной продукции. Компания осуществляет свою деятельность в пяти сегментах: Сегмент полосовой стали состоит из операционных компаний Salzgitter Flachstahl GmbH, Salzgitter Bauelemente GmbH, Salzgitter Europlatinen GmbH и Salzgitter Mannesmann Stahlservice GmbH и производит полосовую сталь широкого спектра металлургических составов и размеров. Сегмент толстолистовой/профильной стали включает Ilsenburger Grobblech GmbH, Salzgitter Mannesmann Grobblech, Peiner Traeger GmbH и HSP Hoesch Spundwand und Profil GmbH и предлагает различный чугун, сталь и стальную продукцию. Сегмент Mannesmann поставляет стальные трубы и трубы и работает через Mannesmannroehren-Werke GmbH. Торговый сегмент занимается торговлей стальной продукцией через компании Salzgitter Mannesmann Handel GmbH и Universal Eisen und Stahl GmbH. Сегмент «Технологии» предоставляет продукты и услуги производителям оборудования и установок для розлива и упаковки напитков.",
3462,US,ERMAY,US29478X1090,ERMAY.PK,Eramet SA,1.643316,PNK,39,Основные материалы,4,Диверсифицированная горнодобывающая промышленность,0.0,5.69,,6.76,5.35,5.88,7.71,5.35,6.28,7.71,4.44,5.98,12.21,4.44,7.09,12.21,4.44,7.84,17.68,4.44,8.39,18.13,2.2,7.76,,"Eramet SA — французская интегрированная горнодобывающая и металлургическая компания. Деятельность компании распределена по трем бизнес-подразделениям: «Никель», который специализируется на добыче никелевой руды в Новой Каледонии (горнодобывающая промышленность), переработке руды для производства ферроникеля, никеля высокой чистоты, производстве химических производных никеля и производстве порошков карбида вольфрама и кобальта; Марганец, занимающийся добычей марганцевой руды и агломерата, переработкой руды для получения марганцевых сплавов, производством высокочистого хрома и отвердителей для производства алюминия, сбором и переработкой катализаторов, используемых нефтеперерабатывающими заводами, добычей и повышением металлосодержания; и Alloys, которая специализируется на производстве кованых деталей из титана, алюминия, сталей и сплавов на основе никеля на мощных прессах, производстве быстрорежущих сталей, специальных высокопроизводительных сталей, сплавов на основе никеля и инструментальных сталей и других.",
3464,US,OUTKY,US69011W2008,OUTKY.PK,Outokumpu Oyj,2.490937,PNK,40,Основные материалы,11,Железо и сталь,0.0,2.69,,3.26,0.0,1.02,2.5,1.89,2.18,2.5,1.37,1.98,2.5,1.37,1.97,3.0,1.37,2.1,3.63,1.37,2.31,5.43,0.95,2.32,,"Outokumpu Oyj — финская компания по производству нержавеющей стали. Компания работает в четырех бизнес-направлениях, а именно: нержавеющая рулонная сталь EMEA (Европа, Ближний Восток и Африка), нержавеющая рулонная сталь Америка, нержавеющая сталь Азиатско-Тихоокеанский регион (Азиатско-Тихоокеанский регион) и высокопроизводительная нержавеющая сталь и сплавы. Компания производит широкий спектр продукции из нержавеющей стали, в том числе горячекатаную и холоднокатаную, прецизионные полосы, трубы и сортовой прокат из нержавеющей стали, а также широкий ассортимент фитингов из нержавеющей стали, фланцев и сварочных материалов. Ее продукция используется в автомобилестроении, тяжелом транспорте, бытовой технике, строительстве, а также в перерабатывающих отраслях. Основные производственные предприятия компании расположены в Финляндии, Швеции и Великобритании. Компания работает более чем в 40 странах.",
3471,US,BEKAY,US62943Y1055,BEKAY.PK,NV Bekaert SA,2.296994,PNK,41,Основные материалы,12,Железо и сталь,0.0,4.55,,4.55,0.0,0.57,4.41,3.94,4.23,4.41,3.5,4.05,5.55,3.5,4.42,5.55,3.5,4.43,5.55,2.8,4.08,5.55,2.16,4.04,,"Bekaert NV — бельгийская компания, которая работает в области рыночных и технологических решений для трансформации стальной проволоки и нанесения покрытий. Ее продукция применяется в автомобильной, строительной, энергетической и коммунальной промышленности, сельском хозяйстве, производстве потребительских товаров, производстве основных материалов и оборудования. Возможные области применения продукции компании включают, среди прочего: внутреннюю проводку автомобилей, усиление шин и пружин трансмиссии для автомобильной промышленности; строительная арматура, наземные линии электропередачи и телекоммуникационные кабели для энергетики и коммунального хозяйства; хирургическая и ланцетная проволока для медицинской промышленности; проволока колючая, рыболовная и крючковая для сельскохозяйственной и рыбной промышленности; проволочные аппликации для всех видов потребительских товаров, таких как полиграфическая продукция и упаковка; разделительные материалы и техническая нить для промышленности основных материалов, а также изделия из проволоки для инструментов и промышленного оборудования.",
3477,US,ILKAY,US4523631046,ILKAY.PK,Iluka Resources Ltd,1.949533,PNK,42,Основные материалы,4,Специальность Горное дело и металлургия,0.0,22.15,,24.1,0.0,19.94,35.77,12.0,20.52,35.77,9.08,18.05,35.77,9.08,19.13,40.0,9.08,23.01,44.16,9.08,25.76,44.16,9.08,23.57,,"Iluka Resources Limited — глобальная компания по добыче полезных ископаемых, специализирующаяся на разведке, разработке проектов, добыче, переработке, маркетинге и реабилитации. Он продает широкий спектр сырья для диоксида титана, изделий из циркона и редкоземельных минералов. Его сегменты включают минеральные пески, редкоземельные металлы (RE) и холостой. Сегмент минеральных песков включает горнодобывающие предприятия в Джацинт-Амброзии в Южной Австралии, Катаби в Западной Австралии и деятельность в Балранальде в Новом Южном Уэльсе. Он также включает сопутствующие перерабатывающие операции на заводе по разделению минералов Нарнгулу на среднем западе Западной Австралии и переработку ильменита в печах для обжига синтетического рутила, также расположенных в Западной Австралии. Сегмент возобновляемой энергетики включает в себя завод по переработке редкоземельных металлов в Энеаббе, строящийся в Западной Австралии одновременно с этапами I и II разработки месторождения Энеабба, а также инвестиции Группы в компанию Northern Minerals Limited. Idle включает в себя обязательства по реабилитации в США (Флорида и Вирджиния).",
3478,US,CRML,VGG2662B1031,CRML.O,Critical Metals Corp,0.814239,NMQ,43,Основные материалы,5,Специальность Горное дело и металлургия,6.44,6.67,,10.82,6.54,8.79,32.15,2.8,8.01,32.15,1.23,5.65,32.15,1.23,7.46,32.15,1.23,8.14,32.15,1.23,8.49,32.15,1.23,8.49,,"Critical Metals Corp. — горнодобывающая компания. Компания занимается добычей важнейших металлов и полезных ископаемых, а также производством стратегических продуктов, необходимых для электрификации и технологий для Европы и ее партнеров. Ее флагманский проект Tanbrez состоит из месторождений редкоземельных металлов и расположен в Южной Гренландии. Литиевый проект Вольфсберг расположен в 270 км к юго-западу от Вены, в австрийском регионе Каринтия. Литиевый проект Вольфсберг — это полностью разрешенный рудник в Европе, стратегически расположенный с доступом к развитой автомобильной и железнодорожной инфраструктуре. Благодаря своему портфелю стратегических активов Компания поставляет важнейшие минералы, необходимые для оборонного применения, перехода к экологически чистой энергетике и технологий.",
3481,US,IPX,US44916E1001,IPX.O,Iperionx Ltd,0.816118,NAQ,44,Основные материалы,6,Специальность Горное дело и металлургия,0.41,24.06,,50.74,21.66,35.21,60.9,27.44,40.76,60.9,12.28,32.33,60.9,9.26,24.85,60.9,4.62,19.1,60.9,4.3,17.11,60.9,4.3,17.11,,"IperionX Limited — компания по производству титана и критически важных материалов, которая использует запатентованные технологии обработки металлов для производства высокоэффективных титановых сплавов из титановых минералов или титанового лома с меньшими затратами энергии и выбросами углерода. Компания занимается разведкой и оценкой своих минеральных свойств в Соединенных Штатах, а также исследованием, разработкой и коммерциализацией технологий попутных металлов для поддержки комплексной операции по переработке титана. Компания владеет 100% долей участия в проекте «Титан», охватывающем более 10 000 акров минеральных ресурсов в Теннесси, США, которые считаются перспективными для добычи важнейших полезных ископаемых, включая титан, редкоземельные элементы, кварцевый песок и циркон. Металлический титан и важнейшие минералы необходимы для передовых отраслей промышленности США, включая космическую, аэрокосмическую, оборонную, бытовую электронику, водород, электромобили и аддитивное производство.",
3486,US,CNL,CA19425C1005,CNL.N,Collective Mining Ltd,1.482513,NYS,45,Основные материалы,5,Диверсифицированная горнодобывающая промышленность,0.0,15.99,,19.23,13.81,16.24,15.38,8.51,11.73,15.38,4.45,10.45,15.38,2.69,9.39,15.38,2.69,9.39,15.38,2.69,9.39,15.38,2.69,9.39,,"Collective Mining Ltd. — канадская компания по разведке золота, серебра, меди и вольфрама с проектами в Калдасе, Колумбия. Компания в основном занимается приобретением, разведкой и разработкой полезных ископаемых, расположенных в Колумбии. Компания имеет возможность приобрести 100% долю в двух проектах, расположенных непосредственно на территории горнодобывающего поселка с 10 полностью разрешенными и действующими рудниками. Флагманский проект компании, Гуаябалес, опирается на систему «Аполлон», в которой размещена крупномасштабная, крупнотоннажная и высококачественная система «Аполлон» из золота, серебра, меди и вольфрама. Проект Гуаябалес расположен в поясе Среднего Кавказа в департаменте Кальдас, Колумбия. Его проект в Сан-Антонио расположен в 4 км к востоку от проекта Гуаябалес, рядом с Панамериканским шоссе. Проект Сан-Антонио расположен примерно в 80 км к югу от Медельина. Он расположен в поясе Среднего Кавказа в департаменте Кальдас, Колумбия.",
3491,US,METCB,US75134P5017,METCB.O,Ramaco Resources Inc,0.921785,NSQ,46,Основные материалы,13,Железо и сталь,0.04,10.11,,12.38,10.0,11.31,21.8,7.29,14.12,21.8,5.85,11.2,21.8,5.85,10.94,21.8,5.85,11.15,21.8,5.85,11.15,21.8,5.85,11.15,,"Ramaco Resources, Inc. — оператор и разработчик металлургического угля на юге Западной и юго-западной Вирджинии, а также развивающийся производитель угля, редкоземельных элементов и важнейших полезных ископаемых в Вайоминге. Ее исполнительные офисы находятся в Лексингтоне, Кентукки, а операционные офисы — в Чарльстоне, Западная Вирджиния, и Шеридане, Вайоминг. Компания имеет четыре действующих металлургических угледобывающих комплекса в Центральных Аппалачах и одну угольную шахту и разработку редкоземельных металлов недалеко от Шеридана, штат Вайоминг, на начальных стадиях добычи. В его портфель застройки в основном входят объекты: Элк-Крик, Бервинд, Нокс-Крик и Мабен. Он также контролирует месторождения полезных ископаемых недалеко от Шеридана, штат Вайоминг, в рамках инициатив Компании, касающихся потенциального извлечения редкоземельных элементов и важнейших минералов, а также потенциальной коммерциализации продуктов и материалов на основе угля в углерод. Его комплекс в Нокс-Крик включает в себя обогатительную фабрику и 64 050 акров контролируемых прав на добычу полезных ископаемых.",
3492,US,METC,US75134P6007,METC.O,Ramaco Resources Inc,0.921785,NSQ,47,Основные материалы,14,Железо и сталь,2.22,14.43,,15.84,12.66,14.57,57.8,9.75,24.76,57.8,6.25,17.28,57.8,6.25,15.44,57.8,5.74,13.38,57.8,2.18,11.29,57.8,1.38,8.21,,"Ramaco Resources, Inc. — оператор и разработчик металлургического угля на юге Западной и юго-западной Вирджинии, а также развивающийся производитель угля, редкоземельных элементов и важнейших полезных ископаемых в Вайоминге. Ее исполнительные офисы находятся в Лексингтоне, Кентукки, а операционные офисы — в Чарльстоне, Западная Вирджиния, и Шеридане, Вайоминг. Компания имеет четыре действующих металлургических угледобывающих комплекса в Центральных Аппалачах и одну угольную шахту и разработку редкоземельных металлов недалеко от Шеридана, штат Вайоминг, на начальных стадиях добычи. В его портфель застройки в основном входят объекты: Элк-Крик, Бервинд, Нокс-Крик и Мабен. Он также контролирует месторождения полезных ископаемых недалеко от Шеридана, штат Вайоминг, в рамках инициатив Компании, касающихся потенциального извлечения редкоземельных элементов и важнейших минералов, а также потенциальной коммерциализации продуктов и материалов на основе угля в углерод. Его комплекс в Нокс-Крик включает в себя обогатительную фабрику и 64 050 акров контролируемых прав на добычу полезных ископаемых.",
3495,US,SLI,CA8536061010,SLI.N,Standard Lithium Ltd,0.76677,NYS,48,Основные материалы,7,Специальность Горное дело и металлургия,0.05,3.22,,4.7,3.16,4.03,6.38,1.93,3.51,6.38,1.08,2.54,6.38,1.06,2.0,6.38,1.06,2.51,12.89,1.06,3.78,12.89,1.06,3.78,,"Standard Lithium Ltd. — канадская почти коммерческая компания по разработке лития. Основное внимание уделяется устойчивому развитию портфеля месторождений, содержащих литий-рассол, в Соединенных Штатах. Ее проекты, Lanxess 1A Project, East Texas Properties, Other Projects и South West Arkansas Project, расположены на формации Смаковер в южном Арканзасе, регионе с давней и развитой промышленностью по переработке соляного раствора. Компания также определила ряд высокоперспективных участков проекта по добыче литиевого рассола в формации Смаковер в Восточном Техасе и начала программу аренды рассола на ключевых участках проекта. Проект Lanxess 1A — это уже существующий проект, разрабатываемый в сотрудничестве с корпорацией LANXESS. Проект разработки ресурсов на юго-западе Арканзаса (Проект Юго-Западного Арканзаса) разрабатывается в партнерстве с Equinor ASA. Кроме того, компания также имеет долю в аренде некоторых полезных ископаемых, расположенных в пустыне Мохаве в округе Сан-Бернардино, Калифорния.",
3497,US,ASM,CA0539061030,ASM.N,Avino Silver & Gold Mines Ltd,0.977118,NYS,49,Основные материалы,6,Диверсифицированная горнодобывающая промышленность,0.24,5.83,,9.4,5.17,7.0,6.98,3.11,4.7,6.98,0.9,3.41,6.98,0.44,2.22,6.98,0.42,1.78,6.98,0.42,1.44,6.98,0.26,1.21,,"Avino Silver & Gold Mines Ltd. — канадская компания. Компания занимается добычей и продажей серебра, золота и меди, а также приобретением, разведкой и продвижением полезных ископаемых. Компания также поддерживает диверсифицированный портфель разведочных месторождений золота и цветных металлов. Она управляет рудником Елена Толоса (рудник Авино), который производит медь, серебро и золото на участке Авино в штате Дуранго, Мексика. На территории Авино также находится шахта Сан-Гонсало, которая находится под присмотром и обслуживанием. Компания также владеет 100% долей в Proyectos Mineros La Preciosa S.A. de C.V. (La Preciosa), мексиканская корпорация, владеющая недвижимостью La Preciosa. Компания также владеет долями в месторождениях полезных ископаемых, расположенных в Британской Колумбии. La Preciosa — это минеральное месторождение, находящееся на стадии разработки, расположенное в штате Дуранго, Мексика. Другие его объекты включают Эль-Уэко и Аранхуэс.",
3499,US,NAK,CA66510M2040,NAK.N,Northern Dynasty Minerals Ltd,0.711953,NYS,50,Основные материалы,7,Диверсифицированная горнодобывающая промышленность,0.15,1.27,,1.48,1.08,1.31,2.98,0.73,1.5,2.98,0.56,1.22,2.98,0.23,0.79,2.98,0.21,0.61,2.98,0.21,0.53,2.98,0.21,0.59,,"Northern Dynasty Minerals Ltd. — канадская компания по разведке и разработке полезных ископаемых, базирующаяся в Ванкувере. Основным видом деятельности Компании является разведка полезных ископаемых. Основным активом компании, принадлежащим ее 100-процентной дочерней компании Pebble Limited Partnership, является 100% доля в смежном блоке из примерно 1840 месторождений полезных ископаемых на юго-западе Аляски, включая месторождение Pebble, расположенное примерно в 200 милях от Анкориджа и в 125 милях от Бристольского залива. Партнерство Pebble является сторонником проекта Pebble. Месторождение полностью расположено в районе озера и полуострова, его площадь составляет около 23 782 квадратных миль. Месторождение представляет собой проект Медь-Золото-Молибден-Серебро-Рений. В число ее дочерних компаний входят 3537137 Canada Inc., Northern Dynasty Partnership, U5 Resources Inc., Pebble West Claims Corporation и другие.",
3500,US,GLGDF,CA38045Y1025,GLGDF.PK,GoGold Resources Inc,0.759624,PNK,51,Основные материалы,8,Диверсифицированная горнодобывающая промышленность,0.49,1.75,,2.67,1.64,2.11,2.38,1.42,1.81,2.38,0.78,1.53,2.38,0.7,1.25,2.38,0.7,1.24,3.07,0.7,1.55,3.07,0.13,1.06,,"GoGold Resources Inc. — канадский производитель серебра и золота. Компания в основном занимается разведкой, разработкой и добычей серебра и золота в Мексике. Компания сосредоточена на эксплуатации, разработке, разведке и приобретении проектов в Мексике. Компания управляет рудником Parral Tailings (Parral), расположенным в штате Чиуауа, Мексика, и геологоразведочным участком района Лос-Рикос (Los Ricos), который включает в себя два проекта на расстоянии примерно 25 километров друг от друга — Los Ricos South (LRS) и Los Ricos North (LRN), которые расположены в штате Халиско, Мексика. Проект хвостохранилища Парраль находится в пределах города Идальго-дель-Паррал в штате Чиуауа, Мексика, и занимает площадь около 141 га. Поместье Лос-Рикос состоит из 45 концессий и занимает площадь более 24 000 гектаров, оно расположено примерно в 100 км к северо-западу от города Гвадалахара и до него легко добраться по асфальтированной дороге.",
3501,US,ELVR,US8057001013,ELVR.O,Elevra Lithium Ltd,0.970095,NAQ,52,Основные материалы,8,Специальность Горное дело и металлургия,0.08,55.23,,57.6,41.1,51.26,54.95,15.54,30.98,54.95,15.54,30.98,54.95,15.54,30.98,54.95,15.54,30.98,54.95,15.54,30.98,54.95,15.54,30.98,,"Elevra Lithium Limited, ранее называвшаяся Sayona Mining Limited, — североамериканский производитель лития с проектами в Квебеке, Канаде и Западной Австралии. В число его проектов входят хаб Абитиби-Темискаминге, хаб Ию Истчи Джеймс Бэй и Западная Австралия. Его хаб в Абитиби-Темискаминге включает в себя North American Lithium, Authier Lithium Project, Tansim Lithium Project и Vallee Lithium Project. Его хаб Eeyou Istchee James Bay включает в себя Moblan Lithium Project, Lac Albert Lithium Project и Troilus Claims. В Западной Австралии у компании есть проекты по добыче лития и золота. В число его проектов также входят литиевый проект Ewoyaa и литиевый проект Каролина. Проект Authier Lithium в Квебеке, Канада, представляет собой месторождение сподумена лития в твердых породах. Литиевый проект Тансим расположен в 82 км к юго-западу от литиевого проекта Отье. Moblan Lithium Project расположен в районе залива Ию-Истчи-Джеймс на севере Квебека, проверенной провинции по добыче лития, в которой находятся литиевые ресурсы, включая рудник Вабоучи.",
3503,US,NFGC,CA64440N1033,NFGC.K,New Found Gold Corp,0.58767,ASQ,53,Основные материалы,4,Золото,2.42,1.74,,2.91,1.67,2.19,3.32,1.34,2.11,3.32,0.93,1.81,4.15,0.93,2.36,5.7,0.93,2.99,12.0,0.93,4.02,12.0,0.93,3.94,,"New Found Gold Corp. — канадский производитель золота с активами в Ньюфаундленде и Лабрадоре, Канада. Компания владеет 100% долей участия в проекте Queensway Gold, а также в предприятиях Hammerdown Operation, Pine Cove Operation и гидрометаллургическом золотодобывающем заводе Nugget Pond. Его морское подразделение контролирует более 43 900 гектаров разведочных земель, включая проекты Грин-Бей, Вискер-Вэлли, Галл-Ридж и Пойнт-Рус. Проект Queensway Gold охватывает около 230 225 гектаров земли, которая расположена на Трансканадском шоссе, в 15 км к западу от Гандера, и проект разделен озером Гандер на северную и южную части Квинсуэй. Месторождение золота Хаммердаун расположено примерно в пяти км к юго-западу от города Кингс-Пойнт и в 15 км к северо-западу от города Спрингдейл в Ньюфаундленде и Лабрадоре. Проект Pine Cove включает в себя проект Point Rousse, расположенный на территории горнодобывающего района Бэ-Верте, в северной части полуострова Бэ-Верте.",
3507,US,HLBZF,DE0006047004,HLBZF.PK,Heidelberg Materials AG,36.472107,PNK,54,Основные материалы,1,Строительные материалы,0.0,202.98,,219.15,181.4,201.63,276.3,215.16,239.16,276.3,125.75,211.96,276.3,87.5,193.26,276.3,58.84,170.86,276.3,38.47,130.1,276.3,32.7,108.56,,"Heidelberg Materials AG — немецкая компания по производству строительных материалов. Ее продукция используется при строительстве домов, транспортных путей, коммерческих и промышленных объектов. Основная деятельность компании включает производство и продажу цемента и заполнителей, двух основных видов сырья для производства бетона. Он также предлагает такие услуги, как глобальная торговля цементом и углем по морю. Сферой деятельности компании являются экологически чистые продукты, цемент, заполнители, товарный бетон и асфальт. Экологичная продукция включает в себя использование доменного шлака и летучей золы в качестве вторичных вяжущих материалов (SCM), совместную переработку отходов и переработку бетона. Цемент и заполнители специализируются на сырье для бетона, а именно на цементе и заполнителях, таких как песок, гравий и щебень. Товарный бетон и асфальт включает в себя деятельность Компании по производству товарного бетона и асфальта.",
3514,US,BZZUY,US12429U1016,BZZUY.PK,Buzzi SpA,9.638401,PNK,55,Основные материалы,2,Строительные материалы,0.0,25.84,,27.98,0.0,23.19,31.85,23.4,28.73,31.85,18.01,26.12,31.85,14.85,22.42,31.85,9.85,20.35,31.85,6.74,17.61,31.85,6.74,16.69,,"Buzzi SpA, ранее известная как Buzzi Unicem SpA, — итальянская компания, занимающаяся производством строительных материалов. Компания в основном занимается производством, распространением и продажей цемента, товарного бетона и натуральных заполнителей. Деятельность компании расположена в Италии, США, Германии, Люксембурге и Нидерландах, Польше, Чехии и Словакии, Украине, России, Мексике, Бразилии и Алжире. Тремя основными географическими регионами с более высоким уровнем доходов являются США, Германия и Мексика. Фирма также занимается исследованиями и разработками с целью разработки и экспериментирования инноваций, которые будут использоваться в производственной цепочке и для своей продукции. Эта деятельность осуществляется в сотрудничестве с национальными исследовательскими центрами, университетами и частными лабораториями.",
3517,US,CMTOY,US1512601063,CMTOY.PK,Cementos Argos SA,3.698908,PNK,56,Основные материалы,3,Строительные материалы,0.0,15.99,,16.75,0.0,5.22,16.78,9.87,12.5,16.78,8.35,11.74,16.78,6.4,10.19,16.78,1.42,8.98,16.78,1.42,8.61,24.99,1.42,9.85,,"Cementos Argos SA — колумбийская компания, занимающаяся производством цемента, заполнителей и бетонных смесей, таких как белый и серый цемент, известь и строительные растворы. Компания также занимается эксплуатацией и управлением карьерами и месторождениями глины и известняка. Производственные предприятия компании расположены в Согамосо, Сан-Хиле, Барранкилье, Толувьехо, Сабанагранде, Наре, Каире, Риокларо и Юмбо. Компании принадлежат такие дочерние компании, как Valle Cement Investments Ltda, Lafarge Cementos SA de CV, Sociedad Portuaria Las Flores SA, Concretos Argos SA, Ganaderia Rio Grande SAS, Urbanizadora Villa Santos SAS, Transatlantic Cement Carriers Inc, Lafarge Cementos SA de CV, Ciments Guyanais и Argos SEM SA и другие.",
3520,US,THYCY,US87401G1067,THYCY.PK,Taiheiyo Cement Corp,2.528832,PNK,57,Основные материалы,4,Строительные материалы,0.0,5.42,,6.61,0.0,1.5,7.39,5.82,6.39,7.39,5.77,6.28,7.39,4.93,5.95,7.39,3.79,5.31,7.39,3.3,5.24,12.0,3.3,6.37,,"Taiheiyo Cement Corp — японская компания, занимающаяся в основном производством и продажей цементной продукции. Компания работает в четырех бизнес-сегментах. Сегмент «Цемент» предлагает бетон. Сегмент «Ресурсы» предлагает заполнители и продукцию из известняка. Сегмент экологического бизнеса предоставляет материалы для переработки отходов и десульфурации. Сегмент «Строительные материалы и строительство» предлагает вторичные бетонные изделия и легкий пенобетон (ALC). Компания также управляет бизнесом, связанным с недвижимостью, инжинирингом, обработкой информации, финансами, транспортом и складированием, химической продукцией, спортом и электроснабжением.",
3538,US,NDGPY,US65439E2028,NDGPY.PK,Nine Dragons Paper (Holdings) Ltd,4.006453,PNK,58,Основные материалы,1,Бумажная упаковка,0.0,16.15,,16.15,0.0,2.31,15.67,8.44,13.08,15.67,6.6,10.27,15.67,6.6,9.48,17.97,6.6,10.44,39.91,6.6,14.74,43.62,6.6,20.32,,"Nine Dragons Paper (Holdings) Ltd — компания, занимающаяся в основном производством и продажей бумажной продукции и целлюлозы. Компания в основном занимается производством и продажей упаковочной бумаги, включая лайнер, высокоэффективный гофрированный материал и дуплексный картон с покрытием. Кроме того, компания занимается производством и продажей бумаги для печати и письма, специальной бумаги и целлюлозной продукции. Компания создала производственные базы в Китае и на зарубежных рынках, включая Вьетнам, Малайзию и США. Компания оснащена когенерационными, складскими и логистическими системами для поддержки своего производства.",
3543,US,LMPMY,US5233521021,LMPMY.PK,Lee & Man Paper Manufacturing Ltd,1.919173,PNK,59,Основные материалы,2,Бумажная упаковка,0.0,4.58,,5.2,0.0,2.34,4.35,3.0,3.54,4.35,2.36,3.21,4.35,2.35,3.06,4.88,2.35,3.21,11.05,2.35,4.69,13.61,2.35,7.84,,"Lee & Man Paper Manufacturing Ltd — инвестиционная холдинговая компания, занимающаяся в основном производством и торговлей упаковочной бумагой. Компания осуществляет свою деятельность в трех сегментах: сегмент упаковочной бумаги, сегмент целлюлозы и сегмент папиросной бумаги. Упаковочная бумага включает в себя крафт-лайнер, тестовый картон, дуплексный картон с покрытием, белый верхний картон и высокопрочный гофрирующий материал. Компания также занимается закупкой сырья.",
3549,US,KLBAY,US49834M1009,KLBAY.PK,Klabin SA,4.559054,PNK,60,Основные материалы,1,Бумажная продукция,0.0,7.5,,7.68,0.0,6.61,10.23,5.98,6.9,10.23,5.51,6.85,10.23,5.51,7.33,10.23,5.51,7.45,10.87,5.51,7.64,11.52,4.16,7.98,,"Klabin S.A. и ее дочерние предприятия работают в сегментах бумажно-целлюлозной промышленности, поставляя на внутренний и внешний рынки древесину, упаковочную бумагу, бумажные мешки, коробки из гофрокартона и целлюлозу. Сегменты компании включают лесную промышленность, бумажную промышленность, переработку и целлюлозу. Сегмент лесного хозяйства включает в себя операции по посадке и выращиванию сосен и эвкалиптов для снабжения своих растений, а также продажу древесины третьим лицам на внутреннем рынке. Сегмент «Бумага» включает производство и реализацию картона, крафт-лайнера и рулонов переработанной бумаги на внутреннем и внешнем рынках. Сегмент «Конверсия» предполагает производство и реализацию коробок из гофрокартона, гофрокартона и промышленных мешков на внутреннем и внешнем рынках. Сегмент «Целлюлоза» включает производство и реализацию коротковолокнистой беленой целлюлозы, длинноволокнистой беленой целлюлозы и распушенной целлюлозы на внутреннем и внешнем рынках. Компания имеет более 20 промышленных предприятий в Бразилии и Аргентине.",
3574,US,DOGEF,DK0060094928,DOGEF.PK,Oersted A/S,31.136804,PNK,1,Утилиты,1,Электрокоммуникации,0.0,23.12,,23.94,0.0,21.32,51.15,16.34,27.36,51.15,16.34,34.41,69.41,16.34,45.5,103.3,16.34,55.92,226.79,16.34,85.31,226.79,16.34,88.01,,"Oersted A/S, ранее Dong Energy A/S, — энергетическая компания со штаб-квартирой в Дании, занимающаяся закупками, производством, распределением и торговлей энергией и сопутствующей продукцией в Северо-Западной Европе. Компания работает в трех сегментах: Wind Power, занимающаяся разработкой, строительством и эксплуатацией ветряных электростанций; «Биоэнергетика и тепловая энергетика», отвечающая за выработку электроэнергии и тепла на тепловых электростанциях; и Distribution and Customer Solutions, отвечающие за покупку, продажу и распределение энергии. Компетенции Компании направлены на три основных направления деятельности: развитие и строительство активов, эксплуатация и обслуживание активов, реализация и оптимизация портфеля энергоносителей.",
3581,US,OEZVY,US92336Y1073,OEZVY.PK,Verbund AG,12.998303,PNK,2,Утилиты,2,Электрокоммуникации,0.0,15.24,,17.04,0.0,7.85,17.11,13.63,15.03,17.26,13.12,15.15,19.87,13.12,15.53,19.87,13.12,15.66,23.87,13.12,16.65,23.87,2.27,13.17,,"VERBUND AG — австрийская энергетическая компания. Компания занимается производством и передачей электроэнергии. Он также активно работает на рынках торговли энергией. Через свою торговую платформу VERBUND Energy4Business GmbH компания также объединяет операторов сетей и электростанций, а также производителей электроэнергии из возобновляемых источников, в частности энергии ветра, солнечной энергии и малой гидроэнергетики. Компания производит, торгует и продает электроэнергию участникам энергетических рынков, трейдерам, электроэнергетическим и промышленным компаниям, а также домашним и коммерческим потребителям.",
3584,US,CLPHF,HK0002007356,CLPHF.PK,CLP Holdings Ltd,23.545972,PNK,3,Утилиты,3,Электрокоммуникации,0.0,9.38,,0.0,0.0,0.0,8.84,7.9,8.48,8.84,7.57,8.32,9.75,7.57,8.37,9.75,7.08,8.15,10.53,6.44,8.57,12.29,6.44,9.3,,"CLP Holdings Ltd — инвестиционная холдинговая компания, занимающаяся преимущественно производством и поставкой электроэнергии. Компания имеет портфель производства электроэнергии, который включает уголь, газ, ядерные и возобновляемые источники энергии. Компания также занимается передачей, распределением и розничной торговлей энергией и предлагает интеллектуальные энергетические услуги. Компания ведет свой бизнес в Гонконге, материковом Китае, Австралии, Индии, Юго-Восточной Азии и на Тайване.",
3587,US,FOJCY,US34959F1066,FOJCY.PK,Fortum Oyj,22.365527,PNK,4,Утилиты,4,Электрокоммуникации,0.0,4.88,,5.12,4.41,4.77,4.66,3.27,3.88,4.66,2.51,3.53,4.66,2.29,3.19,4.66,2.11,3.05,6.5,1.77,3.6,6.5,1.77,3.68,,"Fortum Oyj — энергетическая компания со штаб-квартирой в Финляндии. Компания предоставляет своим клиентам услуги по электроснабжению, газу, отоплению и охлаждению. Fortum Oyj имеет три сегмента бизнес-отчетности: генерация, потребительские решения и другие операции. Сегмент «Генерация» состоит из бизнес-подразделений «Гидрогенерация», «Атомная генерация», «Корпоративные клиенты», «Рынки и возобновляемые источники энергии» и «Декарбонизация». Сегмент Consumer Solutions включает в себя бизнес-подразделение Consumer Solutions, которое отвечает за предложение энергетических решений потребителям, а также малым и средним предприятиям. Сегмент «Прочие операции» включает бизнес «Циркулярные решения», включающий бизнес по переработке и переработке отходов. Компания работает по всему миру.",
3588,US,FOJCF,FI0009007132,FOJCF.PK,Fortum Oyj,22.365527,PNK,5,Утилиты,5,Электрокоммуникации,0.0,24.66,,25.36,0.0,9.39,22.83,17.06,19.12,22.83,13.62,17.58,22.83,11.36,15.64,22.83,10.39,14.85,30.67,9.25,15.96,30.67,9.25,17.1,,"Fortum Oyj — энергетическая компания со штаб-квартирой в Финляндии. Компания предоставляет своим клиентам услуги по электроснабжению, газу, отоплению и охлаждению. Fortum Oyj имеет три сегмента бизнес-отчетности: генерация, потребительские решения и другие операции. Сегмент «Генерация» состоит из бизнес-подразделений «Гидрогенерация», «Атомная генерация», «Корпоративные клиенты», «Рынки и возобновляемые источники энергии» и «Декарбонизация». Сегмент Consumer Solutions включает в себя бизнес-подразделение Consumer Solutions, которое отвечает за предложение энергетических решений потребителям, а также малым и средним предприятиям. Сегмент «Прочие операции» включает бизнес «Циркулярные решения», включающий бизнес по переработке и переработке отходов. Компания работает по всему миру.",
3590,US,TNABY,US8802771084,TNABY.PK,Tenaga Nasional Bhd,20.573443,PNK,6,Утилиты,6,Электрокоммуникации,0.0,13.78,,14.65,0.0,5.32,15.24,11.6,13.09,15.24,10.95,12.96,15.24,8.52,12.27,15.24,7.16,11.24,15.24,6.11,10.1,21.98,6.11,11.52,,"Tenaga Nasional Berhad — электроэнергетическая компания. Она занимается производством, передачей, распределением и розничной продажей электроэнергии, обслуживая своих клиентов на полуострове Малайзия, в штате Сабах и за его пределами. Основные сегменты бизнеса включают производство электроэнергии, энергосистему, распределительную сеть и розничную торговлю. Компания через свою дочернюю компанию TNB Power Generation Sdn. Bhd., является производителем электроэнергии и предлагает комплексное управление активами, эксплуатацию и техническое обслуживание, ремонт и капитальный ремонт (MRO), диагностику, а также услуги по проектированию, закупкам, строительству и вводу в эксплуатацию. Его сетевое подразделение включает в себя формулирование стратегии, системное планирование, проектирование, управление проектами, техническое обслуживание и управление пропуском. Подразделение распределительной сети планирует, строит, эксплуатирует, выполняет ремонт и техническое обслуживание, а также управляет активами распределительной сети полуострова Малайзия. Подразделение розничной торговли ориентировано на предоставление клиентоориентированного опыта по всем клиентским каналам.",
3597,US,EDRVF,ES0127797019,EDRVF.PK,EDP Renovaveis SA,16.449607,PNK,7,Утилиты,1,Независимые производители электроэнергии,0.0,14.56,,14.67,0.0,3.65,15.63,11.12,12.61,15.63,7.87,10.53,19.64,7.87,13.07,23.44,7.87,15.66,30.1,7.87,18.5,30.1,2.32,15.77,,"EDP ​​Renovaveis SA, также известная как EDPR, — испанская компания, работающая в секторе возобновляемых источников энергии. Компания концентрируется на производстве энергии из возобновляемых ресурсов. Компания разрабатывает, управляет и поддерживает разнообразный портфель активов в области возобновляемых источников энергии, включая наземные и морские ветряные электростанции, коммунальные и распределенные солнечные установки, а также новые технологии, такие как аккумуляторные батареи и экологически чистый водород. Компания со штаб-квартирой в Мадриде работает на 28 рынках Европы, Северной Америки, Южной Америки и Азиатско-Тихоокеанского региона, включая такие страны, как Испания, Португалия, Бельгия, Франция, Италия, Польша, Румыния, Великобритания, Бразилия, США, а также Канада.",
3598,US,HGKGY,US7391972004,HGKGY.PK,Power Assets Holdings Ltd,16.691771,PNK,8,Утилиты,7,Электрокоммуникации,0.0,7.87,,8.33,0.0,7.5,7.25,5.91,6.54,7.25,5.81,6.51,7.25,5.1,6.32,7.25,4.51,5.97,7.25,4.51,5.97,10.24,4.51,6.79,,"Power Assets Holdings Ltd — инвестиционная холдинговая компания, занимающаяся преимущественно энергетическим и коммунальным бизнесом. Компания осуществляет свою деятельность через три сегмента. Инвестиционный сегмент занимается инвестициями в предприятия электроэнергетики и коммунального хозяйства. Сегмент «Инвестиции в HKEI» занимается инвестициями в бизнес по производству и поставке электроэнергии в Гонконге. Сегмент «Все прочие виды деятельности» занимается прочими видами деятельности, осуществляемыми Компанией. Деятельность компании направлена ​​на производство тепловой и возобновляемой энергии, передачу электроэнергии и нефти, а также распределение электроэнергии и газа. Компания распространяет свою продукцию на внутреннем рынке и на зарубежных рынках, включая Великобританию, Австралию, Новую Зеландию, Таиланд, Нидерланды, Португалию и Канаду.",
3605,US,IESFY,US45853N1028,IESFY.PK,Interconnection Electric SA ESP,8.06071,PNK,9,Утилиты,8,Электрокоммуникации,0.0,172.44,,200.0,0.0,171.51,200.0,116.57,148.22,200.0,92.39,128.61,200.0,52.6,115.46,200.0,50.0,107.68,301.56,3.0,107.32,301.56,3.0,107.27,,"Interconnection Electric SA ESP (ISA) — колумбийская компания, занимающаяся передачей электроэнергии. Бизнес компании разделен на пять подразделений: Транспорт электроэнергии, управляющий сетью цепей передачи высокого напряжения в Колумбии, Перу, Боливии и Бразилии; Интеллектуальное управление системами реального времени, управляющее объектами Национальной взаимосвязанной системы (SIN), Системы коммерческих расчетов (SIC), Оптового энергетического рынка (MEN) и Международных сделок с электроэнергией (TIE); Строительство инфраструктурных проектов, включающих в себя развитие высоковольтных и оптоволоконных сетей передачи данных; Компания «Телекоммуникации Транспорт», которая занимается сдачей в аренду сетей электропередачи Компании другим операторам, и «Дорожная концессия», которая занимается строительством, управлением и эксплуатацией автомагистралей, платных дорог и другой соответствующей инфраструктуры. 30 сентября 2013 г. Компания учредила дочернюю компанию Intercolombia SA ESP.",
3606,US,RDEIF,ES0173093024,RDEIF.PK,Redeia Corporacion SA,8.978979,PNK,10,Утилиты,9,Электрокоммуникации,0.0,16.51,,17.75,0.0,5.7,20.04,17.06,18.06,21.36,16.6,18.04,21.36,15.8,17.8,21.36,15.8,17.67,24.32,15.06,18.52,25.4,15.06,20.06,,"Redeia Corporacion SA — испанская компания, занимающаяся преимущественно энергетическим сектором. Компания через Red Electrica de Espana SAU занимается управлением и эксплуатацией высоковольтных сетей электропередачи, а также отвечает за их развитие, техническое обслуживание и улучшение сетевых установок. В его деятельность также входит координация процессов производства, передачи и распределения электрической энергии. Компания также управляет телекоммуникационными сетями в Испании и Латинской Америке посредством парка спутников и волоконно-оптических активов. Компания является материнской компанией Redeia Group и действует через свои дочерние компании и филиалы в нескольких странах, таких как Испания, Нидерланды, Франция, Перу, Чили и Бразилия.",
3609,US,EQUEY,US2944111036,EQUEY.PK,Equatorial SA,9.494615,PNK,11,Утилиты,10,Электрокоммуникации,0.0,7.78,,7.92,0.0,2.24,7.79,6.02,6.81,7.79,4.15,6.21,7.79,4.03,6.11,7.79,4.03,6.14,7.79,3.27,5.29,8.81,1.7,4.55,,"Equatorial SA, ранее Equatorial Energia SA, — это бразильская холдинговая компания, которая работает в электроэнергетическом секторе через свои дочерние компании. Это поставщик услуг по производству, коммерциализации, передаче и распределению, а также санитарных и телекоммуникационных услуг. Деятельность Equatorial разделена на пять экономических сегментов: распределение, передача (включая восемь линий электропередачи), услуги (имеются в виду услуги, предоставляемые Equatorial Servicos SA и ее дочерними компаниями), другие, а также генерация и маркетинг. Основная деятельность компании осуществляется через дочерние компании, расположенные в северо-восточном, северном, центрально-западном, юго-восточном и южном регионах Бразилии.",
3610,US,CLPXY,US16890R1095,CLPXY.PK,China Longyuan Power Group Corp Ltd,16.054515,PNK,12,Утилиты,11,Электрокоммуникации,0.0,9.72,,11.35,0.0,7.96,10.91,8.28,9.29,10.91,7.01,8.51,10.91,5.62,8.23,14.74,5.62,8.92,24.92,5.62,12.48,24.92,4.86,12.38,,"China Longyuan Power Group Corp Ltd — китайская комплексная энергетическая компания, которая в основном занимается разработкой и эксплуатацией новых источников энергии. Компания управляет четырьмя сегментами. Сегмент ветроэнергетики строит, управляет и эксплуатирует ветряные электростанции, а также производит электроэнергию для продажи электросетевым компаниям. Сегмент «Теплоэнергетика» строит, управляет и эксплуатирует угольные электростанции, а также производит электроэнергию для продажи электросетевым компаниям. Сегмент «Фотоэлектрическая энергетика» строит, управляет и эксплуатирует фотоэлектрические электростанции, а также производит электроэнергию для продажи внешним электросетевым компаниям. Сегмент «Все остальные» в основном занимается производством и продажей энергетического оборудования, предоставлением консультационных услуг, предоставлением услуг по техническому обслуживанию и обучению ветроэнергетических компаний, а также производством и продажей других возобновляемых источников энергии.",
3615,US,TKECF,JP3585800000,TKECF.PK,Tokyo Electric Power Company Holdings Inc,6.360505,PNK,13,Утилиты,12,Электрокоммуникации,0.0,3.55,,4.36,0.0,1.58,6.0,3.28,4.53,6.0,2.25,3.79,7.2,2.25,4.33,7.2,2.25,4.23,7.2,2.25,3.77,7.2,2.25,4.09,,"Tokyo Electric Power Company Holdings Inc — японская компания, занимающаяся в основном бизнесом, связанным с электроэнергетикой. Компания работает в пяти сегментах. Сегмент холдингов обеспечивает управленческую поддержку, общие услуги для каждой основной операционной компании, а также для производства атомной энергии и других предприятий. Сегмент «Топливо и энергетика» реализует электроэнергию, вырабатываемую тепловыми электростанциями, закупает топливо, развивает источники тепловой энергии и инвестирует в топливный бизнес. Сегмент электросетей поставляет электроэнергию посредством передачи, подстанции и распределения, а также строит и обслуживает объекты передачи, распределения и связи. Сегмент Energy Partner предлагает комплексные решения в соответствии с требованиями клиентов, предоставляет услуги и ведет бизнес по закупкам электроснабжения. Сегмент возобновляемой энергетики продает электроэнергию, произведенную из возобновляемых источников энергии, обслуживает и управляет объектами, а также разрабатывает и инвестирует в новые источники возобновляемой энергии.",
3616,US,TKECY,US8891091048,TKECY.PK,Tokyo Electric Power Company Holdings Inc,6.360505,PNK,14,Утилиты,13,Электрокоммуникации,0.0,3.94,,4.53,0.0,3.32,5.8,3.07,4.67,5.8,2.26,3.82,7.73,2.26,4.52,7.73,2.26,4.53,7.73,2.26,4.12,7.73,2.26,4.17,,"Tokyo Electric Power Company Holdings Inc — японская компания, занимающаяся в основном бизнесом, связанным с электроэнергетикой. Компания работает в пяти сегментах. Сегмент холдингов обеспечивает управленческую поддержку, общие услуги для каждой основной операционной компании, а также для производства атомной энергии и других предприятий. Сегмент «Топливо и энергетика» реализует электроэнергию, вырабатываемую тепловыми электростанциями, закупает топливо, развивает источники тепловой энергии и инвестирует в топливный бизнес. Сегмент электросетей поставляет электроэнергию посредством передачи, подстанции и распределения, а также строит и обслуживает объекты передачи, распределения и связи. Сегмент Energy Partner предлагает комплексные решения в соответствии с требованиями клиентов, предоставляет услуги и ведет бизнес по закупкам электроснабжения. Сегмент возобновляемой энергетики продает электроэнергию, произведенную из возобновляемых источников энергии, обслуживает и управляет объектами, а также разрабатывает и инвестирует в новые источники возобновляемой энергии.",
3633,US,ABTZY,US0037253061,ABTZY.PK,Aboitiz Equity Ventures Inc,2.709223,PNK,15,Утилиты,14,Электрокоммуникации,0.0,5.07,,0.0,0.0,0.0,5.87,3.76,5.01,6.89,3.76,5.49,8.17,3.76,5.69,13.67,3.76,6.5,13.67,3.76,7.38,17.82,3.76,9.59,,"Aboitiz Equity Ventures, Inc. — холдинговая и управляющая компания. Компания и ее дочерние компании занимаются различными видами деятельности, включая производство электроэнергии, розничную поставку и распределение электроэнергии, производство продуктов питания, банковские и финансовые услуги, развитие недвижимости и инфраструктуру. Энергетический сегмент занимается производством электроэнергии и продажей электроэнергии. Сегмент финансовых услуг занимается банковскими операциями и операциями по денежным переводам. Сегмент продуктов питания и напитков занимается производством муки и кормов, разведением свиней, а также производством и продажей напитков. Сегмент недвижимости занимается строительством недвижимости для продажи и аренды. Его инфраструктурный сегмент занимается производством цемента и других строительных материалов, продажей и арендой объектов экономической недвижимости, эксплуатацией аэропортов и услугами цифровой инфраструктуры. Он также производит и распространяет решения для питания и здоровья животных.",
3637,US,NNE,US63010H1086,NNE.O,Nano Nuclear Energy Inc,0.989581,NAQ,16,Утилиты,15,Электрокоммуникации,1.83,19.0,,27.57,18.93,22.9,60.87,23.61,36.89,60.87,17.26,33.05,60.87,3.25,26.42,60.87,3.25,26.42,60.87,3.25,26.42,60.87,3.25,26.42,,"Nano Nuclear Energy Inc. — высокотехнологичная компания в области атомной энергетики. Направления ее деятельности включают передовые портативные и другие технологии микрореакторов, производство ядерного топлива, транспортировку ядерного топлива, ядерное применение в космосе и консультационные услуги в атомной промышленности. Разрабатываемая ею реакторная продукция включает ZEUS, твердотельный аккумуляторный реактор, и ODIN, реактор с теплоносителем низкого давления, каждый из которых представляет собой передовые разработки в области экологически чистых энергетических решений, которые представляют собой портативные, современные ядерные микрореакторы, способные по требованию. Компания также разрабатывает запатентованную энергетическую систему стационарного микромодульного реактора KRONOS (MMR) и транспортируемую реакторную платформу с пилоном, ориентированную на космос. В число ее дочерних компаний входят Advanced Fuel Transportation Inc. (AFT), HALEU Energy Fuel Inc. и NANO Nuclear Space Inc. (NNS). NNS фокусируется на таких приложениях, как система LOKI MMR и другие энергетические системы. AFT поставляет коммерческие количества топлива HALEU для небольших модульных реакторов, военных и других предприятий.",
3638,US,EDN,US29244A1025,EDN.N,Empresa Distribuidora y Comercializadora Norte SA,0.662677,NYS,17,Утилиты,16,Электрокоммуникации,0.04,27.97,,30.05,24.94,27.23,36.55,14.43,25.67,47.76,14.43,29.56,51.52,13.97,25.85,51.52,6.63,21.2,51.52,3.27,14.91,63.02,2.61,18.8,,"Empresa Distribuidora y Comercializadora Norte S.A. — компания общественных услуг. Компания занимается распределением электроэнергии в Аргентине. Ему принадлежит концессия на распределение электроэнергии в северо-западной части мегаполиса Буэнос-Айреса и в северной части города Буэнос-Айрес. Концессионная территория Компании площадью около 4637 квадратных километров разделена на три операционные территории: Регион I, площадь которого составляет более 251 квадратных километров; Регион II, площадь которого составляет примерно 1761 квадратный километр, и Регион III, площадь которого составляет более 2625 квадратных километров. Регион I включает районы Сьюдад-де-Буэнос-Айрес, Сан-Исидро, Висенте-Лопес, Сан-Мартин и Трес-де-Фебреро. Регион II включает Ла-Матансу, Морон, Херлингем, Итусаинго, Мерло, Маркос-Пас и Граль. Районы Лас-Эрас. Регион III включает Пилар, Эскобар, Тигре, Сан-Фернандо, Сан-Мигель, Мальвинские острова Аргентинас, Хосе К. Пас, Морено и Граль. Районы Родригеса.",
3639,US,FSGCY,US3203261017,FSGCY.PK,First Gen Corp,1.041747,PNK,18,Утилиты,2,Независимые производители электроэнергии,0.0,6.0,,0.0,0.0,0.0,8.7,4.32,6.47,8.7,4.32,6.49,8.7,4.32,6.61,8.7,4.32,6.56,12.75,4.32,8.06,12.75,4.32,7.95,,"First Gen Corporation — инвестиционная холдинговая компания, занимающаяся производством электроэнергии. Сегменты компании включают FGPC, FGP, FNPC, Prime Meridian, LNG, EDC и дочерние компании, а также FG Hydro и FRLC. First Gas Power Corporation (FGPC), которая управляет электростанцией Санта-Рита, работающей на природном газе, мощностью 1000 мегаватт (МВт). FGP Corp. (FGP), которая управляет газовой электростанцией Сан-Лоренцо мощностью 500 МВт. First NatGas Power Corp. (FNPC), которая управляет электростанцией в Сан-Габриэле мощностью 420 МВт, работающей на природном газе. Prime Meridian PowerGen Corporation (Prime Meridian), которая управляет электростанцией Avion мощностью 97 МВт, работающей на природном газе. First Gen Hydro Power Corporation (FG Hydro), которая управляет гидроэлектростанциями PantabanganMasiway мощностью 132,810 МВт. Fresh River Lakes Corporation (FRLC), которая владеет и управляет гидроэлектростанцией Казекнан мощностью 165 МВт. LNG, которая владеет и управляет морским терминалом СПГ.",
3653,US,CKISF,BMG2178K1009,CKISF.PK,CK Infrastructure Holdings Ltd,20.185066,PNK,19,Утилиты,1,Многострочные утилиты,0.0,7.58,,0.0,0.0,0.0,7.52,6.25,6.89,7.52,6.25,6.79,7.52,5.58,6.48,7.52,4.47,5.59,7.52,4.47,5.63,10.1,4.47,6.64,,"CK Infrastructure Holdings Ltd — компания, которая в основном занимается развитием, инвестированием и эксплуатацией инфраструктурного бизнеса. Компания в основном занимается развитием, инвестированием и эксплуатацией энергетической инфраструктуры, транспортной инфраструктуры, водной инфраструктуры, утилизацией отходов, переработкой отходов в энергию, бытовой инфраструктурой и бизнесом, связанным с инфраструктурой. Кроме того, Компания также занимается инвестиционным холдингом и управлением проектами, а также инвестиционным бизнесом в ценные бумаги. Компания ведет свой бизнес в Китайской Народной Республике, Великобритании, континентальной Европе, Австралии, Новой Зеландии, Канаде и США.",
3654,US,UNPRF,DE000UNSE026,UNPRF.PK,Uniper SE,18.476252,PNK,20,Утилиты,2,Многострочные утилиты,0.0,53.0,,53.0,0.0,6.63,46.8,35.0,40.81,52.74,35.0,42.7,63.56,35.0,48.62,175.6,35.0,87.31,857.84,35.0,136.09,857.84,35.0,212.21,,"Uniper SE — компания со штаб-квартирой в Германии. Компания занимается производством электроэнергии. Компания работает в трех сегментах: «Зеленая генерация», «Гибкая генерация» и «Зеленые товары». Сегмент «Зеленая генерация» включает в себя электростанции, производящие электроэнергию без выбросов, которыми управляет Uniper Group в Европе. Гибкая генерация способствует обеспечению стабильности и безопасности энергоснабжения, что делает их ключевыми строительными блоками энергетического перехода. Сегмент Greener Commodities объединяет деятельность по торговле энергией и оптимизации и формирует коммерческий интерфейс между Uniper Group и глобальными торговыми рынками.",
3659,US,ACLLF,CA0467894006,ACLLF.PK,Atco Ltd,4.962743,PNK,21,Утилиты,3,Многострочные утилиты,0.0,49.54,,49.56,0.0,41.67,41.01,34.71,37.58,41.01,30.79,36.17,41.01,25.82,33.33,41.01,24.0,32.08,41.01,24.0,32.64,41.49,20.25,32.54,,"ATCO Ltd. предоставляет комплексные решения в области энергетики, жилья, транспорта и инфраструктуры. В ее сегменты входят структуры и логистика, ATCO Investments и Canadian Utilities Limited. ATCO Structures проектирует, производит и поставляет продукцию для удовлетворения основных потребностей в жилье и жилье по всему миру. ATCO Frontec предоставляет услуги оперативной поддержки правительственным, оборонным и коммерческим клиентам. ATCO Energy Systems поставляет энергию посредством передачи и распределения электроэнергии и природного газа, а также международных операций с электроэнергией. ATCO EnPower создает устойчивые энергетические решения в области производства электроэнергии, хранения энергии, технической воды и более чистого топлива. ATCO Australia разрабатывает, строит, владеет и управляет энергетическими и инфраструктурными активами. ATCO Energy and Home Services предоставляет розничные услуги по электроснабжению и природному газу, услуги по техническому обслуживанию дома и профессиональные консультации по дому. ATCO имеет инвестиции в порты, транспортную логистику и другие.",
3661,US,AGLXY,US0012012011,AGLXY.PK,AGL Energy Ltd,4.544468,PNK,22,Утилиты,4,Многострочные утилиты,0.0,6.89,,7.25,0.0,3.91,6.93,5.21,6.04,7.47,5.21,6.42,8.45,4.97,6.55,8.45,4.34,6.43,9.72,3.69,6.14,21.2,3.69,10.52,,"AGL Energy Limited — австралийская компания, которая управляет портфелем производства электроэнергии на национальном рынке электроэнергии и является частным инвестором в возобновляемые источники энергии. Компания также владеет программной платформой для электромобилей (EV). Сегменты компании включают потребительские рынки, интегрированную энергетику и инвестиции. Сегмент потребительских рынков включает в себя потребительские портфели и портфели клиентов крупного бизнеса, отвечающие за розничную продажу электроэнергии, газа, продуктов и услуг широкополосной связи, мобильной связи, голосовой связи, солнечной энергии и энергоэффективности для частных лиц, малого и крупного бизнеса. Сегмент «Интегрированная энергетика» управляет своим портфелем производства электроэнергии и другими ключевыми активами, включая объекты по производству угля, газа, ветра и гидроэнергии, сетевые батареи, объекты по хранению и добыче природного газа, а также проекты развития. Сегмент «Инвестиции» включает в себя доли в ActewAGL Retail Partnership, Tilt Renewables, Ovo Energy Australia и других инвестициях.",
3662,US,CHFFF,HK0257001336,CHFFF.PK,China Everbright Environment Group Ltd,4.274233,PNK,23,Утилиты,5,Многострочные утилиты,0.0,0.67,,0.67,0.0,0.1,0.67,0.55,0.61,0.67,0.43,0.54,0.67,0.32,0.43,0.67,0.32,0.42,0.79,0.32,0.55,1.61,0.32,0.85,,,
3667,US,TKGSY,US8891151016,TKGSY.PK,Tokyo Gas Co Ltd,17.601989,PNK,24,Утилиты,1,Коммунальные предприятия природного газа,0.0,23.7,,24.13,0.0,16.91,20.77,15.49,18.39,20.77,12.5,16.34,20.77,10.04,13.45,20.77,9.01,12.44,20.77,7.91,11.25,20.77,7.91,11.48,,"Tokyo Gas Co Ltd — японская компания, которая в основном занимается газом, электроэнергией, энергетическим бизнесом и недвижимостью. Компания осуществляет свою деятельность в четырех бизнес-сегментах. Сегмент «Энергетические решения» занимается производством и продажей городского газа, продажей сжиженного природного газа (СПГ), торговлей, электроэнергией, инженерными решениями (инжиниринг, энергетические услуги) и другим. Сегмент «Сеть» занимается транспортировкой и поставкой городского газа. Зарубежный сегмент занимается разработкой зарубежных ресурсов и инвестициями, поставками энергии и другими. Сегмент городского бизнеса занимается девелопментом и арендой недвижимости и т.д.",
3668,US,XNGSY,US26876F1021,XNGSY.PK,ENN Energy Holdings Ltd,9.144162,PNK,25,Утилиты,2,Коммунальные предприятия природного газа,0.0,32.15,,36.47,30.0,33.96,39.4,30.92,34.06,39.4,25.07,32.17,41.19,22.53,31.31,65.36,22.53,35.93,92.3,22.53,47.24,92.3,15.69,40.25,,"ENN Energy Holdings Ltd — инвестиционная холдинговая компания, занимающаяся преимущественно продажей и дистрибуцией трубопроводного газа, сжиженного природного газа (СПГ) и другой мультиэнергетической продукции. Компания осуществляет свою деятельность в пяти сегментах. Бизнес-сегмент «Розничная продажа газа» занимается продажей природного газа потребителям по трубопроводам, а также эксплуатацией автозаправочных станций. Сегмент интегрированного энергетического бизнеса занимается поставками различных энергетических продуктов, таких как газ, электричество, охлаждение, отопление и пар. Сегмент «Оптовая продажа газа» занимается поставками СПГ оптовым покупателям. Сегмент «Строительство и монтаж» занимается оказанием строительно-монтажных услуг. Сегмент бизнеса с добавленной стоимостью занимается предоставлением дополнительных услуг, включая кухонные решения, системы отопления, системы безопасности и другие услуги. Компания ведет свою деятельность на внутреннем и зарубежном рынках.",
3669,US,KLYCY,US50126A1016,KLYCY.PK,Kunlun Energy Company Ltd,8.100601,PNK,26,Утилиты,3,Коммунальные предприятия природного газа,0.0,11.37,,11.76,0.0,6.29,10.38,8.39,9.37,11.69,8.39,9.61,11.87,8.1,9.65,11.87,6.92,9.13,11.87,5.78,8.86,11.87,3.08,7.47,,"Kunlun Energy Company Ltd — инвестиционная холдинговая компания, занимающаяся преимущественно продажей природного газа. Компания осуществляет свою деятельность через четыре сегмента. Сегмент продаж природного газа в основном занимается розничной продажей, дистрибуцией и торговлей продуктами природного газа. Сегмент «Продажи сжиженного нефтяного газа (СУГ)» в основном занимается оптовой и розничной продажей продукции СУГ. Сегмент «Переработка и терминалы сжиженного природного газа (СПГ)» в основном занимается обработкой, разгрузкой, хранением, газификацией и транспортировкой СПГ. Сегмент разведки и добычи в основном занимается разведкой, разработкой, добычей и реализацией сырой нефти и природного газа.",
3675,US,CGHLY,US1689351047,CGHLY.PK,China Gas Holdings Ltd,5.119294,PNK,27,Утилиты,4,Коммунальные предприятия природного газа,0.0,24.52,,25.61,0.0,9.45,27.64,24.0,25.87,27.64,20.04,22.92,27.64,18.37,22.77,39.87,18.37,25.19,109.63,18.37,48.62,117.12,18.37,64.7,,"China Gas Holdings Ltd — инвестиционная холдинговая компания, занимающаяся преимущественно газовым бизнесом. Компания осуществляет свою деятельность в шести сегментах. Сегмент «Продажа трубопроводного газа» занимается реализацией трубопроводного газа по городским и поселковым трубопроводным сетям, торговым и прямым газопроводам. Сегмент продаж сжиженного нефтяного газа (СУГ) занимается дистрибуцией сжиженного нефтяного газа для промышленных и коммерческих потребителей. Сегмент «Газовое подключение» занимается оказанием услуг по подключению газа для потребителей. Сегмент «Инжиниринг, проектирование и строительство» занимается строительством газопроводов. Сегмент «Дополнительные услуги» занимается продажей настенных котлов, кухонных газовых приборов, умного дома, сильфонов, сигнализаций и бутилированной воды. Сегмент Zhongyu Gas в основном занимается продажей природного газа и строительством газопроводов.",
3681,US,PPAAY,US69367P1066,PPAAY.PK,Perusahaan Gas Negara Tbk PT,2.704602,PNK,28,Утилиты,5,Коммунальные предприятия природного газа,0.0,5.8,,5.8,0.0,0.73,5.69,4.62,5.11,5.69,4.1,5.02,5.69,3.58,4.75,5.69,3.35,4.67,6.17,3.35,4.71,10.83,2.14,5.64,,"PT Perusahaan Gas Negara Tbk — индонезийская компания, занимающаяся распределением и транспортировкой природного газа. Компания занимается добычей нефти и газа, а также месторождениями среднего и переработки нефти и газа на индонезийском полуострове. Сегменты Компании включают Торговлю и транспортировку, Разведку и добычу нефти и газа и Прочие операции. Сегмент «Торговля и транспортировка» занимается торговлей, транспортировкой газа и переработкой сжиженного природного газа (СПГ) промышленным, коммерческим и бытовым потребителям, а также торговлей. Сегмент «Разведка и добыча нефти и газа» в основном занимается разведкой, разработкой и развитием бизнеса в области нефти и газа. Сегмент «Прочие операции» предоставляет аренду оптоволокна для сетевых услуг, а также услуги по строительству и техническому обслуживанию для клиентов, а также управление и аренду зданий и оборудования.",
3686,US,SVTRF,GB00B1FH8J72,SVTRF.PK,Severn Trent PLC,12.324828,PNK,29,Утилиты,1,Вода и сопутствующие коммунальные услуги,0.0,43.55,,43.55,0.0,5.44,37.88,34.52,36.49,37.88,30.05,34.62,37.88,30.05,33.8,37.88,27.81,33.16,39.84,24.2,33.73,39.84,22.89,29.21,,"Severn Trent Plc — базирующаяся в Великобритании холдинговая компания Severn Trent Water Limited (STWL) и основная холдинговая компания Severn Trent Utilities Finance Plc (STUF). Компания предоставляет услуги водоснабжения и водоотведения. Компания работает через два подразделения: регулируемое водоснабжение и сточные воды и Severn Trent Business Services. Подразделение регулируемого водоснабжения и водоотведения включает в себя оптовую деятельность по водоснабжению и очистке сточных вод регулируемых предприятий Компании, STWL и Hafren Dyfrdwy, а также розничные услуги для внутренних клиентов. Подразделение Severn Trent Business Services специализируется на экологически чистой энергетике, операционных услугах и развитии недвижимости в Соединенном Королевстве. Компания STWL предоставляет услуги водоснабжения и удаления отходов более чем 4,5 миллионам домов и предприятий в Мидлендсе, от окраин Бристоля до южных пригородов Шеффилда. Hafren Dyfrdwy обслуживает 87 000 потребителей воды и 22 000 потребителей отходов в Поуисе, Рексеме и некоторых частях Флинтшира, Денбишира и Монтгомеришира.",
3689,US,GGDVY,US4006542082,GGDVY.PK,Guangdong Investment Ltd,6.251696,PNK,30,Утилиты,2,Вода и сопутствующие коммунальные услуги,0.0,47.97,,48.3,0.0,17.21,50.27,40.68,46.81,50.27,35.55,41.57,50.27,20.97,34.88,57.67,20.97,39.94,93.32,20.97,50.7,110.91,20.97,66.73,,"Guangdong Investment Ltd — инвестиционная холдинговая компания, занимающаяся преимущественно водоснабжением и очисткой сточных вод. Компания осуществляет свою деятельность в семи сегментах. Сегмент «Водные ресурсы» занимается распределением воды, очисткой сточных вод, а также строительством инфраструктуры водоснабжения и очистки сточных вод. Сегмент инвестиций и развития недвижимости занимается девелопментом и продажей недвижимости, а также предоставляет услуги по управлению коммерческой недвижимостью. Сегмент «Эксплуатация универмагов» управляет универмагами. Сегмент «Производство электроэнергии» управляет угольными электростанциями, поставляющими электроэнергию и пар. Сегмент «Эксплуатация и управление гостиницей» занимается эксплуатацией гостиницы. Сегмент «Дороги и мосты» занимается эксплуатацией платных дорог. Сегмент «Прочие» предоставляет казначейские услуги.",
3695,US,TTWSF,TH0961010R11,TTWSF.PK,TTW PCL,1.117151,PNK,31,Утилиты,3,Вода и сопутствующие коммунальные услуги,0.0,0.26,,0.0,0.0,0.0,,,,,,,,,,0.26,0.24,0.25,0.26,0.24,0.25,0.42,0.24,0.31,,"TTW Public Company Limited — это таиландская компания, занимающаяся производством и продажей очищенной воды и предоставляющая услуги по производству очистки воды и сопутствующие услуги по производству и продаже очищенной воды и очистки сточных вод. Компания занимается производством и поставкой водопроводной воды Управлению водоснабжения провинции (PWA) в окрестностях Западного Бангкока. Компания осуществляет свою деятельность через предприятия: Компания «Полностью интегрированное управление водными ресурсами» специализируется на производстве водопроводной воды и управлении очисткой сточных вод в промышленной зоне Банг Па-Ин, Пхранакорн Шри Аюттхая. Он также контролирует системы производства воды, распределяет воду и очищает сточные воды для промышленной зоны Амата Накорн, Чонбури и промышленной зоны Амата-Сити, Районг; Бизнес по управлению водоснабжением, который производит и подает водопроводную воду провинциальному управлению водоснабжения в районах Самутсакорн-Накхонпатом и Патумтхани-Рангсит; а также участвует в инвестициях в другие предприятия.",
3696,US,TTAPY,US87306N1072,TTAPY.PK,TTW PCL,1.117151,PNK,32,Утилиты,4,Вода и сопутствующие коммунальные услуги,0.0,14.01,,14.01,0.0,2.0,15.2,12.96,13.99,15.2,12.4,13.83,15.2,12.16,13.67,15.2,12.16,13.56,19.21,12.16,15.06,23.42,12.16,17.19,,"TTW Public Company Limited — это таиландская компания, занимающаяся производством и продажей очищенной воды и предоставляющая услуги по производству очистки воды и сопутствующие услуги по производству и продаже очищенной воды и очистки сточных вод. Компания занимается производством и поставкой водопроводной воды Управлению водоснабжения провинции (PWA) в окрестностях Западного Бангкока. Компания осуществляет свою деятельность через предприятия: Компания «Полностью интегрированное управление водными ресурсами» специализируется на производстве водопроводной воды и управлении очисткой сточных вод в промышленной зоне Банг Па-Ин, Пхранакорн Шри Аюттхая. Он также контролирует системы производства воды, распределяет воду и очищает сточные воды для промышленной зоны Амата Накорн, Чонбури и промышленной зоны Амата-Сити, Районг; Бизнес по управлению водоснабжением, который производит и подает водопроводную воду провинциальному управлению водоснабжения в районах Самутсакорн-Накхонпатом и Патумтхани-Рангсит; а также участвует в инвестициях в другие предприятия.",
3731,US,UNBLF,FR0013326246,UNBLF.PK,Unibail-Rodamco-Westfield SE,15.677612,PNK,1,Недвижимость,1,Коммерческие REIT,0.0,106.07,,112.92,0.0,73.15,111.0,91.72,103.32,111.0,72.02,94.65,111.0,69.31,87.34,111.0,44.69,77.29,111.0,40.75,75.55,271.1,34.48,93.29,,"Unibail-Rodamco-Westfield Se SA — французская группа, работающая в сфере коммерческой недвижимости. Группа занимается девелопментом, строительством и управлением недвижимостью в Европе и США. Портфель ее активов разделен на три основных бизнес-сегмента: розничная торговля, включающая 96 торговых центров во Франции, Центральной Европе, Испании, Австрии, Германии, Великобритании, Нидерландах, США и других; Offices & Others, где URW строит и владеет офисными зданиями и отелями, расположенными в основном в центральном деловом районе Парижа и Ла-Дефанс, а также владеет офисными, гостиничными и жилыми активами в США; и сегмент конгрессов и выставок расположен в парижском регионе и состоит из объектов недвижимости и компании по оказанию услуг: Viparis. Viparis находится в совместной собственности с Торгово-промышленной палатой Париж-Иль-де-Франс (CCIR) и управляется URW.",
3739,US,SEGXF,GB00B5ZN1N88,SEGXF.PK,SEGRO PLC,11.622714,PNK,2,Недвижимость,2,Коммерческие REIT,0.0,8.6,,11.0,8.2,9.81,10.1,8.18,9.11,10.1,7.64,9.03,12.49,7.64,9.79,12.49,7.64,9.78,19.5,7.64,11.41,19.5,4.78,10.86,,"SEGRO plc — это инвестиционный фонд недвижимости (REIT), базирующийся в Великобритании. Это владелец, менеджер и застройщик современных складов и промышленных объектов. Она владеет или управляет 10,8 миллионами квадратных метров площадей (116 миллионов квадратных футов), обслуживая клиентов из различных секторов промышленности. Его недвижимость расположена в крупных городах и вокруг них, а также в ключевых транспортных узлах Соединенного Королевства и семи других европейских стран. Его сегменты включают Великобританию и Континентальную Европу (CE). В портфолио компании склады и здания легкой промышленности, включая центры обработки данных. Они сконцентрированы в Великобритании, Франции, Германии и Италии. Остальная часть портфеля находится в других европейских странах, включая Польшу, Испанию, Нидерланды и Чехию. Его разнообразная клиентская база, охватывающая целый ряд отраслей, таких как транспорт и логистика; розничная торговля (физическая, онлайн и гибридная), а также пищевая и общая промышленность и другие.",
3768,US,FBBPF,MXCFFI170008,FBBPF.PK,Fideicomiso Irrevocable 1721 Banco Actinver S A Institucion de Banca Multiple Grupo Financiero Actinver Division Fiduciaria,7.129236,PNK,3,Недвижимость,3,Коммерческие REIT,0.0,4.35,,4.99,0.0,4.15,4.48,3.42,3.87,4.48,2.54,3.56,5.74,2.54,3.52,5.74,2.54,3.51,5.74,1.68,3.17,5.74,0.8,2.56,,"Fideicomiso Безотзывный 1721 Banco Actinver S A Institucion de Banca Multiple Grupo Financiero Actinver Division Fiduciaria — компания со штаб-квартирой в Мексике. Компания действует как инвестиционный траст недвижимости. Компания специализируется на приобретении, владении и управлении недвижимостью класса А, логистике и производственных услугах, а также услугах розничной торговли и электронной коммерции. Компания присутствует в Мехико, Гвадалахаре, Монтеррее, Рейносе, Тихуане и Хуаресе.",
3786,US,FBASF,MXCFFU000001,FBASF.PK,Fideicomiso Irrevocable No F/1401,6.13535,PNK,4,Недвижимость,4,Коммерческие REIT,0.0,1.65,,1.65,0.0,1.34,1.88,1.31,1.45,1.88,0.93,1.3,1.88,0.93,1.31,1.94,0.93,1.35,1.94,0.8,1.23,2.25,0.59,1.32,,"Fideicomiso Irrevocable No F/1401 — это базирующаяся в Мексике компания, занимающаяся инвестициями в недвижимость (REIT). Компания обеспечивает эксплуатацию, приобретение, продажу и развитие коммерческой недвижимости. Портфель компании диверсифицируется по сегментам, клиентам и географическому положению.",
3789,US,MRVGF,AU000000MGR9,MRVGF.PK,Mirvac Group,4.78486,PNK,5,Недвижимость,1,Диверсифицированные REIT,0.0,1.19,,1.35,0.0,0.32,1.72,1.03,1.39,1.72,0.92,1.34,1.72,0.92,1.36,1.72,0.92,1.37,2.4,0.92,1.71,2.4,0.92,1.69,,"Mirvac Group — австралийская компания, которая занимается инвестициями в недвижимость с целью получения дохода от аренды и инвестиций в некотируемые фонды. Он владеет и управляет активами в жилом, офисном и промышленном секторах, в сфере розничной торговли и строительства для сдачи в аренду. Жилая недвижимость Компании включает дома, квартиры, таунхаусы и земельные участки. У компании есть проекты жилых квартир и поселений в Новом Южном Уэльсе, Квинсленде, Виктории и Западной Австралии. В ее портфолио офисной недвижимости входят 101-103 Миллер-стрит, Северный Сидней; 410 Энн-стрит, Брисбен; Локомотивная мастерская, Южный Эвли; 380 Сент-Килда-Роуд, Мельбурн; Маркет-стрит, 31, Сидней; 367 Коллинз-стрит, Мельбурн; Бонд-стрит, 10-20, Сидней и другие. В ее портфель промышленной недвижимости входит дом по адресу Герберт-стрит, 39, Сент-Леонардс. Аутлет-центр Birkenhead Point Brand расположен в пяти километрах от центрального делового района Сиднея на великолепном участке набережной площадью 3,7 гектара.",
3808,US,GRP_u,CA3874372053,GRP_u.N,Granite Real Estate Investment Trust,3.56008,NYS,6,Недвижимость,5,Коммерческие REIT,0.0,59.19,,0.0,0.0,0.0,60.99,50.96,55.45,60.99,39.05,51.47,61.2,39.05,52.68,66.16,39.05,54.13,84.0,39.05,59.21,84.0,24.6,50.71,,"Granite Real Estate Investment Trust («Траст») — канадский инвестиционный траст в сфере недвижимости. Траст занимается приобретением, развитием, владением и управлением логистической, складской и промышленной недвижимостью в Северной Америке и Европе. Траст владеет примерно 147 инвестиционными объектами недвижимости общей площадью около 62,6 миллиона квадратных футов арендуемой площади. Инвестиционная недвижимость Траста включает в себя приносящую доход недвижимость и недвижимость под застройку. Объекты, приносящие доход, состоят в основном из логистических объектов, складов электронной коммерции и распределения, а также объектов легкой и тяжелой промышленности. Вся приносящая доход недвижимость предназначена для промышленного использования и может быть классифицирована как недвижимость для распределения/электронной коммерции, промышленная/складская, гибкая/офисная недвижимость или недвижимость специального назначения. Недвижимость под застройку включает в себя как недвижимость, находящуюся под застройкой, так и землю, предназначенную для застройки.",
3813,US,UTGPF,GB0006928617,UTGPF.PK,Unite Group PLC,3.199445,PNK,7,Недвижимость,1,Жилые REIT,0.0,6.1,,6.63,0.0,4.39,10.84,6.99,8.58,11.9,6.99,9.29,13.16,6.99,10.07,13.4,6.99,10.47,16.25,6.99,11.3,16.25,6.75,11.08,,,
3818,US,PCH,US7376301039,PCH.O,Potlatchdeltic Corp,3.230611,NSQ,8,Недвижимость,1,Специализированные REIT,0.0,41.73,,0.0,0.0,0.0,44.41,37.69,40.96,48.12,36.82,41.3,48.12,36.82,41.3,48.12,36.82,41.3,48.12,36.82,41.3,48.12,36.82,41.3,,"PotlatchDeltic Corporation — это инвестиционный фонд недвижимости (REIT), осуществляющий свою деятельность примерно в девяти штатах. Компания работает в трех сегментах: Timberlands, Wood Products и Real Estate. Сегмент Timberlands обеспечивает сегмент Wood Products частью потребностей в древесном волокне. Сегмент изделий из древесины производит и продает пиломатериалы, фанеру и отходы на семи заводах, расположенных в Арканзасе, Айдахо, Мичигане и Миннесоте. Продукция сегмента в основном представляет собой товарную продукцию, которая продается конечным потребителям, розничным торговцам или оптовикам для распространения по всей стране, главным образом, для использования в жилищном строительстве, ремонте и реконструкции, промышленной продукции и другой строительной деятельности. Сегмент недвижимости состоит в основном из продажи сельской земли, а также деятельности по развитию и разделению недвижимости. Сегмент недвижимости также занимается девелопментом и продажей недвижимости, а иногда и продает незастроенные площади через свою PotlatchDeltic TRS.",
3822,US,KREVF,SG1T22929874,KREVF.PK,Keppel REIT,3.422606,PNK,9,Недвижимость,6,Коммерческие REIT,0.0,0.68,,0.74,0.0,0.39,1.2,0.5,0.74,1.2,0.5,0.71,1.2,0.5,0.68,1.2,0.5,0.67,2.14,0.5,0.76,2.14,0.5,0.77,,"Keppel REIT («Траст») — это сингапурский инвестиционный траст в сфере недвижимости с портфелем первоклассных коммерческих активов в ключевых деловых районах Азиатско-Тихоокеанского региона. Траст инвестирует в портфель недвижимости и связанных с недвижимостью активов, которые используются в коммерческих целях в Сингапуре и Азии. Его цель состоит в том, чтобы обеспечить стабильный доход и обеспечить устойчивую долгосрочную общую прибыль для своих пайщиков путем владения и инвестирования в портфель качественной приносящей доход коммерческой недвижимости и связанных с ней активов в Азиатско-Тихоокеанском регионе. Его недвижимость находится в Сингапуре; ключевые австралийские города Сидней, Мельбурн и Перт; Сеул, Южная Корея; а также Токио, Япония. В число его объектов входят Ocean Financial Centre; Финансовый центр Марина Бэй; Уан Раффлз-Куэй; Башня Кеппел Бэй; 255 Джордж-стрит, Сидней; Чифли-сквер, 8, Сидней; Башня Т, Сеул; КР Гиндза II, Токио; 2 Блу-стрит, Сидней; Pinnacle Office Park, Сидней и другие. Им управляет компания Keppel REIT Management Limited.",
3827,US,DWVYF,GB0002652740,DWVYF.PK,Derwent London PLC,2.308694,PNK,10,Недвижимость,7,Коммерческие REIT,0.0,21.32,,24.86,0.0,10.43,24.28,22.86,23.57,24.28,22.86,23.57,30.3,22.86,26.01,32.8,22.86,26.24,51.62,21.0,32.4,51.62,21.0,35.2,,"Derwent London plc — британский инвестиционный фонд недвижимости (REIT). Компания является специалистом по восстановлению офисной недвижимости и инвестором. Он владеет и управляет инвестиционным портфелем площадью более 5,3 миллиона квадратных футов, из которых 99% расположено в центре Лондона, с особым акцентом на Вест-Энд и районы, граничащие с лондонским Сити, причем последний в основном находится в технологическом поясе. Его недвижимость находится в Лондоне (центральный Вест-Энд, границы Вест-Энда/другие границы и границы города), а остальная часть - в Шотландии (провинция). В его портфолио входят 80 Charlotte Street, The Featherstone Building, Soho Place, Brunel Building, 25 Baker Street, White Collar Factory, Network, Tea Building, The White Chapel Building, Greencoat and Gordon House, Middlesex House, 25 Savile Row, Rathbone Studios, Morelands, Angel Building, Horseferry House, 50 Baker Street W1 и другие. В число ее дочерних компаний входят Asta Commercial Limited, BBR (Commercial) Limited, Caledonian Properties Limited и другие.",
3844,US,ESRT,US2921041065,ESRT.K,Empire State Realty Trust Inc,0.873323,NYQ,11,Недвижимость,2,Диверсифицированные REIT,1.71,5.1,,5.77,4.87,5.28,8.38,6.37,7.39,10.42,6.37,7.84,11.62,6.37,8.99,11.62,5.39,8.55,13.11,5.39,8.87,22.3,5.19,12.42,,"Empire State Realty Trust, Inc. — это инвестиционный фонд недвижимости (REIT), который владеет и управляет портфелем офисных, торговых и многоквартирных активов. Портфель компании включает около 7,8 миллиона арендуемых квадратных футов офисных площадей, 0,8 миллиона арендуемых квадратных футов торговых площадей и 743 жилых единицы. В портфолио офисов было 10 объектов. Девять из этих офисных объектов расположены в центре Манхэттена и охватывают около 7,6 миллиона арендуемых квадратных футов офисных площадей и 0,5 миллиона арендуемых квадратных футов торговых площадей, включая Эмпайр-Стейт-Билдинг. Сегменты компании включают недвижимость и обсерваторию. Сегмент недвижимости включает в себя всю деятельность, связанную с владением, управлением, эксплуатацией, приобретением, реконструкцией, перемещением и отчуждением традиционных активов недвижимости. Сегмент обсерватории управляет обсерваториями на 86-м и 102-м этажах Эмпайр-стейт-билдинг.",
3845,US,OGCP,US2921022099,OGCP.K,Empire State Realty OP LP,0.113151,PCQ,12,Недвижимость,8,Коммерческие REIT,0.0,4.9,,5.56,0.0,3.88,8.18,6.07,7.08,9.97,6.07,7.44,11.9,6.07,8.93,11.9,4.7,8.44,13.0,4.7,8.82,21.99,4.7,13.15,,"Empire State Realty OP, LP — инвестиционный фонд недвижимости. Она владеет и управляет портфелем хорошо сданных в аренду, первоклассных, модернизированных, благоустроенных и хорошо расположенных офисных, торговых и многоквартирных активов. Сегмент недвижимости включает в себя всю деятельность, связанную с владением, управлением, эксплуатацией, приобретением, перемещением и отчуждением офисных, торговых и многоквартирных активов, расположенных в Нью-Йорке. Его сегмент обсерватории управляет обсерваториями на 86-м и 102-м этажах Эмпайр-стейт-билдинг. В портфель компании входят более 7,8 миллиона арендуемых квадратных футов офисных площадей, 0,8 миллиона арендуемых квадратных футов торговых площадей и 732 жилых единицы. В портфолио офисов 10 объектов. Девять из этих офисных объектов расположены в центре Манхэттена и включают более 7,6 миллиона арендуемых квадратных футов офисных помещений и 0,5 миллиона арендуемых квадратных футов торговых площадей, включая Эмпайр-Стейт-Билдинг. Оставшаяся офисная недвижимость находится в Стэмфорде, штат Коннектикут.",
3846,US,FISK,US2921023089,FISK.K,Empire State Realty OP LP,0.113151,PCQ,13,Недвижимость,9,Коммерческие REIT,0.0,4.9,,5.6,0.0,4.03,8.16,6.23,7.1,9.86,6.23,7.84,11.39,6.23,9.16,11.39,4.73,8.64,13.57,4.73,8.95,22.98,4.73,12.69,,"Empire State Realty OP, LP — инвестиционный фонд недвижимости. Она владеет и управляет портфелем хорошо сданных в аренду, первоклассных, модернизированных, благоустроенных и хорошо расположенных офисных, торговых и многоквартирных активов. Сегмент недвижимости включает в себя всю деятельность, связанную с владением, управлением, эксплуатацией, приобретением, перемещением и отчуждением офисных, торговых и многоквартирных активов, расположенных в Нью-Йорке. Его сегмент обсерватории управляет обсерваториями на 86-м и 102-м этажах Эмпайр-стейт-билдинг. В портфель компании входят более 7,8 миллиона арендуемых квадратных футов офисных площадей, 0,8 миллиона арендуемых квадратных футов торговых площадей и 732 жилых единицы. В портфолио офисов 10 объектов. Девять из этих офисных объектов расположены в центре Манхэттена и включают более 7,6 миллиона арендуемых квадратных футов офисных помещений и 0,5 миллиона арендуемых квадратных футов торговых площадей, включая Эмпайр-Стейт-Билдинг. Оставшаяся офисная недвижимость находится в Стэмфорде, штат Коннектикут.",
3847,US,ESBA,US2921021000,ESBA.K,Empire State Realty OP LP,0.113151,PCQ,14,Недвижимость,10,Коммерческие REIT,0.0,4.95,,5.7,4.65,5.16,8.3,5.98,7.21,10.85,5.98,7.65,11.5,5.98,8.78,11.5,5.08,8.35,13.05,5.08,8.77,22.19,5.08,12.56,,"Empire State Realty OP, LP — инвестиционный фонд недвижимости. Она владеет и управляет портфелем хорошо сданных в аренду, первоклассных, модернизированных, благоустроенных и хорошо расположенных офисных, торговых и многоквартирных активов. Сегмент недвижимости включает в себя всю деятельность, связанную с владением, управлением, эксплуатацией, приобретением, перемещением и отчуждением офисных, торговых и многоквартирных активов, расположенных в Нью-Йорке. Его сегмент обсерватории управляет обсерваториями на 86-м и 102-м этажах Эмпайр-стейт-билдинг. В портфель компании входят более 7,8 миллиона арендуемых квадратных футов офисных площадей, 0,8 миллиона арендуемых квадратных футов торговых площадей и 732 жилых единицы. В портфолио офисов 10 объектов. Девять из этих офисных объектов расположены в центре Манхэттена и включают более 7,6 миллиона арендуемых квадратных футов офисных помещений и 0,5 миллиона арендуемых квадратных футов торговых площадей, включая Эмпайр-Стейт-Билдинг. Оставшаяся офисная недвижимость находится в Стэмфорде, штат Коннектикут.",
3857,US,EFC_pa,US28852N2080,EFC_pa.N,Ellington Financial Inc,1.465873,NYS,15,Недвижимость,2,Специализированные REIT,0.0,25.17,,0.0,0.0,0.0,25.68,24.7,25.26,25.68,21.52,25.14,25.68,21.52,24.84,25.68,18.58,23.75,26.8,18.0,23.83,26.8,5.43,23.41,,"Ellington Financial Inc. — инвестиционный фонд недвижимости. Компания приобретает и управляет ипотечными, потребительскими, корпоративными и другими финансовыми активами. Сегменты Компании включают сегмент инвестиционного портфеля и сегмент Лонгбридж. Сегмент инвестиционного портфеля ориентирован на инвестирование в широкий спектр финансовых активов, включая жилищные и коммерческие ипотечные кредиты, ценные бумаги, обеспеченные жилищной ипотекой (RMBS), коммерческие ценные бумаги, обеспеченные ипотекой (CMBS), потребительские кредиты и ценные бумаги, обеспеченные активами (ABS), включая ABS, обеспеченные потребительскими кредитами, обеспеченные кредитные обязательства (CLO), производные финансовые инструменты, не связанные с ипотекой и ипотекой, долговые и долевые инвестиции в компании, выдающие кредиты, а также другие стратегические инвестиции. Сегмент Лонгбриджа занимается выдачей и обслуживанием обратных ипотечных кредитов, а также инвестированием в них. Компанией управляет и консультирует компания Ellington Financial Management LLC.",
3862,US,ALEX,US0144911049,ALEX.K,Alexander & Baldwin Inc (Hawaii),1.518725,NYQ,16,Недвижимость,3,Диверсифицированные REIT,0.0,20.84,,20.85,0.0,11.72,21.03,15.07,17.87,21.03,15.07,17.7,21.03,15.07,17.78,21.03,15.07,17.91,26.57,14.89,18.81,30.35,8.32,20.69,,"Alexander & Baldwin, Inc. — инвестиционный фонд недвижимости (REIT). Компания специализируется на владении, эксплуатации и развитии коммерческой недвижимости. Компания работает в двух сегментах: коммерческая недвижимость и земельные операции. Сегмент коммерческой недвижимости функционирует как вертикально интегрированная инвестиционная компания в сфере недвижимости, специализирующаяся на инвестициях и приобретениях, включая выявление возможностей и приобретение недвижимости; строительство и девелопмент, включая проектирование и застройку новых объектов недвижимости, а также внутреннюю аренду и управление недвижимостью. Сегмент «Земельные операции» включает в себя земельные владения Компании, инвестиции в совместные предприятия и обязательства, которые подлежат упрощению и монетизации Компанией. Она владеет, управляет и управляет примерно 4,0 миллионами квадратных футов коммерческих площадей на Гавайях, включая 21 торговый центр, 14 промышленных активов и четыре офисных объекта, а также 146 акров арендуемых земель.",
3884,US,JBGS,US46590V1008,JBGS.K,JBG SMITH Properties,0.867983,NYQ,17,Недвижимость,11,Коммерческие REIT,1.04,14.71,,16.06,14.03,14.89,24.3,16.66,19.74,24.3,13.28,17.79,24.3,13.28,17.04,24.3,12.63,16.56,34.98,12.63,20.97,43.21,12.63,26.88,,"JBG SMITH Properties — инвестиционный траст в сфере недвижимости. Компания владеет, управляет и развивает объекты смешанного назначения, сосредоточенные на субрынках, обслуживаемых метрополитеном, в Вашингтоне и его окрестностях, в первую очередь в районе National Landing. Сегменты компании включают многоквартирные, коммерческие и сторонние услуги в сфере недвижимости. В портфолио компании есть офисные, жилые и торговые помещения. Его розничные арендаторы варьируются от ресторанов и бакалейных лавок до местных ремесленников и магазинов. Его операционный портфель состоит примерно из 11,9 млн квадратных футов на долю многоквартирных, офисных и торговых активов. Он также поддерживает портфель развития, охватывающий 8,9 миллиона квадратных футов возможностей развития смешанного использования, в основном многоквартирных домов. Ее активы расположены в Вашингтоне, округе Колумбия (округ Колумбия), Мэриленде и Северной Вирджинии. В ее портфолио входят 1666 K STREET, NW; УЛИЦА 1700 К; УЛИЦА 1717 К; УЛИЦА ДЕСАЛЕС 1725; УЛИЦА 1900 Н; 1919 М УЛИЦА; и 1000 ТОМАС ДЖЕФФЕРСОН-СТРИТ, СЗ; среди других.",
3888,US,PMTU,US70931T6082,PMTU.K,PennyMac Mortgage Investment Trust,0.987638,NYQ,18,Недвижимость,3,Специализированные REIT,0.0,25.45,,25.79,25.02,25.49,26.26,25.03,25.53,26.26,24.46,25.46,26.48,24.46,25.5,26.48,23.75,25.4,26.48,23.75,25.4,26.48,23.75,25.4,,"PennyMac Mortgage Investment Trust — это инвестиционный фонд ипотечной недвижимости (REIT), который инвестирует в основном в жилищные ипотечные кредиты и активы, связанные с ипотекой. Сегменты Компании включают стратегии, чувствительные к кредитам, стратегии, чувствительные к процентным ставкам, и соответствующее производство. Сегмент кредитно-чувствительных стратегий представляет собой инвестиции в механизмы CRT, относящиеся к кредитам собственного корреспондентского производства и подчиненных MBS. Сегмент стратегий, чувствительных к процентным ставкам, представляет собой инвестиции в MSR, агентские и старшие неагентские MBS, а также в соответствующую деятельность по хеджированию процентных ставок. Соответствующий производственный сегмент представляет собой свою деятельность, направленную на выполнение функций посредника между кредиторами и рынками капитала путем покупки, объединения и перепродажи вновь выданных кредитов высшего кредитного качества либо напрямую, либо в форме MBS, используя услуги PCM и PLS. Компанией управляет компания PNMAC Capital Management, LLC.",
3889,US,PMT,US70931T1034,PMT.N,PennyMac Mortgage Investment Trust,0.987638,NYS,19,Недвижимость,4,Специализированные REIT,0.46,11.35,,12.19,11.14,11.67,13.37,11.6,12.41,14.92,11.6,12.8,15.22,11.6,13.37,15.89,10.52,13.26,21.52,10.52,14.83,23.77,3.5,16.29,,"PennyMac Mortgage Investment Trust — это инвестиционный фонд ипотечной недвижимости (REIT), который инвестирует в основном в жилищные ипотечные кредиты и активы, связанные с ипотекой. Сегменты Компании включают стратегии, чувствительные к кредитам, стратегии, чувствительные к процентным ставкам, и соответствующее производство. Сегмент кредитно-чувствительных стратегий представляет собой инвестиции в механизмы CRT, относящиеся к кредитам собственного корреспондентского производства и подчиненных MBS. Сегмент стратегий, чувствительных к процентным ставкам, представляет собой инвестиции в MSR, агентские и старшие неагентские MBS, а также в соответствующую деятельность по хеджированию процентных ставок. Соответствующий производственный сегмент представляет собой свою деятельность, направленную на выполнение функций посредника между кредиторами и рынками капитала путем покупки, объединения и перепродажи вновь выданных кредитов высшего кредитного качества либо напрямую, либо в форме MBS, используя услуги PCM и PLS. Компанией управляет компания PNMAC Capital Management, LLC.",
3893,US,CSR,US15202L1070,CSR.N,Centerspace,0.96335,NYS,20,Недвижимость,2,Жилые REIT,0.06,57.43,,63.58,56.62,60.46,68.8,52.95,60.31,68.8,52.95,61.22,75.92,52.28,63.65,75.92,46.76,62.22,112.04,46.76,70.85,112.04,43.87,66.77,,"Centerspace — инвестиционный траст в сфере недвижимости. сосредоточено на владении, управлении, приобретении, развитии и перепланировке многоквартирных домов. Ему принадлежат около 68 жилых комплексов, состоящих из 12 941 дома, расположенных в Колорадо, Миннесоте, Монтане, Небраске, Северной Дакоте, Южной Дакоте и Юте. Компания осуществляет свою коммерческую деятельность через консолидированное операционное партнерство Centerspace, LP (Операционное партнерство), а также через ряд других консолидированных дочерних предприятий. В портфель жилых комплексов компании входят 71 Франция, апартаменты Alps Park, апартаменты Arcata, жилые дома Ashland, таунхаусы Avalon Cove, Бургундия и Хиллсборо, апартаменты Canyon Lake, многоквартирные дома Castlerock, многоквартирные дома Cottonwood, многоквартирные дома Country Meadows, многоквартирные дома Deer Ridge, многоквартирные дома Grand Gateway, апартаменты Homestead Garden, жилые дома Silver Springs, апартаменты Rimrock West, The Lydian и другие.",
3900,US,BFS,US8043951016,BFS.N,Saul Centers Inc,0.800767,NYS,21,Недвижимость,12,Коммерческие REIT,0.03,32.69,,35.06,32.22,33.44,35.75,29.16,31.87,38.89,29.16,33.47,42.34,29.16,36.0,43.82,29.16,36.49,56.02,29.16,39.85,68.72,23.5,45.96,,"Saul Centers, Inc. — это самоуправляемый и самоуправляемый инвестиционный фонд недвижимости (REIT). Компания, которая осуществляет всю свою деятельность через свои дочерние компании, Операционное партнерство и Дочерние партнерства, занимается владением, эксплуатацией, управлением, арендой, приобретением, реконструкцией, расширением, развитием и финансированием общественных и районных торговых центров и многофункциональных объектов недвижимости, в основном в столичном регионе Вашингтона, округ Колумбия, Балтимора. Компания работает в двух бизнес-сегментах: торговые центры и многофункциональная недвижимость. Компания управляет портфелем недвижимости, состоящим примерно из 62 объектов недвижимости, в том числе 58 общественных и районных торговых центров и многофункциональных объектов с арендной площадью около 10,2 миллиона квадратных футов, а также четырьмя земельными участками и объектами застройки.",
3901,US,SAFE,US78646V1070,SAFE.K,Safehold Inc,0.977327,NYQ,22,Недвижимость,4,Диверсифицированные REIT,0.38,13.62,,16.22,13.39,14.69,17.16,12.76,14.83,19.53,12.76,15.66,28.8,12.76,18.52,38.14,12.76,20.54,84.51,12.76,35.22,84.51,12.76,34.79,,"Safehold Inc. — инвестиционный фонд недвижимости (REIT). Компания помогает владельцам многоквартирных, офисных, промышленных, гостиничных, студенческих общежитий, объектов биологической науки и многофункциональной недвижимости получать более высокую прибыль. Компания осуществляет свою деятельность в рамках одного отчетного сегмента путем приобретения, управления и капитализации объектов аренды земли. Его основной инвестиционной целью является создание диверсифицированного портфеля договоров аренды земли, ориентированного на получение привлекательной качественной прибыли с поправкой на риск и поддержку стабильных и растущих распределений среди своих акционеров. Портфель Компании состоит из договоров аренды земли и одного генерального договора аренды (относящегося к пяти гостиничным активам, которые она называет своим портфелем Park Hotels). Ее портфель недвижимости расположен по всему Манхэттену; Вашингтон, округ Колумбия (округ Колумбия); Бостон; Лос-Анджелес; Сан-Франциско; Денвер; Гонолулу; Нэшвилл; Майами и Атланта.",
3902,US,PDM,US7201902068,PDM.N,Piedmont Realty Trust Inc,0.812624,NYS,23,Недвижимость,13,Коммерческие REIT,0.49,6.5,,7.56,6.32,6.88,9.18,7.18,8.2,9.25,5.46,7.81,11.12,5.46,7.95,11.15,4.92,7.69,20.35,4.92,10.97,24.77,4.92,15.13,,"Piedmont Realty Trust, Inc., ранее называвшаяся Piedmont Office Realty Trust, Inc., является полностью интегрированной самоуправляемой инвестиционной компанией в сфере недвижимости. Являясь владельцем, менеджером, застройщиком и оператором 16 млн объектов недвижимости класса А в SF на основных рынках Sunbelt США, Компания преобразует здания в лучшие места Пьемонта, которые повышают качество работы каждого клиента. Она ведет бизнес через свою дочернюю компанию Piedmont Operating Partnership, LP (Piedmont OP). Piedmont OP владеет недвижимостью напрямую, через свои 100% дочерние компании и через различные совместные предприятия, которые он контролирует. В его портфель входят, среди прочего, 999 Peachtree, 1155 Perimeter Center West, Las Colinas Connection, Park Place on Turtle Creek, Norman Pointe I, US Bancorp Center, The Exchange on Orange, 4250 North Fairfax, Arlington Gateway, Crescent Ridge II и Wayside Office Park.",
3904,US,MFA,US55272X6076,MFA.N,MFA Financial Inc,0.984185,NYS,24,Недвижимость,5,Специализированные REIT,0.56,9.64,,10.33,9.41,9.93,10.56,8.78,9.49,11.08,7.86,9.71,13.45,7.86,10.52,13.45,7.86,10.53,19.6,7.16,12.44,35.6,1.28,19.79,,"MFA Financial, Inc. — специализированная финансовая компания, которая инвестирует в жилищные ипотечные кредиты, ценные бумаги, обеспеченные ипотекой, и другие активы недвижимости. Его целевые инвестиции в основном включают целые жилищные кредиты и ипотечные ценные бумаги. Его целые жилищные кредиты включают в себя кредиты, не обеспечивающие качество управления качеством, кредиты для деловых целей и устаревшие восстанавливаемые кредиты (RPL) / необслуживаемые кредиты (NPL). Ее ценные бумаги, обеспеченные ипотекой жилья, включают в себя агентские ценные бумаги, обеспеченные ипотекой (MBS), неагентские MBS, ценные бумаги CRT и активы, связанные с правами на обслуживание ипотеки (MSR), которые включают в себя срочные облигации, обеспеченные прямо или косвенно MSR. Его основной бизнес-целью является создание акционерной стоимости за счет получения распределяемого дохода и за счет эффективности активов, связанной с основами ипотечного жилищного кредитования. Компания через свою дочернюю компанию Lima One Capital (Lima One) также выдает и обслуживает кредиты для деловых целей для инвесторов в недвижимость.",
3906,US,NWHUF,CA92848P1071,NWHUF.PK,Vital Infrastructure Property Trust,0.937338,PNK,25,Недвижимость,6,Специализированные REIT,0.03,3.79,,4.32,0.0,3.34,3.96,3.34,3.66,3.96,2.98,3.53,5.43,2.92,3.56,7.79,2.85,4.2,12.16,2.85,6.56,12.16,2.85,7.21,,"Northwest Healthcare Properties Real Estate Investment Trust (REIT) — канадский открытый траст. Это глобальный инвестор и оператор активов инфраструктуры здравоохранения. Он предоставляет инвесторам доступ к портфелю международной инфраструктуры медицинской недвижимости, представляющей интерес, в диверсифицированном портфеле, включающем около 168 доходных объектов недвижимости и 15,8 миллионов квадратных футов общей арендуемой площади, расположенной на основных рынках Северной Америки, Австралии, Бразилии и Европы. Портфель медицинских офисных зданий, клиник и больниц REIT характеризуется долгосрочной индексированной арендой и стабильной заполняемостью. Компания использует свою глобальную рабочую силу в восьми странах, чтобы служить долгосрочным партнером в сфере недвижимости для операторов здравоохранения. Она владеет, управляет, приобретает и развивает активы здравоохранения в ключевых медицинских учреждениях и вокруг них, а также кластерах амбулаторных учреждений в городских районах крупных городов.",
3912,US,SURYY,US86563B2025,SURYY.PK,Sumitomo Realty & Development Co Ltd,25.631838,PNK,26,Недвижимость,1,"Аренда недвижимости, девелопмент и эксплуатация",0.0,13.72,,16.2,0.0,11.35,13.17,9.5,11.25,13.17,7.42,10.18,13.17,7.0,9.52,13.17,4.78,9.19,13.17,4.78,9.01,13.17,4.78,9.01,,"Sumitomo Realty & Development Co Ltd — японская компания, занимающаяся в основном бизнесом, связанным с недвижимостью. Компания осуществляет свою деятельность через пять бизнес-сегментов. Сегмент «Лизинг недвижимости» сдает в аренду и управляет офисными зданиями и кондоминиумами, а также управляет гостиницами, конференц-залами и коммерческими объектами. Сегмент продаж недвижимости занимается продажей кондоминиумов и частных домов. Сегмент завершения строительства занимается заключением контрактов на строительство и реконструкцию частных домов и кондоминиумов. Сегмент «Недвижимость для продаж» занимается брокерскими и агентскими услугами по продаже недвижимости. Сегмент «Другие» занимается фитнес-клубным бизнесом, ресторанным бизнесом.",
3915,US,HLDVF,HK0012000102,HLDVF.PK,Henderson Land Development Co Ltd,17.986462,PNK,27,Недвижимость,2,"Аренда недвижимости, девелопмент и эксплуатация",0.0,3.78,,3.78,0.0,0.54,3.94,3.14,3.57,3.94,2.56,3.4,3.94,2.56,3.23,3.94,2.42,3.18,4.8,2.42,3.36,5.92,2.42,4.04,,"Henderson Land Development Co Ltd — инвестиционная холдинговая компания, занимающаяся в основном девелопментом. Компания осуществляет свою деятельность в шести сегментах. Сегмент развития недвижимости занимается девелопментом и продажей недвижимости. Сегмент «Лизинг недвижимости» занимается сдачей в аренду недвижимости. Сегмент «Универмаги и супермаркеты-магазины» занимается эксплуатацией и управлением универмагами и супермаркетами-магазинами. Сегмент «Эксплуатация гостиничных номеров» занимается эксплуатацией гостиничных объектов. Сегмент «Другой бизнес» занимается управлением гостиницами, строительным проектированием, предоставлением финансового кредитования, управлением проектами, управлением недвижимостью, услугами охраны и уборки, услугами общественного питания, туристическими операциями, а также торговлей строительными материалами. Сегмент коммунальных услуг и энергетики занимается добычей, передачей и продажей газа, водоснабжения, возобновляемыми источниками энергии и развивающимся энергетическим бизнесом.",
3921,US,SNLAY,US8293443086,SNLAY.PK,Sino Land Co Ltd,13.86445,PNK,28,Недвижимость,3,"Аренда недвижимости, девелопмент и эксплуатация",0.0,7.49,,8.2,7.1,7.52,7.25,5.15,6.37,7.25,4.5,5.66,7.25,4.5,5.48,7.25,4.5,5.63,8.07,4.5,6.07,9.59,4.5,6.48,,"Sino Land Co Ltd — инвестиционная холдинговая компания, занимающаяся в основном арендой недвижимости. Компания осуществляет свою деятельность в шести сегментах. Сегмент продаж недвижимости занимается продажей жилых объектов, в том числе жилых домов в Corinthia By The Sea в Цеунг Кван О, Dragons Range в Кау То, Палаццо в Чэнду и других. Сегмент «Аренда недвижимости» занимается сдачей в аренду торгового, офисного и промышленного портфеля. Сегмент управления недвижимостью и других услуг в основном предоставляет услуги по управлению недвижимостью лучших жилых домов, коммерческих зданий, торговых центров и изысканных клубов. Сегмент гостиничных операций управляет такими отелями, как The Fullerton Hotel Singapore, The Fullerton Bay Hotel Singapore, Conrad Hong Kong, The Westin Sydney и The Olympian Hong Kong. Сегмент «Инвестиции в ценные бумаги» занимается инвестиционным бизнесом в ценные бумаги. Финансовый сегмент предоставляет финансовые услуги.",
3922,US,DTCWY,US25161M1036,DTCWY.PK,Deutsche Wohnen SE,8.80786,PNK,29,Недвижимость,4,"Аренда недвижимости, девелопмент и эксплуатация",0.0,10.88,,12.8,0.0,6.85,13.88,12.1,12.83,13.88,10.52,12.43,15.85,9.27,11.74,15.85,8.88,11.49,32.26,8.15,17.84,32.26,8.15,20.06,,"Deutsche Wohnen SE — немецкая компания по недвижимости, которая специализируется на управлении и развитии своего портфеля жилой недвижимости. Компания делит свою деятельность на три сегмента: Управление жилой недвижимостью; Утилизация, а также уход и уход за больными. Основной деятельностью сегмента «Управление жилой недвижимостью» является управление жилой недвижимостью, включая модернизацию и поддержание портфеля недвижимости. Сегмент «Выбытие» включает в себя все аспекты подготовки и осуществления продажи квартир, находящихся в портфеле Компании. Сегмент ухода и ухода за больными находится под управлением компании KATHARINENHOF Seniorenwohn- und Pflegeanlage GmbH и предлагает услуги проживания и ухода в Берлине, Бранденбурге, Саксонии и Нижней Саксонии в Германии.",
3923,US,WARFY,US9622574088,WARFY.PK,Wharf Holdings Ltd,8.528848,PNK,30,Недвижимость,5,"Аренда недвижимости, девелопмент и эксплуатация",0.0,5.5,,6.44,0.0,4.72,6.72,5.01,5.7,6.72,4.39,5.26,7.22,4.39,5.46,7.22,4.0,5.21,7.86,4.0,5.67,8.72,3.01,5.35,,"Wharf Holdings Ltd — инвестиционная холдинговая компания, занимающаяся в основном девелопментом. Компания осуществляет свою деятельность через четыре сегмента. Сегмент девелоперской недвижимости занимается приобретением, девелопментом, проектированием, строительством, продажей и маркетингом недвижимости. Сегмент инвестиционной недвижимости занимается сдачей в аренду торговых помещений, офисов и квартир с обслуживанием. Гостиничный сегмент занимается гостиничной деятельностью. Сегмент логистики занимается контейнерными терминалами и авиагрузовыми операциями.",
3931,US,CDEVY,US1777973058,CDEVY.PK,City Developments Ltd,5.878525,PNK,31,Недвижимость,6,"Аренда недвижимости, девелопмент и эксплуатация",0.0,6.42,,7.47,0.0,6.46,6.5,3.87,5.29,6.5,3.24,4.56,6.5,3.24,4.35,6.51,3.24,4.63,6.64,3.24,4.98,9.95,3.24,5.85,,"City Developments Limited — это глобальная компания по недвижимости со штаб-квартирой в Сингапуре, сеть которой охватывает 168 объектов в 29 странах и регионах. Разнообразное портфолио компании включает жилые дома, офисы, отели, апартаменты с обслуживанием, студенческие общежития, торговые центры и комплексные проекты. Сегменты компании включают девелопмент недвижимости, гостиничные операции, инвестиционную недвижимость и другие. Сегмент девелопмента недвижимости занимается строительством и приобретением недвижимости для продажи. Сегмент гостиничных операций владеет и управляет отелями. Сегмент инвестиционной недвижимости занимается строительством и приобретением инвестиционной недвижимости для сдачи в аренду. Сегмент «Прочие» включает инвестиции в акции, управленческие и консультационные услуги, а также услуги прачечной. Компания построила более 53 000 домов и владеет около 23 006 356 квадратных метров общей площади жилых, коммерческих и гостиничных активов по всему миру, а также имеет более 161 отель по всему миру.",
3932,US,HLPPY,US41043M1045,HLPPY.PK,Hang Lung Properties Ltd,5.564842,PNK,32,Недвижимость,7,"Аренда недвижимости, девелопмент и эксплуатация",0.0,5.35,,6.3,5.31,5.79,6.02,4.56,5.42,6.02,3.51,4.72,7.08,3.3,4.69,10.34,3.3,5.8,14.5,3.3,7.82,14.5,3.3,9.6,,"Hang Lung Properties Ltd — инвестиционная холдинговая компания, занимающаяся в основном бизнесом по аренде недвижимости. Компания осуществляет свою деятельность через два сегмента. Сегмент лизинга недвижимости занимается сдачей в аренду портфеля объектов недвижимости под брендом «66» в материковом Китае, включая Шанхай, Шэньян, Цзинань, Уси, Тяньцзинь, Далянь, Куньмин, Ухань и Ханчжоу. Компания также занимается девелопментом и продажей недвижимости в Гонконге. В портфель недвижимости входят, среди прочего, коммерческая недвижимость, офисы, жилые апартаменты и апартаменты с обслуживанием. Сегмент продаж недвижимости занимается продажей недвижимости в Гонконге, в том числе квартир в Лонг-Бич и двухквартирных домов по адресу 23-39 Blue Pool Road.",
3933,US,AYALY,US0546363039,AYALY.PK,Ayala Corp,5.344256,PNK,33,Недвижимость,8,"Аренда недвижимости, девелопмент и эксплуатация",0.0,8.33,,8.72,0.0,1.04,15.31,6.89,8.28,15.31,6.89,8.28,59.99,6.89,11.02,999.0,6.89,28.43,999.0,6.89,22.7,999.0,6.89,18.76,,"Ayala Corporation — холдинговая компания со штаб-квартирой на Филиппинах. Деятельность компании разделена на недвижимость и отели, финансовые услуги, телекоммуникации, энергетику, здравоохранение, логистику, промышленные технологии и автомобилестроение, инфраструктуру, образование, технологические услуги, аутсорсинг бизнес-процессов, чартерные авиаперевозки, консалтинговые услуги и инвестиционные холдинги. В его бизнес-подразделения входят материнская компания, недвижимость и отели, финансовые услуги и страхование, телекоммуникации, промышленные технологии, энергетика, автомобилестроение и другие. Подразделение недвижимости и отелей занимается планированием и развитием полностью интегрированных многофункциональных сообществ. Бизнес-единица финансовых услуг и страхования занимается коммерческими банковскими операциями с расширенной банковской лицензией. Поставщик телекоммуникационного бизнес-подразделения, предоставляющий услуги цифровой беспроводной связи, услуги внутренней и международной междугородной связи или услуги оператора связи и другие.",
3941,US,GULRY,US4032271011,GULRY.PK,Guoco Group Ltd,2.864201,PNK,34,Недвижимость,9,"Аренда недвижимости, девелопмент и эксплуатация",0.0,15.45,,15.45,0.0,2.21,23.0,15.49,18.35,23.0,13.75,18.1,23.75,13.75,18.5,23.75,13.75,17.69,24.82,13.75,18.48,33.29,13.75,22.4,,"Guoco Group Ltd — инвестиционная холдинговая компания, занимающаяся преимущественно девелопментом и инвестиционным бизнесом. Компания осуществляет свою деятельность через четыре сегмента. Сегмент девелопмента и инвестиций занимается строительством жилой и коммерческой недвижимости и удерживает ее для получения дохода от аренды. Сегмент «Отель и отдых» владеет, арендует или управляет отелями, а также управляет игровыми и развлекательными предприятиями. Сегмент собственных инвестиций включает долговые, акционерные и прямые инвестиции, а также казначейские операции, торговые и стратегические инвестиции на мировых финансовых рынках. Сегмент финансовых услуг включает коммерческие и розничные банковские услуги, исламский банкинг, инвестиционный банкинг, страхование жизни и общее страхование, такафул-операции, управление фондами и паевые фонды, корпоративные консультационные услуги и торговлю акциями.",
3942,US,HNLGY,US41043E1029,HNLGY.PK,Hang Lung Group Ltd,2.602317,PNK,35,Недвижимость,10,"Аренда недвижимости, девелопмент и эксплуатация",0.0,10.09,,10.09,0.0,5.49,10.94,8.39,9.43,10.94,6.38,7.88,10.94,5.28,6.96,10.94,5.28,7.04,12.92,5.28,7.69,21.08,5.28,12.27,,"Hang Lung Group Ltd — инвестиционная холдинговая компания, занимающаяся в основном бизнесом по аренде недвижимости. Компания осуществляет свою деятельность через два сегмента. Сегмент «Лизинг недвижимости» занимается арендой недвижимости. Портфель инвестиционной недвижимости Компании состоит из торговых, офисных, жилых, обслуживаемых квартир и автостоянок, расположенных в основном в материковом Китае и Гонконге. Сегмент продаж недвижимости занимается строительством и продажей торговой недвижимости в материковом Китае и Гонконге.",
3943,US,HYSNY,US4491623041,HYSNY.PK,Hysan Development Co Ltd,2.417786,PNK,36,Недвижимость,11,"Аренда недвижимости, девелопмент и эксплуатация",0.0,4.56,,5.01,0.0,1.55,4.75,3.55,4.14,4.75,2.7,3.55,4.75,2.62,3.3,7.1,2.62,4.03,8.75,2.62,5.01,11.76,2.62,6.11,,"Hysan Development Co Ltd — компания, занимающаяся преимущественно сдачей в аренду недвижимости. Компания осуществляет свою деятельность через четыре сегмента. Розничный сегмент занимается арендой площадей и сопутствующих объектов. Сегмент «Офис» занимается арендой офисных помещений и сопутствующих помещений. Жилой сегмент занимается сдачей в аренду жилой недвижимости и сопутствующих объектов. Сегмент развития недвижимости занимается девелопментом и продажей недвижимости.",
3946,US,LLESY,US5260232054,LLESY.PK,LendLease Group,1.557255,PNK,37,Недвижимость,12,"Аренда недвижимости, девелопмент и эксплуатация",0.0,2.45,,2.86,0.0,2.16,3.79,3.0,3.48,4.35,2.98,3.58,5.04,2.98,4.03,6.38,2.98,4.57,10.98,2.98,6.21,16.11,2.98,8.94,,"LendLease Group — это интегрированная компания в сфере недвижимости с возможностью управления международными инвестициями. Сегмент «Инвестиции» компании включает владение и/или управление инвестициями в Австралии, Сингапуре, Великобритании, Италии, США, Малайзии и Японии. Сегмент включает платформу управления инвестициями и ее доли владения в жилых, офисных, торговых, промышленных и инфраструктурных инвестиционных активах. В его сегменте «Развитие» представлены проекты развития только в Австралии. Ее продукты и услуги включают в себя развитие многофункциональных комплексов в центре города, квартир, розничной торговли, коммерческих активов и социальной и экономической инфраструктуры. Сегмент «Строительство» представляет строительный бизнес только в Австралии. Ее продукты и услуги включают предоставление услуг по управлению проектами, проектированию и строительству. Сегмент Capital Release Unit включает зарубежные строительные операции, зарубежные девелоперские проекты и другие.",
3947,US,LLESF,AU000000LLC3,LLESF.PK,LendLease Group,1.557255,PNK,38,Недвижимость,13,"Аренда недвижимости, девелопмент и эксплуатация",0.0,3.2,,0.0,0.0,0.0,3.75,3.2,3.41,3.98,3.2,3.54,5.0,3.2,3.95,5.98,3.2,4.54,10.26,3.2,5.89,15.56,3.2,8.78,,"LendLease Group — это интегрированная компания в сфере недвижимости с возможностью управления международными инвестициями. Сегмент «Инвестиции» компании включает владение и/или управление инвестициями в Австралии, Сингапуре, Великобритании, Италии, США, Малайзии и Японии. Сегмент включает платформу управления инвестициями и ее доли владения в жилых, офисных, торговых, промышленных и инфраструктурных инвестиционных активах. В его сегменте «Развитие» представлены проекты развития только в Австралии. Ее продукты и услуги включают в себя развитие многофункциональных комплексов в центре города, квартир, розничной торговли, коммерческих активов и социальной и экономической инфраструктуры. Сегмент «Строительство» представляет строительный бизнес только в Австралии. Ее продукты и услуги включают предоставление услуг по управлению проектами, проектированию и строительству. Сегмент Capital Release Unit включает зарубежные строительные операции, зарубежные девелоперские проекты и другие.",
3948,US,SGHIY,US81943M1018,SGHIY.PK,Shanghai Industrial Holdings Ltd,1.936294,PNK,39,Недвижимость,14,"Аренда недвижимости, девелопмент и эксплуатация",0.0,17.83,,17.83,0.0,2.55,22.08,20.1,21.02,22.08,14.5,18.9,22.08,12.14,15.96,22.08,12.14,15.09,22.08,12.14,14.94,29.91,12.14,19.76,,"Shanghai Industrial Holdings Ltd — инвестиционная холдинговая компания, занимающаяся в основном бизнесом в сфере недвижимости. Компания осуществляет свою деятельность через четыре сегмента. Сегмент недвижимости в основном занимается девелопментом недвижимости, инвестициями и эксплуатацией отелей. Сегмент «Инфраструктура и защита окружающей среды» в основном занимается инвестициями в проекты платных дорог, мостов, водоснабжения и экологически чистой энергетики. Сегмент потребительских товаров в основном занимается производством и продажей сигарет, упаковочных материалов и полиграфической продукции. Сегмент комплексных операций в сфере здравоохранения в основном занимается производством и продажей фармацевтических препаратов и товаров медицинского назначения, предоставлением услуг по дистрибуции и цепочке поставок, а также эксплуатацией и франчайзингом сети розничных аптек.",
3950,US,EXPI,US30212W1009,EXPI.O,eXp World Holdings Inc,0.954018,NMQ,40,Недвижимость,1,Услуги в сфере недвижимости,1.42,5.99,,7.02,5.66,6.24,12.23,8.94,10.57,12.23,6.9,10.13,16.48,6.9,11.23,25.39,6.9,12.73,90.0,6.9,19.56,90.0,0.31,12.67,,,
3951,US,LPA,KYG5557R1092,LPA.N,Logistic Properties of The Americas,0.103706,NYS,41,Недвижимость,15,"Аренда недвижимости, девелопмент и эксплуатация",0.0,3.36,,3.49,0.0,1.9,7.39,2.72,4.69,10.9,2.72,7.08,260.01,2.72,12.14,260.01,2.72,12.14,260.01,2.72,12.14,260.01,2.72,12.14,,"Logistic Properties of the Americas (LPA) — это компания по недвижимости с внутренним управлением. Компания развивает, владеет и управляет диверсифицированным портфелем складских логистических активов в Центральной Америке и Южной Америке. Компания работает в трех географических сегментах: Колумбия, Перу и Коста-Рика. Он управляет и развивает портфель из 19 зданий в Коста-Рике. Он управляет и развивает портфель из пяти зданий в Колумбии. Он управляет и развивает портфель из шести зданий в Перу. Его объекты включают Latam Logistic Park Coyol 1, Latam Logistic Park Coyol 2, Latam Logistic Park Coyol 3, Latam Logistic Park Coyol 4, Latam Bodegas Atenas, Latam Bodegas Aurora, Latam Bodegas San Joaquin, Промышленный парк Сан-Рафаэль, Latam Logistic Park Calle 80, Latam Logistic Park Lima Sur, Latam Logistic Park Сан-Хосе-Вербена и другие. Его диверсифицированная база арендаторов включает клиентов, которые работают в основном в сфере потребительских товаров, сторонней логистики и других секторах розничной торговли.",
3952,US,RBLAY,US7710021020,RBLAY.PK,Robinsons Land Corp,1.349432,PNK,42,Недвижимость,16,"Аренда недвижимости, девелопмент и эксплуатация",0.0,6.15,,0.0,0.0,0.0,5.76,4.55,5.18,5.76,4.55,5.18,5.95,4.55,5.24,5.95,4.55,5.19,8.0,4.55,5.82,14.12,4.55,8.21,,"Robinsons Land Corporation — филиппинская компания-застройщик. Компания занимается продажей, приобретением, развитием, эксплуатацией, сдачей в аренду и распоряжением недвижимостью, такой как земля, здания, торговые центры, коммерческие центры и жилищные проекты, отели и другие варианты, а также проекты недвижимости смешанного использования. В состав его бизнес-подразделений входят подразделение коммерческих центров, подразделение отелей и курортов, подразделение офисных зданий, подразделение жилых зданий и подразделение Robinsons Destination Estates. Подразделение коммерческих центров разрабатывает, сдает в аренду и управляет коммерческими центрами образа жизни или торговыми центрами на всей территории Филиппин. Подразделение отелей и курортов имеет разнообразное портфолио, охватывающее различные сегменты брендов: международные роскошные отели и курорты, роскошные, высококлассные отечественные отели и отели с основными ценами. Подразделение Robinsons Destination Estates специализируется на многофункциональных застройках и сообществах с генеральным планированием.",
3953,US,CTRYQ,KYG245241032,CTRYQ.PK,Country Garden Holdings Co Ltd,1.742558,PNK,43,Недвижимость,17,"Аренда недвижимости, девелопмент и эксплуатация",0.0,0.0,,0.0,0.0,0.0,0.15,0.0,0.06,0.15,0.0,0.04,0.27,0.0,0.09,0.39,0.0,0.13,1.35,0.0,0.42,2.46,0.0,0.91,,"Country Garden Holdings Co Ltd — инвестиционная холдинговая компания, занимающаяся в основном девелопментом, строительством, внутренней отделкой, инвестициями в недвижимость, а также развитием и управлением гостиниц. Компания в основном осуществляет свою деятельность через три сегмента. Сегмент развития недвижимости занимается девелопментом и продажей недвижимости. Сегмент «Технологическое строительство» занимается оказанием высокотехнологичных строительных услуг. Сегмент «Прочие» в основном включает инвестиции в недвижимость и эксплуатацию отелей. Компания в основном ведет свою деятельность на внутреннем рынке.",
3957,US,MGAWY,US58517W1036,MGAWY.PK,Megaworld Corp,1.105571,PNK,44,Недвижимость,18,"Аренда недвижимости, девелопмент и эксплуатация",0.0,7.06,,7.63,0.0,2.44,7.79,6.3,6.95,7.79,6.05,6.69,8.0,5.7,6.73,8.62,5.7,7.01,18.66,5.7,9.37,24.6,5.7,12.67,,"Megaworld Corp — филиппинская компания, занимающаяся деятельностью, связанной с недвижимостью, такой как проектирование, строительство и управление недвижимостью. Портфель недвижимости Компании включает в себя жилые кондоминиумы, участки и таунхаусы, проекты кондоминиумов-отелей, а также офисные проекты и торговые помещения. Сегменты компании включают недвижимость, аренду, а также гостиничный и офисный комплекс. Сегмент «Аренда» включает аренду офисных и коммерческих помещений. Сегмент гостиничных операций относится к управлению операциями гостиничного бизнеса. Сегмент недвижимости занимается строительством и продажей жилых и офисных комплексов. В число дочерних компаний компании входят Prestige Hotels and Resorts, Inc. (PHRI), Richmonde Hotel Group International Ltd. (RHGI), Eastwood Cyber ​​One Corporation, Megaworld Cebu Properties, Inc., Megaworld Newport Property Holdings, Inc., Oceantown Properties, Inc. (OPI) и Luxury Global Hotels and Leisure, Inc. (LGHLI).",
3958,US,MMI,US5663241090,MMI.N,Marcus & Millichap Inc,0.997407,NYS,45,Недвижимость,2,Услуги в сфере недвижимости,0.15,26.2,,26.96,25.18,26.09,33.35,27.1,30.17,41.04,27.1,31.81,43.78,27.1,34.16,44.2,26.83,33.8,58.31,26.83,36.31,58.31,18.38,33.28,,"Marcus & Millichap, Inc. — компания, предоставляющая услуги в сфере недвижимости, специализирующаяся на продажах инвестиций в коммерческую недвижимость, финансовых услугах, исследованиях и консультационных услугах. Он также предлагает своим клиентам исследования рынка, консалтинговые и консультативные услуги, а также лизинговые услуги. Через свои услуги по коммерческой недвижимости он предоставляет консультационные услуги по акциям, продаже кредитов, гарантиям по кредитам, консалтингу и консультативным услугам. Он обслуживает клиентов с одной недвижимостью, несколькими объектами недвижимости и большими инвестиционными портфелями. Через свою брокерскую компанию по недвижимости она представляет владельцев коммерческой недвижимости в качестве инвестиционного брокера при продаже их недвижимости. Подразделение аукционных услуг предлагает ускоренный способ покупки и продажи коммерческой недвижимости. Его финансовое подразделение предоставляет другие услуги, такие как продажа кредитов и комплексная проверка, а также получает периодические комиссии за исполнение кредита от некоторых кредиторов. Предоставляет консультативные и консультационные услуги при формировании инвестиционной стратегии и принятии решений по сделкам.",
3972,US,NBXG,US64133Q1085,NBXG.N,Neuberger Next Generation Connectivity Fund Inc,0.972704,NYS,140,Финансы,18,Закрытые фонды,0.04,12.35,,13.68,12.32,13.09,,,,,,,,,,,,,,,,,,,,"Neuberger Next Generation Connectivity Fund Inc. (Фонд), ранее называвшийся Neuberger Berman Next Generation Connectivity Fund Inc., является недиверсифицированной инвестиционной компанией закрытого типа с ограниченным сроком действия. Фонд стремится обеспечить прирост капитала и доход. Для достижения своих инвестиционных целей Фонд в нормальных рыночных условиях инвестирует не менее 80% своих общих активов в долевые ценные бумаги, выпущенные компаниями из США и за пределами США, в любом диапазоне рыночной капитализации, которые имеют отношение к теме инвестирования в компании следующего поколения. Фонд считает, что следующим поколением являются компании, которые демонстрируют значительный потенциал роста за счет разработки, продвижения, использования или продажи продуктов, процессов или услуг, связанных с мобильными сетями пятого поколения и будущими поколениями средств связи и технологий мобильных сетей. Инвестиционным менеджером и администратором Фонда является компания Neuberger Berman Investment Advisers LLC.",
3973,US,BXMX,US6706ER1015,BXMX.N,Nuveen S&P 500 BuyWrite Income Fund,0.0,NYS,141,Финансы,19,Закрытые фонды,0.01,0.0,,14.69,13.26,14.05,,,,,,,,,,,,,,,,,,,,"Nuveen S&P 500 Buy-Write Income Fund (Фонд) является инвестиционной компанией с закрытым управлением. Инвестиционная цель фонда состоит в том, чтобы добиться привлекательного общего дохода с меньшей волатильностью, чем индекс S&P 500. При нормальных обстоятельствах Фонд будет инвестировать не менее 80% своих активов в диверсифицированный портфель акций, состоящий из ценных бумаг, входящих в индекс S&P 500 (или ценных бумаг, экономические характеристики которых аналогичны ценным бумагам, входящим в индекс S&P 500), который направлен на существенное воспроизведение ценовых движений индекса S&P 500 и предназначен для поддержки опционной стратегии Фонда. Фонд инвестирует в различные сектора, включая автомобили и комплектующие, средства производства, распространение и розничную торговлю потребительскими товарами, финансовые услуги, медицинское оборудование и услуги, товары для дома и личного пользования, страхование, средства массовой информации и развлечения и другие. Инвестиционным консультантом фонда является компания Nuveen Fund Advisors, LLC.",
3974,US,COUR,US22266M1045,COUR.N,Coursera Inc,0.970167,NYS,97,Технология,16,Онлайн-сервисы,1.56,5.73,,6.63,5.5,6.01,,,,,,,,,,,,,,,,,,,,"Coursera, Inc. предоставляет платформу онлайн-обучения, которая объединяет учащихся, преподавателей и учебные заведения, предоставляя доступный и актуальный образовательный контент. Он предлагает ряд платных предложений, включая отдельные курсы, специализации из нескольких курсов, программы отраслевых сертификатов и университетские степени. Его сегменты включают Consumer, Enterprise и Degrees. Потребительский сегмент ориентирован на отдельных учащихся, стремящихся получить практическое обучение, приобрести ценные профессиональные навыки, получить сертификаты профессионального уровня и иным образом расширить свои знания, чтобы начать или продвинуться по карьерной лестнице. Сегмент Enterprise ориентирован на обслуживание предприятий, государственных организаций и академических учреждений путем предоставления онлайн-платформы с доступом к соответствующему образовательному контенту, позволяющему им обучать, повышать квалификацию и переквалифицировать своих сотрудников, граждан и студентов. Сегмент Degrees участвует в партнерстве с университетами для предоставления полностью онлайн-диплом бакалавра и магистра.",
3975,US,YALA,US98459U1034,YALA.N,Yalla Group Ltd,0.953165,NYS,98,Технология,17,Онлайн-сервисы,0.07,6.03,,7.11,5.98,6.52,,,,,,,,,,,,,,,,,,,,"Yalla Group Ltd — холдинговая компания со штаб-квартирой в Объединенных Арабских Эмиратах, которая через свои дочерние компании управляет социальной сетью и развлекательной платформой в регионе Ближнего Востока и Северной Африки (MENA). Компания функционирует через один операционный сегмент — социальные сети и развлекательную платформу. Деятельность компании осуществляется в основном через Yalla UAE, Hangzhou Yale и Shenzhen Moov, которые занимаются бизнес-операциями, разработкой технологий и разработкой продукции соответственно. В число дочерних компаний компании входят FYXTECH Group Limited, FYXTECH Parchis Limited, FYXTECH Play Limited и другие.",
3976,US,EVEX,US29970N1046,EVEX.N,Eve Holding Inc,0.828965,NYS,99,Промышленность,14,Аэрокосмическая и оборонная промышленность,0.56,2.38,,3.18,2.34,2.73,,,,,,,,,,,,,,,,,,,,"Eve Holding, Inc. — аэрокосмическая компания, работающая в Мельбурне, Флориде и Бразилии. Сегменты компании включают электрические машины вертикального взлета и посадки (eVTOL), решения для обслуживания и эксплуатации, а также управление городским воздушным движением (UATM). Сегмент eVTOL разрабатывает и сертифицирует eVTOL, специально созданный для миссий UAM, и планирует продавать свои eVTOL по всему миру операторам услуг UAM, включая операторов самолетов и вертолетов, а также арендодателей, которые приобретают и управляют самолетами от имени операторов. Сегмент «Решения для обслуживания и эксплуатации» предлагает полный набор возможностей обслуживания и поддержки eVTOL, включая материально-техническое обслуживание, техническое обслуживание, техническую поддержку, обучение, наземное обслуживание и услуги по передаче данных. Сегмент UATM разрабатывает программное обеспечение UATM следующего поколения под названием Vector, которое поможет eVTOL безопасно и эффективно работать в плотном городском воздушном пространстве наряду с обычными самолетами с неподвижным крылом и вертолетами, а также беспилотными дронами.",
3977,US,WLYB,US9682233054,WLYB.N,John Wiley & Sons Inc,1.953433,NYS,91,Потребительские циклические акции,2,Потребительское издательство,0.0,38.56,,38.56,0.0,29.35,44.16,30.1,36.98,46.81,30.1,39.4,53.25,30.1,40.59,53.25,28.35,39.06,65.63,28.35,43.89,71.4,28.35,47.38,,"John Wiley & Sons, Inc. — издатель. Контент, услуги, платформы и сети знаний Компании созданы с учетом потребностей ее клиентов и партнеров, включая исследователей, студентов, преподавателей, специалистов, учреждения и корпорации. Его сегменты включают исследования, обучение и выставление на продажу или продажу. Сегмент исследований предоставляет рецензируемые научные, технические и медицинские (STM) публикации, контент-платформы и сопутствующие услуги академическим, корпоративным и государственным клиентам, академическим обществам и отдельным исследователям. Категории публикаций журналов включают социальные и гуманитарные науки, а также науки о жизни. Сегмент обучения предоставляет научные, профессиональные и образовательные печатные и цифровые книги, цифровые учебные материалы для библиотек, корпораций, студентов, специалистов и исследователей, а также услуги по оценке для предприятий и специалистов. Ее предприятия расположены в США, Великобритании, Индии, Шри-Ланке и Германии.",
3978,US,PMTU,US70931T6082,PMTU.N,PennyMac Mortgage Investment Trust,0.987638,NYS,46,Недвижимость,7,Специализированные REIT,0.0,25.45,,25.82,25.15,25.49,,,,,,,,,,,,,,,,,,,,"PennyMac Mortgage Investment Trust — это инвестиционный фонд ипотечной недвижимости (REIT), который инвестирует в основном в жилищные ипотечные кредиты и активы, связанные с ипотекой. Сегменты Компании включают стратегии, чувствительные к кредитам, стратегии, чувствительные к процентным ставкам, и соответствующее производство. Сегмент кредитно-чувствительных стратегий представляет собой инвестиции в механизмы CRT, относящиеся к кредитам собственного корреспондентского производства и подчиненных MBS. Сегмент стратегий, чувствительных к процентным ставкам, представляет собой инвестиции в MSR, агентские и старшие неагентские MBS, а также в соответствующую деятельность по хеджированию процентных ставок. Соответствующий производственный сегмент представляет собой свою деятельность, направленную на выполнение функций посредника между кредиторами и рынками капитала путем покупки, объединения и перепродажи вновь выданных кредитов высшего кредитного качества либо напрямую, либо в форме MBS, используя услуги PCM и PLS. Компанией управляет компания PNMAC Capital Management, LLC.",
3979,US,ALEX,US0144911049,ALEX.N,Alexander & Baldwin Inc (Hawaii),1.518725,NYS,47,Недвижимость,5,Диверсифицированные REIT,0.0,20.84,,20.85,0.0,11.72,,,,,,,,,,,,,,,,,,,,"Alexander & Baldwin, Inc. — инвестиционный фонд недвижимости (REIT). Компания специализируется на владении, эксплуатации и развитии коммерческой недвижимости. Компания работает в двух сегментах: коммерческая недвижимость и земельные операции. Сегмент коммерческой недвижимости функционирует как вертикально интегрированная инвестиционная компания в сфере недвижимости, специализирующаяся на инвестициях и приобретениях, включая выявление возможностей и приобретение недвижимости; строительство и девелопмент, включая проектирование и застройку новых объектов недвижимости, а также внутреннюю аренду и управление недвижимостью. Сегмент «Земельные операции» включает в себя земельные владения Компании, инвестиции в совместные предприятия и обязательства, которые подлежат упрощению и монетизации Компанией. Она владеет, управляет и управляет примерно 4,0 миллионами квадратных футов коммерческих площадей на Гавайях, включая 21 торговый центр, 14 промышленных активов и четыре офисных объекта, а также 146 акров арендуемых земель.",
3980,US,SAFE,US78646V1070,SAFE.N,Safehold Inc,0.977327,NYS,48,Недвижимость,6,Диверсифицированные REIT,0.18,13.62,,16.31,13.4,14.69,,,,,,,,,,,,,,,,,,,,"Safehold Inc. — инвестиционный фонд недвижимости (REIT). Компания помогает владельцам многоквартирных, офисных, промышленных, гостиничных, студенческих общежитий, объектов биологической науки и многофункциональной недвижимости получать более высокую прибыль. Компания осуществляет свою деятельность в рамках одного отчетного сегмента путем приобретения, управления и капитализации объектов аренды земли. Его основной инвестиционной целью является создание диверсифицированного портфеля договоров аренды земли, ориентированного на получение привлекательной качественной прибыли с поправкой на риск и поддержку стабильных и растущих распределений среди своих акционеров. Портфель Компании состоит из договоров аренды земли и одного генерального договора аренды (относящегося к пяти гостиничным активам, которые она называет своим портфелем Park Hotels). Ее портфель недвижимости расположен по всему Манхэттену; Вашингтон, округ Колумбия (округ Колумбия); Бостон; Лос-Анджелес; Сан-Франциско; Денвер; Гонолулу; Нэшвилл; Майами и Атланта.",
3981,US,BFLY,US1241551027,BFLY.N,Butterfly Network Inc,0.975244,NYS,71,Здравоохранение,5,Передовое медицинское оборудование и технологии,1.14,3.83,,4.41,3.46,3.92,,,,,,,,,,,,,,,,,,,,"Butterfly Network, Inc. — медицинская компания, специализирующаяся на медицинской визуализации с помощью полупроводниковой технологии «Ультразвук на чипе» и программных решений для ультразвуковой диагностики. Решение компании, использующее технологию «Ультразвук на чипе», обеспечивает практическое применение ультразвуковой информации в клиническом рабочем процессе. Портфель продуктов компании включает в себя сочетание аппаратного и программного обеспечения, в том числе устройства Butterfly iQ3, Butterfly iQ+, Butterfly iQ+ Bladder и Butterfly iQ+ Vet, подписки на программное обеспечение и профессиональные услуги. Он предлагает облачные программные решения для систем здравоохранения, теленаведение, образовательные учебные пособия в приложениях, а также приложение ScanLab, предназначенное только для образовательных целей, формальные образовательные программы с помощью программного обеспечения Butterfly Academy и сертифицированных курсов Butterfly, а также профессиональные услуги для крупномасштабных развертываний. Ее устройства коммерчески доступны обученным практикующим врачам в регионах, включая, помимо прочего, некоторые части Африки, Азии и Австралии.",
